2024-08-23 16:47:10.119 [,] [main] INFO  c.s.a.AIOCompanyApplication - [logStarting,55] - Starting AIOCompanyApplication using Java 1.8.0_411 on DESKTOP-0QJEBFD with PID 24624 (E:\AIO_2024.08.16\AIO - 副本 - 测试\AIO-company\target\classes started by neko in E:\AIO_2024.08.16\AIO - 副本 - 测试\AIO-company)
2024-08-23 16:47:10.124 [,] [main] INFO  c.s.a.AIOCompanyApplication - [logStartupProfileInfo,634] - No active profile set, falling back to 1 default profile: "default"
2024-08-23 16:47:13.432 [,] [main] INFO  o.a.c.h.Http11NioProtocol - [log,173] - Initializing ProtocolHandler ["http-nio-8089"]
2024-08-23 16:47:13.432 [,] [main] INFO  o.a.c.c.StandardService - [log,173] - Starting service [Tomcat]
2024-08-23 16:47:13.433 [,] [main] INFO  o.a.c.c.StandardEngine - [log,173] - Starting Servlet engine: [Apache Tomcat/9.0.68]
2024-08-23 16:47:13.639 [,] [main] INFO  o.a.c.c.C.[.[.[/] - [log,173] - Initializing Spring embedded WebApplicationContext
2024-08-23 16:47:16.355 [,] [main] INFO  User_Operation - [User_Operationlog,20] - After User_Operation method: initFFmpeg
2024-08-23 16:47:17.415 [,] [main] INFO  o.a.c.h.Http11NioProtocol - [log,173] - Starting ProtocolHandler ["http-nio-8089"]
2024-08-23 16:47:17.516 [,] [main] INFO  c.s.a.AIOCompanyApplication - [logStarted,61] - Started AIOCompanyApplication in 8.005 seconds (JVM running for 9.682)
2024-08-23 16:47:17.517 [,] [main] INFO  User_Operation - [User_Operationlog,20] - After User_Operation method: onApplicationEvent
2024-08-23 16:47:18.362 [,] [main] INFO  c.z.h.HikariDataSource - [getConnection,110] - HikariPool-1 - Starting...
2024-08-23 16:47:18.608 [,] [main] INFO  c.z.h.HikariDataSource - [getConnection,123] - HikariPool-1 - Start completed.
2024-08-23 16:47:20.015 [,] [scheduling-1] INFO  User_Operation - [User_Operationlog,20] - After User_Operation method: monitorFfmpegProcess
2024-08-23 16:48:00.002 [,] [scheduling-1] INFO  User_Operation - [User_Operationlog,20] - After User_Operation method: monitorFfmpegProcess
2024-08-23 16:48:10.008 [,] [scheduling-1] INFO  User_Operation - [User_Operationlog,20] - After User_Operation method: monitorFfmpegProcess
2024-08-23 16:48:20.003 [,] [scheduling-1] INFO  User_Operation - [User_Operationlog,20] - After User_Operation method: monitorFfmpegProcess
2024-08-23 16:48:30.006 [,] [scheduling-1] INFO  User_Operation - [User_Operationlog,20] - After User_Operation method: monitorFfmpegProcess
2024-08-23 16:48:40.013 [,] [scheduling-1] INFO  User_Operation - [User_Operationlog,20] - After User_Operation method: monitorFfmpegProcess
2024-08-23 16:48:50.014 [,] [scheduling-1] INFO  User_Operation - [User_Operationlog,20] - After User_Operation method: monitorFfmpegProcess
2024-08-23 16:49:00.003 [,] [scheduling-1] INFO  User_Operation - [User_Operationlog,20] - After User_Operation method: monitorFfmpegProcess
2024-08-23 16:49:10.006 [,] [scheduling-1] INFO  User_Operation - [User_Operationlog,20] - After User_Operation method: monitorFfmpegProcess
2024-08-23 16:49:20.001 [,] [scheduling-1] INFO  User_Operation - [User_Operationlog,20] - After User_Operation method: monitorFfmpegProcess
2024-08-23 16:49:30.007 [,] [scheduling-1] INFO  User_Operation - [User_Operationlog,20] - After User_Operation method: monitorFfmpegProcess
2024-08-23 16:49:40.013 [,] [scheduling-1] INFO  User_Operation - [User_Operationlog,20] - After User_Operation method: monitorFfmpegProcess
2024-08-23 16:49:50.004 [,] [scheduling-1] INFO  User_Operation - [User_Operationlog,20] - After User_Operation method: monitorFfmpegProcess
2024-08-23 16:50:00.003 [,] [scheduling-1] INFO  User_Operation - [User_Operationlog,20] - After User_Operation method: monitorFfmpegProcess
2024-08-23 16:50:10.014 [,] [scheduling-1] INFO  User_Operation - [User_Operationlog,20] - After User_Operation method: monitorFfmpegProcess
2024-08-23 16:50:20.002 [,] [scheduling-1] INFO  User_Operation - [User_Operationlog,20] - After User_Operation method: monitorFfmpegProcess
2024-08-23 16:50:30.008 [,] [scheduling-1] INFO  User_Operation - [User_Operationlog,20] - After User_Operation method: monitorFfmpegProcess
2024-08-23 16:50:40.009 [,] [scheduling-1] INFO  User_Operation - [User_Operationlog,20] - After User_Operation method: monitorFfmpegProcess
2024-08-23 16:50:50.013 [,] [scheduling-1] INFO  User_Operation - [User_Operationlog,20] - After User_Operation method: monitorFfmpegProcess
2024-08-23 16:51:00.011 [,] [scheduling-1] INFO  User_Operation - [User_Operationlog,20] - After User_Operation method: monitorFfmpegProcess
2024-08-23 16:51:10.010 [,] [scheduling-1] INFO  User_Operation - [User_Operationlog,20] - After User_Operation method: monitorFfmpegProcess
2024-08-23 16:51:20.007 [,] [scheduling-1] INFO  User_Operation - [User_Operationlog,20] - After User_Operation method: monitorFfmpegProcess
2024-08-23 16:51:30.008 [,] [scheduling-1] INFO  User_Operation - [User_Operationlog,20] - After User_Operation method: monitorFfmpegProcess
2024-08-23 16:51:40.006 [,] [scheduling-1] INFO  User_Operation - [User_Operationlog,20] - After User_Operation method: monitorFfmpegProcess
2024-08-23 16:51:50.003 [,] [scheduling-1] INFO  User_Operation - [User_Operationlog,20] - After User_Operation method: monitorFfmpegProcess
2024-08-23 16:52:00.001 [,] [scheduling-1] INFO  User_Operation - [User_Operationlog,20] - After User_Operation method: monitorFfmpegProcess
2024-08-23 16:52:10.015 [,] [scheduling-1] INFO  User_Operation - [User_Operationlog,20] - After User_Operation method: monitorFfmpegProcess
2024-08-23 16:52:20.011 [,] [scheduling-1] INFO  User_Operation - [User_Operationlog,20] - After User_Operation method: monitorFfmpegProcess
2024-08-23 16:52:30.008 [,] [scheduling-1] INFO  User_Operation - [User_Operationlog,20] - After User_Operation method: monitorFfmpegProcess
2024-08-23 16:52:40.015 [,] [scheduling-1] INFO  User_Operation - [User_Operationlog,20] - After User_Operation method: monitorFfmpegProcess
2024-08-23 16:52:50.008 [,] [scheduling-1] INFO  User_Operation - [User_Operationlog,20] - After User_Operation method: monitorFfmpegProcess
2024-08-23 16:53:00.006 [,] [scheduling-1] INFO  User_Operation - [User_Operationlog,20] - After User_Operation method: monitorFfmpegProcess
2024-08-23 16:53:10.003 [,] [scheduling-1] INFO  User_Operation - [User_Operationlog,20] - After User_Operation method: monitorFfmpegProcess
2024-08-23 16:53:20.010 [,] [scheduling-1] INFO  User_Operation - [User_Operationlog,20] - After User_Operation method: monitorFfmpegProcess
2024-08-23 16:53:30.008 [,] [scheduling-1] INFO  User_Operation - [User_Operationlog,20] - After User_Operation method: monitorFfmpegProcess
2024-08-23 16:53:40.015 [,] [scheduling-1] INFO  User_Operation - [User_Operationlog,20] - After User_Operation method: monitorFfmpegProcess
2024-08-23 16:53:50.007 [,] [scheduling-1] INFO  User_Operation - [User_Operationlog,20] - After User_Operation method: monitorFfmpegProcess
2024-08-23 16:54:00.015 [,] [scheduling-1] INFO  User_Operation - [User_Operationlog,20] - After User_Operation method: monitorFfmpegProcess
2024-08-23 16:54:10.011 [,] [scheduling-1] INFO  User_Operation - [User_Operationlog,20] - After User_Operation method: monitorFfmpegProcess
2024-08-23 16:54:20.014 [,] [scheduling-1] INFO  User_Operation - [User_Operationlog,20] - After User_Operation method: monitorFfmpegProcess
2024-08-23 16:54:30.012 [,] [scheduling-1] INFO  User_Operation - [User_Operationlog,20] - After User_Operation method: monitorFfmpegProcess
2024-08-23 16:54:40.015 [,] [scheduling-1] INFO  User_Operation - [User_Operationlog,20] - After User_Operation method: monitorFfmpegProcess
2024-08-23 16:54:50.014 [,] [scheduling-1] INFO  User_Operation - [User_Operationlog,20] - After User_Operation method: monitorFfmpegProcess
2024-08-23 16:55:00.006 [,] [scheduling-1] INFO  User_Operation - [User_Operationlog,20] - After User_Operation method: monitorFfmpegProcess
2024-08-23 16:55:10.004 [,] [scheduling-1] INFO  User_Operation - [User_Operationlog,20] - After User_Operation method: monitorFfmpegProcess
2024-08-23 16:55:20.011 [,] [scheduling-1] INFO  User_Operation - [User_Operationlog,20] - After User_Operation method: monitorFfmpegProcess
2024-08-23 16:55:30.012 [,] [scheduling-1] INFO  User_Operation - [User_Operationlog,20] - After User_Operation method: monitorFfmpegProcess
2024-08-23 16:55:40.010 [,] [scheduling-1] INFO  User_Operation - [User_Operationlog,20] - After User_Operation method: monitorFfmpegProcess
2024-08-23 16:55:50.013 [,] [scheduling-1] INFO  User_Operation - [User_Operationlog,20] - After User_Operation method: monitorFfmpegProcess
2024-08-23 16:56:00.012 [,] [scheduling-1] INFO  User_Operation - [User_Operationlog,20] - After User_Operation method: monitorFfmpegProcess
2024-08-23 16:56:10.004 [,] [scheduling-1] INFO  User_Operation - [User_Operationlog,20] - After User_Operation method: monitorFfmpegProcess
2024-08-23 16:56:20.005 [,] [scheduling-1] INFO  User_Operation - [User_Operationlog,20] - After User_Operation method: monitorFfmpegProcess
2024-08-23 16:56:30.011 [,] [scheduling-1] INFO  User_Operation - [User_Operationlog,20] - After User_Operation method: monitorFfmpegProcess
2024-08-23 16:56:40.010 [,] [scheduling-1] INFO  User_Operation - [User_Operationlog,20] - After User_Operation method: monitorFfmpegProcess
2024-08-23 16:56:50.006 [,] [scheduling-1] INFO  User_Operation - [User_Operationlog,20] - After User_Operation method: monitorFfmpegProcess
2024-08-23 16:57:00.007 [,] [scheduling-1] INFO  User_Operation - [User_Operationlog,20] - After User_Operation method: monitorFfmpegProcess
2024-08-23 16:57:10.004 [,] [scheduling-1] INFO  User_Operation - [User_Operationlog,20] - After User_Operation method: monitorFfmpegProcess
2024-08-23 16:57:20.012 [,] [scheduling-1] INFO  User_Operation - [User_Operationlog,20] - After User_Operation method: monitorFfmpegProcess
2024-08-23 16:57:30.008 [,] [scheduling-1] INFO  User_Operation - [User_Operationlog,20] - After User_Operation method: monitorFfmpegProcess
2024-08-23 16:57:40.021 [,] [scheduling-1] INFO  User_Operation - [User_Operationlog,20] - After User_Operation method: monitorFfmpegProcess
2024-08-23 16:57:50.010 [,] [scheduling-1] INFO  User_Operation - [User_Operationlog,20] - After User_Operation method: monitorFfmpegProcess
2024-08-23 16:58:00.003 [,] [scheduling-1] INFO  User_Operation - [User_Operationlog,20] - After User_Operation method: monitorFfmpegProcess
2024-08-23 16:58:10.004 [,] [scheduling-1] INFO  User_Operation - [User_Operationlog,20] - After User_Operation method: monitorFfmpegProcess
2024-08-23 16:58:20.011 [,] [scheduling-1] INFO  User_Operation - [User_Operationlog,20] - After User_Operation method: monitorFfmpegProcess
2024-08-23 16:58:30.003 [,] [scheduling-1] INFO  User_Operation - [User_Operationlog,20] - After User_Operation method: monitorFfmpegProcess
2024-08-23 16:58:40.006 [,] [scheduling-1] INFO  User_Operation - [User_Operationlog,20] - After User_Operation method: monitorFfmpegProcess
2024-08-23 16:58:50.016 [,] [scheduling-1] INFO  User_Operation - [User_Operationlog,20] - After User_Operation method: monitorFfmpegProcess
2024-08-23 16:59:00.003 [,] [scheduling-1] INFO  User_Operation - [User_Operationlog,20] - After User_Operation method: monitorFfmpegProcess
2024-08-23 16:59:10.006 [,] [scheduling-1] INFO  User_Operation - [User_Operationlog,20] - After User_Operation method: monitorFfmpegProcess
2024-08-23 16:59:20.006 [,] [scheduling-1] INFO  User_Operation - [User_Operationlog,20] - After User_Operation method: monitorFfmpegProcess
2024-08-23 16:59:30.004 [,] [scheduling-1] INFO  User_Operation - [User_Operationlog,20] - After User_Operation method: monitorFfmpegProcess
2024-08-23 16:59:40.005 [,] [scheduling-1] INFO  User_Operation - [User_Operationlog,20] - After User_Operation method: monitorFfmpegProcess
2024-08-23 16:59:50.008 [,] [scheduling-1] INFO  User_Operation - [User_Operationlog,20] - After User_Operation method: monitorFfmpegProcess
2024-08-23 17:00:00.010 [,] [scheduling-1] INFO  User_Operation - [User_Operationlog,20] - After User_Operation method: monitorFfmpegProcess
2024-08-23 17:00:10.008 [,] [scheduling-1] INFO  User_Operation - [User_Operationlog,20] - After User_Operation method: monitorFfmpegProcess
2024-08-23 17:00:20.016 [,] [scheduling-1] INFO  User_Operation - [User_Operationlog,20] - After User_Operation method: monitorFfmpegProcess
2024-08-23 17:00:30.016 [,] [scheduling-1] INFO  User_Operation - [User_Operationlog,20] - After User_Operation method: monitorFfmpegProcess
2024-08-23 17:00:40.006 [,] [scheduling-1] INFO  User_Operation - [User_Operationlog,20] - After User_Operation method: monitorFfmpegProcess
2024-08-23 17:00:50.015 [,] [scheduling-1] INFO  User_Operation - [User_Operationlog,20] - After User_Operation method: monitorFfmpegProcess
2024-08-23 17:01:00.003 [,] [scheduling-1] INFO  User_Operation - [User_Operationlog,20] - After User_Operation method: monitorFfmpegProcess
2024-08-23 17:01:10.008 [,] [scheduling-1] INFO  User_Operation - [User_Operationlog,20] - After User_Operation method: monitorFfmpegProcess
2024-08-23 17:01:20.008 [,] [scheduling-1] INFO  User_Operation - [User_Operationlog,20] - After User_Operation method: monitorFfmpegProcess
2024-08-23 17:01:30.010 [,] [scheduling-1] INFO  User_Operation - [User_Operationlog,20] - After User_Operation method: monitorFfmpegProcess
2024-08-23 17:01:40.012 [,] [scheduling-1] INFO  User_Operation - [User_Operationlog,20] - After User_Operation method: monitorFfmpegProcess
2024-08-23 17:01:50.002 [,] [scheduling-1] INFO  User_Operation - [User_Operationlog,20] - After User_Operation method: monitorFfmpegProcess
2024-08-23 17:02:00.013 [,] [scheduling-1] INFO  User_Operation - [User_Operationlog,20] - After User_Operation method: monitorFfmpegProcess
2024-08-23 17:02:10.003 [,] [scheduling-1] INFO  User_Operation - [User_Operationlog,20] - After User_Operation method: monitorFfmpegProcess
2024-08-23 17:02:20.016 [,] [scheduling-1] INFO  User_Operation - [User_Operationlog,20] - After User_Operation method: monitorFfmpegProcess
2024-08-23 17:02:30.006 [,] [scheduling-1] INFO  User_Operation - [User_Operationlog,20] - After User_Operation method: monitorFfmpegProcess
2024-08-23 17:02:40.005 [,] [scheduling-1] INFO  User_Operation - [User_Operationlog,20] - After User_Operation method: monitorFfmpegProcess
2024-08-23 17:02:50.010 [,] [scheduling-1] INFO  User_Operation - [User_Operationlog,20] - After User_Operation method: monitorFfmpegProcess
2024-08-23 17:03:00.006 [,] [scheduling-1] INFO  User_Operation - [User_Operationlog,20] - After User_Operation method: monitorFfmpegProcess
2024-08-23 17:03:10.002 [,] [scheduling-1] INFO  User_Operation - [User_Operationlog,20] - After User_Operation method: monitorFfmpegProcess
2024-08-23 17:03:20.002 [,] [scheduling-1] INFO  User_Operation - [User_Operationlog,20] - After User_Operation method: monitorFfmpegProcess
2024-08-23 17:03:30.014 [,] [scheduling-1] INFO  User_Operation - [User_Operationlog,20] - After User_Operation method: monitorFfmpegProcess
2024-08-23 17:03:40.003 [,] [scheduling-1] INFO  User_Operation - [User_Operationlog,20] - After User_Operation method: monitorFfmpegProcess
2024-08-23 17:03:50.003 [,] [scheduling-1] INFO  User_Operation - [User_Operationlog,20] - After User_Operation method: monitorFfmpegProcess
2024-08-23 17:04:00.014 [,] [scheduling-1] INFO  User_Operation - [User_Operationlog,20] - After User_Operation method: monitorFfmpegProcess
2024-08-23 17:04:10.011 [,] [scheduling-1] INFO  User_Operation - [User_Operationlog,20] - After User_Operation method: monitorFfmpegProcess
2024-08-23 17:04:20.014 [,] [scheduling-1] INFO  User_Operation - [User_Operationlog,20] - After User_Operation method: monitorFfmpegProcess
2024-08-23 17:04:30.002 [,] [scheduling-1] INFO  User_Operation - [User_Operationlog,20] - After User_Operation method: monitorFfmpegProcess
2024-08-23 17:04:40.017 [,] [scheduling-1] INFO  User_Operation - [User_Operationlog,20] - After User_Operation method: monitorFfmpegProcess
2024-08-23 17:04:50.012 [,] [scheduling-1] INFO  User_Operation - [User_Operationlog,20] - After User_Operation method: monitorFfmpegProcess
2024-08-23 17:05:00.033 [,] [scheduling-1] INFO  User_Operation - [User_Operationlog,20] - After User_Operation method: monitorFfmpegProcess
2024-08-23 17:05:10.005 [,] [scheduling-1] INFO  User_Operation - [User_Operationlog,20] - After User_Operation method: monitorFfmpegProcess
2024-08-23 17:05:20.005 [,] [scheduling-1] INFO  User_Operation - [User_Operationlog,20] - After User_Operation method: monitorFfmpegProcess
2024-08-23 17:05:30.004 [,] [scheduling-1] INFO  User_Operation - [User_Operationlog,20] - After User_Operation method: monitorFfmpegProcess
2024-08-23 17:05:40.009 [,] [scheduling-1] INFO  User_Operation - [User_Operationlog,20] - After User_Operation method: monitorFfmpegProcess
2024-08-23 17:05:50.001 [,] [scheduling-1] INFO  User_Operation - [User_Operationlog,20] - After User_Operation method: monitorFfmpegProcess
2024-08-23 17:06:00.000 [,] [scheduling-1] INFO  User_Operation - [User_Operationlog,20] - After User_Operation method: monitorFfmpegProcess
2024-08-23 17:06:00.213 [,] [lettuce-nioEventLoop-4-2] INFO  i.l.c.p.CommandHandler - [log,217] - null Unexpected exception during request: java.io.IOException: 远程主机强迫关闭了一个现有的连接。
java.io.IOException: 远程主机强迫关闭了一个现有的连接。
	at sun.nio.ch.SocketDispatcher.read0(Native Method)
	at sun.nio.ch.SocketDispatcher.read(SocketDispatcher.java:43)
	at sun.nio.ch.IOUtil.readIntoNativeBuffer(IOUtil.java:223)
	at sun.nio.ch.IOUtil.read(IOUtil.java:192)
	at sun.nio.ch.SocketChannelImpl.read(SocketChannelImpl.java:378)
	at io.netty.buffer.PooledByteBuf.setBytes(PooledByteBuf.java:259)
	at io.netty.buffer.AbstractByteBuf.writeBytes(AbstractByteBuf.java:1132)
	at io.netty.channel.socket.nio.NioSocketChannel.doReadBytes(NioSocketChannel.java:357)
	at io.netty.channel.nio.AbstractNioByteChannel$NioByteUnsafe.read(AbstractNioByteChannel.java:151)
	at io.netty.channel.nio.NioEventLoop.processSelectedKey(NioEventLoop.java:788)
	at io.netty.channel.nio.NioEventLoop.processSelectedKeysOptimized(NioEventLoop.java:724)
	at io.netty.channel.nio.NioEventLoop.processSelectedKeys(NioEventLoop.java:650)
	at io.netty.channel.nio.NioEventLoop.run(NioEventLoop.java:562)
	at io.netty.util.concurrent.SingleThreadEventExecutor$4.run(SingleThreadEventExecutor.java:997)
	at io.netty.util.internal.ThreadExecutorMap$2.run(ThreadExecutorMap.java:74)
	at io.netty.util.concurrent.FastThreadLocalRunnable.run(FastThreadLocalRunnable.java:30)
	at java.lang.Thread.run(Thread.java:750)
2024-08-23 17:06:00.213 [,] [lettuce-nioEventLoop-4-1] INFO  i.l.c.p.CommandHandler - [log,217] - null Unexpected exception during request: java.io.IOException: 远程主机强迫关闭了一个现有的连接。
java.io.IOException: 远程主机强迫关闭了一个现有的连接。
	at sun.nio.ch.SocketDispatcher.read0(Native Method)
	at sun.nio.ch.SocketDispatcher.read(SocketDispatcher.java:43)
	at sun.nio.ch.IOUtil.readIntoNativeBuffer(IOUtil.java:223)
	at sun.nio.ch.IOUtil.read(IOUtil.java:192)
	at sun.nio.ch.SocketChannelImpl.read(SocketChannelImpl.java:378)
	at io.netty.buffer.PooledByteBuf.setBytes(PooledByteBuf.java:259)
	at io.netty.buffer.AbstractByteBuf.writeBytes(AbstractByteBuf.java:1132)
	at io.netty.channel.socket.nio.NioSocketChannel.doReadBytes(NioSocketChannel.java:357)
	at io.netty.channel.nio.AbstractNioByteChannel$NioByteUnsafe.read(AbstractNioByteChannel.java:151)
	at io.netty.channel.nio.NioEventLoop.processSelectedKey(NioEventLoop.java:788)
	at io.netty.channel.nio.NioEventLoop.processSelectedKeysOptimized(NioEventLoop.java:724)
	at io.netty.channel.nio.NioEventLoop.processSelectedKeys(NioEventLoop.java:650)
	at io.netty.channel.nio.NioEventLoop.run(NioEventLoop.java:562)
	at io.netty.util.concurrent.SingleThreadEventExecutor$4.run(SingleThreadEventExecutor.java:997)
	at io.netty.util.internal.ThreadExecutorMap$2.run(ThreadExecutorMap.java:74)
	at io.netty.util.concurrent.FastThreadLocalRunnable.run(FastThreadLocalRunnable.java:30)
	at java.lang.Thread.run(Thread.java:750)
2024-08-23 17:06:00.267 [,] [lettuce-eventExecutorLoop-1-4] INFO  i.l.c.p.ConnectionWatchdog - [log,171] - Reconnecting, last destination was /127.0.0.1:6379
2024-08-23 17:06:00.267 [,] [lettuce-eventExecutorLoop-1-5] INFO  i.l.c.p.ConnectionWatchdog - [log,171] - Reconnecting, last destination was /127.0.0.1:6379
2024-08-23 17:06:06.557 [,] [lettuce-eventExecutorLoop-1-10] INFO  i.l.c.p.ConnectionWatchdog - [log,171] - Reconnecting, last destination was 127.0.0.1:6379
2024-08-23 17:06:06.958 [,] [lettuce-eventExecutorLoop-1-11] INFO  i.l.c.p.ConnectionWatchdog - [log,171] - Reconnecting, last destination was 127.0.0.1:6379
2024-08-23 17:06:10.014 [,] [scheduling-1] INFO  User_Operation - [User_Operationlog,20] - After User_Operation method: monitorFfmpegProcess
2024-08-23 17:06:13.066 [,] [lettuce-eventExecutorLoop-1-16] INFO  i.l.c.p.ConnectionWatchdog - [log,171] - Reconnecting, last destination was 127.0.0.1:6379
2024-08-23 17:06:13.864 [,] [lettuce-eventExecutorLoop-1-1] INFO  i.l.c.p.ConnectionWatchdog - [log,171] - Reconnecting, last destination was 127.0.0.1:6379
2024-08-23 17:06:20.009 [,] [scheduling-1] INFO  User_Operation - [User_Operationlog,20] - After User_Operation method: monitorFfmpegProcess
2024-08-23 17:06:20.656 [,] [lettuce-eventExecutorLoop-1-6] INFO  i.l.c.p.ConnectionWatchdog - [log,171] - Reconnecting, last destination was 127.0.0.1:6379
2024-08-23 17:06:21.262 [,] [lettuce-eventExecutorLoop-1-7] INFO  i.l.c.p.ConnectionWatchdog - [log,171] - Reconnecting, last destination was 127.0.0.1:6379
2024-08-23 17:06:22.178 [,] [lettuce-nioEventLoop-4-6] INFO  i.l.c.p.ReconnectionHandler - [lambda$null$3,174] - Reconnected to 127.0.0.1:6379
2024-08-23 17:06:22.442 [,] [lettuce-nioEventLoop-4-5] INFO  i.l.c.p.ReconnectionHandler - [lambda$null$3,174] - Reconnected to 127.0.0.1:6379
2024-08-23 17:06:30.004 [,] [scheduling-1] INFO  User_Operation - [User_Operationlog,20] - After User_Operation method: monitorFfmpegProcess
2024-08-23 17:06:36.384 [,] [SpringApplicationShutdownHook] INFO  c.z.h.HikariDataSource - [close,350] - HikariPool-1 - Shutdown initiated...
2024-08-23 17:06:36.401 [,] [SpringApplicationShutdownHook] INFO  c.z.h.HikariDataSource - [close,352] - HikariPool-1 - Shutdown completed.
2024-08-23 17:06:44.904 [,] [main] INFO  c.s.a.AIOCompanyApplication - [logStarting,55] - Starting AIOCompanyApplication using Java 1.8.0_411 on DESKTOP-0QJEBFD with PID 13068 (E:\AIO_2024.08.16\AIO - 副本 - 测试\AIO-company\target\classes started by neko in E:\AIO_2024.08.16\AIO - 副本 - 测试\AIO-company)
2024-08-23 17:06:44.910 [,] [main] INFO  c.s.a.AIOCompanyApplication - [logStartupProfileInfo,634] - No active profile set, falling back to 1 default profile: "default"
2024-08-23 17:06:51.608 [,] [main] INFO  o.a.c.h.Http11NioProtocol - [log,173] - Initializing ProtocolHandler ["http-nio-8089"]
2024-08-23 17:06:51.609 [,] [main] INFO  o.a.c.c.StandardService - [log,173] - Starting service [Tomcat]
2024-08-23 17:06:51.610 [,] [main] INFO  o.a.c.c.StandardEngine - [log,173] - Starting Servlet engine: [Apache Tomcat/9.0.68]
2024-08-23 17:06:51.858 [,] [main] INFO  o.a.c.c.C.[.[.[/] - [log,173] - Initializing Spring embedded WebApplicationContext
2024-08-23 17:06:54.752 [,] [main] INFO  User_Operation - [User_Operationlog,20] - After User_Operation method: initFFmpeg
2024-08-23 17:06:55.981 [,] [main] INFO  o.a.c.h.Http11NioProtocol - [log,173] - Starting ProtocolHandler ["http-nio-8089"]
2024-08-23 17:06:56.112 [,] [main] INFO  c.s.a.AIOCompanyApplication - [logStarted,61] - Started AIOCompanyApplication in 12.138 seconds (JVM running for 14.472)
2024-08-23 17:06:56.113 [,] [main] INFO  User_Operation - [User_Operationlog,20] - After User_Operation method: onApplicationEvent
2024-08-23 17:06:56.660 [,] [main] INFO  c.z.h.HikariDataSource - [getConnection,110] - HikariPool-1 - Starting...
2024-08-23 17:06:57.131 [,] [main] INFO  c.z.h.HikariDataSource - [getConnection,123] - HikariPool-1 - Start completed.
2024-08-23 17:07:00.003 [,] [scheduling-1] INFO  User_Operation - [User_Operationlog,20] - After User_Operation method: monitorFfmpegProcess
2024-08-23 17:07:40.112 [,] [http-nio-8089-exec-1] INFO  o.a.c.c.C.[.[.[/] - [log,173] - Initializing Spring DispatcherServlet 'dispatcherServlet'
2024-08-23 17:07:40.143 [,] [http-nio-8089-exec-1] INFO  User_Operation - [User_Operationlog,20] - After User_Operation method: AIO
2024-08-23 17:07:40.714 [,] [http-nio-8089-exec-1] INFO  User_Operation - [User_Operationlog,20] - After User_Operation method: getFfmpegEnabled
2024-08-23 17:07:40.715 [,] [http-nio-8089-exec-1] INFO  User_Operation - [User_Operationlog,20] - After User_Operation method: indexWeb
2024-08-23 17:07:40.718 [,] [http-nio-8089-exec-1] INFO  User_Operation - [User_Operationlog,20] - After User_Operation method: getInformation
2024-08-23 17:08:10.005 [,] [scheduling-1] INFO  User_Operation - [User_Operationlog,20] - After User_Operation method: monitorFfmpegProcess
2024-08-23 17:08:20.016 [,] [scheduling-1] INFO  User_Operation - [User_Operationlog,20] - After User_Operation method: monitorFfmpegProcess
2024-08-23 17:08:30.013 [,] [scheduling-1] INFO  User_Operation - [User_Operationlog,20] - After User_Operation method: monitorFfmpegProcess
2024-08-23 17:08:40.008 [,] [scheduling-1] INFO  User_Operation - [User_Operationlog,20] - After User_Operation method: monitorFfmpegProcess
2024-08-23 17:08:50.003 [,] [scheduling-1] INFO  User_Operation - [User_Operationlog,20] - After User_Operation method: monitorFfmpegProcess
2024-08-23 17:09:00.004 [,] [scheduling-1] INFO  User_Operation - [User_Operationlog,20] - After User_Operation method: monitorFfmpegProcess
2024-08-23 17:09:10.006 [,] [scheduling-1] INFO  User_Operation - [User_Operationlog,20] - After User_Operation method: monitorFfmpegProcess
2024-08-23 17:09:20.007 [,] [scheduling-1] INFO  User_Operation - [User_Operationlog,20] - After User_Operation method: monitorFfmpegProcess
2024-08-23 17:09:30.003 [,] [scheduling-1] INFO  User_Operation - [User_Operationlog,20] - After User_Operation method: monitorFfmpegProcess
2024-08-23 17:09:39.145 [,] [SpringApplicationShutdownHook] INFO  c.z.h.HikariDataSource - [close,350] - HikariPool-1 - Shutdown initiated...
2024-08-23 17:09:39.154 [,] [SpringApplicationShutdownHook] INFO  c.z.h.HikariDataSource - [close,352] - HikariPool-1 - Shutdown completed.
2024-08-23 17:09:42.553 [,] [main] INFO  c.s.a.AIOCompanyApplication - [logStarting,55] - Starting AIOCompanyApplication using Java 1.8.0_411 on DESKTOP-0QJEBFD with PID 11008 (E:\AIO_2024.08.16\AIO - 副本 - 测试\AIO-company\target\classes started by neko in E:\AIO_2024.08.16\AIO - 副本 - 测试\AIO-company)
2024-08-23 17:09:42.556 [,] [main] INFO  c.s.a.AIOCompanyApplication - [logStartupProfileInfo,634] - No active profile set, falling back to 1 default profile: "default"
2024-08-23 17:09:44.811 [,] [main] INFO  o.a.c.h.Http11NioProtocol - [log,173] - Initializing ProtocolHandler ["http-nio-8089"]
2024-08-23 17:09:44.812 [,] [main] INFO  o.a.c.c.StandardService - [log,173] - Starting service [Tomcat]
2024-08-23 17:09:44.812 [,] [main] INFO  o.a.c.c.StandardEngine - [log,173] - Starting Servlet engine: [Apache Tomcat/9.0.68]
2024-08-23 17:09:44.975 [,] [main] INFO  o.a.c.c.C.[.[.[/] - [log,173] - Initializing Spring embedded WebApplicationContext
2024-08-23 17:09:46.518 [,] [main] INFO  User_Operation - [User_Operationlog,20] - After User_Operation method: initFFmpeg
2024-08-23 17:09:47.082 [,] [main] INFO  o.a.c.h.Http11NioProtocol - [log,173] - Starting ProtocolHandler ["http-nio-8089"]
2024-08-23 17:09:47.155 [,] [main] INFO  c.s.a.AIOCompanyApplication - [logStarted,61] - Started AIOCompanyApplication in 4.896 seconds (JVM running for 6.135)
2024-08-23 17:09:47.156 [,] [main] INFO  User_Operation - [User_Operationlog,20] - After User_Operation method: onApplicationEvent
2024-08-23 17:09:47.390 [,] [main] INFO  c.z.h.HikariDataSource - [getConnection,110] - HikariPool-1 - Starting...
2024-08-23 17:09:47.548 [,] [main] INFO  c.z.h.HikariDataSource - [getConnection,123] - HikariPool-1 - Start completed.
2024-08-23 17:09:50.006 [,] [scheduling-1] INFO  User_Operation - [User_Operationlog,20] - After User_Operation method: monitorFfmpegProcess
2024-08-23 17:09:51.557 [,] [http-nio-8089-exec-1] INFO  o.a.c.c.C.[.[.[/] - [log,173] - Initializing Spring DispatcherServlet 'dispatcherServlet'
2024-08-23 17:09:51.573 [,] [http-nio-8089-exec-1] INFO  User_Operation - [User_Operationlog,20] - After User_Operation method: AIO
2024-08-23 17:09:51.590 [,] [http-nio-8089-exec-1] INFO  User_Operation - [User_Operationlog,20] - After User_Operation method: getFfmpegEnabled
2024-08-23 17:09:51.590 [,] [http-nio-8089-exec-1] INFO  User_Operation - [User_Operationlog,20] - After User_Operation method: indexWeb
2024-08-23 17:09:51.592 [,] [http-nio-8089-exec-1] INFO  User_Operation - [User_Operationlog,20] - After User_Operation method: getInformation
2024-08-23 17:10:10.006 [,] [scheduling-1] INFO  User_Operation - [User_Operationlog,20] - After User_Operation method: monitorFfmpegProcess
2024-08-23 17:10:20.012 [,] [scheduling-1] INFO  User_Operation - [User_Operationlog,20] - After User_Operation method: monitorFfmpegProcess
2024-08-23 17:10:30.004 [,] [scheduling-1] INFO  User_Operation - [User_Operationlog,20] - After User_Operation method: monitorFfmpegProcess
2024-08-23 17:10:40.013 [,] [scheduling-1] INFO  User_Operation - [User_Operationlog,20] - After User_Operation method: monitorFfmpegProcess
2024-08-23 17:10:48.520 [,] [SpringApplicationShutdownHook] INFO  c.z.h.HikariDataSource - [close,350] - HikariPool-1 - Shutdown initiated...
2024-08-23 17:10:48.528 [,] [SpringApplicationShutdownHook] INFO  c.z.h.HikariDataSource - [close,352] - HikariPool-1 - Shutdown completed.
2024-08-23 17:10:52.446 [,] [main] INFO  c.s.a.AIOCompanyApplication - [logStarting,55] - Starting AIOCompanyApplication using Java 1.8.0_411 on DESKTOP-0QJEBFD with PID 4016 (E:\AIO_2024.08.16\AIO - 副本 - 测试\AIO-company\target\classes started by neko in E:\AIO_2024.08.16\AIO - 副本 - 测试\AIO-company)
2024-08-23 17:10:52.451 [,] [main] INFO  c.s.a.AIOCompanyApplication - [logStartupProfileInfo,634] - No active profile set, falling back to 1 default profile: "default"
2024-08-23 17:10:55.163 [,] [main] INFO  o.a.c.h.Http11NioProtocol - [log,173] - Initializing ProtocolHandler ["http-nio-8089"]
2024-08-23 17:10:55.164 [,] [main] INFO  o.a.c.c.StandardService - [log,173] - Starting service [Tomcat]
2024-08-23 17:10:55.165 [,] [main] INFO  o.a.c.c.StandardEngine - [log,173] - Starting Servlet engine: [Apache Tomcat/9.0.68]
2024-08-23 17:10:55.321 [,] [main] INFO  o.a.c.c.C.[.[.[/] - [log,173] - Initializing Spring embedded WebApplicationContext
2024-08-23 17:10:58.741 [,] [main] INFO  User_Operation - [User_Operationlog,20] - After User_Operation method: initFFmpeg
2024-08-23 17:11:00.121 [,] [main] INFO  o.a.c.h.Http11NioProtocol - [log,173] - Starting ProtocolHandler ["http-nio-8089"]
2024-08-23 17:11:00.241 [,] [main] INFO  c.s.a.AIOCompanyApplication - [logStarted,61] - Started AIOCompanyApplication in 8.343 seconds (JVM running for 9.831)
2024-08-23 17:11:00.243 [,] [main] INFO  User_Operation - [User_Operationlog,20] - After User_Operation method: onApplicationEvent
2024-08-23 17:11:00.426 [,] [main] INFO  c.z.h.HikariDataSource - [getConnection,110] - HikariPool-1 - Starting...
2024-08-23 17:11:00.734 [,] [main] INFO  c.z.h.HikariDataSource - [getConnection,123] - HikariPool-1 - Start completed.
2024-08-23 17:11:10.015 [,] [scheduling-1] INFO  User_Operation - [User_Operationlog,20] - After User_Operation method: monitorFfmpegProcess
2024-08-23 17:11:32.905 [,] [SpringApplicationShutdownHook] INFO  c.z.h.HikariDataSource - [close,350] - HikariPool-1 - Shutdown initiated...
2024-08-23 17:11:32.918 [,] [SpringApplicationShutdownHook] INFO  c.z.h.HikariDataSource - [close,352] - HikariPool-1 - Shutdown completed.
2024-08-23 17:11:38.135 [,] [main] INFO  c.s.a.AIOCompanyApplication - [logStarting,55] - Starting AIOCompanyApplication using Java 1.8.0_411 on DESKTOP-0QJEBFD with PID 25804 (E:\AIO_2024.08.16\AIO - 副本 - 测试\AIO-company\target\classes started by neko in E:\AIO_2024.08.16\AIO - 副本 - 测试\AIO-company)
2024-08-23 17:11:38.142 [,] [main] INFO  c.s.a.AIOCompanyApplication - [logStartupProfileInfo,634] - No active profile set, falling back to 1 default profile: "default"
2024-08-23 17:11:40.996 [,] [main] INFO  o.a.c.h.Http11NioProtocol - [log,173] - Initializing ProtocolHandler ["http-nio-8089"]
2024-08-23 17:11:40.997 [,] [main] INFO  o.a.c.c.StandardService - [log,173] - Starting service [Tomcat]
2024-08-23 17:11:40.998 [,] [main] INFO  o.a.c.c.StandardEngine - [log,173] - Starting Servlet engine: [Apache Tomcat/9.0.68]
2024-08-23 17:11:41.234 [,] [main] INFO  o.a.c.c.C.[.[.[/] - [log,173] - Initializing Spring embedded WebApplicationContext
2024-08-23 17:12:43.196 [,] [main] INFO  o.a.c.c.StandardService - [log,173] - Stopping service [Tomcat]
2024-08-23 17:12:57.938 [,] [main] INFO  c.s.a.AIOCompanyApplication - [logStarting,55] - Starting AIOCompanyApplication using Java 1.8.0_411 on DESKTOP-0QJEBFD with PID 20324 (E:\AIO_2024.08.16\AIO - 副本 - 测试\AIO-company\target\classes started by neko in E:\AIO_2024.08.16\AIO - 副本 - 测试\AIO-company)
2024-08-23 17:12:57.946 [,] [main] INFO  c.s.a.AIOCompanyApplication - [logStartupProfileInfo,634] - No active profile set, falling back to 1 default profile: "default"
2024-08-23 17:13:00.820 [,] [main] INFO  o.a.c.h.Http11NioProtocol - [log,173] - Initializing ProtocolHandler ["http-nio-8089"]
2024-08-23 17:13:00.821 [,] [main] INFO  o.a.c.c.StandardService - [log,173] - Starting service [Tomcat]
2024-08-23 17:13:00.822 [,] [main] INFO  o.a.c.c.StandardEngine - [log,173] - Starting Servlet engine: [Apache Tomcat/9.0.68]
2024-08-23 17:13:01.031 [,] [main] INFO  o.a.c.c.C.[.[.[/] - [log,173] - Initializing Spring embedded WebApplicationContext
2024-08-23 17:13:24.071 [,] [main] INFO  o.a.c.c.StandardService - [log,173] - Stopping service [Tomcat]
2024-08-23 17:13:47.611 [,] [main] INFO  c.s.a.AIOCompanyApplication - [logStarting,55] - Starting AIOCompanyApplication using Java 1.8.0_411 on DESKTOP-0QJEBFD with PID 26564 (E:\AIO_2024.08.16\AIO - 副本 - 测试\AIO-company\target\classes started by neko in E:\AIO_2024.08.16\AIO - 副本 - 测试\AIO-company)
2024-08-23 17:13:47.625 [,] [main] INFO  c.s.a.AIOCompanyApplication - [logStartupProfileInfo,634] - No active profile set, falling back to 1 default profile: "default"
2024-08-23 17:13:50.315 [,] [main] INFO  o.a.c.h.Http11NioProtocol - [log,173] - Initializing ProtocolHandler ["http-nio-8089"]
2024-08-23 17:13:50.316 [,] [main] INFO  o.a.c.c.StandardService - [log,173] - Starting service [Tomcat]
2024-08-23 17:13:50.316 [,] [main] INFO  o.a.c.c.StandardEngine - [log,173] - Starting Servlet engine: [Apache Tomcat/9.0.68]
2024-08-23 17:13:50.543 [,] [main] INFO  o.a.c.c.C.[.[.[/] - [log,173] - Initializing Spring embedded WebApplicationContext
2024-08-23 17:13:53.857 [,] [main] INFO  User_Operation - [User_Operationlog,20] - After User_Operation method: initFFmpeg
2024-08-23 17:13:55.038 [,] [main] INFO  o.a.c.h.Http11NioProtocol - [log,173] - Starting ProtocolHandler ["http-nio-8089"]
2024-08-23 17:13:55.218 [,] [main] INFO  c.s.a.AIOCompanyApplication - [logStarted,61] - Started AIOCompanyApplication in 8.178 seconds (JVM running for 9.875)
2024-08-23 17:13:55.219 [,] [main] INFO  User_Operation - [User_Operationlog,20] - After User_Operation method: onApplicationEvent
2024-08-23 17:13:55.357 [,] [main] INFO  c.z.h.HikariDataSource - [getConnection,110] - HikariPool-1 - Starting...
2024-08-23 17:13:55.593 [,] [main] INFO  c.z.h.HikariDataSource - [getConnection,123] - HikariPool-1 - Start completed.
2024-08-23 17:14:00.003 [,] [scheduling-1] INFO  User_Operation - [User_Operationlog,20] - After User_Operation method: monitorFfmpegProcess
2024-08-23 17:14:03.026 [,] [http-nio-8089-exec-1] INFO  o.a.c.c.C.[.[.[/] - [log,173] - Initializing Spring DispatcherServlet 'dispatcherServlet'
2024-08-23 17:14:03.062 [,] [http-nio-8089-exec-1] INFO  User_Operation - [User_Operationlog,20] - After User_Operation method: AIO
2024-08-23 17:14:03.186 [,] [http-nio-8089-exec-1] INFO  User_Operation - [User_Operationlog,20] - After User_Operation method: getFfmpegEnabled
2024-08-23 17:14:03.187 [,] [http-nio-8089-exec-1] INFO  User_Operation - [User_Operationlog,20] - After User_Operation method: indexWeb
2024-08-23 17:14:03.190 [,] [http-nio-8089-exec-1] INFO  User_Operation - [User_Operationlog,20] - After User_Operation method: getInformation
2024-08-23 17:14:30.006 [,] [scheduling-1] INFO  User_Operation - [User_Operationlog,20] - After User_Operation method: monitorFfmpegProcess
2024-08-23 17:14:40.010 [,] [scheduling-1] INFO  User_Operation - [User_Operationlog,20] - After User_Operation method: monitorFfmpegProcess
2024-08-23 17:14:50.013 [,] [scheduling-1] INFO  User_Operation - [User_Operationlog,20] - After User_Operation method: monitorFfmpegProcess
2024-08-23 17:15:00.004 [,] [scheduling-1] INFO  User_Operation - [User_Operationlog,20] - After User_Operation method: monitorFfmpegProcess
2024-08-23 17:15:10.012 [,] [scheduling-1] INFO  User_Operation - [User_Operationlog,20] - After User_Operation method: monitorFfmpegProcess
2024-08-23 17:15:20.014 [,] [scheduling-1] INFO  User_Operation - [User_Operationlog,20] - After User_Operation method: monitorFfmpegProcess
2024-08-23 17:15:30.015 [,] [scheduling-1] INFO  User_Operation - [User_Operationlog,20] - After User_Operation method: monitorFfmpegProcess
2024-08-23 17:15:40.001 [,] [scheduling-1] INFO  User_Operation - [User_Operationlog,20] - After User_Operation method: monitorFfmpegProcess
2024-08-23 17:15:50.011 [,] [scheduling-1] INFO  User_Operation - [User_Operationlog,20] - After User_Operation method: monitorFfmpegProcess
2024-08-23 17:16:00.005 [,] [scheduling-1] INFO  User_Operation - [User_Operationlog,20] - After User_Operation method: monitorFfmpegProcess
2024-08-23 17:16:10.001 [,] [scheduling-1] INFO  User_Operation - [User_Operationlog,20] - After User_Operation method: monitorFfmpegProcess
2024-08-23 17:16:20.002 [,] [scheduling-1] INFO  User_Operation - [User_Operationlog,20] - After User_Operation method: monitorFfmpegProcess
2024-08-23 17:16:30.014 [,] [scheduling-1] INFO  User_Operation - [User_Operationlog,20] - After User_Operation method: monitorFfmpegProcess
2024-08-23 17:16:40.015 [,] [scheduling-1] INFO  User_Operation - [User_Operationlog,20] - After User_Operation method: monitorFfmpegProcess
2024-08-23 17:16:50.014 [,] [scheduling-1] INFO  User_Operation - [User_Operationlog,20] - After User_Operation method: monitorFfmpegProcess
2024-08-23 17:17:00.005 [,] [scheduling-1] INFO  User_Operation - [User_Operationlog,20] - After User_Operation method: monitorFfmpegProcess
2024-08-23 17:17:10.003 [,] [scheduling-1] INFO  User_Operation - [User_Operationlog,20] - After User_Operation method: monitorFfmpegProcess
2024-08-23 17:17:20.006 [,] [scheduling-1] INFO  User_Operation - [User_Operationlog,20] - After User_Operation method: monitorFfmpegProcess
2024-08-23 17:17:30.001 [,] [scheduling-1] INFO  User_Operation - [User_Operationlog,20] - After User_Operation method: monitorFfmpegProcess
2024-08-23 17:17:40.000 [,] [scheduling-1] INFO  User_Operation - [User_Operationlog,20] - After User_Operation method: monitorFfmpegProcess
2024-08-23 17:17:50.012 [,] [scheduling-1] INFO  User_Operation - [User_Operationlog,20] - After User_Operation method: monitorFfmpegProcess
2024-08-23 17:18:00.003 [,] [scheduling-1] INFO  User_Operation - [User_Operationlog,20] - After User_Operation method: monitorFfmpegProcess
2024-08-23 17:18:10.005 [,] [scheduling-1] INFO  User_Operation - [User_Operationlog,20] - After User_Operation method: monitorFfmpegProcess
2024-08-23 17:18:20.008 [,] [scheduling-1] INFO  User_Operation - [User_Operationlog,20] - After User_Operation method: monitorFfmpegProcess
2024-08-23 17:18:30.013 [,] [scheduling-1] INFO  User_Operation - [User_Operationlog,20] - After User_Operation method: monitorFfmpegProcess
2024-08-23 17:18:40.004 [,] [scheduling-1] INFO  User_Operation - [User_Operationlog,20] - After User_Operation method: monitorFfmpegProcess
2024-08-23 17:18:50.008 [,] [scheduling-1] INFO  User_Operation - [User_Operationlog,20] - After User_Operation method: monitorFfmpegProcess
2024-08-23 17:19:00.015 [,] [scheduling-1] INFO  User_Operation - [User_Operationlog,20] - After User_Operation method: monitorFfmpegProcess
2024-08-23 17:19:10.006 [,] [scheduling-1] INFO  User_Operation - [User_Operationlog,20] - After User_Operation method: monitorFfmpegProcess
2024-08-23 17:19:20.008 [,] [scheduling-1] INFO  User_Operation - [User_Operationlog,20] - After User_Operation method: monitorFfmpegProcess
2024-08-23 17:19:30.006 [,] [scheduling-1] INFO  User_Operation - [User_Operationlog,20] - After User_Operation method: monitorFfmpegProcess
2024-08-23 17:19:40.008 [,] [scheduling-1] INFO  User_Operation - [User_Operationlog,20] - After User_Operation method: monitorFfmpegProcess
2024-08-23 17:19:50.004 [,] [scheduling-1] INFO  User_Operation - [User_Operationlog,20] - After User_Operation method: monitorFfmpegProcess
2024-08-23 17:20:00.002 [,] [scheduling-1] INFO  User_Operation - [User_Operationlog,20] - After User_Operation method: monitorFfmpegProcess
2024-08-23 17:20:10.004 [,] [scheduling-1] INFO  User_Operation - [User_Operationlog,20] - After User_Operation method: monitorFfmpegProcess
2024-08-23 17:20:20.003 [,] [scheduling-1] INFO  User_Operation - [User_Operationlog,20] - After User_Operation method: monitorFfmpegProcess
2024-08-23 17:20:30.008 [,] [scheduling-1] INFO  User_Operation - [User_Operationlog,20] - After User_Operation method: monitorFfmpegProcess
2024-08-23 17:20:40.014 [,] [scheduling-1] INFO  User_Operation - [User_Operationlog,20] - After User_Operation method: monitorFfmpegProcess
2024-08-23 17:20:50.008 [,] [scheduling-1] INFO  User_Operation - [User_Operationlog,20] - After User_Operation method: monitorFfmpegProcess
2024-08-23 17:21:00.002 [,] [scheduling-1] INFO  User_Operation - [User_Operationlog,20] - After User_Operation method: monitorFfmpegProcess
2024-08-23 17:21:00.396 [,] [http-nio-8089-exec-9] INFO  User_Operation - [User_Operationlog,20] - After User_Operation method: indexWeb
2024-08-23 17:21:00.397 [,] [http-nio-8089-exec-9] INFO  User_Operation - [User_Operationlog,20] - After User_Operation method: getInformation
2024-08-23 17:21:10.005 [,] [scheduling-1] INFO  User_Operation - [User_Operationlog,20] - After User_Operation method: monitorFfmpegProcess
2024-08-23 17:21:20.005 [,] [scheduling-1] INFO  User_Operation - [User_Operationlog,20] - After User_Operation method: monitorFfmpegProcess
2024-08-23 17:21:30.013 [,] [scheduling-1] INFO  User_Operation - [User_Operationlog,20] - After User_Operation method: monitorFfmpegProcess
2024-08-23 17:21:40.014 [,] [scheduling-1] INFO  User_Operation - [User_Operationlog,20] - After User_Operation method: monitorFfmpegProcess
2024-08-23 17:21:50.011 [,] [scheduling-1] INFO  User_Operation - [User_Operationlog,20] - After User_Operation method: monitorFfmpegProcess
2024-08-23 17:22:00.003 [,] [scheduling-1] INFO  User_Operation - [User_Operationlog,20] - After User_Operation method: monitorFfmpegProcess
2024-08-23 17:22:10.016 [,] [scheduling-1] INFO  User_Operation - [User_Operationlog,20] - After User_Operation method: monitorFfmpegProcess
2024-08-23 17:22:20.014 [,] [scheduling-1] INFO  User_Operation - [User_Operationlog,20] - After User_Operation method: monitorFfmpegProcess
2024-08-23 17:22:30.007 [,] [scheduling-1] INFO  User_Operation - [User_Operationlog,20] - After User_Operation method: monitorFfmpegProcess
2024-08-23 17:22:40.012 [,] [scheduling-1] INFO  User_Operation - [User_Operationlog,20] - After User_Operation method: monitorFfmpegProcess
2024-08-23 17:22:50.000 [,] [scheduling-1] INFO  User_Operation - [User_Operationlog,20] - After User_Operation method: monitorFfmpegProcess
2024-08-23 17:23:00.003 [,] [scheduling-1] INFO  User_Operation - [User_Operationlog,20] - After User_Operation method: monitorFfmpegProcess
2024-08-23 17:23:10.014 [,] [scheduling-1] INFO  User_Operation - [User_Operationlog,20] - After User_Operation method: monitorFfmpegProcess
2024-08-23 17:23:20.012 [,] [scheduling-1] INFO  User_Operation - [User_Operationlog,20] - After User_Operation method: monitorFfmpegProcess
2024-08-23 17:23:30.001 [,] [scheduling-1] INFO  User_Operation - [User_Operationlog,20] - After User_Operation method: monitorFfmpegProcess
2024-08-23 17:23:40.016 [,] [scheduling-1] INFO  User_Operation - [User_Operationlog,20] - After User_Operation method: monitorFfmpegProcess
2024-08-23 17:23:50.014 [,] [scheduling-1] INFO  User_Operation - [User_Operationlog,20] - After User_Operation method: monitorFfmpegProcess
2024-08-23 17:24:00.008 [,] [scheduling-1] INFO  User_Operation - [User_Operationlog,20] - After User_Operation method: monitorFfmpegProcess
2024-08-23 17:24:10.011 [,] [scheduling-1] INFO  User_Operation - [User_Operationlog,20] - After User_Operation method: monitorFfmpegProcess
2024-08-23 17:24:20.016 [,] [scheduling-1] INFO  User_Operation - [User_Operationlog,20] - After User_Operation method: monitorFfmpegProcess
2024-08-23 17:24:30.007 [,] [scheduling-1] INFO  User_Operation - [User_Operationlog,20] - After User_Operation method: monitorFfmpegProcess
2024-08-23 18:12:09.604 [,] [main] INFO  c.s.a.AIOCompanyApplication - [logStarting,55] - Starting AIOCompanyApplication using Java 1.8.0_411 on DESKTOP-0QJEBFD with PID 19424 (E:\AIO_2024.08.16\AIO - 副本 - 测试\AIO-company\target\classes started by neko in E:\AIO_2024.08.16\AIO - 副本 - 测试\AIO-company)
2024-08-23 18:12:09.613 [,] [main] INFO  c.s.a.AIOCompanyApplication - [logStartupProfileInfo,634] - No active profile set, falling back to 1 default profile: "default"
2024-08-23 18:12:11.414 [,] [main] INFO  o.a.c.h.Http11NioProtocol - [log,173] - Initializing ProtocolHandler ["http-nio-8089"]
2024-08-23 18:12:11.414 [,] [main] INFO  o.a.c.c.StandardService - [log,173] - Starting service [Tomcat]
2024-08-23 18:12:11.414 [,] [main] INFO  o.a.c.c.StandardEngine - [log,173] - Starting Servlet engine: [Apache Tomcat/9.0.68]
2024-08-23 18:12:11.567 [,] [main] INFO  o.a.c.c.C.[.[.[/] - [log,173] - Initializing Spring embedded WebApplicationContext
2024-08-23 18:12:13.179 [,] [main] INFO  User_Operation - [User_Operationlog,20] - After User_Operation method: initFFmpeg
2024-08-23 18:12:13.768 [,] [main] INFO  o.a.c.h.Http11NioProtocol - [log,173] - Starting ProtocolHandler ["http-nio-8089"]
2024-08-23 18:12:13.829 [,] [main] INFO  c.s.a.AIOCompanyApplication - [logStarted,61] - Started AIOCompanyApplication in 4.576 seconds (JVM running for 6.244)
2024-08-23 18:12:13.830 [,] [main] INFO  User_Operation - [User_Operationlog,20] - After User_Operation method: onApplicationEvent
2024-08-23 18:12:14.206 [,] [main] INFO  c.z.h.HikariDataSource - [getConnection,110] - HikariPool-1 - Starting...
2024-08-23 18:12:14.387 [,] [main] INFO  c.z.h.HikariDataSource - [getConnection,123] - HikariPool-1 - Start completed.
2024-08-23 18:12:20.003 [,] [scheduling-1] INFO  User_Operation - [User_Operationlog,20] - After User_Operation method: monitorFfmpegProcess
2024-08-23 18:12:32.655 [,] [http-nio-8089-exec-1] INFO  o.a.c.c.C.[.[.[/] - [log,173] - Initializing Spring DispatcherServlet 'dispatcherServlet'
2024-08-23 18:12:35.287 [,] [http-nio-8089-exec-3] INFO  User_Operation - [User_Operationlog,20] - After User_Operation method: AIO
2024-08-23 18:12:35.324 [,] [http-nio-8089-exec-3] INFO  User_Operation - [User_Operationlog,20] - After User_Operation method: getFfmpegEnabled
2024-08-23 18:12:35.325 [,] [http-nio-8089-exec-3] INFO  User_Operation - [User_Operationlog,20] - After User_Operation method: indexWeb
2024-08-23 18:12:35.326 [,] [http-nio-8089-exec-3] INFO  User_Operation - [User_Operationlog,20] - After User_Operation method: getInformation
2024-08-23 18:12:50.004 [,] [scheduling-1] INFO  User_Operation - [User_Operationlog,20] - After User_Operation method: monitorFfmpegProcess
2024-08-23 18:13:00.014 [,] [scheduling-1] INFO  User_Operation - [User_Operationlog,20] - After User_Operation method: monitorFfmpegProcess
2024-08-23 18:13:10.006 [,] [scheduling-1] INFO  User_Operation - [User_Operationlog,20] - After User_Operation method: monitorFfmpegProcess
2024-08-23 18:13:20.003 [,] [scheduling-1] INFO  User_Operation - [User_Operationlog,20] - After User_Operation method: monitorFfmpegProcess
2024-08-23 18:13:30.014 [,] [scheduling-1] INFO  User_Operation - [User_Operationlog,20] - After User_Operation method: monitorFfmpegProcess
2024-08-23 18:13:40.016 [,] [scheduling-1] INFO  User_Operation - [User_Operationlog,20] - After User_Operation method: monitorFfmpegProcess
2024-08-23 18:13:50.003 [,] [scheduling-1] INFO  User_Operation - [User_Operationlog,20] - After User_Operation method: monitorFfmpegProcess
2024-08-23 18:14:00.006 [,] [scheduling-1] INFO  User_Operation - [User_Operationlog,20] - After User_Operation method: monitorFfmpegProcess
2024-08-23 18:14:10.008 [,] [scheduling-1] INFO  User_Operation - [User_Operationlog,20] - After User_Operation method: monitorFfmpegProcess
2024-08-23 18:14:20.006 [,] [scheduling-1] INFO  User_Operation - [User_Operationlog,20] - After User_Operation method: monitorFfmpegProcess
2024-08-23 18:14:30.008 [,] [scheduling-1] INFO  User_Operation - [User_Operationlog,20] - After User_Operation method: monitorFfmpegProcess
2024-08-23 18:14:40.007 [,] [scheduling-1] INFO  User_Operation - [User_Operationlog,20] - After User_Operation method: monitorFfmpegProcess
2024-08-23 18:14:50.011 [,] [scheduling-1] INFO  User_Operation - [User_Operationlog,20] - After User_Operation method: monitorFfmpegProcess
2024-08-23 18:15:00.016 [,] [scheduling-1] INFO  User_Operation - [User_Operationlog,20] - After User_Operation method: monitorFfmpegProcess
2024-08-23 18:15:10.009 [,] [scheduling-1] INFO  User_Operation - [User_Operationlog,20] - After User_Operation method: monitorFfmpegProcess
2024-08-23 18:15:20.015 [,] [scheduling-1] INFO  User_Operation - [User_Operationlog,20] - After User_Operation method: monitorFfmpegProcess
2024-08-23 18:15:30.012 [,] [scheduling-1] INFO  User_Operation - [User_Operationlog,20] - After User_Operation method: monitorFfmpegProcess
2024-08-23 18:15:30.403 [,] [SpringApplicationShutdownHook] INFO  c.z.h.HikariDataSource - [close,350] - HikariPool-1 - Shutdown initiated...
2024-08-23 18:15:30.411 [,] [SpringApplicationShutdownHook] INFO  c.z.h.HikariDataSource - [close,352] - HikariPool-1 - Shutdown completed.
2024-08-23 18:15:36.889 [,] [main] INFO  c.s.a.AIOCompanyApplication - [logStarting,55] - Starting AIOCompanyApplication using Java 1.8.0_411 on DESKTOP-0QJEBFD with PID 3408 (E:\AIO_2024.08.16\AIO - 副本 - 测试\AIO-company\target\classes started by neko in E:\AIO_2024.08.16\AIO - 副本 - 测试\AIO-company)
2024-08-23 18:15:36.891 [,] [main] INFO  c.s.a.AIOCompanyApplication - [logStartupProfileInfo,634] - No active profile set, falling back to 1 default profile: "default"
2024-08-23 18:15:38.739 [,] [main] INFO  o.a.c.h.Http11NioProtocol - [log,173] - Initializing ProtocolHandler ["http-nio-8089"]
2024-08-23 18:15:38.739 [,] [main] INFO  o.a.c.c.StandardService - [log,173] - Starting service [Tomcat]
2024-08-23 18:15:38.740 [,] [main] INFO  o.a.c.c.StandardEngine - [log,173] - Starting Servlet engine: [Apache Tomcat/9.0.68]
2024-08-23 18:15:38.846 [,] [main] INFO  o.a.c.c.C.[.[.[/] - [log,173] - Initializing Spring embedded WebApplicationContext
2024-08-23 18:15:40.316 [,] [main] INFO  User_Operation - [User_Operationlog,20] - After User_Operation method: initFFmpeg
2024-08-23 18:15:40.894 [,] [main] INFO  o.a.c.h.Http11NioProtocol - [log,173] - Starting ProtocolHandler ["http-nio-8089"]
2024-08-23 18:15:40.954 [,] [main] INFO  c.s.a.AIOCompanyApplication - [logStarted,61] - Started AIOCompanyApplication in 4.347 seconds (JVM running for 5.342)
2024-08-23 18:15:40.954 [,] [main] INFO  User_Operation - [User_Operationlog,20] - After User_Operation method: onApplicationEvent
2024-08-23 18:15:41.104 [,] [main] INFO  c.z.h.HikariDataSource - [getConnection,110] - HikariPool-1 - Starting...
2024-08-23 18:15:41.206 [,] [main] INFO  c.z.h.HikariDataSource - [getConnection,123] - HikariPool-1 - Start completed.
2024-08-23 18:15:45.375 [,] [http-nio-8089-exec-1] INFO  o.a.c.c.C.[.[.[/] - [log,173] - Initializing Spring DispatcherServlet 'dispatcherServlet'
2024-08-23 18:15:48.310 [,] [http-nio-8089-exec-3] INFO  User_Operation - [User_Operationlog,20] - After User_Operation method: AIO
2024-08-23 18:15:48.337 [,] [http-nio-8089-exec-3] INFO  User_Operation - [User_Operationlog,20] - After User_Operation method: getFfmpegEnabled
2024-08-23 18:15:48.339 [,] [http-nio-8089-exec-3] INFO  User_Operation - [User_Operationlog,20] - After User_Operation method: indexWeb
2024-08-23 18:15:48.343 [,] [http-nio-8089-exec-3] INFO  User_Operation - [User_Operationlog,20] - After User_Operation method: getInformation
2024-08-23 18:15:50.002 [,] [scheduling-1] INFO  User_Operation - [User_Operationlog,20] - After User_Operation method: monitorFfmpegProcess
2024-08-23 18:16:20.004 [,] [scheduling-1] INFO  User_Operation - [User_Operationlog,20] - After User_Operation method: monitorFfmpegProcess
2024-08-23 18:16:30.013 [,] [scheduling-1] INFO  User_Operation - [User_Operationlog,20] - After User_Operation method: monitorFfmpegProcess
2024-08-23 18:16:40.014 [,] [scheduling-1] INFO  User_Operation - [User_Operationlog,20] - After User_Operation method: monitorFfmpegProcess
2024-08-23 18:16:50.020 [,] [scheduling-1] INFO  User_Operation - [User_Operationlog,20] - After User_Operation method: monitorFfmpegProcess
2024-08-23 18:17:00.261 [,] [scheduling-1] INFO  User_Operation - [User_Operationlog,20] - After User_Operation method: monitorFfmpegProcess
2024-08-23 18:17:10.003 [,] [scheduling-1] INFO  User_Operation - [User_Operationlog,20] - After User_Operation method: monitorFfmpegProcess
2024-08-23 18:17:20.012 [,] [scheduling-1] INFO  User_Operation - [User_Operationlog,20] - After User_Operation method: monitorFfmpegProcess
2024-08-23 18:17:30.012 [,] [scheduling-1] INFO  User_Operation - [User_Operationlog,20] - After User_Operation method: monitorFfmpegProcess
2024-08-23 18:17:40.011 [,] [scheduling-1] INFO  User_Operation - [User_Operationlog,20] - After User_Operation method: monitorFfmpegProcess
2024-08-23 18:17:50.002 [,] [scheduling-1] INFO  User_Operation - [User_Operationlog,20] - After User_Operation method: monitorFfmpegProcess
2024-08-23 18:18:00.004 [,] [scheduling-1] INFO  User_Operation - [User_Operationlog,20] - After User_Operation method: monitorFfmpegProcess
2024-08-23 18:18:10.002 [,] [scheduling-1] INFO  User_Operation - [User_Operationlog,20] - After User_Operation method: monitorFfmpegProcess
2024-08-23 18:18:20.013 [,] [scheduling-1] INFO  User_Operation - [User_Operationlog,20] - After User_Operation method: monitorFfmpegProcess
2024-08-23 18:18:30.014 [,] [scheduling-1] INFO  User_Operation - [User_Operationlog,20] - After User_Operation method: monitorFfmpegProcess
2024-08-23 18:18:40.249 [,] [scheduling-1] INFO  User_Operation - [User_Operationlog,20] - After User_Operation method: monitorFfmpegProcess
2024-08-23 18:18:50.012 [,] [scheduling-1] INFO  User_Operation - [User_Operationlog,20] - After User_Operation method: monitorFfmpegProcess
2024-08-23 18:18:54.955 [,] [http-nio-8089-exec-5] INFO  User_Operation - [User_Operationlog,20] - After User_Operation method: AIO
2024-08-23 18:18:55.491 [,] [http-nio-8089-exec-5] INFO  User_Operation - [User_Operationlog,20] - After User_Operation method: getFfmpegEnabled
2024-08-23 18:18:55.495 [,] [http-nio-8089-exec-5] INFO  User_Operation - [User_Operationlog,20] - After User_Operation method: indexWeb
2024-08-23 18:18:55.511 [,] [http-nio-8089-exec-5] INFO  User_Operation - [User_Operationlog,20] - After User_Operation method: getInformation
2024-08-23 18:19:00.001 [,] [scheduling-1] INFO  User_Operation - [User_Operationlog,20] - After User_Operation method: monitorFfmpegProcess
2024-08-23 18:19:10.004 [,] [scheduling-1] INFO  User_Operation - [User_Operationlog,20] - After User_Operation method: monitorFfmpegProcess
2024-08-23 18:19:20.012 [,] [scheduling-1] INFO  User_Operation - [User_Operationlog,20] - After User_Operation method: monitorFfmpegProcess
2024-08-23 18:19:28.561 [,] [http-nio-8089-exec-2] INFO  User_Operation - [User_Operationlog,20] - After User_Operation method: AIO
2024-08-23 18:19:28.630 [,] [http-nio-8089-exec-2] INFO  User_Operation - [User_Operationlog,20] - After User_Operation method: getFfmpegEnabled
2024-08-23 18:19:28.631 [,] [http-nio-8089-exec-2] INFO  User_Operation - [User_Operationlog,20] - After User_Operation method: indexWeb
2024-08-23 18:19:28.632 [,] [http-nio-8089-exec-2] INFO  User_Operation - [User_Operationlog,20] - After User_Operation method: getInformation
2024-08-23 18:19:30.013 [,] [scheduling-1] INFO  User_Operation - [User_Operationlog,20] - After User_Operation method: monitorFfmpegProcess
2024-08-23 18:19:40.015 [,] [scheduling-1] INFO  User_Operation - [User_Operationlog,20] - After User_Operation method: monitorFfmpegProcess
2024-08-23 18:19:50.014 [,] [scheduling-1] INFO  User_Operation - [User_Operationlog,20] - After User_Operation method: monitorFfmpegProcess
2024-08-23 18:20:00.003 [,] [scheduling-1] INFO  User_Operation - [User_Operationlog,20] - After User_Operation method: monitorFfmpegProcess
2024-08-23 18:20:10.004 [,] [scheduling-1] INFO  User_Operation - [User_Operationlog,20] - After User_Operation method: monitorFfmpegProcess
2024-08-23 18:20:10.799 [,] [http-nio-8089-exec-7] INFO  User_Operation - [User_Operationlog,20] - After User_Operation method: AIO
2024-08-23 18:20:10.942 [,] [http-nio-8089-exec-7] INFO  User_Operation - [User_Operationlog,20] - After User_Operation method: getFfmpegEnabled
2024-08-23 18:20:10.942 [,] [http-nio-8089-exec-7] INFO  User_Operation - [User_Operationlog,20] - After User_Operation method: indexWeb
2024-08-23 18:20:10.943 [,] [http-nio-8089-exec-7] INFO  User_Operation - [User_Operationlog,20] - After User_Operation method: getInformation
2024-08-23 18:20:20.016 [,] [scheduling-1] INFO  User_Operation - [User_Operationlog,20] - After User_Operation method: monitorFfmpegProcess
2024-08-23 18:20:30.008 [,] [scheduling-1] INFO  User_Operation - [User_Operationlog,20] - After User_Operation method: monitorFfmpegProcess
2024-08-23 18:20:40.016 [,] [scheduling-1] INFO  User_Operation - [User_Operationlog,20] - After User_Operation method: monitorFfmpegProcess
2024-08-23 18:20:50.015 [,] [scheduling-1] INFO  User_Operation - [User_Operationlog,20] - After User_Operation method: monitorFfmpegProcess
2024-08-23 18:21:00.013 [,] [scheduling-1] INFO  User_Operation - [User_Operationlog,20] - After User_Operation method: monitorFfmpegProcess
2024-08-23 18:21:10.007 [,] [scheduling-1] INFO  User_Operation - [User_Operationlog,20] - After User_Operation method: monitorFfmpegProcess
2024-08-23 18:21:20.013 [,] [scheduling-1] INFO  User_Operation - [User_Operationlog,20] - After User_Operation method: monitorFfmpegProcess
2024-08-23 18:21:30.003 [,] [scheduling-1] INFO  User_Operation - [User_Operationlog,20] - After User_Operation method: monitorFfmpegProcess
2024-08-23 18:21:40.016 [,] [scheduling-1] INFO  User_Operation - [User_Operationlog,20] - After User_Operation method: monitorFfmpegProcess
2024-08-23 18:21:50.014 [,] [scheduling-1] INFO  User_Operation - [User_Operationlog,20] - After User_Operation method: monitorFfmpegProcess
2024-08-23 18:22:00.003 [,] [scheduling-1] INFO  User_Operation - [User_Operationlog,20] - After User_Operation method: monitorFfmpegProcess
2024-08-23 18:22:10.002 [,] [scheduling-1] INFO  User_Operation - [User_Operationlog,20] - After User_Operation method: monitorFfmpegProcess
2024-08-23 18:22:20.003 [,] [scheduling-1] INFO  User_Operation - [User_Operationlog,20] - After User_Operation method: monitorFfmpegProcess
2024-08-23 18:22:30.003 [,] [scheduling-1] INFO  User_Operation - [User_Operationlog,20] - After User_Operation method: monitorFfmpegProcess
2024-08-23 18:22:40.015 [,] [scheduling-1] INFO  User_Operation - [User_Operationlog,20] - After User_Operation method: monitorFfmpegProcess
2024-08-23 18:22:50.001 [,] [scheduling-1] INFO  User_Operation - [User_Operationlog,20] - After User_Operation method: monitorFfmpegProcess
2024-08-23 18:23:00.008 [,] [scheduling-1] INFO  User_Operation - [User_Operationlog,20] - After User_Operation method: monitorFfmpegProcess
2024-08-23 18:23:10.006 [,] [scheduling-1] INFO  User_Operation - [User_Operationlog,20] - After User_Operation method: monitorFfmpegProcess
2024-08-23 18:23:10.544 [,] [SpringApplicationShutdownHook] INFO  c.z.h.HikariDataSource - [close,350] - HikariPool-1 - Shutdown initiated...
2024-08-23 18:23:10.585 [,] [SpringApplicationShutdownHook] INFO  c.z.h.HikariDataSource - [close,352] - HikariPool-1 - Shutdown completed.
2024-08-23 18:23:17.689 [,] [main] INFO  c.s.a.AIOCompanyApplication - [logStarting,55] - Starting AIOCompanyApplication using Java 1.8.0_411 on DESKTOP-0QJEBFD with PID 14356 (E:\AIO_2024.08.16\AIO - 副本 - 测试\AIO-company\target\classes started by neko in E:\AIO_2024.08.16\AIO - 副本 - 测试\AIO-company)
2024-08-23 18:23:17.692 [,] [main] INFO  c.s.a.AIOCompanyApplication - [logStartupProfileInfo,634] - No active profile set, falling back to 1 default profile: "default"
2024-08-23 18:23:20.024 [,] [main] INFO  o.a.c.h.Http11NioProtocol - [log,173] - Initializing ProtocolHandler ["http-nio-8089"]
2024-08-23 18:23:20.024 [,] [main] INFO  o.a.c.c.StandardService - [log,173] - Starting service [Tomcat]
2024-08-23 18:23:20.024 [,] [main] INFO  o.a.c.c.StandardEngine - [log,173] - Starting Servlet engine: [Apache Tomcat/9.0.68]
2024-08-23 18:23:20.155 [,] [main] INFO  o.a.c.c.C.[.[.[/] - [log,173] - Initializing Spring embedded WebApplicationContext
2024-08-23 18:23:21.637 [,] [main] INFO  User_Operation - [User_Operationlog,20] - After User_Operation method: initFFmpeg
2024-08-23 18:23:22.195 [,] [main] INFO  o.a.c.h.Http11NioProtocol - [log,173] - Starting ProtocolHandler ["http-nio-8089"]
2024-08-23 18:23:22.262 [,] [main] INFO  c.s.a.AIOCompanyApplication - [logStarted,61] - Started AIOCompanyApplication in 4.864 seconds (JVM running for 5.858)
2024-08-23 18:23:22.263 [,] [main] INFO  User_Operation - [User_Operationlog,20] - After User_Operation method: onApplicationEvent
2024-08-23 18:23:22.507 [,] [main] INFO  c.z.h.HikariDataSource - [getConnection,110] - HikariPool-1 - Starting...
2024-08-23 18:23:22.596 [,] [main] INFO  c.z.h.HikariDataSource - [getConnection,123] - HikariPool-1 - Start completed.
2024-08-23 18:23:26.434 [,] [http-nio-8089-exec-1] INFO  o.a.c.c.C.[.[.[/] - [log,173] - Initializing Spring DispatcherServlet 'dispatcherServlet'
2024-08-23 18:23:26.449 [,] [http-nio-8089-exec-1] INFO  User_Operation - [User_Operationlog,20] - After User_Operation method: AIO
2024-08-23 18:23:26.459 [,] [http-nio-8089-exec-1] INFO  User_Operation - [User_Operationlog,20] - After User_Operation method: getFfmpegEnabled
2024-08-23 18:23:26.459 [,] [http-nio-8089-exec-1] INFO  User_Operation - [User_Operationlog,20] - After User_Operation method: indexWeb
2024-08-23 18:23:26.461 [,] [http-nio-8089-exec-1] INFO  User_Operation - [User_Operationlog,20] - After User_Operation method: getInformation
2024-08-23 18:23:30.009 [,] [scheduling-1] INFO  User_Operation - [User_Operationlog,20] - After User_Operation method: monitorFfmpegProcess
2024-08-23 18:24:00.005 [,] [scheduling-1] INFO  User_Operation - [User_Operationlog,20] - After User_Operation method: monitorFfmpegProcess
2024-08-23 18:24:10.003 [,] [scheduling-1] INFO  User_Operation - [User_Operationlog,20] - After User_Operation method: monitorFfmpegProcess
2024-08-23 18:24:20.004 [,] [scheduling-1] INFO  User_Operation - [User_Operationlog,20] - After User_Operation method: monitorFfmpegProcess
2024-08-23 18:24:30.012 [,] [scheduling-1] INFO  User_Operation - [User_Operationlog,20] - After User_Operation method: monitorFfmpegProcess
2024-08-23 18:24:40.008 [,] [scheduling-1] INFO  User_Operation - [User_Operationlog,20] - After User_Operation method: monitorFfmpegProcess
2024-08-23 18:24:50.006 [,] [scheduling-1] INFO  User_Operation - [User_Operationlog,20] - After User_Operation method: monitorFfmpegProcess
2024-08-23 18:25:00.012 [,] [scheduling-1] INFO  User_Operation - [User_Operationlog,20] - After User_Operation method: monitorFfmpegProcess
2024-08-23 18:25:10.001 [,] [scheduling-1] INFO  User_Operation - [User_Operationlog,20] - After User_Operation method: monitorFfmpegProcess
2024-08-23 18:25:20.013 [,] [scheduling-1] INFO  User_Operation - [User_Operationlog,20] - After User_Operation method: monitorFfmpegProcess
2024-08-23 18:25:30.014 [,] [scheduling-1] INFO  User_Operation - [User_Operationlog,20] - After User_Operation method: monitorFfmpegProcess
2024-08-23 18:25:40.003 [,] [scheduling-1] INFO  User_Operation - [User_Operationlog,20] - After User_Operation method: monitorFfmpegProcess
2024-08-23 18:25:50.009 [,] [scheduling-1] INFO  User_Operation - [User_Operationlog,20] - After User_Operation method: monitorFfmpegProcess
2024-08-23 18:26:00.005 [,] [scheduling-1] INFO  User_Operation - [User_Operationlog,20] - After User_Operation method: monitorFfmpegProcess
2024-08-23 18:26:10.003 [,] [scheduling-1] INFO  User_Operation - [User_Operationlog,20] - After User_Operation method: monitorFfmpegProcess
2024-08-23 18:26:20.007 [,] [scheduling-1] INFO  User_Operation - [User_Operationlog,20] - After User_Operation method: monitorFfmpegProcess
2024-08-23 18:26:30.016 [,] [scheduling-1] INFO  User_Operation - [User_Operationlog,20] - After User_Operation method: monitorFfmpegProcess
2024-08-23 18:26:32.749 [,] [SpringApplicationShutdownHook] INFO  c.z.h.HikariDataSource - [close,350] - HikariPool-1 - Shutdown initiated...
2024-08-23 18:26:32.769 [,] [SpringApplicationShutdownHook] INFO  c.z.h.HikariDataSource - [close,352] - HikariPool-1 - Shutdown completed.
2024-08-23 18:26:42.967 [,] [main] INFO  c.s.a.AIOCompanyApplication - [logStarting,55] - Starting AIOCompanyApplication using Java 1.8.0_411 on DESKTOP-0QJEBFD with PID 20152 (E:\AIO_2024.08.16\AIO - 副本 - 测试\AIO-company\target\classes started by neko in E:\AIO_2024.08.16\AIO - 副本 - 测试\AIO-company)
2024-08-23 18:26:42.982 [,] [main] INFO  c.s.a.AIOCompanyApplication - [logStartupProfileInfo,634] - No active profile set, falling back to 1 default profile: "default"
2024-08-23 18:26:45.847 [,] [main] INFO  o.a.c.h.Http11NioProtocol - [log,173] - Initializing ProtocolHandler ["http-nio-8089"]
2024-08-23 18:26:45.848 [,] [main] INFO  o.a.c.c.StandardService - [log,173] - Starting service [Tomcat]
2024-08-23 18:26:45.848 [,] [main] INFO  o.a.c.c.StandardEngine - [log,173] - Starting Servlet engine: [Apache Tomcat/9.0.68]
2024-08-23 18:26:46.064 [,] [main] INFO  o.a.c.c.C.[.[.[/] - [log,173] - Initializing Spring embedded WebApplicationContext
2024-08-23 18:26:49.015 [,] [main] INFO  User_Operation - [User_Operationlog,20] - After User_Operation method: initFFmpeg
2024-08-23 18:26:49.928 [,] [main] INFO  o.a.c.h.Http11NioProtocol - [log,173] - Starting ProtocolHandler ["http-nio-8089"]
2024-08-23 18:26:50.026 [,] [main] INFO  c.s.a.AIOCompanyApplication - [logStarted,61] - Started AIOCompanyApplication in 7.74 seconds (JVM running for 9.586)
2024-08-23 18:26:50.027 [,] [main] INFO  User_Operation - [User_Operationlog,20] - After User_Operation method: onApplicationEvent
2024-08-23 18:26:50.149 [,] [main] INFO  c.z.h.HikariDataSource - [getConnection,110] - HikariPool-1 - Starting...
2024-08-23 18:26:50.325 [,] [main] INFO  c.z.h.HikariDataSource - [getConnection,123] - HikariPool-1 - Start completed.
2024-08-23 18:26:56.135 [,] [http-nio-8089-exec-1] INFO  o.a.c.c.C.[.[.[/] - [log,173] - Initializing Spring DispatcherServlet 'dispatcherServlet'
2024-08-23 18:26:56.171 [,] [http-nio-8089-exec-1] INFO  User_Operation - [User_Operationlog,20] - After User_Operation method: AIO
2024-08-23 18:26:56.192 [,] [http-nio-8089-exec-1] INFO  User_Operation - [User_Operationlog,20] - After User_Operation method: getFfmpegEnabled
2024-08-23 18:26:56.192 [,] [http-nio-8089-exec-1] INFO  User_Operation - [User_Operationlog,20] - After User_Operation method: indexWeb
2024-08-23 18:26:56.195 [,] [http-nio-8089-exec-1] INFO  User_Operation - [User_Operationlog,20] - After User_Operation method: getInformation
2024-08-23 18:27:00.001 [,] [scheduling-1] INFO  User_Operation - [User_Operationlog,20] - After User_Operation method: monitorFfmpegProcess
2024-08-23 18:27:10.004 [,] [scheduling-1] INFO  User_Operation - [User_Operationlog,20] - After User_Operation method: monitorFfmpegProcess
2024-08-23 18:27:20.014 [,] [scheduling-1] INFO  User_Operation - [User_Operationlog,20] - After User_Operation method: monitorFfmpegProcess
2024-08-23 18:27:30.002 [,] [scheduling-1] INFO  User_Operation - [User_Operationlog,20] - After User_Operation method: monitorFfmpegProcess
2024-08-23 18:27:40.012 [,] [scheduling-1] INFO  User_Operation - [User_Operationlog,20] - After User_Operation method: monitorFfmpegProcess
2024-08-23 18:27:50.004 [,] [scheduling-1] INFO  User_Operation - [User_Operationlog,20] - After User_Operation method: monitorFfmpegProcess
2024-08-23 18:28:00.012 [,] [scheduling-1] INFO  User_Operation - [User_Operationlog,20] - After User_Operation method: monitorFfmpegProcess
2024-08-23 18:28:10.009 [,] [scheduling-1] INFO  User_Operation - [User_Operationlog,20] - After User_Operation method: monitorFfmpegProcess
2024-08-23 18:28:20.006 [,] [scheduling-1] INFO  User_Operation - [User_Operationlog,20] - After User_Operation method: monitorFfmpegProcess
2024-08-23 18:28:30.012 [,] [scheduling-1] INFO  User_Operation - [User_Operationlog,20] - After User_Operation method: monitorFfmpegProcess
2024-08-23 18:28:40.010 [,] [scheduling-1] INFO  User_Operation - [User_Operationlog,20] - After User_Operation method: monitorFfmpegProcess
2024-08-23 18:28:50.013 [,] [scheduling-1] INFO  User_Operation - [User_Operationlog,20] - After User_Operation method: monitorFfmpegProcess
2024-08-23 18:29:00.012 [,] [scheduling-1] INFO  User_Operation - [User_Operationlog,20] - After User_Operation method: monitorFfmpegProcess
2024-08-23 18:29:10.016 [,] [scheduling-1] INFO  User_Operation - [User_Operationlog,20] - After User_Operation method: monitorFfmpegProcess
2024-08-23 18:29:13.519 [,] [SpringApplicationShutdownHook] INFO  c.z.h.HikariDataSource - [close,350] - HikariPool-1 - Shutdown initiated...
2024-08-23 18:29:13.540 [,] [SpringApplicationShutdownHook] INFO  c.z.h.HikariDataSource - [close,352] - HikariPool-1 - Shutdown completed.
2024-08-23 18:29:19.307 [,] [main] INFO  c.s.a.AIOCompanyApplication - [logStarting,55] - Starting AIOCompanyApplication using Java 1.8.0_411 on DESKTOP-0QJEBFD with PID 9432 (E:\AIO_2024.08.16\AIO - 副本 - 测试\AIO-company\target\classes started by neko in E:\AIO_2024.08.16\AIO - 副本 - 测试\AIO-company)
2024-08-23 18:29:19.326 [,] [main] INFO  c.s.a.AIOCompanyApplication - [logStartupProfileInfo,634] - No active profile set, falling back to 1 default profile: "default"
2024-08-23 18:29:22.229 [,] [main] INFO  o.a.c.h.Http11NioProtocol - [log,173] - Initializing ProtocolHandler ["http-nio-8089"]
2024-08-23 18:29:22.230 [,] [main] INFO  o.a.c.c.StandardService - [log,173] - Starting service [Tomcat]
2024-08-23 18:29:22.230 [,] [main] INFO  o.a.c.c.StandardEngine - [log,173] - Starting Servlet engine: [Apache Tomcat/9.0.68]
2024-08-23 18:29:22.448 [,] [main] INFO  o.a.c.c.C.[.[.[/] - [log,173] - Initializing Spring embedded WebApplicationContext
2024-08-23 18:29:25.441 [,] [main] INFO  User_Operation - [User_Operationlog,20] - After User_Operation method: initFFmpeg
2024-08-23 18:29:26.400 [,] [main] INFO  o.a.c.h.Http11NioProtocol - [log,173] - Starting ProtocolHandler ["http-nio-8089"]
2024-08-23 18:29:26.496 [,] [main] INFO  c.s.a.AIOCompanyApplication - [logStarted,61] - Started AIOCompanyApplication in 7.759 seconds (JVM running for 9.491)
2024-08-23 18:29:26.497 [,] [main] INFO  User_Operation - [User_Operationlog,20] - After User_Operation method: onApplicationEvent
2024-08-23 18:29:26.639 [,] [main] INFO  c.z.h.HikariDataSource - [getConnection,110] - HikariPool-1 - Starting...
2024-08-23 18:29:26.818 [,] [main] INFO  c.z.h.HikariDataSource - [getConnection,123] - HikariPool-1 - Start completed.
2024-08-23 18:29:30.009 [,] [scheduling-1] INFO  User_Operation - [User_Operationlog,20] - After User_Operation method: monitorFfmpegProcess
2024-08-23 18:29:31.389 [,] [http-nio-8089-exec-2] INFO  o.a.c.c.C.[.[.[/] - [log,173] - Initializing Spring DispatcherServlet 'dispatcherServlet'
2024-08-23 18:29:34.294 [,] [http-nio-8089-exec-1] INFO  User_Operation - [User_Operationlog,20] - After User_Operation method: AIO
2024-08-23 18:29:34.321 [,] [http-nio-8089-exec-1] INFO  User_Operation - [User_Operationlog,20] - After User_Operation method: getFfmpegEnabled
2024-08-23 18:29:34.322 [,] [http-nio-8089-exec-1] INFO  User_Operation - [User_Operationlog,20] - After User_Operation method: indexWeb
2024-08-23 18:29:34.324 [,] [http-nio-8089-exec-1] INFO  User_Operation - [User_Operationlog,20] - After User_Operation method: getInformation
2024-08-23 18:30:20.001 [,] [scheduling-1] INFO  User_Operation - [User_Operationlog,20] - After User_Operation method: monitorFfmpegProcess
2024-08-23 18:30:30.001 [,] [scheduling-1] INFO  User_Operation - [User_Operationlog,20] - After User_Operation method: monitorFfmpegProcess
2024-08-23 18:30:40.000 [,] [scheduling-1] INFO  User_Operation - [User_Operationlog,20] - After User_Operation method: monitorFfmpegProcess
2024-08-23 18:30:50.012 [,] [scheduling-1] INFO  User_Operation - [User_Operationlog,20] - After User_Operation method: monitorFfmpegProcess
2024-08-23 18:31:00.008 [,] [scheduling-1] INFO  User_Operation - [User_Operationlog,20] - After User_Operation method: monitorFfmpegProcess
2024-08-23 18:31:04.178 [,] [SpringApplicationShutdownHook] INFO  c.z.h.HikariDataSource - [close,350] - HikariPool-1 - Shutdown initiated...
2024-08-23 18:31:04.194 [,] [SpringApplicationShutdownHook] INFO  c.z.h.HikariDataSource - [close,352] - HikariPool-1 - Shutdown completed.
2024-08-23 18:31:09.077 [,] [main] INFO  c.s.a.AIOCompanyApplication - [logStarting,55] - Starting AIOCompanyApplication using Java 1.8.0_411 on DESKTOP-0QJEBFD with PID 18872 (E:\AIO_2024.08.16\AIO - 副本 - 测试\AIO-company\target\classes started by neko in E:\AIO_2024.08.16\AIO - 副本 - 测试\AIO-company)
2024-08-23 18:31:09.082 [,] [main] INFO  c.s.a.AIOCompanyApplication - [logStartupProfileInfo,634] - No active profile set, falling back to 1 default profile: "default"
2024-08-23 18:31:11.919 [,] [main] INFO  o.a.c.h.Http11NioProtocol - [log,173] - Initializing ProtocolHandler ["http-nio-8089"]
2024-08-23 18:31:11.920 [,] [main] INFO  o.a.c.c.StandardService - [log,173] - Starting service [Tomcat]
2024-08-23 18:31:11.921 [,] [main] INFO  o.a.c.c.StandardEngine - [log,173] - Starting Servlet engine: [Apache Tomcat/9.0.68]
2024-08-23 18:31:12.140 [,] [main] INFO  o.a.c.c.C.[.[.[/] - [log,173] - Initializing Spring embedded WebApplicationContext
2024-08-23 18:31:14.987 [,] [main] INFO  User_Operation - [User_Operationlog,20] - After User_Operation method: initFFmpeg
2024-08-23 18:31:15.927 [,] [main] INFO  o.a.c.h.Http11NioProtocol - [log,173] - Starting ProtocolHandler ["http-nio-8089"]
2024-08-23 18:31:16.022 [,] [main] INFO  c.s.a.AIOCompanyApplication - [logStarted,61] - Started AIOCompanyApplication in 7.583 seconds (JVM running for 9.412)
2024-08-23 18:31:16.023 [,] [main] INFO  User_Operation - [User_Operationlog,20] - After User_Operation method: onApplicationEvent
2024-08-23 18:31:16.173 [,] [main] INFO  c.z.h.HikariDataSource - [getConnection,110] - HikariPool-1 - Starting...
2024-08-23 18:31:16.348 [,] [main] INFO  c.z.h.HikariDataSource - [getConnection,123] - HikariPool-1 - Start completed.
2024-08-23 18:31:20.009 [,] [scheduling-1] INFO  User_Operation - [User_Operationlog,20] - After User_Operation method: monitorFfmpegProcess
2024-08-23 18:31:23.489 [,] [http-nio-8089-exec-1] INFO  o.a.c.c.C.[.[.[/] - [log,173] - Initializing Spring DispatcherServlet 'dispatcherServlet'
2024-08-23 18:31:23.524 [,] [http-nio-8089-exec-1] INFO  User_Operation - [User_Operationlog,20] - After User_Operation method: AIO
2024-08-23 18:31:23.547 [,] [http-nio-8089-exec-1] INFO  User_Operation - [User_Operationlog,20] - After User_Operation method: getFfmpegEnabled
2024-08-23 18:31:23.548 [,] [http-nio-8089-exec-1] INFO  User_Operation - [User_Operationlog,20] - After User_Operation method: indexWeb
2024-08-23 18:31:23.552 [,] [http-nio-8089-exec-1] INFO  User_Operation - [User_Operationlog,20] - After User_Operation method: getInformation
2024-08-23 18:31:40.014 [,] [scheduling-1] INFO  User_Operation - [User_Operationlog,20] - After User_Operation method: monitorFfmpegProcess
2024-08-23 18:31:50.015 [,] [scheduling-1] INFO  User_Operation - [User_Operationlog,20] - After User_Operation method: monitorFfmpegProcess
2024-08-23 18:32:00.004 [,] [scheduling-1] INFO  User_Operation - [User_Operationlog,20] - After User_Operation method: monitorFfmpegProcess
2024-08-23 18:32:10.010 [,] [scheduling-1] INFO  User_Operation - [User_Operationlog,20] - After User_Operation method: monitorFfmpegProcess
2024-08-23 18:32:20.015 [,] [scheduling-1] INFO  User_Operation - [User_Operationlog,20] - After User_Operation method: monitorFfmpegProcess
2024-08-23 18:32:30.000 [,] [scheduling-1] INFO  User_Operation - [User_Operationlog,20] - After User_Operation method: monitorFfmpegProcess
2024-08-23 18:32:40.004 [,] [scheduling-1] INFO  User_Operation - [User_Operationlog,20] - After User_Operation method: monitorFfmpegProcess
2024-08-23 18:32:50.013 [,] [scheduling-1] INFO  User_Operation - [User_Operationlog,20] - After User_Operation method: monitorFfmpegProcess
2024-08-23 18:33:00.006 [,] [scheduling-1] INFO  User_Operation - [User_Operationlog,20] - After User_Operation method: monitorFfmpegProcess
2024-08-23 18:33:10.006 [,] [scheduling-1] INFO  User_Operation - [User_Operationlog,20] - After User_Operation method: monitorFfmpegProcess
2024-08-23 18:33:20.014 [,] [scheduling-1] INFO  User_Operation - [User_Operationlog,20] - After User_Operation method: monitorFfmpegProcess
2024-08-23 18:33:30.011 [,] [scheduling-1] INFO  User_Operation - [User_Operationlog,20] - After User_Operation method: monitorFfmpegProcess
2024-08-23 18:33:40.003 [,] [scheduling-1] INFO  User_Operation - [User_Operationlog,20] - After User_Operation method: monitorFfmpegProcess
2024-08-23 18:33:50.016 [,] [scheduling-1] INFO  User_Operation - [User_Operationlog,20] - After User_Operation method: monitorFfmpegProcess
2024-08-23 18:33:54.348 [,] [SpringApplicationShutdownHook] INFO  c.z.h.HikariDataSource - [close,350] - HikariPool-1 - Shutdown initiated...
2024-08-23 18:33:54.357 [,] [SpringApplicationShutdownHook] INFO  c.z.h.HikariDataSource - [close,352] - HikariPool-1 - Shutdown completed.
2024-08-23 18:33:58.222 [,] [main] INFO  c.s.a.AIOCompanyApplication - [logStarting,55] - Starting AIOCompanyApplication using Java 1.8.0_411 on DESKTOP-0QJEBFD with PID 10020 (E:\AIO_2024.08.16\AIO - 副本 - 测试\AIO-company\target\classes started by neko in E:\AIO_2024.08.16\AIO - 副本 - 测试\AIO-company)
2024-08-23 18:33:58.226 [,] [main] INFO  c.s.a.AIOCompanyApplication - [logStartupProfileInfo,634] - No active profile set, falling back to 1 default profile: "default"
2024-08-23 18:33:59.722 [,] [main] INFO  o.a.c.h.Http11NioProtocol - [log,173] - Initializing ProtocolHandler ["http-nio-8089"]
2024-08-23 18:33:59.723 [,] [main] INFO  o.a.c.c.StandardService - [log,173] - Starting service [Tomcat]
2024-08-23 18:33:59.723 [,] [main] INFO  o.a.c.c.StandardEngine - [log,173] - Starting Servlet engine: [Apache Tomcat/9.0.68]
2024-08-23 18:33:59.829 [,] [main] INFO  o.a.c.c.C.[.[.[/] - [log,173] - Initializing Spring embedded WebApplicationContext
2024-08-23 18:34:01.269 [,] [main] INFO  User_Operation - [User_Operationlog,20] - After User_Operation method: initFFmpeg
2024-08-23 18:34:01.833 [,] [main] INFO  o.a.c.h.Http11NioProtocol - [log,173] - Starting ProtocolHandler ["http-nio-8089"]
2024-08-23 18:34:01.896 [,] [main] INFO  c.s.a.AIOCompanyApplication - [logStarted,61] - Started AIOCompanyApplication in 3.939 seconds (JVM running for 4.952)
2024-08-23 18:34:01.897 [,] [main] INFO  User_Operation - [User_Operationlog,20] - After User_Operation method: onApplicationEvent
2024-08-23 18:34:01.985 [,] [main] INFO  c.z.h.HikariDataSource - [getConnection,110] - HikariPool-1 - Starting...
2024-08-23 18:34:02.083 [,] [main] INFO  c.z.h.HikariDataSource - [getConnection,123] - HikariPool-1 - Start completed.
2024-08-23 18:34:04.128 [,] [main] INFO  c.z.h.HikariDataSource - [close,350] - HikariPool-1 - Shutdown initiated...
2024-08-23 18:34:04.137 [,] [main] INFO  c.z.h.HikariDataSource - [close,352] - HikariPool-1 - Shutdown completed.
2024-08-23 18:35:00.420 [,] [main] INFO  c.s.a.AIOCompanyApplication - [logStarting,55] - Starting AIOCompanyApplication using Java 1.8.0_411 on DESKTOP-0QJEBFD with PID 19944 (E:\AIO_2024.08.16\AIO - 副本 - 测试\AIO-company\target\classes started by neko in E:\AIO_2024.08.16\AIO - 副本 - 测试\AIO-company)
2024-08-23 18:35:00.432 [,] [main] INFO  c.s.a.AIOCompanyApplication - [logStartupProfileInfo,634] - No active profile set, falling back to 1 default profile: "default"
2024-08-23 18:35:01.762 [,] [main] INFO  o.a.c.h.Http11NioProtocol - [log,173] - Initializing ProtocolHandler ["http-nio-8089"]
2024-08-23 18:35:01.762 [,] [main] INFO  o.a.c.c.StandardService - [log,173] - Starting service [Tomcat]
2024-08-23 18:35:01.763 [,] [main] INFO  o.a.c.c.StandardEngine - [log,173] - Starting Servlet engine: [Apache Tomcat/9.0.68]
2024-08-23 18:35:01.875 [,] [main] INFO  o.a.c.c.C.[.[.[/] - [log,173] - Initializing Spring embedded WebApplicationContext
2024-08-23 18:35:03.478 [,] [main] INFO  User_Operation - [User_Operationlog,20] - After User_Operation method: initFFmpeg
2024-08-23 18:35:04.148 [,] [main] INFO  o.a.c.h.Http11NioProtocol - [log,173] - Starting ProtocolHandler ["http-nio-8089"]
2024-08-23 18:35:04.218 [,] [main] INFO  c.s.a.AIOCompanyApplication - [logStarted,61] - Started AIOCompanyApplication in 4.101 seconds (JVM running for 5.195)
2024-08-23 18:35:04.219 [,] [main] INFO  User_Operation - [User_Operationlog,20] - After User_Operation method: onApplicationEvent
2024-08-23 18:35:04.319 [,] [main] INFO  c.z.h.HikariDataSource - [getConnection,110] - HikariPool-1 - Starting...
2024-08-23 18:35:04.453 [,] [main] INFO  c.z.h.HikariDataSource - [getConnection,123] - HikariPool-1 - Start completed.
2024-08-23 18:35:10.017 [,] [scheduling-1] INFO  User_Operation - [User_Operationlog,20] - After User_Operation method: monitorFfmpegProcess
2024-08-23 18:35:15.649 [,] [http-nio-8089-exec-1] INFO  o.a.c.c.C.[.[.[/] - [log,173] - Initializing Spring DispatcherServlet 'dispatcherServlet'
2024-08-23 18:35:15.664 [,] [http-nio-8089-exec-1] INFO  User_Operation - [User_Operationlog,20] - After User_Operation method: AIO
2024-08-23 18:35:15.674 [,] [http-nio-8089-exec-1] INFO  User_Operation - [User_Operationlog,20] - After User_Operation method: getFfmpegEnabled
2024-08-23 18:35:15.675 [,] [http-nio-8089-exec-1] INFO  User_Operation - [User_Operationlog,20] - After User_Operation method: indexWeb
2024-08-23 18:35:15.676 [,] [http-nio-8089-exec-1] INFO  User_Operation - [User_Operationlog,20] - After User_Operation method: getInformation
2024-08-23 18:35:50.002 [,] [scheduling-1] INFO  User_Operation - [User_Operationlog,20] - After User_Operation method: monitorFfmpegProcess
2024-08-23 18:36:00.014 [,] [scheduling-1] INFO  User_Operation - [User_Operationlog,20] - After User_Operation method: monitorFfmpegProcess
2024-08-23 18:36:10.709 [,] [scheduling-1] INFO  User_Operation - [User_Operationlog,20] - After User_Operation method: monitorFfmpegProcess
2024-08-23 18:36:20.013 [,] [scheduling-1] INFO  User_Operation - [User_Operationlog,20] - After User_Operation method: monitorFfmpegProcess
2024-08-23 18:36:30.003 [,] [scheduling-1] INFO  User_Operation - [User_Operationlog,20] - After User_Operation method: monitorFfmpegProcess
2024-08-23 18:36:40.012 [,] [scheduling-1] INFO  User_Operation - [User_Operationlog,20] - After User_Operation method: monitorFfmpegProcess
2024-08-23 18:36:50.005 [,] [scheduling-1] INFO  User_Operation - [User_Operationlog,20] - After User_Operation method: monitorFfmpegProcess
2024-08-23 18:37:00.004 [,] [scheduling-1] INFO  User_Operation - [User_Operationlog,20] - After User_Operation method: monitorFfmpegProcess
2024-08-23 18:37:10.071 [,] [scheduling-1] INFO  User_Operation - [User_Operationlog,20] - After User_Operation method: monitorFfmpegProcess
2024-08-23 18:37:20.007 [,] [scheduling-1] INFO  User_Operation - [User_Operationlog,20] - After User_Operation method: monitorFfmpegProcess
2024-08-23 18:37:30.002 [,] [scheduling-1] INFO  User_Operation - [User_Operationlog,20] - After User_Operation method: monitorFfmpegProcess
2024-08-23 18:37:40.006 [,] [scheduling-1] INFO  User_Operation - [User_Operationlog,20] - After User_Operation method: monitorFfmpegProcess
2024-08-23 18:37:50.012 [,] [scheduling-1] INFO  User_Operation - [User_Operationlog,20] - After User_Operation method: monitorFfmpegProcess
2024-08-23 18:38:00.003 [,] [scheduling-1] INFO  User_Operation - [User_Operationlog,20] - After User_Operation method: monitorFfmpegProcess
2024-08-23 18:38:10.006 [,] [scheduling-1] INFO  User_Operation - [User_Operationlog,20] - After User_Operation method: monitorFfmpegProcess
2024-08-23 18:38:20.011 [,] [scheduling-1] INFO  User_Operation - [User_Operationlog,20] - After User_Operation method: monitorFfmpegProcess
2024-08-23 18:38:30.006 [,] [scheduling-1] INFO  User_Operation - [User_Operationlog,20] - After User_Operation method: monitorFfmpegProcess
2024-08-23 18:38:40.003 [,] [scheduling-1] INFO  User_Operation - [User_Operationlog,20] - After User_Operation method: monitorFfmpegProcess
2024-08-23 18:38:50.009 [,] [scheduling-1] INFO  User_Operation - [User_Operationlog,20] - After User_Operation method: monitorFfmpegProcess
2024-08-23 18:39:00.008 [,] [scheduling-1] INFO  User_Operation - [User_Operationlog,20] - After User_Operation method: monitorFfmpegProcess
2024-08-23 18:39:00.479 [,] [SpringApplicationShutdownHook] INFO  c.z.h.HikariDataSource - [close,350] - HikariPool-1 - Shutdown initiated...
2024-08-23 18:39:00.557 [,] [SpringApplicationShutdownHook] INFO  c.z.h.HikariDataSource - [close,352] - HikariPool-1 - Shutdown completed.
2024-08-23 18:39:06.121 [,] [main] INFO  c.s.a.AIOCompanyApplication - [logStarting,55] - Starting AIOCompanyApplication using Java 1.8.0_411 on DESKTOP-0QJEBFD with PID 12744 (E:\AIO_2024.08.16\AIO - 副本 - 测试\AIO-company\target\classes started by neko in E:\AIO_2024.08.16\AIO - 副本 - 测试\AIO-company)
2024-08-23 18:39:06.127 [,] [main] INFO  c.s.a.AIOCompanyApplication - [logStartupProfileInfo,634] - No active profile set, falling back to 1 default profile: "default"
2024-08-23 18:39:09.057 [,] [main] INFO  o.a.c.h.Http11NioProtocol - [log,173] - Initializing ProtocolHandler ["http-nio-8089"]
2024-08-23 18:39:09.058 [,] [main] INFO  o.a.c.c.StandardService - [log,173] - Starting service [Tomcat]
2024-08-23 18:39:09.058 [,] [main] INFO  o.a.c.c.StandardEngine - [log,173] - Starting Servlet engine: [Apache Tomcat/9.0.68]
2024-08-23 18:39:09.287 [,] [main] INFO  o.a.c.c.C.[.[.[/] - [log,173] - Initializing Spring embedded WebApplicationContext
2024-08-23 18:39:12.073 [,] [main] INFO  User_Operation - [User_Operationlog,20] - After User_Operation method: initFFmpeg
2024-08-23 18:39:12.982 [,] [main] INFO  o.a.c.h.Http11NioProtocol - [log,173] - Starting ProtocolHandler ["http-nio-8089"]
2024-08-23 18:39:13.085 [,] [main] INFO  c.s.a.AIOCompanyApplication - [logStarted,61] - Started AIOCompanyApplication in 7.591 seconds (JVM running for 9.628)
2024-08-23 18:39:13.085 [,] [main] INFO  User_Operation - [User_Operationlog,20] - After User_Operation method: onApplicationEvent
2024-08-23 18:39:13.683 [,] [main] INFO  c.z.h.HikariDataSource - [getConnection,110] - HikariPool-1 - Starting...
2024-08-23 18:39:13.884 [,] [main] INFO  c.z.h.HikariDataSource - [getConnection,123] - HikariPool-1 - Start completed.
2024-08-23 18:39:20.010 [,] [scheduling-1] INFO  User_Operation - [User_Operationlog,20] - After User_Operation method: monitorFfmpegProcess
2024-08-23 18:39:22.144 [,] [http-nio-8089-exec-1] INFO  o.a.c.c.C.[.[.[/] - [log,173] - Initializing Spring DispatcherServlet 'dispatcherServlet'
2024-08-23 18:39:22.176 [,] [http-nio-8089-exec-1] INFO  User_Operation - [User_Operationlog,20] - After User_Operation method: AIO
2024-08-23 18:39:22.194 [,] [http-nio-8089-exec-1] INFO  User_Operation - [User_Operationlog,20] - After User_Operation method: getFfmpegEnabled
2024-08-23 18:39:22.194 [,] [http-nio-8089-exec-1] INFO  User_Operation - [User_Operationlog,20] - After User_Operation method: indexWeb
2024-08-23 18:39:22.197 [,] [http-nio-8089-exec-1] INFO  User_Operation - [User_Operationlog,20] - After User_Operation method: getInformation
2024-08-23 18:39:50.006 [,] [scheduling-1] INFO  User_Operation - [User_Operationlog,20] - After User_Operation method: monitorFfmpegProcess
2024-08-23 18:40:00.004 [,] [scheduling-1] INFO  User_Operation - [User_Operationlog,20] - After User_Operation method: monitorFfmpegProcess
2024-08-23 18:40:10.014 [,] [scheduling-1] INFO  User_Operation - [User_Operationlog,20] - After User_Operation method: monitorFfmpegProcess
2024-08-23 18:40:19.998 [,] [SpringApplicationShutdownHook] INFO  c.z.h.HikariDataSource - [close,350] - HikariPool-1 - Shutdown initiated...
2024-08-23 18:40:20.012 [,] [SpringApplicationShutdownHook] INFO  c.z.h.HikariDataSource - [close,352] - HikariPool-1 - Shutdown completed.
2024-08-23 18:40:24.616 [,] [main] INFO  c.s.a.AIOCompanyApplication - [logStarting,55] - Starting AIOCompanyApplication using Java 1.8.0_411 on DESKTOP-0QJEBFD with PID 7100 (E:\AIO_2024.08.16\AIO - 副本 - 测试\AIO-company\target\classes started by neko in E:\AIO_2024.08.16\AIO - 副本 - 测试\AIO-company)
2024-08-23 18:40:24.622 [,] [main] INFO  c.s.a.AIOCompanyApplication - [logStartupProfileInfo,634] - No active profile set, falling back to 1 default profile: "default"
2024-08-23 18:40:27.421 [,] [main] INFO  o.a.c.h.Http11NioProtocol - [log,173] - Initializing ProtocolHandler ["http-nio-8089"]
2024-08-23 18:40:27.422 [,] [main] INFO  o.a.c.c.StandardService - [log,173] - Starting service [Tomcat]
2024-08-23 18:40:27.422 [,] [main] INFO  o.a.c.c.StandardEngine - [log,173] - Starting Servlet engine: [Apache Tomcat/9.0.68]
2024-08-23 18:40:27.609 [,] [main] INFO  o.a.c.c.C.[.[.[/] - [log,173] - Initializing Spring embedded WebApplicationContext
2024-08-23 18:40:30.254 [,] [main] INFO  User_Operation - [User_Operationlog,20] - After User_Operation method: initFFmpeg
2024-08-23 18:40:31.110 [,] [main] INFO  o.a.c.h.Http11NioProtocol - [log,173] - Starting ProtocolHandler ["http-nio-8089"]
2024-08-23 18:40:31.205 [,] [main] INFO  c.s.a.AIOCompanyApplication - [logStarted,61] - Started AIOCompanyApplication in 7.164 seconds (JVM running for 8.946)
2024-08-23 18:40:31.206 [,] [main] INFO  User_Operation - [User_Operationlog,20] - After User_Operation method: onApplicationEvent
2024-08-23 18:40:31.324 [,] [main] INFO  c.z.h.HikariDataSource - [getConnection,110] - HikariPool-1 - Starting...
2024-08-23 18:40:31.494 [,] [main] INFO  c.z.h.HikariDataSource - [getConnection,123] - HikariPool-1 - Start completed.
2024-08-23 18:40:37.204 [,] [http-nio-8089-exec-1] INFO  o.a.c.c.C.[.[.[/] - [log,173] - Initializing Spring DispatcherServlet 'dispatcherServlet'
2024-08-23 18:40:37.233 [,] [http-nio-8089-exec-1] INFO  User_Operation - [User_Operationlog,20] - After User_Operation method: AIO
2024-08-23 18:40:37.251 [,] [http-nio-8089-exec-1] INFO  User_Operation - [User_Operationlog,20] - After User_Operation method: getFfmpegEnabled
2024-08-23 18:40:37.252 [,] [http-nio-8089-exec-1] INFO  User_Operation - [User_Operationlog,20] - After User_Operation method: indexWeb
2024-08-23 18:40:37.254 [,] [http-nio-8089-exec-1] INFO  User_Operation - [User_Operationlog,20] - After User_Operation method: getInformation
2024-08-23 18:40:40.008 [,] [scheduling-1] INFO  User_Operation - [User_Operationlog,20] - After User_Operation method: monitorFfmpegProcess
2024-08-23 18:40:50.013 [,] [scheduling-1] INFO  User_Operation - [User_Operationlog,20] - After User_Operation method: monitorFfmpegProcess
2024-08-23 18:41:00.001 [,] [scheduling-1] INFO  User_Operation - [User_Operationlog,20] - After User_Operation method: monitorFfmpegProcess
2024-08-23 18:41:10.005 [,] [scheduling-1] INFO  User_Operation - [User_Operationlog,20] - After User_Operation method: monitorFfmpegProcess
2024-08-23 18:41:20.009 [,] [scheduling-1] INFO  User_Operation - [User_Operationlog,20] - After User_Operation method: monitorFfmpegProcess
2024-08-23 18:41:30.014 [,] [scheduling-1] INFO  User_Operation - [User_Operationlog,20] - After User_Operation method: monitorFfmpegProcess
2024-08-23 18:41:40.002 [,] [scheduling-1] INFO  User_Operation - [User_Operationlog,20] - After User_Operation method: monitorFfmpegProcess
2024-08-23 18:41:50.012 [,] [scheduling-1] INFO  User_Operation - [User_Operationlog,20] - After User_Operation method: monitorFfmpegProcess
2024-08-23 18:42:00.002 [,] [scheduling-1] INFO  User_Operation - [User_Operationlog,20] - After User_Operation method: monitorFfmpegProcess
2024-08-23 18:42:10.004 [,] [scheduling-1] INFO  User_Operation - [User_Operationlog,20] - After User_Operation method: monitorFfmpegProcess
2024-08-23 18:42:20.012 [,] [scheduling-1] INFO  User_Operation - [User_Operationlog,20] - After User_Operation method: monitorFfmpegProcess
2024-08-23 18:42:30.010 [,] [scheduling-1] INFO  User_Operation - [User_Operationlog,20] - After User_Operation method: monitorFfmpegProcess
2024-08-23 18:42:40.009 [,] [scheduling-1] INFO  User_Operation - [User_Operationlog,20] - After User_Operation method: monitorFfmpegProcess
2024-08-23 18:42:50.013 [,] [scheduling-1] INFO  User_Operation - [User_Operationlog,20] - After User_Operation method: monitorFfmpegProcess
2024-08-23 18:43:00.012 [,] [scheduling-1] INFO  User_Operation - [User_Operationlog,20] - After User_Operation method: monitorFfmpegProcess
2024-08-23 18:43:10.015 [,] [scheduling-1] INFO  User_Operation - [User_Operationlog,20] - After User_Operation method: monitorFfmpegProcess
2024-08-23 18:43:20.004 [,] [scheduling-1] INFO  User_Operation - [User_Operationlog,20] - After User_Operation method: monitorFfmpegProcess
2024-08-23 18:43:30.006 [,] [scheduling-1] INFO  User_Operation - [User_Operationlog,20] - After User_Operation method: monitorFfmpegProcess
2024-08-23 18:43:40.015 [,] [scheduling-1] INFO  User_Operation - [User_Operationlog,20] - After User_Operation method: monitorFfmpegProcess
2024-08-23 18:43:50.004 [,] [scheduling-1] INFO  User_Operation - [User_Operationlog,20] - After User_Operation method: monitorFfmpegProcess
2024-08-23 18:44:00.002 [,] [scheduling-1] INFO  User_Operation - [User_Operationlog,20] - After User_Operation method: monitorFfmpegProcess
2024-08-23 18:44:10.010 [,] [scheduling-1] INFO  User_Operation - [User_Operationlog,20] - After User_Operation method: monitorFfmpegProcess
2024-08-23 18:44:20.015 [,] [scheduling-1] INFO  User_Operation - [User_Operationlog,20] - After User_Operation method: monitorFfmpegProcess
2024-08-23 18:44:30.012 [,] [scheduling-1] INFO  User_Operation - [User_Operationlog,20] - After User_Operation method: monitorFfmpegProcess
2024-08-23 18:44:40.006 [,] [scheduling-1] INFO  User_Operation - [User_Operationlog,20] - After User_Operation method: monitorFfmpegProcess
2024-08-23 18:44:50.015 [,] [scheduling-1] INFO  User_Operation - [User_Operationlog,20] - After User_Operation method: monitorFfmpegProcess
2024-08-23 18:45:00.008 [,] [scheduling-1] INFO  User_Operation - [User_Operationlog,20] - After User_Operation method: monitorFfmpegProcess
2024-08-23 18:45:10.014 [,] [scheduling-1] INFO  User_Operation - [User_Operationlog,20] - After User_Operation method: monitorFfmpegProcess
2024-08-23 18:45:20.013 [,] [scheduling-1] INFO  User_Operation - [User_Operationlog,20] - After User_Operation method: monitorFfmpegProcess
2024-08-23 18:45:30.016 [,] [scheduling-1] INFO  User_Operation - [User_Operationlog,20] - After User_Operation method: monitorFfmpegProcess
2024-08-23 18:45:40.015 [,] [scheduling-1] INFO  User_Operation - [User_Operationlog,20] - After User_Operation method: monitorFfmpegProcess
2024-08-23 18:45:50.006 [,] [scheduling-1] INFO  User_Operation - [User_Operationlog,20] - After User_Operation method: monitorFfmpegProcess
2024-08-23 18:46:00.003 [,] [scheduling-1] INFO  User_Operation - [User_Operationlog,20] - After User_Operation method: monitorFfmpegProcess
2024-08-23 18:46:10.015 [,] [scheduling-1] INFO  User_Operation - [User_Operationlog,20] - After User_Operation method: monitorFfmpegProcess
2024-08-23 18:46:20.002 [,] [scheduling-1] INFO  User_Operation - [User_Operationlog,20] - After User_Operation method: monitorFfmpegProcess
2024-08-23 18:46:30.003 [,] [scheduling-1] INFO  User_Operation - [User_Operationlog,20] - After User_Operation method: monitorFfmpegProcess
2024-08-23 18:46:40.001 [,] [scheduling-1] INFO  User_Operation - [User_Operationlog,20] - After User_Operation method: monitorFfmpegProcess
2024-08-23 18:46:50.001 [,] [scheduling-1] INFO  User_Operation - [User_Operationlog,20] - After User_Operation method: monitorFfmpegProcess
2024-08-23 18:47:00.014 [,] [scheduling-1] INFO  User_Operation - [User_Operationlog,20] - After User_Operation method: monitorFfmpegProcess
2024-08-23 18:47:10.002 [,] [scheduling-1] INFO  User_Operation - [User_Operationlog,20] - After User_Operation method: monitorFfmpegProcess
2024-08-23 18:47:20.001 [,] [scheduling-1] INFO  User_Operation - [User_Operationlog,20] - After User_Operation method: monitorFfmpegProcess
2024-08-23 18:47:30.011 [,] [scheduling-1] INFO  User_Operation - [User_Operationlog,20] - After User_Operation method: monitorFfmpegProcess
2024-08-23 18:47:40.017 [,] [scheduling-1] INFO  User_Operation - [User_Operationlog,20] - After User_Operation method: monitorFfmpegProcess
2024-08-23 18:47:50.003 [,] [scheduling-1] INFO  User_Operation - [User_Operationlog,20] - After User_Operation method: monitorFfmpegProcess
2024-08-23 18:48:00.013 [,] [scheduling-1] INFO  User_Operation - [User_Operationlog,20] - After User_Operation method: monitorFfmpegProcess
2024-08-23 18:48:10.013 [,] [scheduling-1] INFO  User_Operation - [User_Operationlog,20] - After User_Operation method: monitorFfmpegProcess
2024-08-23 18:48:20.013 [,] [scheduling-1] INFO  User_Operation - [User_Operationlog,20] - After User_Operation method: monitorFfmpegProcess
2024-08-23 18:48:30.014 [,] [scheduling-1] INFO  User_Operation - [User_Operationlog,20] - After User_Operation method: monitorFfmpegProcess
2024-08-23 18:48:40.003 [,] [scheduling-1] INFO  User_Operation - [User_Operationlog,20] - After User_Operation method: monitorFfmpegProcess
2024-08-23 18:48:50.004 [,] [scheduling-1] INFO  User_Operation - [User_Operationlog,20] - After User_Operation method: monitorFfmpegProcess
2024-08-23 18:49:00.009 [,] [scheduling-1] INFO  User_Operation - [User_Operationlog,20] - After User_Operation method: monitorFfmpegProcess
2024-08-23 18:49:10.009 [,] [scheduling-1] INFO  User_Operation - [User_Operationlog,20] - After User_Operation method: monitorFfmpegProcess
2024-08-23 18:49:11.798 [,] [http-nio-8089-exec-10] INFO  User_Operation - [User_Operationlog,20] - After User_Operation method: indexWeb
2024-08-23 18:49:11.799 [,] [http-nio-8089-exec-10] INFO  User_Operation - [User_Operationlog,20] - After User_Operation method: getInformation
2024-08-23 18:49:20.007 [,] [scheduling-1] INFO  User_Operation - [User_Operationlog,20] - After User_Operation method: monitorFfmpegProcess
2024-08-23 18:49:30.000 [,] [scheduling-1] INFO  User_Operation - [User_Operationlog,20] - After User_Operation method: monitorFfmpegProcess
2024-08-23 18:49:40.002 [,] [scheduling-1] INFO  User_Operation - [User_Operationlog,20] - After User_Operation method: monitorFfmpegProcess
2024-08-23 18:49:50.003 [,] [scheduling-1] INFO  User_Operation - [User_Operationlog,20] - After User_Operation method: monitorFfmpegProcess
2024-08-23 18:50:00.016 [,] [scheduling-1] INFO  User_Operation - [User_Operationlog,20] - After User_Operation method: monitorFfmpegProcess
2024-08-23 18:50:10.011 [,] [scheduling-1] INFO  User_Operation - [User_Operationlog,20] - After User_Operation method: monitorFfmpegProcess
2024-08-23 18:50:20.008 [,] [scheduling-1] INFO  User_Operation - [User_Operationlog,20] - After User_Operation method: monitorFfmpegProcess
2024-08-23 18:50:30.001 [,] [scheduling-1] INFO  User_Operation - [User_Operationlog,20] - After User_Operation method: monitorFfmpegProcess
2024-08-23 18:50:40.002 [,] [scheduling-1] INFO  User_Operation - [User_Operationlog,20] - After User_Operation method: monitorFfmpegProcess
2024-08-23 18:50:50.014 [,] [scheduling-1] INFO  User_Operation - [User_Operationlog,20] - After User_Operation method: monitorFfmpegProcess
2024-08-23 18:51:00.001 [,] [scheduling-1] INFO  User_Operation - [User_Operationlog,20] - After User_Operation method: monitorFfmpegProcess
2024-08-23 18:51:10.014 [,] [scheduling-1] INFO  User_Operation - [User_Operationlog,20] - After User_Operation method: monitorFfmpegProcess
2024-08-23 18:51:20.016 [,] [scheduling-1] INFO  User_Operation - [User_Operationlog,20] - After User_Operation method: monitorFfmpegProcess
2024-08-23 18:51:30.004 [,] [scheduling-1] INFO  User_Operation - [User_Operationlog,20] - After User_Operation method: monitorFfmpegProcess
2024-08-23 18:51:40.014 [,] [scheduling-1] INFO  User_Operation - [User_Operationlog,20] - After User_Operation method: monitorFfmpegProcess
2024-08-23 18:51:50.010 [,] [scheduling-1] INFO  User_Operation - [User_Operationlog,20] - After User_Operation method: monitorFfmpegProcess
2024-08-23 18:52:00.007 [,] [scheduling-1] INFO  User_Operation - [User_Operationlog,20] - After User_Operation method: monitorFfmpegProcess
2024-08-23 18:52:10.007 [,] [scheduling-1] INFO  User_Operation - [User_Operationlog,20] - After User_Operation method: monitorFfmpegProcess
2024-08-23 18:52:20.004 [,] [scheduling-1] INFO  User_Operation - [User_Operationlog,20] - After User_Operation method: monitorFfmpegProcess
2024-08-23 18:52:30.007 [,] [scheduling-1] INFO  User_Operation - [User_Operationlog,20] - After User_Operation method: monitorFfmpegProcess
2024-08-23 18:52:40.012 [,] [scheduling-1] INFO  User_Operation - [User_Operationlog,20] - After User_Operation method: monitorFfmpegProcess
2024-08-23 18:52:50.012 [,] [scheduling-1] INFO  User_Operation - [User_Operationlog,20] - After User_Operation method: monitorFfmpegProcess
2024-08-23 18:53:00.012 [,] [scheduling-1] INFO  User_Operation - [User_Operationlog,20] - After User_Operation method: monitorFfmpegProcess
2024-08-23 18:53:10.006 [,] [scheduling-1] INFO  User_Operation - [User_Operationlog,20] - After User_Operation method: monitorFfmpegProcess
2024-08-23 18:53:20.004 [,] [scheduling-1] INFO  User_Operation - [User_Operationlog,20] - After User_Operation method: monitorFfmpegProcess
2024-08-23 18:53:30.004 [,] [scheduling-1] INFO  User_Operation - [User_Operationlog,20] - After User_Operation method: monitorFfmpegProcess
2024-08-23 18:53:40.003 [,] [scheduling-1] INFO  User_Operation - [User_Operationlog,20] - After User_Operation method: monitorFfmpegProcess
2024-08-23 18:53:50.013 [,] [scheduling-1] INFO  User_Operation - [User_Operationlog,20] - After User_Operation method: monitorFfmpegProcess
2024-08-23 18:54:00.014 [,] [scheduling-1] INFO  User_Operation - [User_Operationlog,20] - After User_Operation method: monitorFfmpegProcess
2024-08-23 18:54:10.008 [,] [scheduling-1] INFO  User_Operation - [User_Operationlog,20] - After User_Operation method: monitorFfmpegProcess
2024-08-23 18:54:20.004 [,] [scheduling-1] INFO  User_Operation - [User_Operationlog,20] - After User_Operation method: monitorFfmpegProcess
2024-08-23 18:54:30.003 [,] [scheduling-1] INFO  User_Operation - [User_Operationlog,20] - After User_Operation method: monitorFfmpegProcess
2024-08-23 18:54:40.002 [,] [scheduling-1] INFO  User_Operation - [User_Operationlog,20] - After User_Operation method: monitorFfmpegProcess
2024-08-23 18:54:50.003 [,] [scheduling-1] INFO  User_Operation - [User_Operationlog,20] - After User_Operation method: monitorFfmpegProcess
2024-08-23 18:55:00.013 [,] [scheduling-1] INFO  User_Operation - [User_Operationlog,20] - After User_Operation method: monitorFfmpegProcess
2024-08-23 18:55:10.007 [,] [scheduling-1] INFO  User_Operation - [User_Operationlog,20] - After User_Operation method: monitorFfmpegProcess
2024-08-23 18:55:20.004 [,] [scheduling-1] INFO  User_Operation - [User_Operationlog,20] - After User_Operation method: monitorFfmpegProcess
2024-08-23 18:55:30.014 [,] [scheduling-1] INFO  User_Operation - [User_Operationlog,20] - After User_Operation method: monitorFfmpegProcess
2024-08-23 18:55:40.012 [,] [scheduling-1] INFO  User_Operation - [User_Operationlog,20] - After User_Operation method: monitorFfmpegProcess
2024-08-23 18:55:50.010 [,] [scheduling-1] INFO  User_Operation - [User_Operationlog,20] - After User_Operation method: monitorFfmpegProcess
2024-08-23 18:56:00.004 [,] [scheduling-1] INFO  User_Operation - [User_Operationlog,20] - After User_Operation method: monitorFfmpegProcess
2024-08-23 18:56:10.014 [,] [scheduling-1] INFO  User_Operation - [User_Operationlog,20] - After User_Operation method: monitorFfmpegProcess
2024-08-23 18:56:20.002 [,] [scheduling-1] INFO  User_Operation - [User_Operationlog,20] - After User_Operation method: monitorFfmpegProcess
2024-08-23 18:56:30.009 [,] [scheduling-1] INFO  User_Operation - [User_Operationlog,20] - After User_Operation method: monitorFfmpegProcess
2024-08-23 18:56:40.004 [,] [scheduling-1] INFO  User_Operation - [User_Operationlog,20] - After User_Operation method: monitorFfmpegProcess
2024-08-23 18:56:50.008 [,] [scheduling-1] INFO  User_Operation - [User_Operationlog,20] - After User_Operation method: monitorFfmpegProcess
2024-08-23 18:57:00.007 [,] [scheduling-1] INFO  User_Operation - [User_Operationlog,20] - After User_Operation method: monitorFfmpegProcess
2024-08-23 18:57:10.002 [,] [scheduling-1] INFO  User_Operation - [User_Operationlog,20] - After User_Operation method: monitorFfmpegProcess
2024-08-23 18:57:20.007 [,] [scheduling-1] INFO  User_Operation - [User_Operationlog,20] - After User_Operation method: monitorFfmpegProcess
2024-08-23 18:57:22.891 [,] [http-nio-8089-exec-3] INFO  User_Operation - [User_Operationlog,20] - After User_Operation method: AIO
2024-08-23 18:57:22.899 [,] [http-nio-8089-exec-3] INFO  User_Operation - [User_Operationlog,20] - After User_Operation method: getFfmpegEnabled
2024-08-23 18:57:22.900 [,] [http-nio-8089-exec-3] INFO  User_Operation - [User_Operationlog,20] - After User_Operation method: indexWeb
2024-08-23 18:57:22.900 [,] [http-nio-8089-exec-3] INFO  User_Operation - [User_Operationlog,20] - After User_Operation method: getInformation
2024-08-23 18:57:30.015 [,] [scheduling-1] INFO  User_Operation - [User_Operationlog,20] - After User_Operation method: monitorFfmpegProcess
2024-08-23 18:57:40.002 [,] [scheduling-1] INFO  User_Operation - [User_Operationlog,20] - After User_Operation method: monitorFfmpegProcess
2024-08-23 18:57:50.003 [,] [scheduling-1] INFO  User_Operation - [User_Operationlog,20] - After User_Operation method: monitorFfmpegProcess
2024-08-23 18:58:00.014 [,] [scheduling-1] INFO  User_Operation - [User_Operationlog,20] - After User_Operation method: monitorFfmpegProcess
2024-08-23 18:58:10.004 [,] [scheduling-1] INFO  User_Operation - [User_Operationlog,20] - After User_Operation method: monitorFfmpegProcess
2024-08-23 18:58:20.001 [,] [scheduling-1] INFO  User_Operation - [User_Operationlog,20] - After User_Operation method: monitorFfmpegProcess
2024-08-23 18:58:30.007 [,] [scheduling-1] INFO  User_Operation - [User_Operationlog,20] - After User_Operation method: monitorFfmpegProcess
2024-08-23 18:58:40.014 [,] [scheduling-1] INFO  User_Operation - [User_Operationlog,20] - After User_Operation method: monitorFfmpegProcess
2024-08-23 18:58:50.015 [,] [scheduling-1] INFO  User_Operation - [User_Operationlog,20] - After User_Operation method: monitorFfmpegProcess
2024-08-23 18:59:00.012 [,] [scheduling-1] INFO  User_Operation - [User_Operationlog,20] - After User_Operation method: monitorFfmpegProcess
2024-08-23 18:59:10.001 [,] [scheduling-1] INFO  User_Operation - [User_Operationlog,20] - After User_Operation method: monitorFfmpegProcess
2024-08-23 18:59:20.008 [,] [scheduling-1] INFO  User_Operation - [User_Operationlog,20] - After User_Operation method: monitorFfmpegProcess
2024-08-23 18:59:30.002 [,] [scheduling-1] INFO  User_Operation - [User_Operationlog,20] - After User_Operation method: monitorFfmpegProcess
2024-08-23 18:59:40.013 [,] [scheduling-1] INFO  User_Operation - [User_Operationlog,20] - After User_Operation method: monitorFfmpegProcess
2024-08-23 18:59:50.009 [,] [scheduling-1] INFO  User_Operation - [User_Operationlog,20] - After User_Operation method: monitorFfmpegProcess
2024-08-23 19:00:00.004 [,] [scheduling-1] INFO  User_Operation - [User_Operationlog,20] - After User_Operation method: monitorFfmpegProcess
2024-08-23 19:00:10.012 [,] [scheduling-1] INFO  User_Operation - [User_Operationlog,20] - After User_Operation method: monitorFfmpegProcess
2024-08-23 19:00:20.011 [,] [scheduling-1] INFO  User_Operation - [User_Operationlog,20] - After User_Operation method: monitorFfmpegProcess
2024-08-23 19:00:30.010 [,] [scheduling-1] INFO  User_Operation - [User_Operationlog,20] - After User_Operation method: monitorFfmpegProcess
2024-08-23 19:00:40.000 [,] [scheduling-1] INFO  User_Operation - [User_Operationlog,20] - After User_Operation method: monitorFfmpegProcess
2024-08-23 19:00:50.004 [,] [scheduling-1] INFO  User_Operation - [User_Operationlog,20] - After User_Operation method: monitorFfmpegProcess
2024-08-23 19:00:53.135 [,] [SpringApplicationShutdownHook] INFO  c.z.h.HikariDataSource - [close,350] - HikariPool-1 - Shutdown initiated...
2024-08-23 19:00:53.157 [,] [SpringApplicationShutdownHook] INFO  c.z.h.HikariDataSource - [close,352] - HikariPool-1 - Shutdown completed.
2024-08-23 19:01:03.702 [,] [main] INFO  c.s.a.AIOCompanyApplication - [logStarting,55] - Starting AIOCompanyApplication using Java 1.8.0_411 on DESKTOP-0QJEBFD with PID 1660 (E:\AIO_2024.08.16\AIO - 副本 - 测试\AIO-company\target\classes started by neko in E:\AIO_2024.08.16\AIO - 副本 - 测试\AIO-company)
2024-08-23 19:01:03.708 [,] [main] INFO  c.s.a.AIOCompanyApplication - [logStartupProfileInfo,634] - No active profile set, falling back to 1 default profile: "default"
2024-08-23 19:01:06.202 [,] [main] INFO  o.a.c.h.Http11NioProtocol - [log,173] - Initializing ProtocolHandler ["http-nio-8089"]
2024-08-23 19:01:06.203 [,] [main] INFO  o.a.c.c.StandardService - [log,173] - Starting service [Tomcat]
2024-08-23 19:01:06.203 [,] [main] INFO  o.a.c.c.StandardEngine - [log,173] - Starting Servlet engine: [Apache Tomcat/9.0.68]
2024-08-23 19:01:06.395 [,] [main] INFO  o.a.c.c.C.[.[.[/] - [log,173] - Initializing Spring embedded WebApplicationContext
2024-08-23 19:01:09.119 [,] [main] INFO  User_Operation - [User_Operationlog,20] - After User_Operation method: initFFmpeg
2024-08-23 19:01:10.055 [,] [main] INFO  o.a.c.h.Http11NioProtocol - [log,173] - Starting ProtocolHandler ["http-nio-8089"]
2024-08-23 19:01:10.155 [,] [main] INFO  c.s.a.AIOCompanyApplication - [logStarted,61] - Started AIOCompanyApplication in 7.081 seconds (JVM running for 8.832)
2024-08-23 19:01:10.156 [,] [main] INFO  User_Operation - [User_Operationlog,20] - After User_Operation method: onApplicationEvent
2024-08-23 19:01:10.282 [,] [main] INFO  c.z.h.HikariDataSource - [getConnection,110] - HikariPool-1 - Starting...
2024-08-23 19:01:10.480 [,] [main] INFO  c.z.h.HikariDataSource - [getConnection,123] - HikariPool-1 - Start completed.
2024-08-23 19:01:16.589 [,] [http-nio-8089-exec-1] INFO  o.a.c.c.C.[.[.[/] - [log,173] - Initializing Spring DispatcherServlet 'dispatcherServlet'
2024-08-23 19:01:16.622 [,] [http-nio-8089-exec-1] INFO  User_Operation - [User_Operationlog,20] - After User_Operation method: AIO
2024-08-23 19:01:16.644 [,] [http-nio-8089-exec-1] INFO  User_Operation - [User_Operationlog,20] - After User_Operation method: getFfmpegEnabled
2024-08-23 19:01:16.645 [,] [http-nio-8089-exec-1] INFO  User_Operation - [User_Operationlog,20] - After User_Operation method: indexWeb
2024-08-23 19:01:16.648 [,] [http-nio-8089-exec-1] INFO  User_Operation - [User_Operationlog,20] - After User_Operation method: getInformation
2024-08-23 19:01:20.004 [,] [scheduling-1] INFO  User_Operation - [User_Operationlog,20] - After User_Operation method: monitorFfmpegProcess
2024-08-23 19:01:40.010 [,] [scheduling-1] INFO  User_Operation - [User_Operationlog,20] - After User_Operation method: monitorFfmpegProcess
2024-08-23 19:01:50.004 [,] [scheduling-1] INFO  User_Operation - [User_Operationlog,20] - After User_Operation method: monitorFfmpegProcess
2024-08-23 19:02:00.010 [,] [scheduling-1] INFO  User_Operation - [User_Operationlog,20] - After User_Operation method: monitorFfmpegProcess
2024-08-23 19:02:10.014 [,] [scheduling-1] INFO  User_Operation - [User_Operationlog,20] - After User_Operation method: monitorFfmpegProcess
2024-08-23 19:02:20.012 [,] [scheduling-1] INFO  User_Operation - [User_Operationlog,20] - After User_Operation method: monitorFfmpegProcess
2024-08-23 19:02:30.004 [,] [scheduling-1] INFO  User_Operation - [User_Operationlog,20] - After User_Operation method: monitorFfmpegProcess
2024-08-23 19:02:40.006 [,] [scheduling-1] INFO  User_Operation - [User_Operationlog,20] - After User_Operation method: monitorFfmpegProcess
2024-08-23 19:02:50.004 [,] [scheduling-1] INFO  User_Operation - [User_Operationlog,20] - After User_Operation method: monitorFfmpegProcess
2024-08-23 19:03:00.006 [,] [scheduling-1] INFO  User_Operation - [User_Operationlog,20] - After User_Operation method: monitorFfmpegProcess
2024-08-23 19:03:00.999 [,] [SpringApplicationShutdownHook] INFO  c.z.h.HikariDataSource - [close,350] - HikariPool-1 - Shutdown initiated...
2024-08-23 19:03:01.025 [,] [SpringApplicationShutdownHook] INFO  c.z.h.HikariDataSource - [close,352] - HikariPool-1 - Shutdown completed.
2024-08-23 19:03:11.293 [,] [main] INFO  c.s.a.AIOCompanyApplication - [logStarting,55] - Starting AIOCompanyApplication using Java 1.8.0_411 on DESKTOP-0QJEBFD with PID 20300 (E:\AIO_2024.08.16\AIO - 副本 - 测试\AIO-company\target\classes started by neko in E:\AIO_2024.08.16\AIO - 副本 - 测试\AIO-company)
2024-08-23 19:03:11.300 [,] [main] INFO  c.s.a.AIOCompanyApplication - [logStartupProfileInfo,634] - No active profile set, falling back to 1 default profile: "default"
2024-08-23 19:03:13.943 [,] [main] INFO  o.a.c.h.Http11NioProtocol - [log,173] - Initializing ProtocolHandler ["http-nio-8089"]
2024-08-23 19:03:13.944 [,] [main] INFO  o.a.c.c.StandardService - [log,173] - Starting service [Tomcat]
2024-08-23 19:03:13.944 [,] [main] INFO  o.a.c.c.StandardEngine - [log,173] - Starting Servlet engine: [Apache Tomcat/9.0.68]
2024-08-23 19:03:14.139 [,] [main] INFO  o.a.c.c.C.[.[.[/] - [log,173] - Initializing Spring embedded WebApplicationContext
2024-08-23 19:03:17.026 [,] [main] INFO  User_Operation - [User_Operationlog,20] - After User_Operation method: initFFmpeg
2024-08-23 19:03:17.905 [,] [main] INFO  o.a.c.h.Http11NioProtocol - [log,173] - Starting ProtocolHandler ["http-nio-8089"]
2024-08-23 19:03:18.016 [,] [main] INFO  c.s.a.AIOCompanyApplication - [logStarted,61] - Started AIOCompanyApplication in 7.35 seconds (JVM running for 8.984)
2024-08-23 19:03:18.017 [,] [main] INFO  User_Operation - [User_Operationlog,20] - After User_Operation method: onApplicationEvent
2024-08-23 19:03:18.150 [,] [main] INFO  c.z.h.HikariDataSource - [getConnection,110] - HikariPool-1 - Starting...
2024-08-23 19:03:18.328 [,] [main] INFO  c.z.h.HikariDataSource - [getConnection,123] - HikariPool-1 - Start completed.
2024-08-23 19:03:20.016 [,] [scheduling-1] INFO  User_Operation - [User_Operationlog,20] - After User_Operation method: monitorFfmpegProcess
2024-08-23 19:03:38.125 [,] [http-nio-8089-exec-1] INFO  o.a.c.c.C.[.[.[/] - [log,173] - Initializing Spring DispatcherServlet 'dispatcherServlet'
2024-08-23 19:03:38.157 [,] [http-nio-8089-exec-1] INFO  User_Operation - [User_Operationlog,20] - After User_Operation method: AIO
2024-08-23 19:03:38.178 [,] [http-nio-8089-exec-1] INFO  User_Operation - [User_Operationlog,20] - After User_Operation method: getFfmpegEnabled
2024-08-23 19:03:38.179 [,] [http-nio-8089-exec-1] INFO  User_Operation - [User_Operationlog,20] - After User_Operation method: indexWeb
2024-08-23 19:03:38.182 [,] [http-nio-8089-exec-1] INFO  User_Operation - [User_Operationlog,20] - After User_Operation method: getInformation
2024-08-23 19:03:50.013 [,] [scheduling-1] INFO  User_Operation - [User_Operationlog,20] - After User_Operation method: monitorFfmpegProcess
2024-08-23 19:04:00.002 [,] [scheduling-1] INFO  User_Operation - [User_Operationlog,20] - After User_Operation method: monitorFfmpegProcess
2024-08-23 19:04:10.003 [,] [scheduling-1] INFO  User_Operation - [User_Operationlog,20] - After User_Operation method: monitorFfmpegProcess
2024-08-23 19:04:20.015 [,] [scheduling-1] INFO  User_Operation - [User_Operationlog,20] - After User_Operation method: monitorFfmpegProcess
2024-08-23 19:04:30.012 [,] [scheduling-1] INFO  User_Operation - [User_Operationlog,20] - After User_Operation method: monitorFfmpegProcess
2024-08-23 19:04:40.013 [,] [scheduling-1] INFO  User_Operation - [User_Operationlog,20] - After User_Operation method: monitorFfmpegProcess
2024-08-23 19:04:46.526 [,] [SpringApplicationShutdownHook] INFO  c.z.h.HikariDataSource - [close,350] - HikariPool-1 - Shutdown initiated...
2024-08-23 19:04:46.545 [,] [SpringApplicationShutdownHook] INFO  c.z.h.HikariDataSource - [close,352] - HikariPool-1 - Shutdown completed.
2024-08-23 19:04:56.445 [,] [main] INFO  c.s.a.AIOCompanyApplication - [logStarting,55] - Starting AIOCompanyApplication using Java 1.8.0_411 on DESKTOP-0QJEBFD with PID 6996 (E:\AIO_2024.08.16\AIO - 副本 - 测试\AIO-company\target\classes started by neko in E:\AIO_2024.08.16\AIO - 副本 - 测试\AIO-company)
2024-08-23 19:04:56.452 [,] [main] INFO  c.s.a.AIOCompanyApplication - [logStartupProfileInfo,634] - No active profile set, falling back to 1 default profile: "default"
2024-08-23 19:04:59.102 [,] [main] INFO  o.a.c.h.Http11NioProtocol - [log,173] - Initializing ProtocolHandler ["http-nio-8089"]
2024-08-23 19:04:59.103 [,] [main] INFO  o.a.c.c.StandardService - [log,173] - Starting service [Tomcat]
2024-08-23 19:04:59.103 [,] [main] INFO  o.a.c.c.StandardEngine - [log,173] - Starting Servlet engine: [Apache Tomcat/9.0.68]
2024-08-23 19:04:59.299 [,] [main] INFO  o.a.c.c.C.[.[.[/] - [log,173] - Initializing Spring embedded WebApplicationContext
2024-08-23 19:05:02.082 [,] [main] INFO  User_Operation - [User_Operationlog,20] - After User_Operation method: initFFmpeg
2024-08-23 19:05:02.989 [,] [main] INFO  o.a.c.h.Http11NioProtocol - [log,173] - Starting ProtocolHandler ["http-nio-8089"]
2024-08-23 19:05:03.105 [,] [main] INFO  c.s.a.AIOCompanyApplication - [logStarted,61] - Started AIOCompanyApplication in 7.311 seconds (JVM running for 9.096)
2024-08-23 19:05:03.106 [,] [main] INFO  User_Operation - [User_Operationlog,20] - After User_Operation method: onApplicationEvent
2024-08-23 19:05:03.244 [,] [main] INFO  c.z.h.HikariDataSource - [getConnection,110] - HikariPool-1 - Starting...
2024-08-23 19:05:03.420 [,] [main] INFO  c.z.h.HikariDataSource - [getConnection,123] - HikariPool-1 - Start completed.
2024-08-23 19:05:04.904 [,] [http-nio-8089-exec-1] INFO  o.a.c.c.C.[.[.[/] - [log,173] - Initializing Spring DispatcherServlet 'dispatcherServlet'
2024-08-23 19:05:04.947 [,] [http-nio-8089-exec-1] INFO  User_Operation - [User_Operationlog,20] - After User_Operation method: AIO
2024-08-23 19:05:05.177 [,] [http-nio-8089-exec-1] INFO  User_Operation - [User_Operationlog,20] - After User_Operation method: getFfmpegEnabled
2024-08-23 19:05:05.178 [,] [http-nio-8089-exec-1] INFO  User_Operation - [User_Operationlog,20] - After User_Operation method: indexWeb
2024-08-23 19:05:05.181 [,] [http-nio-8089-exec-1] INFO  User_Operation - [User_Operationlog,20] - After User_Operation method: getInformation
2024-08-23 19:05:10.005 [,] [scheduling-1] INFO  User_Operation - [User_Operationlog,20] - After User_Operation method: monitorFfmpegProcess
2024-08-23 19:05:14.453 [,] [http-nio-8089-exec-3] INFO  User_Operation - [User_Operationlog,20] - After User_Operation method: AIO
2024-08-23 19:05:14.461 [,] [http-nio-8089-exec-3] INFO  User_Operation - [User_Operationlog,20] - After User_Operation method: getFfmpegEnabled
2024-08-23 19:05:14.462 [,] [http-nio-8089-exec-3] INFO  User_Operation - [User_Operationlog,20] - After User_Operation method: indexWeb
2024-08-23 19:05:14.463 [,] [http-nio-8089-exec-3] INFO  User_Operation - [User_Operationlog,20] - After User_Operation method: getInformation
2024-08-23 19:05:50.014 [,] [scheduling-1] INFO  User_Operation - [User_Operationlog,20] - After User_Operation method: monitorFfmpegProcess
2024-08-23 19:06:00.007 [,] [scheduling-1] INFO  User_Operation - [User_Operationlog,20] - After User_Operation method: monitorFfmpegProcess
2024-08-23 19:06:10.013 [,] [scheduling-1] INFO  User_Operation - [User_Operationlog,20] - After User_Operation method: monitorFfmpegProcess
2024-08-23 19:06:20.006 [,] [scheduling-1] INFO  User_Operation - [User_Operationlog,20] - After User_Operation method: monitorFfmpegProcess
2024-08-23 19:06:30.004 [,] [scheduling-1] INFO  User_Operation - [User_Operationlog,20] - After User_Operation method: monitorFfmpegProcess
2024-08-23 19:06:40.007 [,] [scheduling-1] INFO  User_Operation - [User_Operationlog,20] - After User_Operation method: monitorFfmpegProcess
2024-08-23 19:06:50.014 [,] [scheduling-1] INFO  User_Operation - [User_Operationlog,20] - After User_Operation method: monitorFfmpegProcess
2024-08-23 19:07:00.011 [,] [scheduling-1] INFO  User_Operation - [User_Operationlog,20] - After User_Operation method: monitorFfmpegProcess
2024-08-23 19:07:10.009 [,] [scheduling-1] INFO  User_Operation - [User_Operationlog,20] - After User_Operation method: monitorFfmpegProcess
2024-08-23 19:07:20.011 [,] [scheduling-1] INFO  User_Operation - [User_Operationlog,20] - After User_Operation method: monitorFfmpegProcess
2024-08-23 19:07:30.010 [,] [scheduling-1] INFO  User_Operation - [User_Operationlog,20] - After User_Operation method: monitorFfmpegProcess
2024-08-23 19:07:40.011 [,] [scheduling-1] INFO  User_Operation - [User_Operationlog,20] - After User_Operation method: monitorFfmpegProcess
2024-08-23 19:07:50.010 [,] [scheduling-1] INFO  User_Operation - [User_Operationlog,20] - After User_Operation method: monitorFfmpegProcess
2024-08-23 19:08:00.006 [,] [scheduling-1] INFO  User_Operation - [User_Operationlog,20] - After User_Operation method: monitorFfmpegProcess
2024-08-23 19:08:10.004 [,] [scheduling-1] INFO  User_Operation - [User_Operationlog,20] - After User_Operation method: monitorFfmpegProcess
2024-08-23 19:08:20.014 [,] [scheduling-1] INFO  User_Operation - [User_Operationlog,20] - After User_Operation method: monitorFfmpegProcess
2024-08-23 19:08:30.011 [,] [scheduling-1] INFO  User_Operation - [User_Operationlog,20] - After User_Operation method: monitorFfmpegProcess
2024-08-23 19:08:40.007 [,] [scheduling-1] INFO  User_Operation - [User_Operationlog,20] - After User_Operation method: monitorFfmpegProcess
2024-08-23 19:08:50.006 [,] [scheduling-1] INFO  User_Operation - [User_Operationlog,20] - After User_Operation method: monitorFfmpegProcess
2024-08-23 19:09:00.002 [,] [scheduling-1] INFO  User_Operation - [User_Operationlog,20] - After User_Operation method: monitorFfmpegProcess
2024-08-23 19:09:10.011 [,] [scheduling-1] INFO  User_Operation - [User_Operationlog,20] - After User_Operation method: monitorFfmpegProcess
2024-08-23 19:09:20.005 [,] [scheduling-1] INFO  User_Operation - [User_Operationlog,20] - After User_Operation method: monitorFfmpegProcess
2024-08-23 19:09:30.004 [,] [scheduling-1] INFO  User_Operation - [User_Operationlog,20] - After User_Operation method: monitorFfmpegProcess
2024-08-23 19:09:40.015 [,] [scheduling-1] INFO  User_Operation - [User_Operationlog,20] - After User_Operation method: monitorFfmpegProcess
2024-08-23 19:09:50.006 [,] [scheduling-1] INFO  User_Operation - [User_Operationlog,20] - After User_Operation method: monitorFfmpegProcess
2024-08-23 19:10:00.003 [,] [scheduling-1] INFO  User_Operation - [User_Operationlog,20] - After User_Operation method: monitorFfmpegProcess
2024-08-23 19:10:10.014 [,] [scheduling-1] INFO  User_Operation - [User_Operationlog,20] - After User_Operation method: monitorFfmpegProcess
2024-08-23 19:10:20.004 [,] [scheduling-1] INFO  User_Operation - [User_Operationlog,20] - After User_Operation method: monitorFfmpegProcess
2024-08-23 19:10:30.012 [,] [scheduling-1] INFO  User_Operation - [User_Operationlog,20] - After User_Operation method: monitorFfmpegProcess
2024-08-23 19:10:40.014 [,] [scheduling-1] INFO  User_Operation - [User_Operationlog,20] - After User_Operation method: monitorFfmpegProcess
2024-08-23 19:10:50.001 [,] [scheduling-1] INFO  User_Operation - [User_Operationlog,20] - After User_Operation method: monitorFfmpegProcess
2024-08-23 19:11:00.006 [,] [scheduling-1] INFO  User_Operation - [User_Operationlog,20] - After User_Operation method: monitorFfmpegProcess
2024-08-23 19:11:10.013 [,] [scheduling-1] INFO  User_Operation - [User_Operationlog,20] - After User_Operation method: monitorFfmpegProcess
2024-08-23 19:11:20.004 [,] [scheduling-1] INFO  User_Operation - [User_Operationlog,20] - After User_Operation method: monitorFfmpegProcess
2024-08-23 19:11:30.004 [,] [scheduling-1] INFO  User_Operation - [User_Operationlog,20] - After User_Operation method: monitorFfmpegProcess
2024-08-23 19:11:40.008 [,] [scheduling-1] INFO  User_Operation - [User_Operationlog,20] - After User_Operation method: monitorFfmpegProcess
2024-08-23 19:11:50.006 [,] [scheduling-1] INFO  User_Operation - [User_Operationlog,20] - After User_Operation method: monitorFfmpegProcess
2024-08-23 19:12:00.002 [,] [scheduling-1] INFO  User_Operation - [User_Operationlog,20] - After User_Operation method: monitorFfmpegProcess
2024-08-23 19:12:10.002 [,] [scheduling-1] INFO  User_Operation - [User_Operationlog,20] - After User_Operation method: monitorFfmpegProcess
2024-08-23 19:12:20.014 [,] [scheduling-1] INFO  User_Operation - [User_Operationlog,20] - After User_Operation method: monitorFfmpegProcess
2024-08-23 19:12:30.013 [,] [scheduling-1] INFO  User_Operation - [User_Operationlog,20] - After User_Operation method: monitorFfmpegProcess
2024-08-23 19:12:40.004 [,] [scheduling-1] INFO  User_Operation - [User_Operationlog,20] - After User_Operation method: monitorFfmpegProcess
2024-08-23 19:12:50.013 [,] [scheduling-1] INFO  User_Operation - [User_Operationlog,20] - After User_Operation method: monitorFfmpegProcess
2024-08-23 19:13:00.002 [,] [scheduling-1] INFO  User_Operation - [User_Operationlog,20] - After User_Operation method: monitorFfmpegProcess
2024-08-23 19:13:10.014 [,] [scheduling-1] INFO  User_Operation - [User_Operationlog,20] - After User_Operation method: monitorFfmpegProcess
2024-08-23 19:13:20.005 [,] [scheduling-1] INFO  User_Operation - [User_Operationlog,20] - After User_Operation method: monitorFfmpegProcess
2024-08-23 19:13:30.002 [,] [scheduling-1] INFO  User_Operation - [User_Operationlog,20] - After User_Operation method: monitorFfmpegProcess
2024-08-23 19:13:40.004 [,] [scheduling-1] INFO  User_Operation - [User_Operationlog,20] - After User_Operation method: monitorFfmpegProcess
2024-08-23 19:13:50.009 [,] [scheduling-1] INFO  User_Operation - [User_Operationlog,20] - After User_Operation method: monitorFfmpegProcess
2024-08-23 19:14:00.013 [,] [scheduling-1] INFO  User_Operation - [User_Operationlog,20] - After User_Operation method: monitorFfmpegProcess
2024-08-23 19:14:10.009 [,] [scheduling-1] INFO  User_Operation - [User_Operationlog,20] - After User_Operation method: monitorFfmpegProcess
2024-08-23 19:14:20.012 [,] [scheduling-1] INFO  User_Operation - [User_Operationlog,20] - After User_Operation method: monitorFfmpegProcess
2024-08-23 19:14:30.016 [,] [scheduling-1] INFO  User_Operation - [User_Operationlog,20] - After User_Operation method: monitorFfmpegProcess
2024-08-23 19:14:40.008 [,] [scheduling-1] INFO  User_Operation - [User_Operationlog,20] - After User_Operation method: monitorFfmpegProcess
2024-08-23 19:14:50.006 [,] [scheduling-1] INFO  User_Operation - [User_Operationlog,20] - After User_Operation method: monitorFfmpegProcess
2024-08-23 19:15:00.009 [,] [scheduling-1] INFO  User_Operation - [User_Operationlog,20] - After User_Operation method: monitorFfmpegProcess
2024-08-23 19:15:10.009 [,] [scheduling-1] INFO  User_Operation - [User_Operationlog,20] - After User_Operation method: monitorFfmpegProcess
2024-08-23 19:15:20.002 [,] [scheduling-1] INFO  User_Operation - [User_Operationlog,20] - After User_Operation method: monitorFfmpegProcess
2024-08-23 19:15:30.014 [,] [scheduling-1] INFO  User_Operation - [User_Operationlog,20] - After User_Operation method: monitorFfmpegProcess
2024-08-23 19:15:40.015 [,] [scheduling-1] INFO  User_Operation - [User_Operationlog,20] - After User_Operation method: monitorFfmpegProcess
2024-08-23 19:15:50.013 [,] [scheduling-1] INFO  User_Operation - [User_Operationlog,20] - After User_Operation method: monitorFfmpegProcess
2024-08-23 19:16:00.001 [,] [scheduling-1] INFO  User_Operation - [User_Operationlog,20] - After User_Operation method: monitorFfmpegProcess
2024-08-23 19:16:10.011 [,] [scheduling-1] INFO  User_Operation - [User_Operationlog,20] - After User_Operation method: monitorFfmpegProcess
2024-08-23 19:16:20.002 [,] [scheduling-1] INFO  User_Operation - [User_Operationlog,20] - After User_Operation method: monitorFfmpegProcess
2024-08-23 19:16:30.015 [,] [scheduling-1] INFO  User_Operation - [User_Operationlog,20] - After User_Operation method: monitorFfmpegProcess
2024-08-23 19:16:40.004 [,] [scheduling-1] INFO  User_Operation - [User_Operationlog,20] - After User_Operation method: monitorFfmpegProcess
2024-08-23 19:16:50.002 [,] [scheduling-1] INFO  User_Operation - [User_Operationlog,20] - After User_Operation method: monitorFfmpegProcess
2024-08-23 19:17:00.006 [,] [scheduling-1] INFO  User_Operation - [User_Operationlog,20] - After User_Operation method: monitorFfmpegProcess
2024-08-23 19:17:10.006 [,] [scheduling-1] INFO  User_Operation - [User_Operationlog,20] - After User_Operation method: monitorFfmpegProcess
2024-08-23 19:17:20.011 [,] [scheduling-1] INFO  User_Operation - [User_Operationlog,20] - After User_Operation method: monitorFfmpegProcess
2024-08-23 19:17:30.010 [,] [scheduling-1] INFO  User_Operation - [User_Operationlog,20] - After User_Operation method: monitorFfmpegProcess
2024-08-23 19:17:40.001 [,] [scheduling-1] INFO  User_Operation - [User_Operationlog,20] - After User_Operation method: monitorFfmpegProcess
2024-08-23 19:17:50.002 [,] [scheduling-1] INFO  User_Operation - [User_Operationlog,20] - After User_Operation method: monitorFfmpegProcess
2024-08-23 19:18:00.004 [,] [scheduling-1] INFO  User_Operation - [User_Operationlog,20] - After User_Operation method: monitorFfmpegProcess
2024-08-23 19:18:10.013 [,] [scheduling-1] INFO  User_Operation - [User_Operationlog,20] - After User_Operation method: monitorFfmpegProcess
2024-08-23 19:18:20.012 [,] [scheduling-1] INFO  User_Operation - [User_Operationlog,20] - After User_Operation method: monitorFfmpegProcess
2024-08-23 19:18:30.010 [,] [scheduling-1] INFO  User_Operation - [User_Operationlog,20] - After User_Operation method: monitorFfmpegProcess
2024-08-23 19:18:40.001 [,] [scheduling-1] INFO  User_Operation - [User_Operationlog,20] - After User_Operation method: monitorFfmpegProcess
2024-08-23 19:18:50.012 [,] [scheduling-1] INFO  User_Operation - [User_Operationlog,20] - After User_Operation method: monitorFfmpegProcess
2024-08-23 19:19:00.016 [,] [scheduling-1] INFO  User_Operation - [User_Operationlog,20] - After User_Operation method: monitorFfmpegProcess
2024-08-23 19:19:10.001 [,] [scheduling-1] INFO  User_Operation - [User_Operationlog,20] - After User_Operation method: monitorFfmpegProcess
2024-08-23 19:19:20.014 [,] [scheduling-1] INFO  User_Operation - [User_Operationlog,20] - After User_Operation method: monitorFfmpegProcess
2024-08-23 19:19:30.007 [,] [scheduling-1] INFO  User_Operation - [User_Operationlog,20] - After User_Operation method: monitorFfmpegProcess
2024-08-23 19:19:40.009 [,] [scheduling-1] INFO  User_Operation - [User_Operationlog,20] - After User_Operation method: monitorFfmpegProcess
2024-08-23 19:19:50.002 [,] [scheduling-1] INFO  User_Operation - [User_Operationlog,20] - After User_Operation method: monitorFfmpegProcess
2024-08-23 19:20:00.008 [,] [scheduling-1] INFO  User_Operation - [User_Operationlog,20] - After User_Operation method: monitorFfmpegProcess
2024-08-23 19:20:10.014 [,] [scheduling-1] INFO  User_Operation - [User_Operationlog,20] - After User_Operation method: monitorFfmpegProcess
2024-08-23 19:20:20.010 [,] [scheduling-1] INFO  User_Operation - [User_Operationlog,20] - After User_Operation method: monitorFfmpegProcess
2024-08-23 19:20:30.009 [,] [scheduling-1] INFO  User_Operation - [User_Operationlog,20] - After User_Operation method: monitorFfmpegProcess
2024-08-23 19:20:40.013 [,] [scheduling-1] INFO  User_Operation - [User_Operationlog,20] - After User_Operation method: monitorFfmpegProcess
2024-08-23 19:20:50.009 [,] [scheduling-1] INFO  User_Operation - [User_Operationlog,20] - After User_Operation method: monitorFfmpegProcess
2024-08-23 19:21:00.007 [,] [scheduling-1] INFO  User_Operation - [User_Operationlog,20] - After User_Operation method: monitorFfmpegProcess
2024-08-23 19:21:10.007 [,] [scheduling-1] INFO  User_Operation - [User_Operationlog,20] - After User_Operation method: monitorFfmpegProcess
2024-08-23 19:21:20.002 [,] [scheduling-1] INFO  User_Operation - [User_Operationlog,20] - After User_Operation method: monitorFfmpegProcess
2024-08-23 19:21:30.007 [,] [scheduling-1] INFO  User_Operation - [User_Operationlog,20] - After User_Operation method: monitorFfmpegProcess
2024-08-23 19:21:40.013 [,] [scheduling-1] INFO  User_Operation - [User_Operationlog,20] - After User_Operation method: monitorFfmpegProcess
2024-08-23 19:21:50.009 [,] [scheduling-1] INFO  User_Operation - [User_Operationlog,20] - After User_Operation method: monitorFfmpegProcess
2024-08-23 19:22:00.014 [,] [scheduling-1] INFO  User_Operation - [User_Operationlog,20] - After User_Operation method: monitorFfmpegProcess
2024-08-23 19:22:10.006 [,] [scheduling-1] INFO  User_Operation - [User_Operationlog,20] - After User_Operation method: monitorFfmpegProcess
2024-08-23 19:22:20.014 [,] [scheduling-1] INFO  User_Operation - [User_Operationlog,20] - After User_Operation method: monitorFfmpegProcess
2024-08-23 19:22:30.016 [,] [scheduling-1] INFO  User_Operation - [User_Operationlog,20] - After User_Operation method: monitorFfmpegProcess
2024-08-23 19:22:40.004 [,] [scheduling-1] INFO  User_Operation - [User_Operationlog,20] - After User_Operation method: monitorFfmpegProcess
2024-08-23 19:22:50.014 [,] [scheduling-1] INFO  User_Operation - [User_Operationlog,20] - After User_Operation method: monitorFfmpegProcess
2024-08-23 19:23:00.004 [,] [scheduling-1] INFO  User_Operation - [User_Operationlog,20] - After User_Operation method: monitorFfmpegProcess
2024-08-23 19:23:10.126 [,] [scheduling-1] INFO  User_Operation - [User_Operationlog,20] - After User_Operation method: monitorFfmpegProcess
2024-08-23 19:23:20.006 [,] [scheduling-1] INFO  User_Operation - [User_Operationlog,20] - After User_Operation method: monitorFfmpegProcess
2024-08-23 19:23:30.006 [,] [scheduling-1] INFO  User_Operation - [User_Operationlog,20] - After User_Operation method: monitorFfmpegProcess
2024-08-23 19:23:40.008 [,] [scheduling-1] INFO  User_Operation - [User_Operationlog,20] - After User_Operation method: monitorFfmpegProcess
2024-08-23 19:23:50.010 [,] [scheduling-1] INFO  User_Operation - [User_Operationlog,20] - After User_Operation method: monitorFfmpegProcess
2024-08-23 19:24:00.003 [,] [scheduling-1] INFO  User_Operation - [User_Operationlog,20] - After User_Operation method: monitorFfmpegProcess
2024-08-23 19:24:10.004 [,] [scheduling-1] INFO  User_Operation - [User_Operationlog,20] - After User_Operation method: monitorFfmpegProcess
2024-08-23 19:24:20.014 [,] [scheduling-1] INFO  User_Operation - [User_Operationlog,20] - After User_Operation method: monitorFfmpegProcess
2024-08-23 19:24:30.002 [,] [scheduling-1] INFO  User_Operation - [User_Operationlog,20] - After User_Operation method: monitorFfmpegProcess
2024-08-23 19:24:40.016 [,] [scheduling-1] INFO  User_Operation - [User_Operationlog,20] - After User_Operation method: monitorFfmpegProcess
2024-08-23 19:24:50.010 [,] [scheduling-1] INFO  User_Operation - [User_Operationlog,20] - After User_Operation method: monitorFfmpegProcess
2024-08-23 19:25:00.003 [,] [scheduling-1] INFO  User_Operation - [User_Operationlog,20] - After User_Operation method: monitorFfmpegProcess
2024-08-23 19:25:10.004 [,] [scheduling-1] INFO  User_Operation - [User_Operationlog,20] - After User_Operation method: monitorFfmpegProcess
2024-08-23 19:25:20.001 [,] [scheduling-1] INFO  User_Operation - [User_Operationlog,20] - After User_Operation method: monitorFfmpegProcess
2024-08-23 19:25:30.008 [,] [scheduling-1] INFO  User_Operation - [User_Operationlog,20] - After User_Operation method: monitorFfmpegProcess
2024-08-23 19:25:40.007 [,] [scheduling-1] INFO  User_Operation - [User_Operationlog,20] - After User_Operation method: monitorFfmpegProcess
2024-08-23 19:25:50.011 [,] [scheduling-1] INFO  User_Operation - [User_Operationlog,20] - After User_Operation method: monitorFfmpegProcess
2024-08-23 19:26:00.012 [,] [scheduling-1] INFO  User_Operation - [User_Operationlog,20] - After User_Operation method: monitorFfmpegProcess
2024-08-23 19:26:10.013 [,] [scheduling-1] INFO  User_Operation - [User_Operationlog,20] - After User_Operation method: monitorFfmpegProcess
2024-08-23 19:26:20.006 [,] [scheduling-1] INFO  User_Operation - [User_Operationlog,20] - After User_Operation method: monitorFfmpegProcess
2024-08-23 19:26:30.011 [,] [scheduling-1] INFO  User_Operation - [User_Operationlog,20] - After User_Operation method: monitorFfmpegProcess
2024-08-23 19:26:40.003 [,] [scheduling-1] INFO  User_Operation - [User_Operationlog,20] - After User_Operation method: monitorFfmpegProcess
2024-08-23 19:26:50.014 [,] [scheduling-1] INFO  User_Operation - [User_Operationlog,20] - After User_Operation method: monitorFfmpegProcess
2024-08-23 19:27:00.010 [,] [scheduling-1] INFO  User_Operation - [User_Operationlog,20] - After User_Operation method: monitorFfmpegProcess
2024-08-23 19:27:10.006 [,] [scheduling-1] INFO  User_Operation - [User_Operationlog,20] - After User_Operation method: monitorFfmpegProcess
2024-08-23 19:27:20.013 [,] [scheduling-1] INFO  User_Operation - [User_Operationlog,20] - After User_Operation method: monitorFfmpegProcess
2024-08-23 19:27:30.009 [,] [scheduling-1] INFO  User_Operation - [User_Operationlog,20] - After User_Operation method: monitorFfmpegProcess
2024-08-23 19:27:40.015 [,] [scheduling-1] INFO  User_Operation - [User_Operationlog,20] - After User_Operation method: monitorFfmpegProcess
2024-08-23 19:27:50.004 [,] [scheduling-1] INFO  User_Operation - [User_Operationlog,20] - After User_Operation method: monitorFfmpegProcess
2024-08-23 19:28:00.014 [,] [scheduling-1] INFO  User_Operation - [User_Operationlog,20] - After User_Operation method: monitorFfmpegProcess
2024-08-23 19:28:10.014 [,] [scheduling-1] INFO  User_Operation - [User_Operationlog,20] - After User_Operation method: monitorFfmpegProcess
2024-08-23 19:28:20.002 [,] [scheduling-1] INFO  User_Operation - [User_Operationlog,20] - After User_Operation method: monitorFfmpegProcess
2024-08-23 19:28:30.006 [,] [scheduling-1] INFO  User_Operation - [User_Operationlog,20] - After User_Operation method: monitorFfmpegProcess
2024-08-23 19:28:40.004 [,] [scheduling-1] INFO  User_Operation - [User_Operationlog,20] - After User_Operation method: monitorFfmpegProcess
2024-08-23 19:28:50.017 [,] [scheduling-1] INFO  User_Operation - [User_Operationlog,20] - After User_Operation method: monitorFfmpegProcess
2024-08-23 19:29:00.009 [,] [scheduling-1] INFO  User_Operation - [User_Operationlog,20] - After User_Operation method: monitorFfmpegProcess
2024-08-23 19:29:10.013 [,] [scheduling-1] INFO  User_Operation - [User_Operationlog,20] - After User_Operation method: monitorFfmpegProcess
2024-08-23 19:29:20.016 [,] [scheduling-1] INFO  User_Operation - [User_Operationlog,20] - After User_Operation method: monitorFfmpegProcess
2024-08-23 19:29:30.009 [,] [scheduling-1] INFO  User_Operation - [User_Operationlog,20] - After User_Operation method: monitorFfmpegProcess
2024-08-23 19:29:40.014 [,] [scheduling-1] INFO  User_Operation - [User_Operationlog,20] - After User_Operation method: monitorFfmpegProcess
2024-08-23 19:29:50.001 [,] [scheduling-1] INFO  User_Operation - [User_Operationlog,20] - After User_Operation method: monitorFfmpegProcess
2024-08-23 19:30:00.014 [,] [scheduling-1] INFO  User_Operation - [User_Operationlog,20] - After User_Operation method: monitorFfmpegProcess
2024-08-23 19:30:10.015 [,] [scheduling-1] INFO  User_Operation - [User_Operationlog,20] - After User_Operation method: monitorFfmpegProcess
2024-08-23 19:30:20.008 [,] [scheduling-1] INFO  User_Operation - [User_Operationlog,20] - After User_Operation method: monitorFfmpegProcess
2024-08-23 19:30:30.014 [,] [scheduling-1] INFO  User_Operation - [User_Operationlog,20] - After User_Operation method: monitorFfmpegProcess
2024-08-23 19:30:40.004 [,] [scheduling-1] INFO  User_Operation - [User_Operationlog,20] - After User_Operation method: monitorFfmpegProcess
2024-08-23 19:30:50.001 [,] [scheduling-1] INFO  User_Operation - [User_Operationlog,20] - After User_Operation method: monitorFfmpegProcess
2024-08-23 19:31:00.001 [,] [scheduling-1] INFO  User_Operation - [User_Operationlog,20] - After User_Operation method: monitorFfmpegProcess
2024-08-23 19:31:10.008 [,] [scheduling-1] INFO  User_Operation - [User_Operationlog,20] - After User_Operation method: monitorFfmpegProcess
2024-08-23 19:31:20.000 [,] [scheduling-1] INFO  User_Operation - [User_Operationlog,20] - After User_Operation method: monitorFfmpegProcess
2024-08-23 19:31:30.013 [,] [scheduling-1] INFO  User_Operation - [User_Operationlog,20] - After User_Operation method: monitorFfmpegProcess
2024-08-23 19:31:40.004 [,] [scheduling-1] INFO  User_Operation - [User_Operationlog,20] - After User_Operation method: monitorFfmpegProcess
2024-08-23 19:31:50.010 [,] [scheduling-1] INFO  User_Operation - [User_Operationlog,20] - After User_Operation method: monitorFfmpegProcess
2024-08-23 19:32:00.000 [,] [scheduling-1] INFO  User_Operation - [User_Operationlog,20] - After User_Operation method: monitorFfmpegProcess
2024-08-23 19:32:10.014 [,] [scheduling-1] INFO  User_Operation - [User_Operationlog,20] - After User_Operation method: monitorFfmpegProcess
2024-08-23 19:32:20.012 [,] [scheduling-1] INFO  User_Operation - [User_Operationlog,20] - After User_Operation method: monitorFfmpegProcess
2024-08-23 19:32:30.010 [,] [scheduling-1] INFO  User_Operation - [User_Operationlog,20] - After User_Operation method: monitorFfmpegProcess
2024-08-23 19:32:40.009 [,] [scheduling-1] INFO  User_Operation - [User_Operationlog,20] - After User_Operation method: monitorFfmpegProcess
2024-08-23 19:32:50.011 [,] [scheduling-1] INFO  User_Operation - [User_Operationlog,20] - After User_Operation method: monitorFfmpegProcess
2024-08-23 19:33:00.004 [,] [scheduling-1] INFO  User_Operation - [User_Operationlog,20] - After User_Operation method: monitorFfmpegProcess
2024-08-23 19:33:10.010 [,] [scheduling-1] INFO  User_Operation - [User_Operationlog,20] - After User_Operation method: monitorFfmpegProcess
2024-08-23 19:33:20.005 [,] [scheduling-1] INFO  User_Operation - [User_Operationlog,20] - After User_Operation method: monitorFfmpegProcess
2024-08-23 19:33:30.001 [,] [scheduling-1] INFO  User_Operation - [User_Operationlog,20] - After User_Operation method: monitorFfmpegProcess
2024-08-23 19:33:40.000 [,] [scheduling-1] INFO  User_Operation - [User_Operationlog,20] - After User_Operation method: monitorFfmpegProcess
2024-08-23 19:33:50.004 [,] [scheduling-1] INFO  User_Operation - [User_Operationlog,20] - After User_Operation method: monitorFfmpegProcess
2024-08-23 19:34:00.014 [,] [scheduling-1] INFO  User_Operation - [User_Operationlog,20] - After User_Operation method: monitorFfmpegProcess
2024-08-23 19:34:10.004 [,] [scheduling-1] INFO  User_Operation - [User_Operationlog,20] - After User_Operation method: monitorFfmpegProcess
2024-08-23 19:34:20.014 [,] [scheduling-1] INFO  User_Operation - [User_Operationlog,20] - After User_Operation method: monitorFfmpegProcess
2024-08-23 19:34:30.014 [,] [scheduling-1] INFO  User_Operation - [User_Operationlog,20] - After User_Operation method: monitorFfmpegProcess
2024-08-23 19:34:40.000 [,] [scheduling-1] INFO  User_Operation - [User_Operationlog,20] - After User_Operation method: monitorFfmpegProcess
2024-08-23 19:34:50.014 [,] [scheduling-1] INFO  User_Operation - [User_Operationlog,20] - After User_Operation method: monitorFfmpegProcess
2024-08-23 19:35:00.013 [,] [scheduling-1] INFO  User_Operation - [User_Operationlog,20] - After User_Operation method: monitorFfmpegProcess
2024-08-23 19:35:10.004 [,] [scheduling-1] INFO  User_Operation - [User_Operationlog,20] - After User_Operation method: monitorFfmpegProcess
2024-08-23 19:35:20.013 [,] [scheduling-1] INFO  User_Operation - [User_Operationlog,20] - After User_Operation method: monitorFfmpegProcess
2024-08-23 19:35:30.009 [,] [scheduling-1] INFO  User_Operation - [User_Operationlog,20] - After User_Operation method: monitorFfmpegProcess
2024-08-23 19:35:40.003 [,] [scheduling-1] INFO  User_Operation - [User_Operationlog,20] - After User_Operation method: monitorFfmpegProcess
2024-08-23 19:35:50.015 [,] [scheduling-1] INFO  User_Operation - [User_Operationlog,20] - After User_Operation method: monitorFfmpegProcess
2024-08-23 19:36:00.006 [,] [scheduling-1] INFO  User_Operation - [User_Operationlog,20] - After User_Operation method: monitorFfmpegProcess
2024-08-23 19:36:10.014 [,] [scheduling-1] INFO  User_Operation - [User_Operationlog,20] - After User_Operation method: monitorFfmpegProcess
2024-08-23 19:36:20.010 [,] [scheduling-1] INFO  User_Operation - [User_Operationlog,20] - After User_Operation method: monitorFfmpegProcess
2024-08-23 19:36:30.005 [,] [scheduling-1] INFO  User_Operation - [User_Operationlog,20] - After User_Operation method: monitorFfmpegProcess
2024-08-23 19:36:40.011 [,] [scheduling-1] INFO  User_Operation - [User_Operationlog,20] - After User_Operation method: monitorFfmpegProcess
2024-08-23 19:36:50.001 [,] [scheduling-1] INFO  User_Operation - [User_Operationlog,20] - After User_Operation method: monitorFfmpegProcess
2024-08-23 19:37:00.003 [,] [scheduling-1] INFO  User_Operation - [User_Operationlog,20] - After User_Operation method: monitorFfmpegProcess
2024-08-23 19:37:10.001 [,] [scheduling-1] INFO  User_Operation - [User_Operationlog,20] - After User_Operation method: monitorFfmpegProcess
2024-08-23 19:37:20.004 [,] [scheduling-1] INFO  User_Operation - [User_Operationlog,20] - After User_Operation method: monitorFfmpegProcess
2024-08-23 19:37:30.016 [,] [scheduling-1] INFO  User_Operation - [User_Operationlog,20] - After User_Operation method: monitorFfmpegProcess
2024-08-23 19:41:55.932 [,] [main] INFO  c.s.a.AIOCompanyApplication - [logStarting,55] - Starting AIOCompanyApplication using Java 1.8.0_411 on DESKTOP-0QJEBFD with PID 11636 (E:\AIO_2024.08.16\AIO - 副本 - 测试\AIO-company\target\classes started by neko in E:\AIO_2024.08.16\AIO - 副本 - 测试\AIO-company)
2024-08-23 19:41:55.955 [,] [main] INFO  c.s.a.AIOCompanyApplication - [logStartupProfileInfo,634] - No active profile set, falling back to 1 default profile: "default"
2024-08-23 19:41:58.611 [,] [main] INFO  o.a.c.h.Http11NioProtocol - [log,173] - Initializing ProtocolHandler ["http-nio-8089"]
2024-08-23 19:41:58.612 [,] [main] INFO  o.a.c.c.StandardService - [log,173] - Starting service [Tomcat]
2024-08-23 19:41:58.613 [,] [main] INFO  o.a.c.c.StandardEngine - [log,173] - Starting Servlet engine: [Apache Tomcat/9.0.68]
2024-08-23 19:41:58.791 [,] [main] INFO  o.a.c.c.C.[.[.[/] - [log,173] - Initializing Spring embedded WebApplicationContext
2024-08-23 19:41:59.027 [,] [main] INFO  c.z.h.HikariDataSource - [getConnection,110] - HikariPool-1 - Starting...
2024-08-23 19:41:59.222 [,] [main] INFO  c.z.h.HikariDataSource - [getConnection,123] - HikariPool-1 - Start completed.
2024-08-23 19:41:59.315 [,] [main] INFO  o.h.j.i.u.LogHelper - [logPersistenceUnitInformation,31] - HHH000204: Processing PersistenceUnitInfo [name: default]
2024-08-23 19:41:59.388 [,] [main] INFO  o.hibernate.Version - [logVersion,44] - HHH000412: Hibernate ORM core version 5.6.12.Final
2024-08-23 19:41:59.529 [,] [main] INFO  c.z.h.HikariDataSource - [close,350] - HikariPool-1 - Shutdown initiated...
2024-08-23 19:41:59.542 [,] [main] INFO  c.z.h.HikariDataSource - [close,352] - HikariPool-1 - Shutdown completed.
2024-08-23 19:41:59.547 [,] [main] INFO  o.a.c.c.StandardService - [log,173] - Stopping service [Tomcat]
2024-08-23 19:43:14.512 [,] [main] INFO  c.s.a.AIOCompanyApplication - [logStarting,55] - Starting AIOCompanyApplication using Java 1.8.0_411 on DESKTOP-0QJEBFD with PID 13400 (E:\AIO_2024.08.16\AIO - 副本 - 测试\AIO-company\target\classes started by neko in E:\AIO_2024.08.16\AIO - 副本 - 测试\AIO-company)
2024-08-23 19:43:14.702 [,] [main] INFO  c.s.a.AIOCompanyApplication - [logStartupProfileInfo,634] - No active profile set, falling back to 1 default profile: "default"
2024-08-23 19:43:17.467 [,] [main] INFO  o.a.c.h.Http11NioProtocol - [log,173] - Initializing ProtocolHandler ["http-nio-8089"]
2024-08-23 19:43:17.468 [,] [main] INFO  o.a.c.c.StandardService - [log,173] - Starting service [Tomcat]
2024-08-23 19:43:17.468 [,] [main] INFO  o.a.c.c.StandardEngine - [log,173] - Starting Servlet engine: [Apache Tomcat/9.0.68]
2024-08-23 19:43:17.657 [,] [main] INFO  o.a.c.c.C.[.[.[/] - [log,173] - Initializing Spring embedded WebApplicationContext
2024-08-23 19:43:18.016 [,] [main] INFO  o.h.j.i.u.LogHelper - [logPersistenceUnitInformation,31] - HHH000204: Processing PersistenceUnitInfo [name: default]
2024-08-23 19:43:18.078 [,] [main] INFO  o.hibernate.Version - [logVersion,44] - HHH000412: Hibernate ORM core version 5.6.12.Final
2024-08-23 19:43:18.220 [,] [main] INFO  o.a.c.c.StandardService - [log,173] - Stopping service [Tomcat]
2024-08-23 19:44:11.584 [,] [main] INFO  c.s.a.AIOCompanyApplication - [logStarting,55] - Starting AIOCompanyApplication using Java 1.8.0_411 on DESKTOP-0QJEBFD with PID 16004 (E:\AIO_2024.08.16\AIO - 副本 - 测试\AIO-company\target\classes started by neko in E:\AIO_2024.08.16\AIO - 副本 - 测试\AIO-company)
2024-08-23 19:44:11.828 [,] [main] INFO  c.s.a.AIOCompanyApplication - [logStartupProfileInfo,634] - No active profile set, falling back to 1 default profile: "default"
2024-08-23 19:44:14.849 [,] [main] INFO  o.a.c.h.Http11NioProtocol - [log,173] - Initializing ProtocolHandler ["http-nio-8089"]
2024-08-23 19:44:14.851 [,] [main] INFO  o.a.c.c.StandardService - [log,173] - Starting service [Tomcat]
2024-08-23 19:44:14.851 [,] [main] INFO  o.a.c.c.StandardEngine - [log,173] - Starting Servlet engine: [Apache Tomcat/9.0.68]
2024-08-23 19:44:15.042 [,] [main] INFO  o.a.c.c.C.[.[.[/] - [log,173] - Initializing Spring embedded WebApplicationContext
2024-08-23 19:44:15.445 [,] [main] INFO  o.h.j.i.u.LogHelper - [logPersistenceUnitInformation,31] - HHH000204: Processing PersistenceUnitInfo [name: default]
2024-08-23 19:44:15.516 [,] [main] INFO  o.hibernate.Version - [logVersion,44] - HHH000412: Hibernate ORM core version 5.6.12.Final
2024-08-23 19:44:15.642 [,] [main] INFO  o.a.c.c.StandardService - [log,173] - Stopping service [Tomcat]
2024-08-23 19:45:43.770 [,] [main] INFO  c.s.a.AIOCompanyApplication - [logStarting,55] - Starting AIOCompanyApplication using Java 1.8.0_411 on DESKTOP-0QJEBFD with PID 19492 (E:\AIO_2024.08.16\AIO - 副本 - 测试\AIO-company\target\classes started by neko in E:\AIO_2024.08.16\AIO - 副本 - 测试\AIO-company)
2024-08-23 19:45:44.024 [,] [main] INFO  c.s.a.AIOCompanyApplication - [logStartupProfileInfo,634] - No active profile set, falling back to 1 default profile: "default"
2024-08-23 19:45:46.845 [,] [main] INFO  o.a.c.h.Http11NioProtocol - [log,173] - Initializing ProtocolHandler ["http-nio-8089"]
2024-08-23 19:45:46.846 [,] [main] INFO  o.a.c.c.StandardService - [log,173] - Starting service [Tomcat]
2024-08-23 19:45:46.846 [,] [main] INFO  o.a.c.c.StandardEngine - [log,173] - Starting Servlet engine: [Apache Tomcat/9.0.68]
2024-08-23 19:45:47.059 [,] [main] INFO  o.a.c.c.C.[.[.[/] - [log,173] - Initializing Spring embedded WebApplicationContext
2024-08-23 19:45:47.404 [,] [main] INFO  o.h.j.i.u.LogHelper - [logPersistenceUnitInformation,31] - HHH000204: Processing PersistenceUnitInfo [name: default]
2024-08-23 19:45:47.471 [,] [main] INFO  o.hibernate.Version - [logVersion,44] - HHH000412: Hibernate ORM core version 5.6.12.Final
2024-08-23 19:45:47.607 [,] [main] INFO  o.a.c.c.StandardService - [log,173] - Stopping service [Tomcat]
2024-08-23 19:48:20.030 [,] [main] INFO  c.s.a.AIOCompanyApplication - [logStarting,55] - Starting AIOCompanyApplication using Java 1.8.0_411 on DESKTOP-0QJEBFD with PID 11888 (E:\AIO_2024.08.16\AIO - 副本 - 测试\AIO-company\target\classes started by neko in E:\AIO_2024.08.16\AIO - 副本 - 测试\AIO-company)
2024-08-23 19:48:20.247 [,] [main] INFO  c.s.a.AIOCompanyApplication - [logStartupProfileInfo,634] - No active profile set, falling back to 1 default profile: "default"
2024-08-23 19:48:22.888 [,] [main] INFO  o.a.c.h.Http11NioProtocol - [log,173] - Initializing ProtocolHandler ["http-nio-8089"]
2024-08-23 19:48:22.889 [,] [main] INFO  o.a.c.c.StandardService - [log,173] - Starting service [Tomcat]
2024-08-23 19:48:22.889 [,] [main] INFO  o.a.c.c.StandardEngine - [log,173] - Starting Servlet engine: [Apache Tomcat/9.0.68]
2024-08-23 19:48:23.064 [,] [main] INFO  o.a.c.c.C.[.[.[/] - [log,173] - Initializing Spring embedded WebApplicationContext
2024-08-23 19:48:23.359 [,] [main] INFO  o.h.j.i.u.LogHelper - [logPersistenceUnitInformation,31] - HHH000204: Processing PersistenceUnitInfo [name: default]
2024-08-23 19:48:23.415 [,] [main] INFO  o.hibernate.Version - [logVersion,44] - HHH000412: Hibernate ORM core version 5.6.12.Final
2024-08-23 19:48:23.555 [,] [main] INFO  o.a.c.c.StandardService - [log,173] - Stopping service [Tomcat]
2024-08-23 19:50:18.687 [,] [main] INFO  c.s.a.AIOCompanyApplication - [logStarting,55] - Starting AIOCompanyApplication using Java 1.8.0_411 on DESKTOP-0QJEBFD with PID 22376 (E:\AIO_2024.08.16\AIO - 副本 - 测试\AIO-company\target\classes started by neko in E:\AIO_2024.08.16\AIO - 副本 - 测试\AIO-company)
2024-08-23 19:50:18.772 [,] [main] INFO  c.s.a.AIOCompanyApplication - [logStartupProfileInfo,634] - No active profile set, falling back to 1 default profile: "default"
2024-08-23 19:50:21.477 [,] [main] INFO  o.a.c.h.Http11NioProtocol - [log,173] - Initializing ProtocolHandler ["http-nio-8089"]
2024-08-23 19:50:21.479 [,] [main] INFO  o.a.c.c.StandardService - [log,173] - Starting service [Tomcat]
2024-08-23 19:50:21.480 [,] [main] INFO  o.a.c.c.StandardEngine - [log,173] - Starting Servlet engine: [Apache Tomcat/9.0.68]
2024-08-23 19:50:21.658 [,] [main] INFO  o.a.c.c.C.[.[.[/] - [log,173] - Initializing Spring embedded WebApplicationContext
2024-08-23 19:50:21.988 [,] [main] INFO  o.h.j.i.u.LogHelper - [logPersistenceUnitInformation,31] - HHH000204: Processing PersistenceUnitInfo [name: default]
2024-08-23 19:50:22.038 [,] [main] INFO  o.hibernate.Version - [logVersion,44] - HHH000412: Hibernate ORM core version 5.6.12.Final
2024-08-23 19:50:22.234 [,] [main] INFO  o.h.a.common.Version - [<clinit>,56] - HCANN000001: Hibernate Commons Annotations {5.1.2.Final}
2024-08-23 19:50:22.353 [,] [main] INFO  c.z.h.HikariDataSource - [getConnection,110] - HikariPool-1 - Starting...
2024-08-23 19:50:22.732 [,] [main] INFO  c.z.h.HikariDataSource - [getConnection,123] - HikariPool-1 - Start completed.
2024-08-23 19:50:22.756 [,] [main] INFO  o.h.dialect.Dialect - [<init>,175] - HHH000400: Using dialect: org.hibernate.dialect.MySQL8Dialect
2024-08-23 19:50:23.122 [,] [main] INFO  c.z.h.HikariDataSource - [close,350] - HikariPool-1 - Shutdown initiated...
2024-08-23 19:50:23.355 [,] [main] INFO  c.z.h.HikariDataSource - [close,352] - HikariPool-1 - Shutdown completed.
2024-08-23 19:50:23.358 [,] [main] INFO  o.a.c.c.StandardService - [log,173] - Stopping service [Tomcat]
2024-08-23 19:51:46.976 [,] [main] INFO  c.s.a.AIOCompanyApplication - [logStarting,55] - Starting AIOCompanyApplication using Java 1.8.0_411 on DESKTOP-0QJEBFD with PID 14704 (E:\AIO_2024.08.16\AIO - 副本 - 测试\AIO-company\target\classes started by neko in E:\AIO_2024.08.16\AIO - 副本 - 测试\AIO-company)
2024-08-23 19:51:47.109 [,] [main] INFO  c.s.a.AIOCompanyApplication - [logStartupProfileInfo,634] - No active profile set, falling back to 1 default profile: "default"
2024-08-23 19:51:50.036 [,] [main] INFO  o.a.c.h.Http11NioProtocol - [log,173] - Initializing ProtocolHandler ["http-nio-8089"]
2024-08-23 19:51:50.037 [,] [main] INFO  o.a.c.c.StandardService - [log,173] - Starting service [Tomcat]
2024-08-23 19:51:50.038 [,] [main] INFO  o.a.c.c.StandardEngine - [log,173] - Starting Servlet engine: [Apache Tomcat/9.0.68]
2024-08-23 19:51:50.225 [,] [main] INFO  o.a.c.c.C.[.[.[/] - [log,173] - Initializing Spring embedded WebApplicationContext
2024-08-23 19:51:50.595 [,] [main] INFO  o.h.j.i.u.LogHelper - [logPersistenceUnitInformation,31] - HHH000204: Processing PersistenceUnitInfo [name: default]
2024-08-23 19:51:50.669 [,] [main] INFO  o.hibernate.Version - [logVersion,44] - HHH000412: Hibernate ORM core version 5.6.12.Final
2024-08-23 19:51:50.875 [,] [main] INFO  o.h.a.common.Version - [<clinit>,56] - HCANN000001: Hibernate Commons Annotations {5.1.2.Final}
2024-08-23 19:51:50.998 [,] [main] INFO  c.z.h.HikariDataSource - [getConnection,110] - HikariPool-1 - Starting...
2024-08-23 19:51:51.230 [,] [main] INFO  c.z.h.HikariDataSource - [getConnection,123] - HikariPool-1 - Start completed.
2024-08-23 19:51:51.252 [,] [main] INFO  o.h.dialect.Dialect - [<init>,175] - HHH000400: Using dialect: org.hibernate.dialect.MySQL8Dialect
2024-08-23 19:51:52.514 [,] [main] INFO  o.h.e.t.j.p.i.JtaPlatformInitiator - [initiateService,52] - HHH000490: Using JtaPlatform implementation: [org.hibernate.engine.transaction.jta.platform.internal.NoJtaPlatform]
2024-08-23 19:51:55.811 [,] [main] INFO  User_Operation - [User_Operationlog,20] - After User_Operation method: initFFmpeg
2024-08-23 19:51:56.909 [,] [main] INFO  o.a.c.h.Http11NioProtocol - [log,173] - Starting ProtocolHandler ["http-nio-8089"]
2024-08-23 19:51:57.012 [,] [main] INFO  c.s.a.AIOCompanyApplication - [logStarted,61] - Started AIOCompanyApplication in 10.656 seconds (JVM running for 12.368)
2024-08-23 19:51:57.013 [,] [main] INFO  User_Operation - [User_Operationlog,20] - After User_Operation method: onApplicationEvent
2024-08-23 19:52:00.012 [,] [scheduling-1] INFO  User_Operation - [User_Operationlog,20] - After User_Operation method: monitorFfmpegProcess
2024-08-23 19:52:08.259 [,] [http-nio-8089-exec-1] INFO  o.a.c.c.C.[.[.[/] - [log,173] - Initializing Spring DispatcherServlet 'dispatcherServlet'
2024-08-23 19:52:08.301 [,] [http-nio-8089-exec-1] INFO  User_Operation - [User_Operationlog,20] - After User_Operation method: AIO
2024-08-23 19:52:08.324 [,] [http-nio-8089-exec-1] INFO  User_Operation - [User_Operationlog,20] - After User_Operation method: getFfmpegEnabled
2024-08-23 19:52:08.325 [,] [http-nio-8089-exec-1] INFO  User_Operation - [User_Operationlog,20] - After User_Operation method: indexWeb
2024-08-23 19:52:08.328 [,] [http-nio-8089-exec-1] INFO  User_Operation - [User_Operationlog,20] - After User_Operation method: getInformation
2024-08-23 19:52:30.015 [,] [scheduling-1] INFO  User_Operation - [User_Operationlog,20] - After User_Operation method: monitorFfmpegProcess
2024-08-23 19:52:40.011 [,] [scheduling-1] INFO  User_Operation - [User_Operationlog,20] - After User_Operation method: monitorFfmpegProcess
2024-08-23 19:52:50.009 [,] [scheduling-1] INFO  User_Operation - [User_Operationlog,20] - After User_Operation method: monitorFfmpegProcess
2024-08-23 19:53:00.016 [,] [scheduling-1] INFO  User_Operation - [User_Operationlog,20] - After User_Operation method: monitorFfmpegProcess
2024-08-23 19:53:10.011 [,] [scheduling-1] INFO  User_Operation - [User_Operationlog,20] - After User_Operation method: monitorFfmpegProcess
2024-08-23 19:53:20.008 [,] [scheduling-1] INFO  User_Operation - [User_Operationlog,20] - After User_Operation method: monitorFfmpegProcess
2024-08-23 19:53:30.008 [,] [scheduling-1] INFO  User_Operation - [User_Operationlog,20] - After User_Operation method: monitorFfmpegProcess
2024-08-23 19:53:40.005 [,] [scheduling-1] INFO  User_Operation - [User_Operationlog,20] - After User_Operation method: monitorFfmpegProcess
2024-08-23 19:53:50.017 [,] [scheduling-1] INFO  User_Operation - [User_Operationlog,20] - After User_Operation method: monitorFfmpegProcess
2024-08-23 19:54:00.004 [,] [scheduling-1] INFO  User_Operation - [User_Operationlog,20] - After User_Operation method: monitorFfmpegProcess
2024-08-23 19:54:10.005 [,] [scheduling-1] INFO  User_Operation - [User_Operationlog,20] - After User_Operation method: monitorFfmpegProcess
2024-08-23 19:54:20.006 [,] [scheduling-1] INFO  User_Operation - [User_Operationlog,20] - After User_Operation method: monitorFfmpegProcess
2024-08-23 19:54:30.015 [,] [scheduling-1] INFO  User_Operation - [User_Operationlog,20] - After User_Operation method: monitorFfmpegProcess
2024-08-23 19:54:40.004 [,] [scheduling-1] INFO  User_Operation - [User_Operationlog,20] - After User_Operation method: monitorFfmpegProcess
2024-08-23 19:54:50.013 [,] [scheduling-1] INFO  User_Operation - [User_Operationlog,20] - After User_Operation method: monitorFfmpegProcess
2024-08-23 19:55:00.002 [,] [scheduling-1] INFO  User_Operation - [User_Operationlog,20] - After User_Operation method: monitorFfmpegProcess
2024-08-23 19:55:10.009 [,] [scheduling-1] INFO  User_Operation - [User_Operationlog,20] - After User_Operation method: monitorFfmpegProcess
2024-08-23 19:55:20.001 [,] [scheduling-1] INFO  User_Operation - [User_Operationlog,20] - After User_Operation method: monitorFfmpegProcess
2024-08-23 19:55:30.073 [,] [scheduling-1] INFO  User_Operation - [User_Operationlog,20] - After User_Operation method: monitorFfmpegProcess
2024-08-23 19:55:40.002 [,] [scheduling-1] INFO  User_Operation - [User_Operationlog,20] - After User_Operation method: monitorFfmpegProcess
2024-08-23 19:55:50.010 [,] [scheduling-1] INFO  User_Operation - [User_Operationlog,20] - After User_Operation method: monitorFfmpegProcess
2024-08-23 19:56:00.004 [,] [scheduling-1] INFO  User_Operation - [User_Operationlog,20] - After User_Operation method: monitorFfmpegProcess
2024-08-23 19:56:10.012 [,] [scheduling-1] INFO  User_Operation - [User_Operationlog,20] - After User_Operation method: monitorFfmpegProcess
2024-08-23 19:56:20.012 [,] [scheduling-1] INFO  User_Operation - [User_Operationlog,20] - After User_Operation method: monitorFfmpegProcess
2024-08-23 19:56:30.002 [,] [scheduling-1] INFO  User_Operation - [User_Operationlog,20] - After User_Operation method: monitorFfmpegProcess
2024-08-23 19:56:40.221 [,] [SpringApplicationShutdownHook] INFO  c.z.h.HikariDataSource - [close,350] - HikariPool-1 - Shutdown initiated...
2024-08-23 19:56:40.251 [,] [SpringApplicationShutdownHook] INFO  c.z.h.HikariDataSource - [close,352] - HikariPool-1 - Shutdown completed.
2024-08-23 19:56:58.961 [,] [main] INFO  c.s.a.AIOCompanyApplication - [logStarting,55] - Starting AIOCompanyApplication using Java 1.8.0_411 on DESKTOP-0QJEBFD with PID 20608 (E:\AIO_2024.08.16\AIO - 副本 - 测试\AIO-company\target\classes started by neko in E:\AIO_2024.08.16\AIO - 副本 - 测试\AIO-company)
2024-08-23 19:56:58.968 [,] [main] INFO  c.s.a.AIOCompanyApplication - [logStartupProfileInfo,634] - No active profile set, falling back to 1 default profile: "default"
2024-08-23 19:57:03.937 [,] [main] INFO  o.a.c.h.Http11NioProtocol - [log,173] - Initializing ProtocolHandler ["http-nio-8089"]
2024-08-23 19:57:03.938 [,] [main] INFO  o.a.c.c.StandardService - [log,173] - Starting service [Tomcat]
2024-08-23 19:57:03.938 [,] [main] INFO  o.a.c.c.StandardEngine - [log,173] - Starting Servlet engine: [Apache Tomcat/9.0.68]
2024-08-23 19:57:04.162 [,] [main] INFO  o.a.c.c.C.[.[.[/] - [log,173] - Initializing Spring embedded WebApplicationContext
2024-08-23 19:57:04.523 [,] [main] INFO  o.h.j.i.u.LogHelper - [logPersistenceUnitInformation,31] - HHH000204: Processing PersistenceUnitInfo [name: default]
2024-08-23 19:57:04.599 [,] [main] INFO  o.hibernate.Version - [logVersion,44] - HHH000412: Hibernate ORM core version 5.6.12.Final
2024-08-23 19:57:04.812 [,] [main] INFO  o.h.a.common.Version - [<clinit>,56] - HCANN000001: Hibernate Commons Annotations {5.1.2.Final}
2024-08-23 19:57:04.948 [,] [main] INFO  c.z.h.HikariDataSource - [getConnection,110] - HikariPool-1 - Starting...
2024-08-23 19:57:05.936 [,] [main] INFO  c.z.h.HikariDataSource - [getConnection,123] - HikariPool-1 - Start completed.
2024-08-23 19:57:05.957 [,] [main] INFO  o.h.dialect.Dialect - [<init>,175] - HHH000400: Using dialect: org.hibernate.dialect.MySQL8Dialect
2024-08-23 19:57:08.805 [,] [main] INFO  o.h.e.t.j.p.i.JtaPlatformInitiator - [initiateService,52] - HHH000490: Using JtaPlatform implementation: [org.hibernate.engine.transaction.jta.platform.internal.NoJtaPlatform]
2024-08-23 19:57:12.518 [,] [main] INFO  User_Operation - [User_Operationlog,20] - After User_Operation method: initFFmpeg
2024-08-23 19:57:13.740 [,] [main] INFO  o.a.c.h.Http11NioProtocol - [log,173] - Starting ProtocolHandler ["http-nio-8089"]
2024-08-23 19:57:13.851 [,] [main] INFO  c.s.a.AIOCompanyApplication - [logStarted,61] - Started AIOCompanyApplication in 15.74 seconds (JVM running for 17.853)
2024-08-23 19:57:13.852 [,] [main] INFO  User_Operation - [User_Operationlog,20] - After User_Operation method: onApplicationEvent
2024-08-23 19:57:29.825 [,] [scheduling-1] INFO  User_Operation - [User_Operationlog,20] - After User_Operation method: monitorFfmpegProcess
2024-08-23 19:57:29.977 [,] [http-nio-8089-exec-1] INFO  o.a.c.c.C.[.[.[/] - [log,173] - Initializing Spring DispatcherServlet 'dispatcherServlet'
2024-08-23 19:57:30.015 [,] [http-nio-8089-exec-1] INFO  User_Operation - [User_Operationlog,20] - After User_Operation method: AIO
2024-08-23 19:57:30.552 [,] [http-nio-8089-exec-1] INFO  User_Operation - [User_Operationlog,20] - After User_Operation method: getFfmpegEnabled
2024-08-23 19:57:30.554 [,] [http-nio-8089-exec-1] INFO  User_Operation - [User_Operationlog,20] - After User_Operation method: indexWeb
2024-08-23 19:57:30.562 [,] [http-nio-8089-exec-1] INFO  User_Operation - [User_Operationlog,20] - After User_Operation method: getInformation
2024-08-23 19:58:00.016 [,] [scheduling-1] INFO  User_Operation - [User_Operationlog,20] - After User_Operation method: monitorFfmpegProcess
2024-08-23 19:58:10.016 [,] [scheduling-1] INFO  User_Operation - [User_Operationlog,20] - After User_Operation method: monitorFfmpegProcess
2024-08-23 19:58:20.012 [,] [scheduling-1] INFO  User_Operation - [User_Operationlog,20] - After User_Operation method: monitorFfmpegProcess
2024-08-23 19:58:30.005 [,] [scheduling-1] INFO  User_Operation - [User_Operationlog,20] - After User_Operation method: monitorFfmpegProcess
2024-08-23 19:58:31.385 [,] [SpringApplicationShutdownHook] INFO  c.z.h.HikariDataSource - [close,350] - HikariPool-1 - Shutdown initiated...
2024-08-23 19:58:31.407 [,] [SpringApplicationShutdownHook] INFO  c.z.h.HikariDataSource - [close,352] - HikariPool-1 - Shutdown completed.
2024-08-23 19:58:37.109 [,] [main] INFO  c.s.a.AIOCompanyApplication - [logStarting,55] - Starting AIOCompanyApplication using Java 1.8.0_411 on DESKTOP-0QJEBFD with PID 17412 (E:\AIO_2024.08.16\AIO - 副本 - 测试\AIO-company\target\classes started by neko in E:\AIO_2024.08.16\AIO - 副本 - 测试\AIO-company)
2024-08-23 19:58:37.114 [,] [main] INFO  c.s.a.AIOCompanyApplication - [logStartupProfileInfo,634] - No active profile set, falling back to 1 default profile: "default"
2024-08-23 19:58:39.972 [,] [main] INFO  o.a.c.h.Http11NioProtocol - [log,173] - Initializing ProtocolHandler ["http-nio-8089"]
2024-08-23 19:58:39.973 [,] [main] INFO  o.a.c.c.StandardService - [log,173] - Starting service [Tomcat]
2024-08-23 19:58:39.973 [,] [main] INFO  o.a.c.c.StandardEngine - [log,173] - Starting Servlet engine: [Apache Tomcat/9.0.68]
2024-08-23 19:58:40.175 [,] [main] INFO  o.a.c.c.C.[.[.[/] - [log,173] - Initializing Spring embedded WebApplicationContext
2024-08-23 19:58:40.532 [,] [main] INFO  o.h.j.i.u.LogHelper - [logPersistenceUnitInformation,31] - HHH000204: Processing PersistenceUnitInfo [name: default]
2024-08-23 19:58:40.602 [,] [main] INFO  o.hibernate.Version - [logVersion,44] - HHH000412: Hibernate ORM core version 5.6.12.Final
2024-08-23 19:58:40.794 [,] [main] INFO  o.h.a.common.Version - [<clinit>,56] - HCANN000001: Hibernate Commons Annotations {5.1.2.Final}
2024-08-23 19:58:40.928 [,] [main] INFO  c.z.h.HikariDataSource - [getConnection,110] - HikariPool-1 - Starting...
2024-08-23 19:58:41.185 [,] [main] INFO  c.z.h.HikariDataSource - [getConnection,123] - HikariPool-1 - Start completed.
2024-08-23 19:58:41.200 [,] [main] INFO  o.h.dialect.Dialect - [<init>,175] - HHH000400: Using dialect: org.hibernate.dialect.MySQL8Dialect
2024-08-23 19:58:42.156 [,] [main] INFO  o.h.e.t.j.p.i.JtaPlatformInitiator - [initiateService,52] - HHH000490: Using JtaPlatform implementation: [org.hibernate.engine.transaction.jta.platform.internal.NoJtaPlatform]
2024-08-23 19:58:45.707 [,] [main] INFO  User_Operation - [User_Operationlog,20] - After User_Operation method: initFFmpeg
2024-08-23 19:58:46.917 [,] [main] INFO  o.a.c.h.Http11NioProtocol - [log,173] - Starting ProtocolHandler ["http-nio-8089"]
2024-08-23 19:58:47.038 [,] [main] INFO  c.s.a.AIOCompanyApplication - [logStarted,61] - Started AIOCompanyApplication in 10.405 seconds (JVM running for 12.005)
2024-08-23 19:58:47.039 [,] [main] INFO  User_Operation - [User_Operationlog,20] - After User_Operation method: onApplicationEvent
2024-08-23 19:58:50.014 [,] [scheduling-1] INFO  User_Operation - [User_Operationlog,20] - After User_Operation method: monitorFfmpegProcess
2024-08-23 19:58:54.950 [,] [http-nio-8089-exec-1] INFO  o.a.c.c.C.[.[.[/] - [log,173] - Initializing Spring DispatcherServlet 'dispatcherServlet'
2024-08-23 19:58:58.182 [,] [http-nio-8089-exec-2] INFO  User_Operation - [User_Operationlog,20] - After User_Operation method: AIO
2024-08-23 19:58:58.214 [,] [http-nio-8089-exec-2] INFO  User_Operation - [User_Operationlog,20] - After User_Operation method: getFfmpegEnabled
2024-08-23 19:58:58.215 [,] [http-nio-8089-exec-2] INFO  User_Operation - [User_Operationlog,20] - After User_Operation method: indexWeb
2024-08-23 19:58:58.219 [,] [http-nio-8089-exec-2] INFO  User_Operation - [User_Operationlog,20] - After User_Operation method: getInformation
2024-08-23 19:59:20.013 [,] [scheduling-1] INFO  User_Operation - [User_Operationlog,20] - After User_Operation method: monitorFfmpegProcess
2024-08-23 19:59:30.010 [,] [scheduling-1] INFO  User_Operation - [User_Operationlog,20] - After User_Operation method: monitorFfmpegProcess
2024-08-23 19:59:35.049 [,] [SpringApplicationShutdownHook] INFO  c.z.h.HikariDataSource - [close,350] - HikariPool-1 - Shutdown initiated...
2024-08-23 19:59:35.070 [,] [SpringApplicationShutdownHook] INFO  c.z.h.HikariDataSource - [close,352] - HikariPool-1 - Shutdown completed.
2024-08-23 19:59:40.200 [,] [main] INFO  c.s.a.AIOCompanyApplication - [logStarting,55] - Starting AIOCompanyApplication using Java 1.8.0_411 on DESKTOP-0QJEBFD with PID 24084 (E:\AIO_2024.08.16\AIO - 副本 - 测试\AIO-company\target\classes started by neko in E:\AIO_2024.08.16\AIO - 副本 - 测试\AIO-company)
2024-08-23 19:59:40.221 [,] [main] INFO  c.s.a.AIOCompanyApplication - [logStartupProfileInfo,634] - No active profile set, falling back to 1 default profile: "default"
2024-08-23 19:59:43.631 [,] [main] INFO  o.a.c.h.Http11NioProtocol - [log,173] - Initializing ProtocolHandler ["http-nio-8089"]
2024-08-23 19:59:43.632 [,] [main] INFO  o.a.c.c.StandardService - [log,173] - Starting service [Tomcat]
2024-08-23 19:59:43.633 [,] [main] INFO  o.a.c.c.StandardEngine - [log,173] - Starting Servlet engine: [Apache Tomcat/9.0.68]
2024-08-23 19:59:43.851 [,] [main] INFO  o.a.c.c.C.[.[.[/] - [log,173] - Initializing Spring embedded WebApplicationContext
2024-08-23 19:59:44.189 [,] [main] INFO  o.h.j.i.u.LogHelper - [logPersistenceUnitInformation,31] - HHH000204: Processing PersistenceUnitInfo [name: default]
2024-08-23 19:59:44.242 [,] [main] INFO  o.hibernate.Version - [logVersion,44] - HHH000412: Hibernate ORM core version 5.6.12.Final
2024-08-23 19:59:44.433 [,] [main] INFO  o.h.a.common.Version - [<clinit>,56] - HCANN000001: Hibernate Commons Annotations {5.1.2.Final}
2024-08-23 19:59:44.561 [,] [main] INFO  c.z.h.HikariDataSource - [getConnection,110] - HikariPool-1 - Starting...
2024-08-23 19:59:44.919 [,] [main] INFO  c.z.h.HikariDataSource - [getConnection,123] - HikariPool-1 - Start completed.
2024-08-23 19:59:44.933 [,] [main] INFO  o.h.dialect.Dialect - [<init>,175] - HHH000400: Using dialect: org.hibernate.dialect.MySQL8Dialect
2024-08-23 19:59:45.684 [,] [main] INFO  o.h.e.t.j.p.i.JtaPlatformInitiator - [initiateService,52] - HHH000490: Using JtaPlatform implementation: [org.hibernate.engine.transaction.jta.platform.internal.NoJtaPlatform]
2024-08-23 19:59:50.373 [,] [main] INFO  o.a.c.h.Http11NioProtocol - [log,173] - Starting ProtocolHandler ["http-nio-8089"]
2024-08-23 19:59:50.498 [,] [main] INFO  c.s.a.AIOCompanyApplication - [logStarted,61] - Started AIOCompanyApplication in 10.725 seconds (JVM running for 12.246)
2024-08-23 19:59:54.893 [,] [http-nio-8089-exec-1] INFO  o.a.c.c.C.[.[.[/] - [log,173] - Initializing Spring DispatcherServlet 'dispatcherServlet'
2024-08-23 19:59:54.943 [,] [http-nio-8089-exec-1] INFO  User_Operation - [User_Operationlog,20] - After User_Operation method: AIO
2024-08-23 19:59:55.106 [,] [http-nio-8089-exec-1] INFO  User_Operation - [User_Operationlog,20] - After User_Operation method: getFfmpegEnabled
2024-08-23 19:59:55.176 [,] [http-nio-8089-exec-1] INFO  User_Operation - [User_Operationlog,20] - After User_Operation method: indexWeb
2024-08-23 19:59:55.181 [,] [http-nio-8089-exec-1] INFO  User_Operation - [User_Operationlog,20] - After User_Operation method: getInformation
2024-08-23 19:59:55.483 [,] [http-nio-8089-exec-3] INFO  User_Operation - [User_Operationlog,20] - After User_Operation method: AIO
2024-08-23 19:59:55.488 [,] [http-nio-8089-exec-3] INFO  User_Operation - [User_Operationlog,20] - After User_Operation method: getFfmpegEnabled
2024-08-23 19:59:55.489 [,] [http-nio-8089-exec-3] INFO  User_Operation - [User_Operationlog,20] - After User_Operation method: indexWeb
2024-08-23 19:59:55.489 [,] [http-nio-8089-exec-3] INFO  User_Operation - [User_Operationlog,20] - After User_Operation method: getInformation
2024-08-23 20:01:07.745 [,] [SpringApplicationShutdownHook] INFO  c.z.h.HikariDataSource - [close,350] - HikariPool-1 - Shutdown initiated...
2024-08-23 20:01:07.759 [,] [SpringApplicationShutdownHook] INFO  c.z.h.HikariDataSource - [close,352] - HikariPool-1 - Shutdown completed.
2024-08-23 20:01:21.608 [,] [main] INFO  c.s.a.AIOCompanyApplication - [logStarting,55] - Starting AIOCompanyApplication using Java 1.8.0_411 on DESKTOP-0QJEBFD with PID 21172 (E:\AIO_2024.08.16\AIO - 副本 - 测试\AIO-company\target\classes started by neko in E:\AIO_2024.08.16\AIO - 副本 - 测试\AIO-company)
2024-08-23 20:01:21.617 [,] [main] INFO  c.s.a.AIOCompanyApplication - [logStartupProfileInfo,634] - No active profile set, falling back to 1 default profile: "default"
2024-08-23 20:01:24.602 [,] [main] INFO  o.a.c.h.Http11NioProtocol - [log,173] - Initializing ProtocolHandler ["http-nio-8089"]
2024-08-23 20:01:24.603 [,] [main] INFO  o.a.c.c.StandardService - [log,173] - Starting service [Tomcat]
2024-08-23 20:01:24.603 [,] [main] INFO  o.a.c.c.StandardEngine - [log,173] - Starting Servlet engine: [Apache Tomcat/9.0.68]
2024-08-23 20:01:24.838 [,] [main] INFO  o.a.c.c.C.[.[.[/] - [log,173] - Initializing Spring embedded WebApplicationContext
2024-08-23 20:01:25.179 [,] [main] INFO  o.h.j.i.u.LogHelper - [logPersistenceUnitInformation,31] - HHH000204: Processing PersistenceUnitInfo [name: default]
2024-08-23 20:01:25.248 [,] [main] INFO  o.hibernate.Version - [logVersion,44] - HHH000412: Hibernate ORM core version 5.6.12.Final
2024-08-23 20:01:25.438 [,] [main] INFO  o.h.a.common.Version - [<clinit>,56] - HCANN000001: Hibernate Commons Annotations {5.1.2.Final}
2024-08-23 20:01:25.561 [,] [main] INFO  c.z.h.HikariDataSource - [getConnection,110] - HikariPool-1 - Starting...
2024-08-23 20:01:25.866 [,] [main] INFO  c.z.h.HikariDataSource - [getConnection,123] - HikariPool-1 - Start completed.
2024-08-23 20:01:25.883 [,] [main] INFO  o.h.dialect.Dialect - [<init>,175] - HHH000400: Using dialect: org.hibernate.dialect.MySQL8Dialect
2024-08-23 20:01:26.824 [,] [main] INFO  o.h.e.t.j.p.i.JtaPlatformInitiator - [initiateService,52] - HHH000490: Using JtaPlatform implementation: [org.hibernate.engine.transaction.jta.platform.internal.NoJtaPlatform]
2024-08-23 20:01:32.468 [,] [main] INFO  o.a.c.h.Http11NioProtocol - [log,173] - Starting ProtocolHandler ["http-nio-8089"]
2024-08-23 20:01:32.625 [,] [main] INFO  c.s.a.AIOCompanyApplication - [logStarted,61] - Started AIOCompanyApplication in 11.774 seconds (JVM running for 13.633)
2024-08-23 20:01:47.056 [,] [http-nio-8089-exec-1] INFO  o.a.c.c.C.[.[.[/] - [log,173] - Initializing Spring DispatcherServlet 'dispatcherServlet'
2024-08-23 20:01:50.991 [,] [http-nio-8089-exec-2] INFO  User_Operation - [User_Operationlog,20] - After User_Operation method: AIO
2024-08-23 20:01:51.018 [,] [http-nio-8089-exec-2] INFO  User_Operation - [User_Operationlog,20] - After User_Operation method: getFfmpegEnabled
2024-08-23 20:01:51.105 [,] [http-nio-8089-exec-2] INFO  User_Operation - [User_Operationlog,20] - After User_Operation method: indexWeb
2024-08-23 20:01:51.108 [,] [http-nio-8089-exec-2] INFO  User_Operation - [User_Operationlog,20] - After User_Operation method: getInformation
2024-08-23 20:03:56.228 [,] [http-nio-8089-exec-7] INFO  User_Operation - [User_Operationlog,20] - After User_Operation method: AIO
2024-08-23 20:03:56.233 [,] [http-nio-8089-exec-7] INFO  User_Operation - [User_Operationlog,20] - After User_Operation method: getFfmpegEnabled
2024-08-23 20:03:56.234 [,] [http-nio-8089-exec-7] INFO  User_Operation - [User_Operationlog,20] - After User_Operation method: indexWeb
2024-08-23 20:03:56.234 [,] [http-nio-8089-exec-7] INFO  User_Operation - [User_Operationlog,20] - After User_Operation method: getInformation
2024-08-23 20:05:23.419 [,] [http-nio-8089-exec-7] INFO  c.s.a.b.d.DiskCapacityController - [diskCapacityManagement,69] - 进入磁盘管理页面成功！
2024-08-23 20:09:04.385 [,] [SpringApplicationShutdownHook] INFO  c.z.h.HikariDataSource - [close,350] - HikariPool-1 - Shutdown initiated...
2024-08-23 20:09:04.395 [,] [SpringApplicationShutdownHook] INFO  c.z.h.HikariDataSource - [close,352] - HikariPool-1 - Shutdown completed.
2024-08-23 20:09:13.579 [,] [main] INFO  c.s.a.AIOCompanyApplication - [logStarting,55] - Starting AIOCompanyApplication using Java 1.8.0_411 on DESKTOP-0QJEBFD with PID 20344 (E:\AIO_2024.08.16\AIO - 副本 - 测试\AIO-company\target\classes started by neko in E:\AIO_2024.08.16\AIO - 副本 - 测试\AIO-company)
2024-08-23 20:09:13.599 [,] [main] INFO  c.s.a.AIOCompanyApplication - [logStartupProfileInfo,634] - No active profile set, falling back to 1 default profile: "default"
2024-08-23 20:09:19.539 [,] [main] INFO  o.a.c.h.Http11NioProtocol - [log,173] - Initializing ProtocolHandler ["http-nio-8089"]
2024-08-23 20:09:19.540 [,] [main] INFO  o.a.c.c.StandardService - [log,173] - Starting service [Tomcat]
2024-08-23 20:09:19.540 [,] [main] INFO  o.a.c.c.StandardEngine - [log,173] - Starting Servlet engine: [Apache Tomcat/9.0.68]
2024-08-23 20:09:19.765 [,] [main] INFO  o.a.c.c.C.[.[.[/] - [log,173] - Initializing Spring embedded WebApplicationContext
2024-08-23 20:09:20.116 [,] [main] INFO  o.h.j.i.u.LogHelper - [logPersistenceUnitInformation,31] - HHH000204: Processing PersistenceUnitInfo [name: default]
2024-08-23 20:09:20.187 [,] [main] INFO  o.hibernate.Version - [logVersion,44] - HHH000412: Hibernate ORM core version 5.6.12.Final
2024-08-23 20:09:20.381 [,] [main] INFO  o.h.a.common.Version - [<clinit>,56] - HCANN000001: Hibernate Commons Annotations {5.1.2.Final}
2024-08-23 20:09:20.525 [,] [main] INFO  c.z.h.HikariDataSource - [getConnection,110] - HikariPool-1 - Starting...
2024-08-23 20:09:20.860 [,] [main] INFO  c.z.h.HikariDataSource - [getConnection,123] - HikariPool-1 - Start completed.
2024-08-23 20:09:20.882 [,] [main] INFO  o.h.dialect.Dialect - [<init>,175] - HHH000400: Using dialect: org.hibernate.dialect.MySQL8Dialect
2024-08-23 20:09:21.656 [,] [main] INFO  o.h.e.t.j.p.i.JtaPlatformInitiator - [initiateService,52] - HHH000490: Using JtaPlatform implementation: [org.hibernate.engine.transaction.jta.platform.internal.NoJtaPlatform]
2024-08-23 20:09:26.440 [,] [main] INFO  o.a.c.h.Http11NioProtocol - [log,173] - Starting ProtocolHandler ["http-nio-8089"]
2024-08-23 20:09:26.575 [,] [main] INFO  c.s.a.AIOCompanyApplication - [logStarted,61] - Started AIOCompanyApplication in 13.552 seconds (JVM running for 15.469)
2024-08-23 20:09:31.999 [,] [http-nio-8089-exec-1] INFO  o.a.c.c.C.[.[.[/] - [log,173] - Initializing Spring DispatcherServlet 'dispatcherServlet'
2024-08-23 20:09:32.051 [,] [http-nio-8089-exec-1] INFO  User_Operation - [User_Operationlog,20] - After User_Operation method: AIO
2024-08-23 20:09:32.086 [,] [http-nio-8089-exec-1] INFO  User_Operation - [User_Operationlog,20] - After User_Operation method: getFfmpegEnabled
2024-08-23 20:09:32.146 [,] [http-nio-8089-exec-1] INFO  User_Operation - [User_Operationlog,20] - After User_Operation method: indexWeb
2024-08-23 20:09:32.149 [,] [http-nio-8089-exec-1] INFO  User_Operation - [User_Operationlog,20] - After User_Operation method: getInformation
2024-08-23 20:17:01.776 [,] [SpringApplicationShutdownHook] INFO  c.z.h.HikariDataSource - [close,350] - HikariPool-1 - Shutdown initiated...
2024-08-23 20:17:01.788 [,] [SpringApplicationShutdownHook] INFO  c.z.h.HikariDataSource - [close,352] - HikariPool-1 - Shutdown completed.
2024-08-23 20:17:07.054 [,] [main] INFO  c.s.a.AIOCompanyApplication - [logStarting,55] - Starting AIOCompanyApplication using Java 1.8.0_411 on DESKTOP-0QJEBFD with PID 15016 (E:\AIO_2024.08.16\AIO - 副本 - 测试\AIO-company\target\classes started by neko in E:\AIO_2024.08.16\AIO - 副本 - 测试\AIO-company)
2024-08-23 20:17:07.062 [,] [main] INFO  c.s.a.AIOCompanyApplication - [logStartupProfileInfo,634] - No active profile set, falling back to 1 default profile: "default"
2024-08-23 20:17:10.243 [,] [main] INFO  o.a.c.h.Http11NioProtocol - [log,173] - Initializing ProtocolHandler ["http-nio-8089"]
2024-08-23 20:17:10.244 [,] [main] INFO  o.a.c.c.StandardService - [log,173] - Starting service [Tomcat]
2024-08-23 20:17:10.244 [,] [main] INFO  o.a.c.c.StandardEngine - [log,173] - Starting Servlet engine: [Apache Tomcat/9.0.68]
2024-08-23 20:17:10.489 [,] [main] INFO  o.a.c.c.C.[.[.[/] - [log,173] - Initializing Spring embedded WebApplicationContext
2024-08-23 20:17:10.839 [,] [main] INFO  o.h.j.i.u.LogHelper - [logPersistenceUnitInformation,31] - HHH000204: Processing PersistenceUnitInfo [name: default]
2024-08-23 20:17:10.909 [,] [main] INFO  o.hibernate.Version - [logVersion,44] - HHH000412: Hibernate ORM core version 5.6.12.Final
2024-08-23 20:17:11.107 [,] [main] INFO  o.h.a.common.Version - [<clinit>,56] - HCANN000001: Hibernate Commons Annotations {5.1.2.Final}
2024-08-23 20:17:11.236 [,] [main] INFO  c.z.h.HikariDataSource - [getConnection,110] - HikariPool-1 - Starting...
2024-08-23 20:17:11.448 [,] [main] INFO  c.z.h.HikariDataSource - [getConnection,123] - HikariPool-1 - Start completed.
2024-08-23 20:17:11.467 [,] [main] INFO  o.h.dialect.Dialect - [<init>,175] - HHH000400: Using dialect: org.hibernate.dialect.MySQL8Dialect
2024-08-23 20:17:12.321 [,] [main] INFO  o.h.e.t.j.p.i.JtaPlatformInitiator - [initiateService,52] - HHH000490: Using JtaPlatform implementation: [org.hibernate.engine.transaction.jta.platform.internal.NoJtaPlatform]
2024-08-23 20:17:17.662 [,] [main] INFO  o.a.c.h.Http11NioProtocol - [log,173] - Starting ProtocolHandler ["http-nio-8089"]
2024-08-23 20:17:17.880 [,] [main] INFO  c.s.a.AIOCompanyApplication - [logStarted,61] - Started AIOCompanyApplication in 11.526 seconds (JVM running for 13.377)
2024-08-23 20:17:22.135 [,] [http-nio-8089-exec-1] INFO  o.a.c.c.C.[.[.[/] - [log,173] - Initializing Spring DispatcherServlet 'dispatcherServlet'
2024-08-23 20:17:22.187 [,] [http-nio-8089-exec-1] INFO  User_Operation - [User_Operationlog,20] - After User_Operation method: AIO
2024-08-23 20:17:22.216 [,] [http-nio-8089-exec-1] INFO  User_Operation - [User_Operationlog,20] - After User_Operation method: getFfmpegEnabled
2024-08-23 20:17:22.268 [,] [http-nio-8089-exec-1] INFO  User_Operation - [User_Operationlog,20] - After User_Operation method: indexWeb
2024-08-23 20:17:22.272 [,] [http-nio-8089-exec-1] INFO  User_Operation - [User_Operationlog,20] - After User_Operation method: getInformation
2024-08-23 20:18:34.680 [,] [SpringApplicationShutdownHook] INFO  c.z.h.HikariDataSource - [close,350] - HikariPool-1 - Shutdown initiated...
2024-08-23 20:18:34.691 [,] [SpringApplicationShutdownHook] INFO  c.z.h.HikariDataSource - [close,352] - HikariPool-1 - Shutdown completed.
2024-08-23 20:18:39.843 [,] [main] INFO  c.s.a.AIOCompanyApplication - [logStarting,55] - Starting AIOCompanyApplication using Java 1.8.0_411 on DESKTOP-0QJEBFD with PID 7044 (E:\AIO_2024.08.16\AIO - 副本 - 测试\AIO-company\target\classes started by neko in E:\AIO_2024.08.16\AIO - 副本 - 测试\AIO-company)
2024-08-23 20:18:39.861 [,] [main] INFO  c.s.a.AIOCompanyApplication - [logStartupProfileInfo,634] - No active profile set, falling back to 1 default profile: "default"
2024-08-23 20:18:42.948 [,] [main] INFO  o.a.c.h.Http11NioProtocol - [log,173] - Initializing ProtocolHandler ["http-nio-8089"]
2024-08-23 20:18:42.949 [,] [main] INFO  o.a.c.c.StandardService - [log,173] - Starting service [Tomcat]
2024-08-23 20:18:42.949 [,] [main] INFO  o.a.c.c.StandardEngine - [log,173] - Starting Servlet engine: [Apache Tomcat/9.0.68]
2024-08-23 20:18:43.153 [,] [main] INFO  o.a.c.c.C.[.[.[/] - [log,173] - Initializing Spring embedded WebApplicationContext
2024-08-23 20:18:43.509 [,] [main] INFO  o.h.j.i.u.LogHelper - [logPersistenceUnitInformation,31] - HHH000204: Processing PersistenceUnitInfo [name: default]
2024-08-23 20:18:43.580 [,] [main] INFO  o.hibernate.Version - [logVersion,44] - HHH000412: Hibernate ORM core version 5.6.12.Final
2024-08-23 20:18:43.764 [,] [main] INFO  o.h.a.common.Version - [<clinit>,56] - HCANN000001: Hibernate Commons Annotations {5.1.2.Final}
2024-08-23 20:18:43.878 [,] [main] INFO  c.z.h.HikariDataSource - [getConnection,110] - HikariPool-1 - Starting...
2024-08-23 20:18:44.124 [,] [main] INFO  c.z.h.HikariDataSource - [getConnection,123] - HikariPool-1 - Start completed.
2024-08-23 20:18:44.141 [,] [main] INFO  o.h.dialect.Dialect - [<init>,175] - HHH000400: Using dialect: org.hibernate.dialect.MySQL8Dialect
2024-08-23 20:18:44.960 [,] [main] INFO  o.h.e.t.j.p.i.JtaPlatformInitiator - [initiateService,52] - HHH000490: Using JtaPlatform implementation: [org.hibernate.engine.transaction.jta.platform.internal.NoJtaPlatform]
2024-08-23 20:18:48.529 [,] [main] INFO  User_Operation - [User_Operationlog,20] - After User_Operation method: initFFmpeg
2024-08-23 20:18:49.704 [,] [main] INFO  o.a.c.h.Http11NioProtocol - [log,173] - Starting ProtocolHandler ["http-nio-8089"]
2024-08-23 20:18:49.793 [,] [http-nio-8089-exec-1] INFO  o.a.c.c.C.[.[.[/] - [log,173] - Initializing Spring DispatcherServlet 'dispatcherServlet'
2024-08-23 20:18:49.818 [,] [main] INFO  c.s.a.AIOCompanyApplication - [logStarted,61] - Started AIOCompanyApplication in 10.45 seconds (JVM running for 12.203)
2024-08-23 20:18:49.819 [,] [main] INFO  User_Operation - [User_Operationlog,20] - After User_Operation method: onApplicationEvent
2024-08-23 20:18:49.822 [,] [http-nio-8089-exec-1] INFO  User_Operation - [User_Operationlog,20] - After User_Operation method: AIO
2024-08-23 20:18:49.881 [,] [http-nio-8089-exec-1] INFO  User_Operation - [User_Operationlog,20] - After User_Operation method: getFfmpegEnabled
2024-08-23 20:18:49.916 [,] [http-nio-8089-exec-1] INFO  User_Operation - [User_Operationlog,20] - After User_Operation method: indexWeb
2024-08-23 20:18:49.919 [,] [http-nio-8089-exec-1] INFO  User_Operation - [User_Operationlog,20] - After User_Operation method: getInformation
2024-08-23 20:18:50.005 [,] [scheduling-1] INFO  User_Operation - [User_Operationlog,20] - After User_Operation method: monitorFfmpegProcess
2024-08-23 20:19:26.327 [,] [scheduling-1] INFO  User_Operation - [User_Operationlog,20] - After User_Operation method: monitorFfmpegProcess
2024-08-23 20:19:40.004 [,] [scheduling-1] INFO  User_Operation - [User_Operationlog,20] - After User_Operation method: monitorFfmpegProcess
2024-08-23 20:19:50.009 [,] [scheduling-1] INFO  User_Operation - [User_Operationlog,20] - After User_Operation method: monitorFfmpegProcess
2024-08-23 20:20:00.001 [,] [scheduling-1] INFO  User_Operation - [User_Operationlog,20] - After User_Operation method: monitorFfmpegProcess
2024-08-23 20:20:10.011 [,] [scheduling-1] INFO  User_Operation - [User_Operationlog,20] - After User_Operation method: monitorFfmpegProcess
2024-08-23 20:20:20.013 [,] [scheduling-1] INFO  User_Operation - [User_Operationlog,20] - After User_Operation method: monitorFfmpegProcess
2024-08-23 20:20:30.011 [,] [scheduling-1] INFO  User_Operation - [User_Operationlog,20] - After User_Operation method: monitorFfmpegProcess
2024-08-23 20:20:40.003 [,] [scheduling-1] INFO  User_Operation - [User_Operationlog,20] - After User_Operation method: monitorFfmpegProcess
2024-08-23 20:20:50.002 [,] [scheduling-1] INFO  User_Operation - [User_Operationlog,20] - After User_Operation method: monitorFfmpegProcess
2024-08-23 20:21:00.005 [,] [scheduling-1] INFO  User_Operation - [User_Operationlog,20] - After User_Operation method: monitorFfmpegProcess
2024-08-23 20:21:10.001 [,] [scheduling-1] INFO  User_Operation - [User_Operationlog,20] - After User_Operation method: monitorFfmpegProcess
2024-08-23 20:21:20.009 [,] [scheduling-1] INFO  User_Operation - [User_Operationlog,20] - After User_Operation method: monitorFfmpegProcess
2024-08-23 20:21:30.007 [,] [scheduling-1] INFO  User_Operation - [User_Operationlog,20] - After User_Operation method: monitorFfmpegProcess
2024-08-23 20:21:40.008 [,] [scheduling-1] INFO  User_Operation - [User_Operationlog,20] - After User_Operation method: monitorFfmpegProcess
2024-08-23 20:21:50.004 [,] [scheduling-1] INFO  User_Operation - [User_Operationlog,20] - After User_Operation method: monitorFfmpegProcess
2024-08-23 20:22:00.014 [,] [scheduling-1] INFO  User_Operation - [User_Operationlog,20] - After User_Operation method: monitorFfmpegProcess
2024-08-23 20:22:10.014 [,] [scheduling-1] INFO  User_Operation - [User_Operationlog,20] - After User_Operation method: monitorFfmpegProcess
2024-08-23 20:22:20.015 [,] [scheduling-1] INFO  User_Operation - [User_Operationlog,20] - After User_Operation method: monitorFfmpegProcess
2024-08-23 20:22:30.015 [,] [scheduling-1] INFO  User_Operation - [User_Operationlog,20] - After User_Operation method: monitorFfmpegProcess
2024-08-23 20:22:40.008 [,] [scheduling-1] INFO  User_Operation - [User_Operationlog,20] - After User_Operation method: monitorFfmpegProcess
2024-08-23 20:22:50.004 [,] [scheduling-1] INFO  User_Operation - [User_Operationlog,20] - After User_Operation method: monitorFfmpegProcess
2024-08-23 20:23:00.008 [,] [scheduling-1] INFO  User_Operation - [User_Operationlog,20] - After User_Operation method: monitorFfmpegProcess
2024-08-23 20:23:10.016 [,] [scheduling-1] INFO  User_Operation - [User_Operationlog,20] - After User_Operation method: monitorFfmpegProcess
2024-08-23 20:23:20.010 [,] [scheduling-1] INFO  User_Operation - [User_Operationlog,20] - After User_Operation method: monitorFfmpegProcess
2024-08-23 20:23:30.010 [,] [scheduling-1] INFO  User_Operation - [User_Operationlog,20] - After User_Operation method: monitorFfmpegProcess
2024-08-23 20:23:40.008 [,] [scheduling-1] INFO  User_Operation - [User_Operationlog,20] - After User_Operation method: monitorFfmpegProcess
2024-08-23 20:23:50.011 [,] [scheduling-1] INFO  User_Operation - [User_Operationlog,20] - After User_Operation method: monitorFfmpegProcess
2024-08-23 20:24:00.004 [,] [scheduling-1] INFO  User_Operation - [User_Operationlog,20] - After User_Operation method: monitorFfmpegProcess
2024-08-23 20:24:10.015 [,] [scheduling-1] INFO  User_Operation - [User_Operationlog,20] - After User_Operation method: monitorFfmpegProcess
2024-08-23 20:24:20.013 [,] [scheduling-1] INFO  User_Operation - [User_Operationlog,20] - After User_Operation method: monitorFfmpegProcess
2024-08-23 20:24:30.008 [,] [scheduling-1] INFO  User_Operation - [User_Operationlog,20] - After User_Operation method: monitorFfmpegProcess
2024-08-23 20:24:40.013 [,] [scheduling-1] INFO  User_Operation - [User_Operationlog,20] - After User_Operation method: monitorFfmpegProcess
2024-08-23 20:24:50.014 [,] [scheduling-1] INFO  User_Operation - [User_Operationlog,20] - After User_Operation method: monitorFfmpegProcess
2024-08-23 20:25:00.001 [,] [scheduling-1] INFO  User_Operation - [User_Operationlog,20] - After User_Operation method: monitorFfmpegProcess
2024-08-23 20:25:10.001 [,] [scheduling-1] INFO  User_Operation - [User_Operationlog,20] - After User_Operation method: monitorFfmpegProcess
2024-08-23 20:25:20.008 [,] [scheduling-1] INFO  User_Operation - [User_Operationlog,20] - After User_Operation method: monitorFfmpegProcess
2024-08-23 20:25:30.014 [,] [scheduling-1] INFO  User_Operation - [User_Operationlog,20] - After User_Operation method: monitorFfmpegProcess
2024-08-23 20:25:34.952 [,] [SpringApplicationShutdownHook] INFO  c.z.h.HikariDataSource - [close,350] - HikariPool-1 - Shutdown initiated...
2024-08-23 20:25:34.975 [,] [SpringApplicationShutdownHook] INFO  c.z.h.HikariDataSource - [close,352] - HikariPool-1 - Shutdown completed.
2024-08-23 20:25:58.133 [,] [main] INFO  c.s.a.AIOCompanyApplication - [logStarting,55] - Starting AIOCompanyApplication using Java 1.8.0_411 on DESKTOP-0QJEBFD with PID 22940 (E:\AIO_2024.08.16\AIO - 副本 - 测试\AIO-company\target\classes started by neko in E:\AIO_2024.08.16\AIO - 副本 - 测试\AIO-company)
2024-08-23 20:25:58.148 [,] [main] INFO  c.s.a.AIOCompanyApplication - [logStartupProfileInfo,634] - No active profile set, falling back to 1 default profile: "default"
2024-08-23 20:26:04.841 [,] [main] INFO  o.a.c.h.Http11NioProtocol - [log,173] - Initializing ProtocolHandler ["http-nio-8089"]
2024-08-23 20:26:04.842 [,] [main] INFO  o.a.c.c.StandardService - [log,173] - Starting service [Tomcat]
2024-08-23 20:26:04.842 [,] [main] INFO  o.a.c.c.StandardEngine - [log,173] - Starting Servlet engine: [Apache Tomcat/9.0.68]
2024-08-23 20:26:05.046 [,] [main] INFO  o.a.c.c.C.[.[.[/] - [log,173] - Initializing Spring embedded WebApplicationContext
2024-08-23 20:26:05.401 [,] [main] INFO  o.h.j.i.u.LogHelper - [logPersistenceUnitInformation,31] - HHH000204: Processing PersistenceUnitInfo [name: default]
2024-08-23 20:26:05.474 [,] [main] INFO  o.hibernate.Version - [logVersion,44] - HHH000412: Hibernate ORM core version 5.6.12.Final
2024-08-23 20:26:05.659 [,] [main] INFO  o.h.a.common.Version - [<clinit>,56] - HCANN000001: Hibernate Commons Annotations {5.1.2.Final}
2024-08-23 20:26:05.779 [,] [main] INFO  c.z.h.HikariDataSource - [getConnection,110] - HikariPool-1 - Starting...
2024-08-23 20:26:06.063 [,] [main] INFO  c.z.h.HikariDataSource - [getConnection,123] - HikariPool-1 - Start completed.
2024-08-23 20:26:06.081 [,] [main] INFO  o.h.dialect.Dialect - [<init>,175] - HHH000400: Using dialect: org.hibernate.dialect.MySQL8Dialect
2024-08-23 20:26:06.896 [,] [main] INFO  o.h.e.t.j.p.i.JtaPlatformInitiator - [initiateService,52] - HHH000490: Using JtaPlatform implementation: [org.hibernate.engine.transaction.jta.platform.internal.NoJtaPlatform]
2024-08-23 20:26:10.528 [,] [main] INFO  User_Operation - [User_Operationlog,20] - After User_Operation method: initFFmpeg
2024-08-23 20:26:11.676 [,] [main] INFO  o.a.c.h.Http11NioProtocol - [log,173] - Starting ProtocolHandler ["http-nio-8089"]
2024-08-23 20:26:11.790 [,] [main] INFO  c.s.a.AIOCompanyApplication - [logStarted,61] - Started AIOCompanyApplication in 14.844 seconds (JVM running for 17.057)
2024-08-23 20:26:11.790 [,] [main] INFO  User_Operation - [User_Operationlog,20] - After User_Operation method: onApplicationEvent
2024-08-23 20:26:20.008 [,] [scheduling-1] INFO  User_Operation - [User_Operationlog,20] - After User_Operation method: monitorFfmpegProcess
2024-08-23 20:26:22.823 [,] [http-nio-8089-exec-1] INFO  o.a.c.c.C.[.[.[/] - [log,173] - Initializing Spring DispatcherServlet 'dispatcherServlet'
2024-08-23 20:26:22.860 [,] [http-nio-8089-exec-1] INFO  User_Operation - [User_Operationlog,20] - After User_Operation method: AIO
2024-08-23 20:26:22.878 [,] [http-nio-8089-exec-2] INFO  User_Operation - [User_Operationlog,20] - After User_Operation method: AIO
2024-08-23 20:26:23.504 [,] [http-nio-8089-exec-1] INFO  User_Operation - [User_Operationlog,20] - After User_Operation method: getFfmpegEnabled
2024-08-23 20:26:23.505 [,] [http-nio-8089-exec-1] INFO  User_Operation - [User_Operationlog,20] - After User_Operation method: indexWeb
2024-08-23 20:26:23.508 [,] [http-nio-8089-exec-1] INFO  User_Operation - [User_Operationlog,20] - After User_Operation method: getInformation
2024-08-23 20:26:36.836 [,] [http-nio-8089-exec-2] INFO  User_Operation - [User_Operationlog,20] - After User_Operation method: getFfmpegEnabled
2024-08-23 20:26:36.837 [,] [http-nio-8089-exec-2] INFO  User_Operation - [User_Operationlog,20] - After User_Operation method: indexWeb
2024-08-23 20:26:36.837 [,] [http-nio-8089-exec-2] INFO  User_Operation - [User_Operationlog,20] - After User_Operation method: getInformation
2024-08-23 20:26:50.004 [,] [scheduling-1] INFO  User_Operation - [User_Operationlog,20] - After User_Operation method: monitorFfmpegProcess
2024-08-23 20:27:00.014 [,] [scheduling-1] INFO  User_Operation - [User_Operationlog,20] - After User_Operation method: monitorFfmpegProcess
2024-08-23 20:27:10.010 [,] [scheduling-1] INFO  User_Operation - [User_Operationlog,20] - After User_Operation method: monitorFfmpegProcess
2024-08-23 20:27:20.005 [,] [scheduling-1] INFO  User_Operation - [User_Operationlog,20] - After User_Operation method: monitorFfmpegProcess
2024-08-23 20:27:30.002 [,] [scheduling-1] INFO  User_Operation - [User_Operationlog,20] - After User_Operation method: monitorFfmpegProcess
2024-08-23 20:27:40.017 [,] [scheduling-1] INFO  User_Operation - [User_Operationlog,20] - After User_Operation method: monitorFfmpegProcess
2024-08-23 20:27:50.012 [,] [scheduling-1] INFO  User_Operation - [User_Operationlog,20] - After User_Operation method: monitorFfmpegProcess
2024-08-23 20:28:00.016 [,] [scheduling-1] INFO  User_Operation - [User_Operationlog,20] - After User_Operation method: monitorFfmpegProcess
2024-08-23 20:28:10.013 [,] [scheduling-1] INFO  User_Operation - [User_Operationlog,20] - After User_Operation method: monitorFfmpegProcess
2024-08-23 20:28:20.006 [,] [scheduling-1] INFO  User_Operation - [User_Operationlog,20] - After User_Operation method: monitorFfmpegProcess
2024-08-23 20:28:30.011 [,] [scheduling-1] INFO  User_Operation - [User_Operationlog,20] - After User_Operation method: monitorFfmpegProcess
2024-08-23 20:28:40.013 [,] [scheduling-1] INFO  User_Operation - [User_Operationlog,20] - After User_Operation method: monitorFfmpegProcess
2024-08-23 20:28:50.016 [,] [scheduling-1] INFO  User_Operation - [User_Operationlog,20] - After User_Operation method: monitorFfmpegProcess
2024-08-23 20:29:00.010 [,] [scheduling-1] INFO  User_Operation - [User_Operationlog,20] - After User_Operation method: monitorFfmpegProcess
2024-08-23 20:29:10.013 [,] [scheduling-1] INFO  User_Operation - [User_Operationlog,20] - After User_Operation method: monitorFfmpegProcess
2024-08-23 20:29:20.010 [,] [scheduling-1] INFO  User_Operation - [User_Operationlog,20] - After User_Operation method: monitorFfmpegProcess
2024-08-23 20:29:30.009 [,] [scheduling-1] INFO  User_Operation - [User_Operationlog,20] - After User_Operation method: monitorFfmpegProcess
2024-08-23 20:29:40.008 [,] [scheduling-1] INFO  User_Operation - [User_Operationlog,20] - After User_Operation method: monitorFfmpegProcess
2024-08-23 20:29:50.013 [,] [scheduling-1] INFO  User_Operation - [User_Operationlog,20] - After User_Operation method: monitorFfmpegProcess
2024-08-23 20:30:00.010 [,] [scheduling-1] INFO  User_Operation - [User_Operationlog,20] - After User_Operation method: monitorFfmpegProcess
2024-08-23 20:30:10.012 [,] [scheduling-1] INFO  User_Operation - [User_Operationlog,20] - After User_Operation method: monitorFfmpegProcess
2024-08-23 20:30:20.009 [,] [scheduling-1] INFO  User_Operation - [User_Operationlog,20] - After User_Operation method: monitorFfmpegProcess
2024-08-23 20:30:30.016 [,] [scheduling-1] INFO  User_Operation - [User_Operationlog,20] - After User_Operation method: monitorFfmpegProcess
2024-08-23 20:30:40.013 [,] [scheduling-1] INFO  User_Operation - [User_Operationlog,20] - After User_Operation method: monitorFfmpegProcess
2024-08-23 20:30:50.002 [,] [scheduling-1] INFO  User_Operation - [User_Operationlog,20] - After User_Operation method: monitorFfmpegProcess
2024-08-23 20:31:00.000 [,] [scheduling-1] INFO  User_Operation - [User_Operationlog,20] - After User_Operation method: monitorFfmpegProcess
2024-08-23 20:31:10.003 [,] [scheduling-1] INFO  User_Operation - [User_Operationlog,20] - After User_Operation method: monitorFfmpegProcess
2024-08-23 20:31:20.012 [,] [scheduling-1] INFO  User_Operation - [User_Operationlog,20] - After User_Operation method: monitorFfmpegProcess
2024-08-23 20:31:21.603 [,] [http-nio-8089-exec-3] INFO  User_Operation - [User_Operationlog,20] - After User_Operation method: AIO
2024-08-23 20:31:21.613 [,] [http-nio-8089-exec-3] INFO  User_Operation - [User_Operationlog,20] - After User_Operation method: getFfmpegEnabled
2024-08-23 20:31:21.615 [,] [http-nio-8089-exec-3] INFO  User_Operation - [User_Operationlog,20] - After User_Operation method: indexWeb
2024-08-23 20:31:21.615 [,] [http-nio-8089-exec-3] INFO  User_Operation - [User_Operationlog,20] - After User_Operation method: getInformation
2024-08-23 20:31:30.002 [,] [scheduling-1] INFO  User_Operation - [User_Operationlog,20] - After User_Operation method: monitorFfmpegProcess
2024-08-23 20:31:40.016 [,] [scheduling-1] INFO  User_Operation - [User_Operationlog,20] - After User_Operation method: monitorFfmpegProcess
2024-08-23 20:31:50.010 [,] [scheduling-1] INFO  User_Operation - [User_Operationlog,20] - After User_Operation method: monitorFfmpegProcess
2024-08-23 20:32:00.013 [,] [scheduling-1] INFO  User_Operation - [User_Operationlog,20] - After User_Operation method: monitorFfmpegProcess
2024-08-23 20:32:01.500 [,] [http-nio-8089-exec-6] INFO  User_Operation - [User_Operationlog,20] - After User_Operation method: indexWeb
2024-08-23 20:32:01.500 [,] [http-nio-8089-exec-6] INFO  User_Operation - [User_Operationlog,20] - After User_Operation method: getInformation
2024-08-23 20:32:10.005 [,] [scheduling-1] INFO  User_Operation - [User_Operationlog,20] - After User_Operation method: monitorFfmpegProcess
2024-08-23 20:32:20.004 [,] [scheduling-1] INFO  User_Operation - [User_Operationlog,20] - After User_Operation method: monitorFfmpegProcess
2024-08-23 20:32:30.010 [,] [scheduling-1] INFO  User_Operation - [User_Operationlog,20] - After User_Operation method: monitorFfmpegProcess
2024-08-23 20:32:40.011 [,] [scheduling-1] INFO  User_Operation - [User_Operationlog,20] - After User_Operation method: monitorFfmpegProcess
2024-08-23 20:32:50.002 [,] [scheduling-1] INFO  User_Operation - [User_Operationlog,20] - After User_Operation method: monitorFfmpegProcess
2024-08-23 20:33:00.002 [,] [scheduling-1] INFO  User_Operation - [User_Operationlog,20] - After User_Operation method: monitorFfmpegProcess
2024-08-23 20:33:10.012 [,] [scheduling-1] INFO  User_Operation - [User_Operationlog,20] - After User_Operation method: monitorFfmpegProcess
2024-08-23 20:33:20.007 [,] [scheduling-1] INFO  User_Operation - [User_Operationlog,20] - After User_Operation method: monitorFfmpegProcess
2024-08-23 20:33:30.002 [,] [scheduling-1] INFO  User_Operation - [User_Operationlog,20] - After User_Operation method: monitorFfmpegProcess
2024-08-23 20:33:40.010 [,] [scheduling-1] INFO  User_Operation - [User_Operationlog,20] - After User_Operation method: monitorFfmpegProcess
2024-08-23 20:33:50.003 [,] [scheduling-1] INFO  User_Operation - [User_Operationlog,20] - After User_Operation method: monitorFfmpegProcess
2024-08-23 20:34:00.003 [,] [scheduling-1] INFO  User_Operation - [User_Operationlog,20] - After User_Operation method: monitorFfmpegProcess
2024-08-23 20:34:10.002 [,] [scheduling-1] INFO  User_Operation - [User_Operationlog,20] - After User_Operation method: monitorFfmpegProcess
2024-08-23 20:34:20.013 [,] [scheduling-1] INFO  User_Operation - [User_Operationlog,20] - After User_Operation method: monitorFfmpegProcess
2024-08-23 20:34:30.002 [,] [scheduling-1] INFO  User_Operation - [User_Operationlog,20] - After User_Operation method: monitorFfmpegProcess
2024-08-23 20:34:40.006 [,] [scheduling-1] INFO  User_Operation - [User_Operationlog,20] - After User_Operation method: monitorFfmpegProcess
2024-08-23 20:34:50.006 [,] [scheduling-1] INFO  User_Operation - [User_Operationlog,20] - After User_Operation method: monitorFfmpegProcess
2024-08-23 20:35:00.008 [,] [scheduling-1] INFO  User_Operation - [User_Operationlog,20] - After User_Operation method: monitorFfmpegProcess
2024-08-23 20:35:10.004 [,] [scheduling-1] INFO  User_Operation - [User_Operationlog,20] - After User_Operation method: monitorFfmpegProcess
2024-08-23 20:35:20.004 [,] [scheduling-1] INFO  User_Operation - [User_Operationlog,20] - After User_Operation method: monitorFfmpegProcess
2024-08-23 20:35:30.013 [,] [scheduling-1] INFO  User_Operation - [User_Operationlog,20] - After User_Operation method: monitorFfmpegProcess
2024-08-23 20:35:40.009 [,] [scheduling-1] INFO  User_Operation - [User_Operationlog,20] - After User_Operation method: monitorFfmpegProcess
2024-08-23 20:35:50.009 [,] [scheduling-1] INFO  User_Operation - [User_Operationlog,20] - After User_Operation method: monitorFfmpegProcess
2024-08-23 20:35:55.617 [,] [SpringApplicationShutdownHook] INFO  c.z.h.HikariDataSource - [close,350] - HikariPool-1 - Shutdown initiated...
2024-08-23 20:35:55.633 [,] [SpringApplicationShutdownHook] INFO  c.z.h.HikariDataSource - [close,352] - HikariPool-1 - Shutdown completed.
2024-08-23 20:36:14.830 [,] [main] INFO  c.s.a.AIOCompanyApplication - [logStarting,55] - Starting AIOCompanyApplication using Java 1.8.0_411 on DESKTOP-0QJEBFD with PID 16584 (E:\AIO_2024.08.16\AIO - 副本 - 测试\AIO-company\target\classes started by neko in E:\AIO_2024.08.16\AIO - 副本 - 测试\AIO-company)
2024-08-23 20:36:14.839 [,] [main] INFO  c.s.a.AIOCompanyApplication - [logStartupProfileInfo,634] - No active profile set, falling back to 1 default profile: "default"
2024-08-23 20:36:19.192 [,] [main] INFO  o.a.c.h.Http11NioProtocol - [log,173] - Initializing ProtocolHandler ["http-nio-8089"]
2024-08-23 20:36:19.193 [,] [main] INFO  o.a.c.c.StandardService - [log,173] - Starting service [Tomcat]
2024-08-23 20:36:19.194 [,] [main] INFO  o.a.c.c.StandardEngine - [log,173] - Starting Servlet engine: [Apache Tomcat/9.0.68]
2024-08-23 20:36:19.401 [,] [main] INFO  o.a.c.c.C.[.[.[/] - [log,173] - Initializing Spring embedded WebApplicationContext
2024-08-23 20:36:19.828 [,] [main] INFO  o.h.j.i.u.LogHelper - [logPersistenceUnitInformation,31] - HHH000204: Processing PersistenceUnitInfo [name: default]
2024-08-23 20:36:19.895 [,] [main] INFO  o.hibernate.Version - [logVersion,44] - HHH000412: Hibernate ORM core version 5.6.12.Final
2024-08-23 20:36:20.086 [,] [main] INFO  o.h.a.common.Version - [<clinit>,56] - HCANN000001: Hibernate Commons Annotations {5.1.2.Final}
2024-08-23 20:36:20.205 [,] [main] INFO  c.z.h.HikariDataSource - [getConnection,110] - HikariPool-1 - Starting...
2024-08-23 20:36:20.502 [,] [main] INFO  c.z.h.HikariDataSource - [getConnection,123] - HikariPool-1 - Start completed.
2024-08-23 20:36:20.525 [,] [main] INFO  o.h.dialect.Dialect - [<init>,175] - HHH000400: Using dialect: org.hibernate.dialect.MySQL8Dialect
2024-08-23 20:36:21.303 [,] [main] INFO  o.h.e.t.j.p.i.JtaPlatformInitiator - [initiateService,52] - HHH000490: Using JtaPlatform implementation: [org.hibernate.engine.transaction.jta.platform.internal.NoJtaPlatform]
2024-08-23 20:36:24.951 [,] [main] INFO  User_Operation - [User_Operationlog,20] - After User_Operation method: initFFmpeg
2024-08-23 20:36:26.192 [,] [main] INFO  o.a.c.h.Http11NioProtocol - [log,173] - Starting ProtocolHandler ["http-nio-8089"]
2024-08-23 20:36:26.342 [,] [main] INFO  c.s.a.AIOCompanyApplication - [logStarted,61] - Started AIOCompanyApplication in 12.222 seconds (JVM running for 14.081)
2024-08-23 20:36:26.343 [,] [main] INFO  User_Operation - [User_Operationlog,20] - After User_Operation method: onApplicationEvent
2024-08-23 20:36:27.526 [,] [http-nio-8089-exec-1] INFO  o.a.c.c.C.[.[.[/] - [log,173] - Initializing Spring DispatcherServlet 'dispatcherServlet'
2024-08-23 20:36:27.554 [,] [http-nio-8089-exec-1] INFO  User_Operation - [User_Operationlog,20] - After User_Operation method: AIO
2024-08-23 20:36:27.639 [,] [http-nio-8089-exec-1] INFO  User_Operation - [User_Operationlog,20] - After User_Operation method: getFfmpegEnabled
2024-08-23 20:36:27.640 [,] [http-nio-8089-exec-1] INFO  User_Operation - [User_Operationlog,20] - After User_Operation method: indexWeb
2024-08-23 20:36:27.643 [,] [http-nio-8089-exec-1] INFO  User_Operation - [User_Operationlog,20] - After User_Operation method: getInformation
2024-08-23 20:36:30.016 [,] [scheduling-1] INFO  User_Operation - [User_Operationlog,20] - After User_Operation method: monitorFfmpegProcess
2024-08-23 20:37:10.004 [,] [scheduling-1] INFO  User_Operation - [User_Operationlog,20] - After User_Operation method: monitorFfmpegProcess
2024-08-23 20:37:20.010 [,] [scheduling-1] INFO  User_Operation - [User_Operationlog,20] - After User_Operation method: monitorFfmpegProcess
2024-08-23 20:37:30.014 [,] [scheduling-1] INFO  User_Operation - [User_Operationlog,20] - After User_Operation method: monitorFfmpegProcess
2024-08-23 20:37:40.010 [,] [scheduling-1] INFO  User_Operation - [User_Operationlog,20] - After User_Operation method: monitorFfmpegProcess
2024-08-23 20:37:50.010 [,] [scheduling-1] INFO  User_Operation - [User_Operationlog,20] - After User_Operation method: monitorFfmpegProcess
2024-08-23 20:38:00.013 [,] [scheduling-1] INFO  User_Operation - [User_Operationlog,20] - After User_Operation method: monitorFfmpegProcess
2024-08-23 20:38:10.006 [,] [scheduling-1] INFO  User_Operation - [User_Operationlog,20] - After User_Operation method: monitorFfmpegProcess
2024-08-23 20:38:20.012 [,] [scheduling-1] INFO  User_Operation - [User_Operationlog,20] - After User_Operation method: monitorFfmpegProcess
2024-08-23 20:38:30.013 [,] [scheduling-1] INFO  User_Operation - [User_Operationlog,20] - After User_Operation method: monitorFfmpegProcess
2024-08-23 20:38:40.012 [,] [scheduling-1] INFO  User_Operation - [User_Operationlog,20] - After User_Operation method: monitorFfmpegProcess
2024-08-23 20:38:50.006 [,] [scheduling-1] INFO  User_Operation - [User_Operationlog,20] - After User_Operation method: monitorFfmpegProcess
2024-08-23 20:39:00.013 [,] [scheduling-1] INFO  User_Operation - [User_Operationlog,20] - After User_Operation method: monitorFfmpegProcess
2024-08-23 20:39:10.010 [,] [scheduling-1] INFO  User_Operation - [User_Operationlog,20] - After User_Operation method: monitorFfmpegProcess
2024-08-23 20:39:20.013 [,] [scheduling-1] INFO  User_Operation - [User_Operationlog,20] - After User_Operation method: monitorFfmpegProcess
2024-08-23 20:39:30.008 [,] [scheduling-1] INFO  User_Operation - [User_Operationlog,20] - After User_Operation method: monitorFfmpegProcess
2024-08-23 20:39:40.014 [,] [scheduling-1] INFO  User_Operation - [User_Operationlog,20] - After User_Operation method: monitorFfmpegProcess
2024-08-23 20:39:50.013 [,] [scheduling-1] INFO  User_Operation - [User_Operationlog,20] - After User_Operation method: monitorFfmpegProcess
2024-08-23 20:40:00.002 [,] [scheduling-1] INFO  User_Operation - [User_Operationlog,20] - After User_Operation method: monitorFfmpegProcess
2024-08-23 20:40:10.015 [,] [scheduling-1] INFO  User_Operation - [User_Operationlog,20] - After User_Operation method: monitorFfmpegProcess
2024-08-23 20:40:20.004 [,] [scheduling-1] INFO  User_Operation - [User_Operationlog,20] - After User_Operation method: monitorFfmpegProcess
2024-08-23 20:40:30.001 [,] [scheduling-1] INFO  User_Operation - [User_Operationlog,20] - After User_Operation method: monitorFfmpegProcess
2024-08-23 20:40:40.004 [,] [scheduling-1] INFO  User_Operation - [User_Operationlog,20] - After User_Operation method: monitorFfmpegProcess
2024-08-23 20:40:50.006 [,] [scheduling-1] INFO  User_Operation - [User_Operationlog,20] - After User_Operation method: monitorFfmpegProcess
2024-08-23 20:41:00.016 [,] [scheduling-1] INFO  User_Operation - [User_Operationlog,20] - After User_Operation method: monitorFfmpegProcess
2024-08-23 20:41:10.004 [,] [scheduling-1] INFO  User_Operation - [User_Operationlog,20] - After User_Operation method: monitorFfmpegProcess
2024-08-23 20:41:20.010 [,] [scheduling-1] INFO  User_Operation - [User_Operationlog,20] - After User_Operation method: monitorFfmpegProcess
2024-08-23 20:41:30.006 [,] [scheduling-1] INFO  User_Operation - [User_Operationlog,20] - After User_Operation method: monitorFfmpegProcess
2024-08-23 20:41:37.241 [,] [SpringApplicationShutdownHook] INFO  c.z.h.HikariDataSource - [close,350] - HikariPool-1 - Shutdown initiated...
2024-08-23 20:41:37.258 [,] [SpringApplicationShutdownHook] INFO  c.z.h.HikariDataSource - [close,352] - HikariPool-1 - Shutdown completed.
2024-08-23 20:41:51.612 [,] [main] INFO  c.s.a.AIOCompanyApplication - [logStarting,55] - Starting AIOCompanyApplication using Java 1.8.0_411 on DESKTOP-0QJEBFD with PID 2116 (E:\AIO_2024.08.16\AIO - 副本 - 测试\AIO-company\target\classes started by neko in E:\AIO_2024.08.16\AIO - 副本 - 测试\AIO-company)
2024-08-23 20:41:51.618 [,] [main] INFO  c.s.a.AIOCompanyApplication - [logStartupProfileInfo,634] - No active profile set, falling back to 1 default profile: "default"
2024-08-23 20:41:58.124 [,] [main] INFO  o.a.c.h.Http11NioProtocol - [log,173] - Initializing ProtocolHandler ["http-nio-8089"]
2024-08-23 20:41:58.125 [,] [main] INFO  o.a.c.c.StandardService - [log,173] - Starting service [Tomcat]
2024-08-23 20:41:58.125 [,] [main] INFO  o.a.c.c.StandardEngine - [log,173] - Starting Servlet engine: [Apache Tomcat/9.0.68]
2024-08-23 20:41:58.363 [,] [main] INFO  o.a.c.c.C.[.[.[/] - [log,173] - Initializing Spring embedded WebApplicationContext
2024-08-23 20:41:58.725 [,] [main] INFO  o.h.j.i.u.LogHelper - [logPersistenceUnitInformation,31] - HHH000204: Processing PersistenceUnitInfo [name: default]
2024-08-23 20:41:58.802 [,] [main] INFO  o.hibernate.Version - [logVersion,44] - HHH000412: Hibernate ORM core version 5.6.12.Final
2024-08-23 20:41:59.007 [,] [main] INFO  o.h.a.common.Version - [<clinit>,56] - HCANN000001: Hibernate Commons Annotations {5.1.2.Final}
2024-08-23 20:41:59.132 [,] [main] INFO  c.z.h.HikariDataSource - [getConnection,110] - HikariPool-1 - Starting...
2024-08-23 20:41:59.356 [,] [main] INFO  c.z.h.HikariDataSource - [getConnection,123] - HikariPool-1 - Start completed.
2024-08-23 20:41:59.375 [,] [main] INFO  o.h.dialect.Dialect - [<init>,175] - HHH000400: Using dialect: org.hibernate.dialect.MySQL8Dialect
2024-08-23 20:42:00.106 [,] [main] INFO  o.h.e.t.j.p.i.JtaPlatformInitiator - [initiateService,52] - HHH000490: Using JtaPlatform implementation: [org.hibernate.engine.transaction.jta.platform.internal.NoJtaPlatform]
2024-08-23 20:42:03.582 [,] [main] INFO  User_Operation - [User_Operationlog,20] - After User_Operation method: initFFmpeg
2024-08-23 20:42:04.702 [,] [main] INFO  o.a.c.h.Http11NioProtocol - [log,173] - Starting ProtocolHandler ["http-nio-8089"]
2024-08-23 20:42:04.807 [,] [main] INFO  c.s.a.AIOCompanyApplication - [logStarted,61] - Started AIOCompanyApplication in 13.985 seconds (JVM running for 15.955)
2024-08-23 20:42:04.808 [,] [main] INFO  User_Operation - [User_Operationlog,20] - After User_Operation method: onApplicationEvent
2024-08-23 20:42:10.003 [,] [scheduling-1] INFO  User_Operation - [User_Operationlog,20] - After User_Operation method: monitorFfmpegProcess
2024-08-23 20:42:30.915 [,] [http-nio-8089-exec-1] INFO  o.a.c.c.C.[.[.[/] - [log,173] - Initializing Spring DispatcherServlet 'dispatcherServlet'
2024-08-23 20:42:30.955 [,] [http-nio-8089-exec-1] INFO  User_Operation - [User_Operationlog,20] - After User_Operation method: AIO
2024-08-23 20:42:30.979 [,] [http-nio-8089-exec-1] INFO  User_Operation - [User_Operationlog,20] - After User_Operation method: getFfmpegEnabled
2024-08-23 20:42:30.981 [,] [http-nio-8089-exec-1] INFO  User_Operation - [User_Operationlog,20] - After User_Operation method: indexWeb
2024-08-23 20:42:30.986 [,] [http-nio-8089-exec-1] INFO  User_Operation - [User_Operationlog,20] - After User_Operation method: getInformation
2024-08-23 20:43:10.001 [,] [scheduling-1] INFO  User_Operation - [User_Operationlog,20] - After User_Operation method: monitorFfmpegProcess
2024-08-23 20:43:20.010 [,] [scheduling-1] INFO  User_Operation - [User_Operationlog,20] - After User_Operation method: monitorFfmpegProcess
2024-08-23 20:43:30.003 [,] [scheduling-1] INFO  User_Operation - [User_Operationlog,20] - After User_Operation method: monitorFfmpegProcess
2024-08-23 20:43:40.011 [,] [scheduling-1] INFO  User_Operation - [User_Operationlog,20] - After User_Operation method: monitorFfmpegProcess
2024-08-23 20:43:50.004 [,] [scheduling-1] INFO  User_Operation - [User_Operationlog,20] - After User_Operation method: monitorFfmpegProcess
2024-08-23 20:44:00.004 [,] [scheduling-1] INFO  User_Operation - [User_Operationlog,20] - After User_Operation method: monitorFfmpegProcess
2024-08-23 20:44:10.005 [,] [scheduling-1] INFO  User_Operation - [User_Operationlog,20] - After User_Operation method: monitorFfmpegProcess
2024-08-23 20:44:20.002 [,] [scheduling-1] INFO  User_Operation - [User_Operationlog,20] - After User_Operation method: monitorFfmpegProcess
2024-08-23 20:44:30.005 [,] [scheduling-1] INFO  User_Operation - [User_Operationlog,20] - After User_Operation method: monitorFfmpegProcess
2024-08-23 20:44:40.008 [,] [scheduling-1] INFO  User_Operation - [User_Operationlog,20] - After User_Operation method: monitorFfmpegProcess
2024-08-23 20:44:50.004 [,] [scheduling-1] INFO  User_Operation - [User_Operationlog,20] - After User_Operation method: monitorFfmpegProcess
2024-08-23 20:45:00.006 [,] [scheduling-1] INFO  User_Operation - [User_Operationlog,20] - After User_Operation method: monitorFfmpegProcess
2024-08-23 20:45:10.004 [,] [scheduling-1] INFO  User_Operation - [User_Operationlog,20] - After User_Operation method: monitorFfmpegProcess
2024-08-23 20:45:20.014 [,] [scheduling-1] INFO  User_Operation - [User_Operationlog,20] - After User_Operation method: monitorFfmpegProcess
2024-08-23 20:45:30.016 [,] [scheduling-1] INFO  User_Operation - [User_Operationlog,20] - After User_Operation method: monitorFfmpegProcess
2024-08-23 20:45:40.011 [,] [scheduling-1] INFO  User_Operation - [User_Operationlog,20] - After User_Operation method: monitorFfmpegProcess
2024-08-23 20:45:50.011 [,] [scheduling-1] INFO  User_Operation - [User_Operationlog,20] - After User_Operation method: monitorFfmpegProcess
2024-08-23 20:46:00.009 [,] [scheduling-1] INFO  User_Operation - [User_Operationlog,20] - After User_Operation method: monitorFfmpegProcess
2024-08-23 20:46:10.014 [,] [scheduling-1] INFO  User_Operation - [User_Operationlog,20] - After User_Operation method: monitorFfmpegProcess
2024-08-23 20:46:20.001 [,] [scheduling-1] INFO  User_Operation - [User_Operationlog,20] - After User_Operation method: monitorFfmpegProcess
2024-08-23 20:46:30.002 [,] [scheduling-1] INFO  User_Operation - [User_Operationlog,20] - After User_Operation method: monitorFfmpegProcess
2024-08-23 20:46:40.009 [,] [scheduling-1] INFO  User_Operation - [User_Operationlog,20] - After User_Operation method: monitorFfmpegProcess
2024-08-23 20:46:50.010 [,] [scheduling-1] INFO  User_Operation - [User_Operationlog,20] - After User_Operation method: monitorFfmpegProcess
2024-08-23 20:47:00.015 [,] [scheduling-1] INFO  User_Operation - [User_Operationlog,20] - After User_Operation method: monitorFfmpegProcess
2024-08-23 20:47:10.012 [,] [scheduling-1] INFO  User_Operation - [User_Operationlog,20] - After User_Operation method: monitorFfmpegProcess
2024-08-23 20:47:20.011 [,] [scheduling-1] INFO  User_Operation - [User_Operationlog,20] - After User_Operation method: monitorFfmpegProcess
2024-08-23 20:47:30.009 [,] [scheduling-1] INFO  User_Operation - [User_Operationlog,20] - After User_Operation method: monitorFfmpegProcess
2024-08-23 20:47:40.014 [,] [scheduling-1] INFO  User_Operation - [User_Operationlog,20] - After User_Operation method: monitorFfmpegProcess
2024-08-23 20:47:50.013 [,] [scheduling-1] INFO  User_Operation - [User_Operationlog,20] - After User_Operation method: monitorFfmpegProcess
2024-08-23 20:48:00.008 [,] [scheduling-1] INFO  User_Operation - [User_Operationlog,20] - After User_Operation method: monitorFfmpegProcess
2024-08-23 20:48:10.012 [,] [scheduling-1] INFO  User_Operation - [User_Operationlog,20] - After User_Operation method: monitorFfmpegProcess
2024-08-23 20:48:20.010 [,] [scheduling-1] INFO  User_Operation - [User_Operationlog,20] - After User_Operation method: monitorFfmpegProcess
2024-08-23 20:48:30.012 [,] [scheduling-1] INFO  User_Operation - [User_Operationlog,20] - After User_Operation method: monitorFfmpegProcess
2024-08-23 20:48:40.009 [,] [scheduling-1] INFO  User_Operation - [User_Operationlog,20] - After User_Operation method: monitorFfmpegProcess
2024-08-23 20:48:50.013 [,] [scheduling-1] INFO  User_Operation - [User_Operationlog,20] - After User_Operation method: monitorFfmpegProcess
2024-08-23 20:49:00.001 [,] [scheduling-1] INFO  User_Operation - [User_Operationlog,20] - After User_Operation method: monitorFfmpegProcess
2024-08-23 20:49:10.004 [,] [scheduling-1] INFO  User_Operation - [User_Operationlog,20] - After User_Operation method: monitorFfmpegProcess
2024-08-23 20:49:20.009 [,] [scheduling-1] INFO  User_Operation - [User_Operationlog,20] - After User_Operation method: monitorFfmpegProcess
2024-08-23 20:49:30.008 [,] [scheduling-1] INFO  User_Operation - [User_Operationlog,20] - After User_Operation method: monitorFfmpegProcess
2024-08-23 20:49:40.008 [,] [scheduling-1] INFO  User_Operation - [User_Operationlog,20] - After User_Operation method: monitorFfmpegProcess
2024-08-23 20:49:50.013 [,] [scheduling-1] INFO  User_Operation - [User_Operationlog,20] - After User_Operation method: monitorFfmpegProcess
2024-08-23 20:50:00.003 [,] [scheduling-1] INFO  User_Operation - [User_Operationlog,20] - After User_Operation method: monitorFfmpegProcess
2024-08-23 20:50:10.010 [,] [scheduling-1] INFO  User_Operation - [User_Operationlog,20] - After User_Operation method: monitorFfmpegProcess
2024-08-23 20:50:20.016 [,] [scheduling-1] INFO  User_Operation - [User_Operationlog,20] - After User_Operation method: monitorFfmpegProcess
2024-08-23 20:50:30.004 [,] [scheduling-1] INFO  User_Operation - [User_Operationlog,20] - After User_Operation method: monitorFfmpegProcess
2024-08-23 20:50:40.000 [,] [scheduling-1] INFO  User_Operation - [User_Operationlog,20] - After User_Operation method: monitorFfmpegProcess
2024-08-23 20:50:50.014 [,] [scheduling-1] INFO  User_Operation - [User_Operationlog,20] - After User_Operation method: monitorFfmpegProcess
2024-08-23 20:51:00.000 [,] [scheduling-1] INFO  User_Operation - [User_Operationlog,20] - After User_Operation method: monitorFfmpegProcess
2024-08-23 20:51:10.003 [,] [scheduling-1] INFO  User_Operation - [User_Operationlog,20] - After User_Operation method: monitorFfmpegProcess
2024-08-23 20:51:20.004 [,] [scheduling-1] INFO  User_Operation - [User_Operationlog,20] - After User_Operation method: monitorFfmpegProcess
2024-08-23 20:51:30.006 [,] [scheduling-1] INFO  User_Operation - [User_Operationlog,20] - After User_Operation method: monitorFfmpegProcess
2024-08-23 20:51:40.017 [,] [scheduling-1] INFO  User_Operation - [User_Operationlog,20] - After User_Operation method: monitorFfmpegProcess
2024-08-23 20:51:50.009 [,] [scheduling-1] INFO  User_Operation - [User_Operationlog,20] - After User_Operation method: monitorFfmpegProcess
2024-08-23 20:52:00.012 [,] [scheduling-1] INFO  User_Operation - [User_Operationlog,20] - After User_Operation method: monitorFfmpegProcess
2024-08-23 20:52:10.010 [,] [scheduling-1] INFO  User_Operation - [User_Operationlog,20] - After User_Operation method: monitorFfmpegProcess
2024-08-23 20:52:20.015 [,] [scheduling-1] INFO  User_Operation - [User_Operationlog,20] - After User_Operation method: monitorFfmpegProcess
2024-08-23 20:52:30.001 [,] [scheduling-1] INFO  User_Operation - [User_Operationlog,20] - After User_Operation method: monitorFfmpegProcess
2024-08-23 20:52:40.004 [,] [scheduling-1] INFO  User_Operation - [User_Operationlog,20] - After User_Operation method: monitorFfmpegProcess
2024-08-23 20:52:50.001 [,] [scheduling-1] INFO  User_Operation - [User_Operationlog,20] - After User_Operation method: monitorFfmpegProcess
2024-08-23 20:53:00.004 [,] [scheduling-1] INFO  User_Operation - [User_Operationlog,20] - After User_Operation method: monitorFfmpegProcess
2024-08-23 20:53:10.003 [,] [scheduling-1] INFO  User_Operation - [User_Operationlog,20] - After User_Operation method: monitorFfmpegProcess
2024-08-23 20:53:20.009 [,] [scheduling-1] INFO  User_Operation - [User_Operationlog,20] - After User_Operation method: monitorFfmpegProcess
2024-08-23 20:53:30.008 [,] [scheduling-1] INFO  User_Operation - [User_Operationlog,20] - After User_Operation method: monitorFfmpegProcess
2024-08-23 20:53:40.014 [,] [scheduling-1] INFO  User_Operation - [User_Operationlog,20] - After User_Operation method: monitorFfmpegProcess
2024-08-23 20:53:50.015 [,] [scheduling-1] INFO  User_Operation - [User_Operationlog,20] - After User_Operation method: monitorFfmpegProcess
2024-08-23 20:54:00.001 [,] [scheduling-1] INFO  User_Operation - [User_Operationlog,20] - After User_Operation method: monitorFfmpegProcess
2024-08-23 20:54:10.013 [,] [scheduling-1] INFO  User_Operation - [User_Operationlog,20] - After User_Operation method: monitorFfmpegProcess
2024-08-23 20:54:20.005 [,] [scheduling-1] INFO  User_Operation - [User_Operationlog,20] - After User_Operation method: monitorFfmpegProcess
2024-08-23 20:54:30.004 [,] [scheduling-1] INFO  User_Operation - [User_Operationlog,20] - After User_Operation method: monitorFfmpegProcess
2024-08-23 20:54:40.013 [,] [scheduling-1] INFO  User_Operation - [User_Operationlog,20] - After User_Operation method: monitorFfmpegProcess
2024-08-23 20:54:50.002 [,] [scheduling-1] INFO  User_Operation - [User_Operationlog,20] - After User_Operation method: monitorFfmpegProcess
2024-08-23 20:55:00.011 [,] [scheduling-1] INFO  User_Operation - [User_Operationlog,20] - After User_Operation method: monitorFfmpegProcess
2024-08-23 20:55:10.012 [,] [scheduling-1] INFO  User_Operation - [User_Operationlog,20] - After User_Operation method: monitorFfmpegProcess
2024-08-23 20:55:20.014 [,] [scheduling-1] INFO  User_Operation - [User_Operationlog,20] - After User_Operation method: monitorFfmpegProcess
2024-08-23 20:55:30.006 [,] [scheduling-1] INFO  User_Operation - [User_Operationlog,20] - After User_Operation method: monitorFfmpegProcess
2024-08-23 20:55:40.008 [,] [scheduling-1] INFO  User_Operation - [User_Operationlog,20] - After User_Operation method: monitorFfmpegProcess
2024-08-23 20:55:50.013 [,] [scheduling-1] INFO  User_Operation - [User_Operationlog,20] - After User_Operation method: monitorFfmpegProcess
2024-08-23 20:56:00.001 [,] [scheduling-1] INFO  User_Operation - [User_Operationlog,20] - After User_Operation method: monitorFfmpegProcess
2024-08-23 20:56:10.009 [,] [scheduling-1] INFO  User_Operation - [User_Operationlog,20] - After User_Operation method: monitorFfmpegProcess
2024-08-23 20:56:20.003 [,] [scheduling-1] INFO  User_Operation - [User_Operationlog,20] - After User_Operation method: monitorFfmpegProcess
2024-08-23 20:56:30.021 [,] [scheduling-1] INFO  User_Operation - [User_Operationlog,20] - After User_Operation method: monitorFfmpegProcess
2024-08-23 20:56:40.003 [,] [scheduling-1] INFO  User_Operation - [User_Operationlog,20] - After User_Operation method: monitorFfmpegProcess
2024-08-23 20:56:50.005 [,] [scheduling-1] INFO  User_Operation - [User_Operationlog,20] - After User_Operation method: monitorFfmpegProcess
2024-08-23 20:57:00.004 [,] [scheduling-1] INFO  User_Operation - [User_Operationlog,20] - After User_Operation method: monitorFfmpegProcess
2024-08-23 20:57:10.005 [,] [scheduling-1] INFO  User_Operation - [User_Operationlog,20] - After User_Operation method: monitorFfmpegProcess
2024-08-23 20:57:20.007 [,] [scheduling-1] INFO  User_Operation - [User_Operationlog,20] - After User_Operation method: monitorFfmpegProcess
2024-08-23 20:57:30.012 [,] [scheduling-1] INFO  User_Operation - [User_Operationlog,20] - After User_Operation method: monitorFfmpegProcess
2024-08-23 20:57:40.002 [,] [scheduling-1] INFO  User_Operation - [User_Operationlog,20] - After User_Operation method: monitorFfmpegProcess
2024-08-23 20:57:50.001 [,] [scheduling-1] INFO  User_Operation - [User_Operationlog,20] - After User_Operation method: monitorFfmpegProcess
2024-08-23 20:58:00.014 [,] [scheduling-1] INFO  User_Operation - [User_Operationlog,20] - After User_Operation method: monitorFfmpegProcess
2024-08-23 20:58:10.003 [,] [scheduling-1] INFO  User_Operation - [User_Operationlog,20] - After User_Operation method: monitorFfmpegProcess
2024-08-23 20:58:20.008 [,] [scheduling-1] INFO  User_Operation - [User_Operationlog,20] - After User_Operation method: monitorFfmpegProcess
2024-08-23 20:58:30.015 [,] [scheduling-1] INFO  User_Operation - [User_Operationlog,20] - After User_Operation method: monitorFfmpegProcess
2024-08-23 20:58:40.002 [,] [scheduling-1] INFO  User_Operation - [User_Operationlog,20] - After User_Operation method: monitorFfmpegProcess
2024-08-23 20:58:50.004 [,] [scheduling-1] INFO  User_Operation - [User_Operationlog,20] - After User_Operation method: monitorFfmpegProcess
2024-08-23 20:59:00.014 [,] [scheduling-1] INFO  User_Operation - [User_Operationlog,20] - After User_Operation method: monitorFfmpegProcess
2024-08-23 20:59:10.012 [,] [scheduling-1] INFO  User_Operation - [User_Operationlog,20] - After User_Operation method: monitorFfmpegProcess
2024-08-23 20:59:20.016 [,] [scheduling-1] INFO  User_Operation - [User_Operationlog,20] - After User_Operation method: monitorFfmpegProcess
2024-08-23 20:59:30.002 [,] [scheduling-1] INFO  User_Operation - [User_Operationlog,20] - After User_Operation method: monitorFfmpegProcess
2024-08-23 20:59:40.002 [,] [scheduling-1] INFO  User_Operation - [User_Operationlog,20] - After User_Operation method: monitorFfmpegProcess
2024-08-23 20:59:50.016 [,] [scheduling-1] INFO  User_Operation - [User_Operationlog,20] - After User_Operation method: monitorFfmpegProcess
2024-08-23 21:00:00.008 [,] [scheduling-1] INFO  User_Operation - [User_Operationlog,20] - After User_Operation method: monitorFfmpegProcess
2024-08-23 21:00:10.008 [,] [scheduling-1] INFO  User_Operation - [User_Operationlog,20] - After User_Operation method: monitorFfmpegProcess
2024-08-23 21:00:20.007 [,] [scheduling-1] INFO  User_Operation - [User_Operationlog,20] - After User_Operation method: monitorFfmpegProcess
2024-08-23 21:00:30.006 [,] [scheduling-1] INFO  User_Operation - [User_Operationlog,20] - After User_Operation method: monitorFfmpegProcess
2024-08-23 21:00:40.004 [,] [scheduling-1] INFO  User_Operation - [User_Operationlog,20] - After User_Operation method: monitorFfmpegProcess
2024-08-23 21:00:50.010 [,] [scheduling-1] INFO  User_Operation - [User_Operationlog,20] - After User_Operation method: monitorFfmpegProcess
2024-08-23 21:01:00.010 [,] [scheduling-1] INFO  User_Operation - [User_Operationlog,20] - After User_Operation method: monitorFfmpegProcess
2024-08-23 21:01:10.003 [,] [scheduling-1] INFO  User_Operation - [User_Operationlog,20] - After User_Operation method: monitorFfmpegProcess
2024-08-23 21:01:20.003 [,] [scheduling-1] INFO  User_Operation - [User_Operationlog,20] - After User_Operation method: monitorFfmpegProcess
2024-08-23 21:01:30.014 [,] [scheduling-1] INFO  User_Operation - [User_Operationlog,20] - After User_Operation method: monitorFfmpegProcess
2024-08-23 21:01:40.003 [,] [scheduling-1] INFO  User_Operation - [User_Operationlog,20] - After User_Operation method: monitorFfmpegProcess
2024-08-23 21:01:50.006 [,] [scheduling-1] INFO  User_Operation - [User_Operationlog,20] - After User_Operation method: monitorFfmpegProcess
2024-08-23 21:02:00.014 [,] [scheduling-1] INFO  User_Operation - [User_Operationlog,20] - After User_Operation method: monitorFfmpegProcess
2024-08-23 21:02:10.009 [,] [scheduling-1] INFO  User_Operation - [User_Operationlog,20] - After User_Operation method: monitorFfmpegProcess
2024-08-23 21:02:20.016 [,] [scheduling-1] INFO  User_Operation - [User_Operationlog,20] - After User_Operation method: monitorFfmpegProcess
2024-08-23 21:02:30.009 [,] [scheduling-1] INFO  User_Operation - [User_Operationlog,20] - After User_Operation method: monitorFfmpegProcess
2024-08-23 21:02:40.014 [,] [scheduling-1] INFO  User_Operation - [User_Operationlog,20] - After User_Operation method: monitorFfmpegProcess
2024-08-23 21:02:50.016 [,] [scheduling-1] INFO  User_Operation - [User_Operationlog,20] - After User_Operation method: monitorFfmpegProcess
2024-08-23 21:03:00.012 [,] [scheduling-1] INFO  User_Operation - [User_Operationlog,20] - After User_Operation method: monitorFfmpegProcess
2024-08-23 21:03:10.014 [,] [scheduling-1] INFO  User_Operation - [User_Operationlog,20] - After User_Operation method: monitorFfmpegProcess
2024-08-23 21:03:20.015 [,] [scheduling-1] INFO  User_Operation - [User_Operationlog,20] - After User_Operation method: monitorFfmpegProcess
2024-08-23 21:03:30.015 [,] [scheduling-1] INFO  User_Operation - [User_Operationlog,20] - After User_Operation method: monitorFfmpegProcess
2024-08-23 21:03:40.004 [,] [scheduling-1] INFO  User_Operation - [User_Operationlog,20] - After User_Operation method: monitorFfmpegProcess
2024-08-23 21:03:50.016 [,] [scheduling-1] INFO  User_Operation - [User_Operationlog,20] - After User_Operation method: monitorFfmpegProcess
2024-08-23 21:04:00.001 [,] [scheduling-1] INFO  User_Operation - [User_Operationlog,20] - After User_Operation method: monitorFfmpegProcess
2024-08-23 21:04:10.004 [,] [scheduling-1] INFO  User_Operation - [User_Operationlog,20] - After User_Operation method: monitorFfmpegProcess
2024-08-23 21:04:20.007 [,] [scheduling-1] INFO  User_Operation - [User_Operationlog,20] - After User_Operation method: monitorFfmpegProcess
2024-08-23 21:04:30.014 [,] [scheduling-1] INFO  User_Operation - [User_Operationlog,20] - After User_Operation method: monitorFfmpegProcess
2024-08-23 21:04:40.016 [,] [scheduling-1] INFO  User_Operation - [User_Operationlog,20] - After User_Operation method: monitorFfmpegProcess
2024-08-23 21:04:50.009 [,] [scheduling-1] INFO  User_Operation - [User_Operationlog,20] - After User_Operation method: monitorFfmpegProcess
2024-08-23 21:05:00.004 [,] [scheduling-1] INFO  User_Operation - [User_Operationlog,20] - After User_Operation method: monitorFfmpegProcess
2024-08-23 21:05:10.013 [,] [scheduling-1] INFO  User_Operation - [User_Operationlog,20] - After User_Operation method: monitorFfmpegProcess
2024-08-23 21:05:20.007 [,] [scheduling-1] INFO  User_Operation - [User_Operationlog,20] - After User_Operation method: monitorFfmpegProcess
2024-08-23 21:05:30.008 [,] [scheduling-1] INFO  User_Operation - [User_Operationlog,20] - After User_Operation method: monitorFfmpegProcess
2024-08-23 21:05:40.012 [,] [scheduling-1] INFO  User_Operation - [User_Operationlog,20] - After User_Operation method: monitorFfmpegProcess
2024-08-23 21:05:50.015 [,] [scheduling-1] INFO  User_Operation - [User_Operationlog,20] - After User_Operation method: monitorFfmpegProcess
2024-08-23 21:05:53.121 [,] [SpringApplicationShutdownHook] INFO  c.z.h.HikariDataSource - [close,350] - HikariPool-1 - Shutdown initiated...
2024-08-23 21:05:53.135 [,] [SpringApplicationShutdownHook] INFO  c.z.h.HikariDataSource - [close,352] - HikariPool-1 - Shutdown completed.
