2024-07-30 11:47:28.372 [,] [scheduling-1] ERROR o.s.s.s.TaskUtils$LoggingErrorHandler - [handleError,95] - Unexpected error occurred in scheduled task
java.lang.InterruptedException: null
	at java.util.concurrent.FutureTask.awaitDone(FutureTask.java:404)
	at java.util.concurrent.FutureTask.get(FutureTask.java:191)
	at com.shark.aio.base.controller.InitFFmpeg.monitorFfmpegProcess(InitFFmpeg.java:101)
	at com.shark.aio.base.controller.InitFFmpeg$$FastClassBySpringCGLIB$$6f28da27.invoke(<generated>)
	at org.springframework.cglib.proxy.MethodProxy.invoke(MethodProxy.java:218)
	at org.springframework.aop.framework.CglibAopProxy$CglibMethodInvocation.invokeJoinpoint(CglibAopProxy.java:793)
	at org.springframework.aop.framework.ReflectiveMethodInvocation.proceed(ReflectiveMethodInvocation.java:163)
	at org.springframework.aop.framework.CglibAopProxy$CglibMethodInvocation.proceed(CglibAopProxy.java:763)
	at org.springframework.aop.framework.adapter.MethodBeforeAdviceInterceptor.invoke(MethodBeforeAdviceInterceptor.java:58)
	at org.springframework.aop.framework.ReflectiveMethodInvocation.proceed(ReflectiveMethodInvocation.java:186)
	at org.springframework.aop.framework.CglibAopProxy$CglibMethodInvocation.proceed(CglibAopProxy.java:763)
	at org.springframework.aop.interceptor.ExposeInvocationInterceptor.invoke(ExposeInvocationInterceptor.java:97)
	at org.springframework.aop.framework.ReflectiveMethodInvocation.proceed(ReflectiveMethodInvocation.java:186)
	at org.springframework.aop.framework.CglibAopProxy$CglibMethodInvocation.proceed(CglibAopProxy.java:763)
	at org.springframework.aop.framework.CglibAopProxy$DynamicAdvisedInterceptor.intercept(CglibAopProxy.java:708)
	at com.shark.aio.base.controller.InitFFmpeg$$EnhancerBySpringCGLIB$$5a3f0d60.monitorFfmpegProcess(<generated>)
	at sun.reflect.NativeMethodAccessorImpl.invoke0(Native Method)
	at sun.reflect.NativeMethodAccessorImpl.invoke(NativeMethodAccessorImpl.java:62)
	at sun.reflect.DelegatingMethodAccessorImpl.invoke(DelegatingMethodAccessorImpl.java:43)
	at java.lang.reflect.Method.invoke(Method.java:498)
	at org.springframework.scheduling.support.ScheduledMethodRunnable.run(ScheduledMethodRunnable.java:84)
	at org.springframework.scheduling.support.DelegatingErrorHandlingRunnable.run(DelegatingErrorHandlingRunnable.java:54)
	at org.springframework.scheduling.concurrent.ReschedulingRunnable.run(ReschedulingRunnable.java:95)
	at java.util.concurrent.Executors$RunnableAdapter.call(Executors.java:511)
	at java.util.concurrent.FutureTask.run(FutureTask.java:266)
	at java.util.concurrent.ScheduledThreadPoolExecutor$ScheduledFutureTask.access$201(ScheduledThreadPoolExecutor.java:180)
	at java.util.concurrent.ScheduledThreadPoolExecutor$ScheduledFutureTask.run(ScheduledThreadPoolExecutor.java:293)
	at java.util.concurrent.ThreadPoolExecutor.runWorker(ThreadPoolExecutor.java:1149)
	at java.util.concurrent.ThreadPoolExecutor$Worker.run(ThreadPoolExecutor.java:624)
	at java.lang.Thread.run(Thread.java:750)
2024-07-30 11:56:22.545 [,] [scheduling-1] ERROR o.s.s.s.TaskUtils$LoggingErrorHandler - [handleError,95] - Unexpected error occurred in scheduled task
java.lang.InterruptedException: null
	at java.util.concurrent.FutureTask.awaitDone(FutureTask.java:404)
	at java.util.concurrent.FutureTask.get(FutureTask.java:191)
	at com.shark.aio.base.controller.InitFFmpeg.monitorFfmpegProcess(InitFFmpeg.java:101)
	at com.shark.aio.base.controller.InitFFmpeg$$FastClassBySpringCGLIB$$6f28da27.invoke(<generated>)
	at org.springframework.cglib.proxy.MethodProxy.invoke(MethodProxy.java:218)
	at org.springframework.aop.framework.CglibAopProxy$CglibMethodInvocation.invokeJoinpoint(CglibAopProxy.java:793)
	at org.springframework.aop.framework.ReflectiveMethodInvocation.proceed(ReflectiveMethodInvocation.java:163)
	at org.springframework.aop.framework.CglibAopProxy$CglibMethodInvocation.proceed(CglibAopProxy.java:763)
	at org.springframework.aop.framework.adapter.MethodBeforeAdviceInterceptor.invoke(MethodBeforeAdviceInterceptor.java:58)
	at org.springframework.aop.framework.ReflectiveMethodInvocation.proceed(ReflectiveMethodInvocation.java:186)
	at org.springframework.aop.framework.CglibAopProxy$CglibMethodInvocation.proceed(CglibAopProxy.java:763)
	at org.springframework.aop.interceptor.ExposeInvocationInterceptor.invoke(ExposeInvocationInterceptor.java:97)
	at org.springframework.aop.framework.ReflectiveMethodInvocation.proceed(ReflectiveMethodInvocation.java:186)
	at org.springframework.aop.framework.CglibAopProxy$CglibMethodInvocation.proceed(CglibAopProxy.java:763)
	at org.springframework.aop.framework.CglibAopProxy$DynamicAdvisedInterceptor.intercept(CglibAopProxy.java:708)
	at com.shark.aio.base.controller.InitFFmpeg$$EnhancerBySpringCGLIB$$bc515cb3.monitorFfmpegProcess(<generated>)
	at sun.reflect.NativeMethodAccessorImpl.invoke0(Native Method)
	at sun.reflect.NativeMethodAccessorImpl.invoke(NativeMethodAccessorImpl.java:62)
	at sun.reflect.DelegatingMethodAccessorImpl.invoke(DelegatingMethodAccessorImpl.java:43)
	at java.lang.reflect.Method.invoke(Method.java:498)
	at org.springframework.scheduling.support.ScheduledMethodRunnable.run(ScheduledMethodRunnable.java:84)
	at org.springframework.scheduling.support.DelegatingErrorHandlingRunnable.run(DelegatingErrorHandlingRunnable.java:54)
	at org.springframework.scheduling.concurrent.ReschedulingRunnable.run(ReschedulingRunnable.java:95)
	at java.util.concurrent.Executors$RunnableAdapter.call(Executors.java:511)
	at java.util.concurrent.FutureTask.run(FutureTask.java:266)
	at java.util.concurrent.ScheduledThreadPoolExecutor$ScheduledFutureTask.access$201(ScheduledThreadPoolExecutor.java:180)
	at java.util.concurrent.ScheduledThreadPoolExecutor$ScheduledFutureTask.run(ScheduledThreadPoolExecutor.java:293)
	at java.util.concurrent.ThreadPoolExecutor.runWorker(ThreadPoolExecutor.java:1149)
	at java.util.concurrent.ThreadPoolExecutor$Worker.run(ThreadPoolExecutor.java:624)
	at java.lang.Thread.run(Thread.java:750)
2024-07-30 11:56:57.459 [,] [scheduling-1] ERROR o.s.s.s.TaskUtils$LoggingErrorHandler - [handleError,95] - Unexpected error occurred in scheduled task
java.lang.InterruptedException: null
	at java.util.concurrent.FutureTask.awaitDone(FutureTask.java:404)
	at java.util.concurrent.FutureTask.get(FutureTask.java:191)
	at com.shark.aio.base.controller.InitFFmpeg.monitorFfmpegProcess(InitFFmpeg.java:101)
	at com.shark.aio.base.controller.InitFFmpeg$$FastClassBySpringCGLIB$$6f28da27.invoke(<generated>)
	at org.springframework.cglib.proxy.MethodProxy.invoke(MethodProxy.java:218)
	at org.springframework.aop.framework.CglibAopProxy$CglibMethodInvocation.invokeJoinpoint(CglibAopProxy.java:793)
	at org.springframework.aop.framework.ReflectiveMethodInvocation.proceed(ReflectiveMethodInvocation.java:163)
	at org.springframework.aop.framework.CglibAopProxy$CglibMethodInvocation.proceed(CglibAopProxy.java:763)
	at org.springframework.aop.framework.adapter.MethodBeforeAdviceInterceptor.invoke(MethodBeforeAdviceInterceptor.java:58)
	at org.springframework.aop.framework.ReflectiveMethodInvocation.proceed(ReflectiveMethodInvocation.java:186)
	at org.springframework.aop.framework.CglibAopProxy$CglibMethodInvocation.proceed(CglibAopProxy.java:763)
	at org.springframework.aop.interceptor.ExposeInvocationInterceptor.invoke(ExposeInvocationInterceptor.java:97)
	at org.springframework.aop.framework.ReflectiveMethodInvocation.proceed(ReflectiveMethodInvocation.java:186)
	at org.springframework.aop.framework.CglibAopProxy$CglibMethodInvocation.proceed(CglibAopProxy.java:763)
	at org.springframework.aop.framework.CglibAopProxy$DynamicAdvisedInterceptor.intercept(CglibAopProxy.java:708)
	at com.shark.aio.base.controller.InitFFmpeg$$EnhancerBySpringCGLIB$$927c959a.monitorFfmpegProcess(<generated>)
	at sun.reflect.NativeMethodAccessorImpl.invoke0(Native Method)
	at sun.reflect.NativeMethodAccessorImpl.invoke(NativeMethodAccessorImpl.java:62)
	at sun.reflect.DelegatingMethodAccessorImpl.invoke(DelegatingMethodAccessorImpl.java:43)
	at java.lang.reflect.Method.invoke(Method.java:498)
	at org.springframework.scheduling.support.ScheduledMethodRunnable.run(ScheduledMethodRunnable.java:84)
	at org.springframework.scheduling.support.DelegatingErrorHandlingRunnable.run(DelegatingErrorHandlingRunnable.java:54)
	at org.springframework.scheduling.concurrent.ReschedulingRunnable.run(ReschedulingRunnable.java:95)
	at java.util.concurrent.Executors$RunnableAdapter.call(Executors.java:511)
	at java.util.concurrent.FutureTask.run(FutureTask.java:266)
	at java.util.concurrent.ScheduledThreadPoolExecutor$ScheduledFutureTask.access$201(ScheduledThreadPoolExecutor.java:180)
	at java.util.concurrent.ScheduledThreadPoolExecutor$ScheduledFutureTask.run(ScheduledThreadPoolExecutor.java:293)
	at java.util.concurrent.ThreadPoolExecutor.runWorker(ThreadPoolExecutor.java:1149)
	at java.util.concurrent.ThreadPoolExecutor$Worker.run(ThreadPoolExecutor.java:624)
	at java.lang.Thread.run(Thread.java:750)
2024-07-30 11:57:33.701 [,] [scheduling-1] ERROR o.s.s.s.TaskUtils$LoggingErrorHandler - [handleError,95] - Unexpected error occurred in scheduled task
java.lang.InterruptedException: null
	at java.util.concurrent.FutureTask.awaitDone(FutureTask.java:404)
	at java.util.concurrent.FutureTask.get(FutureTask.java:191)
	at com.shark.aio.base.controller.InitFFmpeg.monitorFfmpegProcess(InitFFmpeg.java:101)
	at com.shark.aio.base.controller.InitFFmpeg$$FastClassBySpringCGLIB$$6f28da27.invoke(<generated>)
	at org.springframework.cglib.proxy.MethodProxy.invoke(MethodProxy.java:218)
	at org.springframework.aop.framework.CglibAopProxy$CglibMethodInvocation.invokeJoinpoint(CglibAopProxy.java:793)
	at org.springframework.aop.framework.ReflectiveMethodInvocation.proceed(ReflectiveMethodInvocation.java:163)
	at org.springframework.aop.framework.CglibAopProxy$CglibMethodInvocation.proceed(CglibAopProxy.java:763)
	at org.springframework.aop.framework.adapter.MethodBeforeAdviceInterceptor.invoke(MethodBeforeAdviceInterceptor.java:58)
	at org.springframework.aop.framework.ReflectiveMethodInvocation.proceed(ReflectiveMethodInvocation.java:186)
	at org.springframework.aop.framework.CglibAopProxy$CglibMethodInvocation.proceed(CglibAopProxy.java:763)
	at org.springframework.aop.interceptor.ExposeInvocationInterceptor.invoke(ExposeInvocationInterceptor.java:97)
	at org.springframework.aop.framework.ReflectiveMethodInvocation.proceed(ReflectiveMethodInvocation.java:186)
	at org.springframework.aop.framework.CglibAopProxy$CglibMethodInvocation.proceed(CglibAopProxy.java:763)
	at org.springframework.aop.framework.CglibAopProxy$DynamicAdvisedInterceptor.intercept(CglibAopProxy.java:708)
	at com.shark.aio.base.controller.InitFFmpeg$$EnhancerBySpringCGLIB$$c0045e0d.monitorFfmpegProcess(<generated>)
	at sun.reflect.NativeMethodAccessorImpl.invoke0(Native Method)
	at sun.reflect.NativeMethodAccessorImpl.invoke(NativeMethodAccessorImpl.java:62)
	at sun.reflect.DelegatingMethodAccessorImpl.invoke(DelegatingMethodAccessorImpl.java:43)
	at java.lang.reflect.Method.invoke(Method.java:498)
	at org.springframework.scheduling.support.ScheduledMethodRunnable.run(ScheduledMethodRunnable.java:84)
	at org.springframework.scheduling.support.DelegatingErrorHandlingRunnable.run(DelegatingErrorHandlingRunnable.java:54)
	at org.springframework.scheduling.concurrent.ReschedulingRunnable.run(ReschedulingRunnable.java:95)
	at java.util.concurrent.Executors$RunnableAdapter.call(Executors.java:511)
	at java.util.concurrent.FutureTask.run(FutureTask.java:266)
	at java.util.concurrent.ScheduledThreadPoolExecutor$ScheduledFutureTask.access$201(ScheduledThreadPoolExecutor.java:180)
	at java.util.concurrent.ScheduledThreadPoolExecutor$ScheduledFutureTask.run(ScheduledThreadPoolExecutor.java:293)
	at java.util.concurrent.ThreadPoolExecutor.runWorker(ThreadPoolExecutor.java:1149)
	at java.util.concurrent.ThreadPoolExecutor$Worker.run(ThreadPoolExecutor.java:624)
	at java.lang.Thread.run(Thread.java:750)
2024-07-30 12:01:11.767 [,] [scheduling-1] ERROR o.s.s.s.TaskUtils$LoggingErrorHandler - [handleError,95] - Unexpected error occurred in scheduled task
java.lang.InterruptedException: null
	at java.util.concurrent.FutureTask.awaitDone(FutureTask.java:404)
	at java.util.concurrent.FutureTask.get(FutureTask.java:191)
	at com.shark.aio.base.controller.InitFFmpeg.monitorFfmpegProcess(InitFFmpeg.java:101)
	at com.shark.aio.base.controller.InitFFmpeg$$FastClassBySpringCGLIB$$6f28da27.invoke(<generated>)
	at org.springframework.cglib.proxy.MethodProxy.invoke(MethodProxy.java:218)
	at org.springframework.aop.framework.CglibAopProxy$CglibMethodInvocation.invokeJoinpoint(CglibAopProxy.java:793)
	at org.springframework.aop.framework.ReflectiveMethodInvocation.proceed(ReflectiveMethodInvocation.java:163)
	at org.springframework.aop.framework.CglibAopProxy$CglibMethodInvocation.proceed(CglibAopProxy.java:763)
	at org.springframework.aop.framework.adapter.MethodBeforeAdviceInterceptor.invoke(MethodBeforeAdviceInterceptor.java:58)
	at org.springframework.aop.framework.ReflectiveMethodInvocation.proceed(ReflectiveMethodInvocation.java:186)
	at org.springframework.aop.framework.CglibAopProxy$CglibMethodInvocation.proceed(CglibAopProxy.java:763)
	at org.springframework.aop.interceptor.ExposeInvocationInterceptor.invoke(ExposeInvocationInterceptor.java:97)
	at org.springframework.aop.framework.ReflectiveMethodInvocation.proceed(ReflectiveMethodInvocation.java:186)
	at org.springframework.aop.framework.CglibAopProxy$CglibMethodInvocation.proceed(CglibAopProxy.java:763)
	at org.springframework.aop.framework.CglibAopProxy$DynamicAdvisedInterceptor.intercept(CglibAopProxy.java:708)
	at com.shark.aio.base.controller.InitFFmpeg$$EnhancerBySpringCGLIB$$bc515cb3.monitorFfmpegProcess(<generated>)
	at sun.reflect.NativeMethodAccessorImpl.invoke0(Native Method)
	at sun.reflect.NativeMethodAccessorImpl.invoke(NativeMethodAccessorImpl.java:62)
	at sun.reflect.DelegatingMethodAccessorImpl.invoke(DelegatingMethodAccessorImpl.java:43)
	at java.lang.reflect.Method.invoke(Method.java:498)
	at org.springframework.scheduling.support.ScheduledMethodRunnable.run(ScheduledMethodRunnable.java:84)
	at org.springframework.scheduling.support.DelegatingErrorHandlingRunnable.run(DelegatingErrorHandlingRunnable.java:54)
	at org.springframework.scheduling.concurrent.ReschedulingRunnable.run(ReschedulingRunnable.java:95)
	at java.util.concurrent.Executors$RunnableAdapter.call(Executors.java:511)
	at java.util.concurrent.FutureTask.run(FutureTask.java:266)
	at java.util.concurrent.ScheduledThreadPoolExecutor$ScheduledFutureTask.access$201(ScheduledThreadPoolExecutor.java:180)
	at java.util.concurrent.ScheduledThreadPoolExecutor$ScheduledFutureTask.run(ScheduledThreadPoolExecutor.java:293)
	at java.util.concurrent.ThreadPoolExecutor.runWorker(ThreadPoolExecutor.java:1149)
	at java.util.concurrent.ThreadPoolExecutor$Worker.run(ThreadPoolExecutor.java:624)
	at java.lang.Thread.run(Thread.java:750)
2024-07-30 13:27:25.342 [,] [main] ERROR c.z.h.p.HikariPool - [throwPoolInitializationException,594] - HikariPool-1 - Exception during pool initialization.
java.sql.SQLSyntaxErrorException: Unknown database 'AIOaaa'
	at com.mysql.cj.jdbc.exceptions.SQLError.createSQLException(SQLError.java:120)
	at com.mysql.cj.jdbc.exceptions.SQLExceptionsMapping.translateException(SQLExceptionsMapping.java:122)
	at com.mysql.cj.jdbc.ConnectionImpl.createNewIO(ConnectionImpl.java:829)
	at com.mysql.cj.jdbc.ConnectionImpl.<init>(ConnectionImpl.java:449)
	at com.mysql.cj.jdbc.ConnectionImpl.getInstance(ConnectionImpl.java:242)
	at com.mysql.cj.jdbc.NonRegisteringDriver.connect(NonRegisteringDriver.java:198)
	at com.zaxxer.hikari.util.DriverDataSource.getConnection(DriverDataSource.java:138)
	at com.zaxxer.hikari.pool.PoolBase.newConnection(PoolBase.java:364)
	at com.zaxxer.hikari.pool.PoolBase.newPoolEntry(PoolBase.java:206)
	at com.zaxxer.hikari.pool.HikariPool.createPoolEntry(HikariPool.java:476)
	at com.zaxxer.hikari.pool.HikariPool.checkFailFast(HikariPool.java:561)
	at com.zaxxer.hikari.pool.HikariPool.<init>(HikariPool.java:115)
	at com.zaxxer.hikari.HikariDataSource.getConnection(HikariDataSource.java:112)
	at org.springframework.jdbc.datasource.DataSourceUtils.fetchConnection(DataSourceUtils.java:159)
	at org.springframework.jdbc.datasource.DataSourceUtils.doGetConnection(DataSourceUtils.java:117)
	at org.springframework.jdbc.datasource.DataSourceUtils.getConnection(DataSourceUtils.java:80)
	at org.mybatis.spring.transaction.SpringManagedTransaction.openConnection(SpringManagedTransaction.java:84)
	at org.mybatis.spring.transaction.SpringManagedTransaction.getConnection(SpringManagedTransaction.java:70)
	at org.apache.ibatis.executor.BaseExecutor.getConnection(BaseExecutor.java:337)
	at org.apache.ibatis.executor.SimpleExecutor.prepareStatement(SimpleExecutor.java:84)
	at org.apache.ibatis.executor.SimpleExecutor.doQuery(SimpleExecutor.java:62)
	at org.apache.ibatis.executor.BaseExecutor.queryFromDatabase(BaseExecutor.java:325)
	at org.apache.ibatis.executor.BaseExecutor.query(BaseExecutor.java:156)
	at org.apache.ibatis.executor.CachingExecutor.query(CachingExecutor.java:109)
	at com.github.pagehelper.PageInterceptor.intercept(PageInterceptor.java:132)
	at org.apache.ibatis.plugin.Plugin.invoke(Plugin.java:61)
	at com.sun.proxy.$Proxy145.query(Unknown Source)
	at org.apache.ibatis.session.defaults.DefaultSqlSession.selectList(DefaultSqlSession.java:148)
	at org.apache.ibatis.session.defaults.DefaultSqlSession.selectList(DefaultSqlSession.java:141)
	at sun.reflect.NativeMethodAccessorImpl.invoke0(Native Method)
	at sun.reflect.NativeMethodAccessorImpl.invoke(NativeMethodAccessorImpl.java:62)
	at sun.reflect.DelegatingMethodAccessorImpl.invoke(DelegatingMethodAccessorImpl.java:43)
	at java.lang.reflect.Method.invoke(Method.java:498)
	at org.mybatis.spring.SqlSessionTemplate$SqlSessionInterceptor.invoke(SqlSessionTemplate.java:434)
	at com.sun.proxy.$Proxy73.selectList(Unknown Source)
	at org.mybatis.spring.SqlSessionTemplate.selectList(SqlSessionTemplate.java:231)
	at org.apache.ibatis.binding.MapperMethod.executeForMany(MapperMethod.java:128)
	at org.apache.ibatis.binding.MapperMethod.execute(MapperMethod.java:68)
	at org.apache.ibatis.binding.MapperProxy.invoke(MapperProxy.java:53)
	at com.sun.proxy.$Proxy80.getAllDeviceId(Unknown Source)
	at com.shark.aio.alarm.GradedAlarm.RedisSetex.getDeviceId(RedisSetex.java:107)
	at com.shark.aio.alarm.GradedAlarm.RedisSetex.run(RedisSetex.java:60)
	at org.springframework.boot.SpringApplication.callRunner(SpringApplication.java:762)
	at org.springframework.boot.SpringApplication.callRunners(SpringApplication.java:752)
	at org.springframework.boot.SpringApplication.run(SpringApplication.java:315)
	at org.springframework.boot.SpringApplication.run(SpringApplication.java:1306)
	at org.springframework.boot.SpringApplication.run(SpringApplication.java:1295)
	at com.shark.aio.AIOCompanyApplication.main(AIOCompanyApplication.java:24)
2024-07-30 13:27:38.256 [,] [http-nio-8084-exec-1] ERROR c.z.h.p.HikariPool - [throwPoolInitializationException,594] - HikariPool-1 - Exception during pool initialization.
java.sql.SQLSyntaxErrorException: Unknown database 'AIOaaa'
	at com.mysql.cj.jdbc.exceptions.SQLError.createSQLException(SQLError.java:120)
	at com.mysql.cj.jdbc.exceptions.SQLExceptionsMapping.translateException(SQLExceptionsMapping.java:122)
	at com.mysql.cj.jdbc.ConnectionImpl.createNewIO(ConnectionImpl.java:829)
	at com.mysql.cj.jdbc.ConnectionImpl.<init>(ConnectionImpl.java:449)
	at com.mysql.cj.jdbc.ConnectionImpl.getInstance(ConnectionImpl.java:242)
	at com.mysql.cj.jdbc.NonRegisteringDriver.connect(NonRegisteringDriver.java:198)
	at com.zaxxer.hikari.util.DriverDataSource.getConnection(DriverDataSource.java:138)
	at com.zaxxer.hikari.pool.PoolBase.newConnection(PoolBase.java:364)
	at com.zaxxer.hikari.pool.PoolBase.newPoolEntry(PoolBase.java:206)
	at com.zaxxer.hikari.pool.HikariPool.createPoolEntry(HikariPool.java:476)
	at com.zaxxer.hikari.pool.HikariPool.checkFailFast(HikariPool.java:561)
	at com.zaxxer.hikari.pool.HikariPool.<init>(HikariPool.java:115)
	at com.zaxxer.hikari.HikariDataSource.getConnection(HikariDataSource.java:112)
	at org.springframework.jdbc.datasource.DataSourceUtils.fetchConnection(DataSourceUtils.java:159)
	at org.springframework.jdbc.datasource.DataSourceUtils.doGetConnection(DataSourceUtils.java:117)
	at org.springframework.jdbc.datasource.DataSourceUtils.getConnection(DataSourceUtils.java:80)
	at org.mybatis.spring.transaction.SpringManagedTransaction.openConnection(SpringManagedTransaction.java:84)
	at org.mybatis.spring.transaction.SpringManagedTransaction.getConnection(SpringManagedTransaction.java:70)
	at org.apache.ibatis.executor.BaseExecutor.getConnection(BaseExecutor.java:337)
	at org.apache.ibatis.executor.SimpleExecutor.prepareStatement(SimpleExecutor.java:84)
	at org.apache.ibatis.executor.SimpleExecutor.doQuery(SimpleExecutor.java:62)
	at org.apache.ibatis.executor.BaseExecutor.queryFromDatabase(BaseExecutor.java:325)
	at org.apache.ibatis.executor.BaseExecutor.query(BaseExecutor.java:156)
	at org.apache.ibatis.executor.CachingExecutor.query(CachingExecutor.java:109)
	at com.github.pagehelper.PageInterceptor.intercept(PageInterceptor.java:132)
	at org.apache.ibatis.plugin.Plugin.invoke(Plugin.java:61)
	at com.sun.proxy.$Proxy145.query(Unknown Source)
	at org.apache.ibatis.session.defaults.DefaultSqlSession.selectList(DefaultSqlSession.java:148)
	at org.apache.ibatis.session.defaults.DefaultSqlSession.selectList(DefaultSqlSession.java:141)
	at org.apache.ibatis.session.defaults.DefaultSqlSession.selectOne(DefaultSqlSession.java:77)
	at sun.reflect.NativeMethodAccessorImpl.invoke0(Native Method)
	at sun.reflect.NativeMethodAccessorImpl.invoke(NativeMethodAccessorImpl.java:62)
	at sun.reflect.DelegatingMethodAccessorImpl.invoke(DelegatingMethodAccessorImpl.java:43)
	at java.lang.reflect.Method.invoke(Method.java:498)
	at org.mybatis.spring.SqlSessionTemplate$SqlSessionInterceptor.invoke(SqlSessionTemplate.java:434)
	at com.sun.proxy.$Proxy73.selectOne(Unknown Source)
	at org.mybatis.spring.SqlSessionTemplate.selectOne(SqlSessionTemplate.java:167)
	at org.apache.ibatis.binding.MapperMethod.execute(MapperMethod.java:75)
	at org.apache.ibatis.binding.MapperProxy.invoke(MapperProxy.java:53)
	at com.sun.proxy.$Proxy84.getInformation(Unknown Source)
	at sun.reflect.NativeMethodAccessorImpl.invoke0(Native Method)
	at sun.reflect.NativeMethodAccessorImpl.invoke(NativeMethodAccessorImpl.java:62)
	at sun.reflect.DelegatingMethodAccessorImpl.invoke(DelegatingMethodAccessorImpl.java:43)
	at java.lang.reflect.Method.invoke(Method.java:498)
	at org.springframework.aop.support.AopUtils.invokeJoinpointUsingReflection(AopUtils.java:344)
	at org.springframework.aop.framework.ReflectiveMethodInvocation.invokeJoinpoint(ReflectiveMethodInvocation.java:198)
	at org.springframework.aop.framework.ReflectiveMethodInvocation.proceed(ReflectiveMethodInvocation.java:163)
	at org.springframework.aop.framework.adapter.MethodBeforeAdviceInterceptor.invoke(MethodBeforeAdviceInterceptor.java:58)
	at org.springframework.aop.framework.ReflectiveMethodInvocation.proceed(ReflectiveMethodInvocation.java:186)
	at org.springframework.aop.interceptor.ExposeInvocationInterceptor.invoke(ExposeInvocationInterceptor.java:97)
	at org.springframework.aop.framework.ReflectiveMethodInvocation.proceed(ReflectiveMethodInvocation.java:186)
	at org.springframework.aop.framework.JdkDynamicAopProxy.invoke(JdkDynamicAopProxy.java:215)
	at com.sun.proxy.$Proxy85.getInformation(Unknown Source)
	at com.shark.aio.base.information.InformationController.indexWeb(InformationController.java:40)
	at com.shark.aio.base.information.InformationController$$FastClassBySpringCGLIB$$5c267fa6.invoke(<generated>)
	at org.springframework.cglib.proxy.MethodProxy.invoke(MethodProxy.java:218)
	at org.springframework.aop.framework.CglibAopProxy$CglibMethodInvocation.invokeJoinpoint(CglibAopProxy.java:793)
	at org.springframework.aop.framework.ReflectiveMethodInvocation.proceed(ReflectiveMethodInvocation.java:163)
	at org.springframework.aop.framework.CglibAopProxy$CglibMethodInvocation.proceed(CglibAopProxy.java:763)
	at org.springframework.aop.framework.adapter.MethodBeforeAdviceInterceptor.invoke(MethodBeforeAdviceInterceptor.java:58)
	at org.springframework.aop.framework.ReflectiveMethodInvocation.proceed(ReflectiveMethodInvocation.java:186)
	at org.springframework.aop.framework.CglibAopProxy$CglibMethodInvocation.proceed(CglibAopProxy.java:763)
	at org.springframework.aop.interceptor.ExposeInvocationInterceptor.invoke(ExposeInvocationInterceptor.java:97)
	at org.springframework.aop.framework.ReflectiveMethodInvocation.proceed(ReflectiveMethodInvocation.java:186)
	at org.springframework.aop.framework.CglibAopProxy$CglibMethodInvocation.proceed(CglibAopProxy.java:763)
	at org.springframework.aop.framework.CglibAopProxy$DynamicAdvisedInterceptor.intercept(CglibAopProxy.java:708)
	at com.shark.aio.base.information.InformationController$$EnhancerBySpringCGLIB$$c5dd9a70.indexWeb(<generated>)
	at sun.reflect.NativeMethodAccessorImpl.invoke0(Native Method)
	at sun.reflect.NativeMethodAccessorImpl.invoke(NativeMethodAccessorImpl.java:62)
	at sun.reflect.DelegatingMethodAccessorImpl.invoke(DelegatingMethodAccessorImpl.java:43)
	at java.lang.reflect.Method.invoke(Method.java:498)
	at org.springframework.web.method.support.InvocableHandlerMethod.doInvoke(InvocableHandlerMethod.java:205)
	at org.springframework.web.method.support.InvocableHandlerMethod.invokeForRequest(InvocableHandlerMethod.java:150)
	at org.springframework.web.servlet.mvc.method.annotation.ServletInvocableHandlerMethod.invokeAndHandle(ServletInvocableHandlerMethod.java:117)
	at org.springframework.web.servlet.mvc.method.annotation.RequestMappingHandlerAdapter.invokeHandlerMethod(RequestMappingHandlerAdapter.java:895)
	at org.springframework.web.servlet.mvc.method.annotation.RequestMappingHandlerAdapter.handleInternal(RequestMappingHandlerAdapter.java:808)
	at org.springframework.web.servlet.mvc.method.AbstractHandlerMethodAdapter.handle(AbstractHandlerMethodAdapter.java:87)
	at org.springframework.web.servlet.DispatcherServlet.doDispatch(DispatcherServlet.java:1071)
	at org.springframework.web.servlet.DispatcherServlet.doService(DispatcherServlet.java:964)
	at org.springframework.web.servlet.FrameworkServlet.processRequest(FrameworkServlet.java:1006)
	at org.springframework.web.servlet.FrameworkServlet.doGet(FrameworkServlet.java:898)
	at javax.servlet.http.HttpServlet.service(HttpServlet.java:670)
	at org.springframework.web.servlet.FrameworkServlet.service(FrameworkServlet.java:883)
	at javax.servlet.http.HttpServlet.service(HttpServlet.java:779)
	at org.apache.catalina.core.ApplicationFilterChain.internalDoFilter(ApplicationFilterChain.java:227)
	at org.apache.catalina.core.ApplicationFilterChain.doFilter(ApplicationFilterChain.java:162)
	at org.apache.tomcat.websocket.server.WsFilter.doFilter(WsFilter.java:53)
	at org.apache.catalina.core.ApplicationFilterChain.internalDoFilter(ApplicationFilterChain.java:189)
	at org.apache.catalina.core.ApplicationFilterChain.doFilter(ApplicationFilterChain.java:162)
	at org.springframework.web.filter.CharacterEncodingFilter.doFilterInternal(CharacterEncodingFilter.java:201)
	at org.springframework.web.filter.OncePerRequestFilter.doFilter(OncePerRequestFilter.java:117)
	at org.apache.catalina.core.ApplicationFilterChain.internalDoFilter(ApplicationFilterChain.java:189)
	at org.apache.catalina.core.ApplicationFilterChain.doFilter(ApplicationFilterChain.java:162)
	at org.apache.catalina.core.StandardWrapperValve.invoke(StandardWrapperValve.java:197)
	at org.apache.catalina.core.StandardContextValve.invoke(StandardContextValve.java:97)
	at org.apache.catalina.authenticator.AuthenticatorBase.invoke(AuthenticatorBase.java:541)
	at org.apache.catalina.core.StandardHostValve.invoke(StandardHostValve.java:135)
	at org.apache.catalina.valves.ErrorReportValve.invoke(ErrorReportValve.java:92)
	at org.apache.catalina.core.StandardEngineValve.invoke(StandardEngineValve.java:78)
	at org.apache.catalina.connector.CoyoteAdapter.service(CoyoteAdapter.java:360)
	at org.apache.coyote.http11.Http11Processor.service(Http11Processor.java:399)
	at org.apache.coyote.AbstractProcessorLight.process(AbstractProcessorLight.java:65)
	at org.apache.coyote.AbstractProtocol$ConnectionHandler.process(AbstractProtocol.java:893)
	at org.apache.tomcat.util.net.NioEndpoint$SocketProcessor.doRun(NioEndpoint.java:1789)
	at org.apache.tomcat.util.net.SocketProcessorBase.run(SocketProcessorBase.java:49)
	at org.apache.tomcat.util.threads.ThreadPoolExecutor.runWorker(ThreadPoolExecutor.java:1191)
	at org.apache.tomcat.util.threads.ThreadPoolExecutor$Worker.run(ThreadPoolExecutor.java:659)
	at org.apache.tomcat.util.threads.TaskThread$WrappingRunnable.run(TaskThread.java:61)
	at java.lang.Thread.run(Thread.java:750)
2024-07-30 13:27:38.259 [,] [http-nio-8084-exec-1] ERROR o.a.c.c.C.[.[.[.[dispatcherServlet] - [log,175] - Servlet.service() for servlet [dispatcherServlet] in context with path [] threw exception [Request processing failed; nested exception is org.mybatis.spring.MyBatisSystemException: nested exception is org.apache.ibatis.exceptions.PersistenceException: 
### Error querying database.  Cause: org.springframework.jdbc.CannotGetJdbcConnectionException: Failed to obtain JDBC Connection; nested exception is java.sql.SQLSyntaxErrorException: Unknown database 'AIOaaa'
### The error may exist in com/shark/aio/base/information/InformationMapping.java (best guess)
### The error may involve com.shark.aio.base.information.InformationMapping.getInformation
### The error occurred while executing a query
### Cause: org.springframework.jdbc.CannotGetJdbcConnectionException: Failed to obtain JDBC Connection; nested exception is java.sql.SQLSyntaxErrorException: Unknown database 'AIOaaa'] with root cause
java.sql.SQLSyntaxErrorException: Unknown database 'AIOaaa'
	at com.mysql.cj.jdbc.exceptions.SQLError.createSQLException(SQLError.java:120)
	at com.mysql.cj.jdbc.exceptions.SQLExceptionsMapping.translateException(SQLExceptionsMapping.java:122)
	at com.mysql.cj.jdbc.ConnectionImpl.createNewIO(ConnectionImpl.java:829)
	at com.mysql.cj.jdbc.ConnectionImpl.<init>(ConnectionImpl.java:449)
	at com.mysql.cj.jdbc.ConnectionImpl.getInstance(ConnectionImpl.java:242)
	at com.mysql.cj.jdbc.NonRegisteringDriver.connect(NonRegisteringDriver.java:198)
	at com.zaxxer.hikari.util.DriverDataSource.getConnection(DriverDataSource.java:138)
	at com.zaxxer.hikari.pool.PoolBase.newConnection(PoolBase.java:364)
	at com.zaxxer.hikari.pool.PoolBase.newPoolEntry(PoolBase.java:206)
	at com.zaxxer.hikari.pool.HikariPool.createPoolEntry(HikariPool.java:476)
	at com.zaxxer.hikari.pool.HikariPool.checkFailFast(HikariPool.java:561)
	at com.zaxxer.hikari.pool.HikariPool.<init>(HikariPool.java:115)
	at com.zaxxer.hikari.HikariDataSource.getConnection(HikariDataSource.java:112)
	at org.springframework.jdbc.datasource.DataSourceUtils.fetchConnection(DataSourceUtils.java:159)
	at org.springframework.jdbc.datasource.DataSourceUtils.doGetConnection(DataSourceUtils.java:117)
	at org.springframework.jdbc.datasource.DataSourceUtils.getConnection(DataSourceUtils.java:80)
	at org.mybatis.spring.transaction.SpringManagedTransaction.openConnection(SpringManagedTransaction.java:84)
	at org.mybatis.spring.transaction.SpringManagedTransaction.getConnection(SpringManagedTransaction.java:70)
	at org.apache.ibatis.executor.BaseExecutor.getConnection(BaseExecutor.java:337)
	at org.apache.ibatis.executor.SimpleExecutor.prepareStatement(SimpleExecutor.java:84)
	at org.apache.ibatis.executor.SimpleExecutor.doQuery(SimpleExecutor.java:62)
	at org.apache.ibatis.executor.BaseExecutor.queryFromDatabase(BaseExecutor.java:325)
	at org.apache.ibatis.executor.BaseExecutor.query(BaseExecutor.java:156)
	at org.apache.ibatis.executor.CachingExecutor.query(CachingExecutor.java:109)
	at com.github.pagehelper.PageInterceptor.intercept(PageInterceptor.java:132)
	at org.apache.ibatis.plugin.Plugin.invoke(Plugin.java:61)
	at com.sun.proxy.$Proxy145.query(Unknown Source)
	at org.apache.ibatis.session.defaults.DefaultSqlSession.selectList(DefaultSqlSession.java:148)
	at org.apache.ibatis.session.defaults.DefaultSqlSession.selectList(DefaultSqlSession.java:141)
	at org.apache.ibatis.session.defaults.DefaultSqlSession.selectOne(DefaultSqlSession.java:77)
	at sun.reflect.NativeMethodAccessorImpl.invoke0(Native Method)
	at sun.reflect.NativeMethodAccessorImpl.invoke(NativeMethodAccessorImpl.java:62)
	at sun.reflect.DelegatingMethodAccessorImpl.invoke(DelegatingMethodAccessorImpl.java:43)
	at java.lang.reflect.Method.invoke(Method.java:498)
	at org.mybatis.spring.SqlSessionTemplate$SqlSessionInterceptor.invoke(SqlSessionTemplate.java:434)
	at com.sun.proxy.$Proxy73.selectOne(Unknown Source)
	at org.mybatis.spring.SqlSessionTemplate.selectOne(SqlSessionTemplate.java:167)
	at org.apache.ibatis.binding.MapperMethod.execute(MapperMethod.java:75)
	at org.apache.ibatis.binding.MapperProxy.invoke(MapperProxy.java:53)
	at com.sun.proxy.$Proxy84.getInformation(Unknown Source)
	at sun.reflect.NativeMethodAccessorImpl.invoke0(Native Method)
	at sun.reflect.NativeMethodAccessorImpl.invoke(NativeMethodAccessorImpl.java:62)
	at sun.reflect.DelegatingMethodAccessorImpl.invoke(DelegatingMethodAccessorImpl.java:43)
	at java.lang.reflect.Method.invoke(Method.java:498)
	at org.springframework.aop.support.AopUtils.invokeJoinpointUsingReflection(AopUtils.java:344)
	at org.springframework.aop.framework.ReflectiveMethodInvocation.invokeJoinpoint(ReflectiveMethodInvocation.java:198)
	at org.springframework.aop.framework.ReflectiveMethodInvocation.proceed(ReflectiveMethodInvocation.java:163)
	at org.springframework.aop.framework.adapter.MethodBeforeAdviceInterceptor.invoke(MethodBeforeAdviceInterceptor.java:58)
	at org.springframework.aop.framework.ReflectiveMethodInvocation.proceed(ReflectiveMethodInvocation.java:186)
	at org.springframework.aop.interceptor.ExposeInvocationInterceptor.invoke(ExposeInvocationInterceptor.java:97)
	at org.springframework.aop.framework.ReflectiveMethodInvocation.proceed(ReflectiveMethodInvocation.java:186)
	at org.springframework.aop.framework.JdkDynamicAopProxy.invoke(JdkDynamicAopProxy.java:215)
	at com.sun.proxy.$Proxy85.getInformation(Unknown Source)
	at com.shark.aio.base.information.InformationController.indexWeb(InformationController.java:40)
	at com.shark.aio.base.information.InformationController$$FastClassBySpringCGLIB$$5c267fa6.invoke(<generated>)
	at org.springframework.cglib.proxy.MethodProxy.invoke(MethodProxy.java:218)
	at org.springframework.aop.framework.CglibAopProxy$CglibMethodInvocation.invokeJoinpoint(CglibAopProxy.java:793)
	at org.springframework.aop.framework.ReflectiveMethodInvocation.proceed(ReflectiveMethodInvocation.java:163)
	at org.springframework.aop.framework.CglibAopProxy$CglibMethodInvocation.proceed(CglibAopProxy.java:763)
	at org.springframework.aop.framework.adapter.MethodBeforeAdviceInterceptor.invoke(MethodBeforeAdviceInterceptor.java:58)
	at org.springframework.aop.framework.ReflectiveMethodInvocation.proceed(ReflectiveMethodInvocation.java:186)
	at org.springframework.aop.framework.CglibAopProxy$CglibMethodInvocation.proceed(CglibAopProxy.java:763)
	at org.springframework.aop.interceptor.ExposeInvocationInterceptor.invoke(ExposeInvocationInterceptor.java:97)
	at org.springframework.aop.framework.ReflectiveMethodInvocation.proceed(ReflectiveMethodInvocation.java:186)
	at org.springframework.aop.framework.CglibAopProxy$CglibMethodInvocation.proceed(CglibAopProxy.java:763)
	at org.springframework.aop.framework.CglibAopProxy$DynamicAdvisedInterceptor.intercept(CglibAopProxy.java:708)
	at com.shark.aio.base.information.InformationController$$EnhancerBySpringCGLIB$$c5dd9a70.indexWeb(<generated>)
	at sun.reflect.NativeMethodAccessorImpl.invoke0(Native Method)
	at sun.reflect.NativeMethodAccessorImpl.invoke(NativeMethodAccessorImpl.java:62)
	at sun.reflect.DelegatingMethodAccessorImpl.invoke(DelegatingMethodAccessorImpl.java:43)
	at java.lang.reflect.Method.invoke(Method.java:498)
	at org.springframework.web.method.support.InvocableHandlerMethod.doInvoke(InvocableHandlerMethod.java:205)
	at org.springframework.web.method.support.InvocableHandlerMethod.invokeForRequest(InvocableHandlerMethod.java:150)
	at org.springframework.web.servlet.mvc.method.annotation.ServletInvocableHandlerMethod.invokeAndHandle(ServletInvocableHandlerMethod.java:117)
	at org.springframework.web.servlet.mvc.method.annotation.RequestMappingHandlerAdapter.invokeHandlerMethod(RequestMappingHandlerAdapter.java:895)
	at org.springframework.web.servlet.mvc.method.annotation.RequestMappingHandlerAdapter.handleInternal(RequestMappingHandlerAdapter.java:808)
	at org.springframework.web.servlet.mvc.method.AbstractHandlerMethodAdapter.handle(AbstractHandlerMethodAdapter.java:87)
	at org.springframework.web.servlet.DispatcherServlet.doDispatch(DispatcherServlet.java:1071)
	at org.springframework.web.servlet.DispatcherServlet.doService(DispatcherServlet.java:964)
	at org.springframework.web.servlet.FrameworkServlet.processRequest(FrameworkServlet.java:1006)
	at org.springframework.web.servlet.FrameworkServlet.doGet(FrameworkServlet.java:898)
	at javax.servlet.http.HttpServlet.service(HttpServlet.java:670)
	at org.springframework.web.servlet.FrameworkServlet.service(FrameworkServlet.java:883)
	at javax.servlet.http.HttpServlet.service(HttpServlet.java:779)
	at org.apache.catalina.core.ApplicationFilterChain.internalDoFilter(ApplicationFilterChain.java:227)
	at org.apache.catalina.core.ApplicationFilterChain.doFilter(ApplicationFilterChain.java:162)
	at org.apache.tomcat.websocket.server.WsFilter.doFilter(WsFilter.java:53)
	at org.apache.catalina.core.ApplicationFilterChain.internalDoFilter(ApplicationFilterChain.java:189)
	at org.apache.catalina.core.ApplicationFilterChain.doFilter(ApplicationFilterChain.java:162)
	at org.springframework.web.filter.CharacterEncodingFilter.doFilterInternal(CharacterEncodingFilter.java:201)
	at org.springframework.web.filter.OncePerRequestFilter.doFilter(OncePerRequestFilter.java:117)
	at org.apache.catalina.core.ApplicationFilterChain.internalDoFilter(ApplicationFilterChain.java:189)
	at org.apache.catalina.core.ApplicationFilterChain.doFilter(ApplicationFilterChain.java:162)
	at org.apache.catalina.core.StandardWrapperValve.invoke(StandardWrapperValve.java:197)
	at org.apache.catalina.core.StandardContextValve.invoke(StandardContextValve.java:97)
	at org.apache.catalina.authenticator.AuthenticatorBase.invoke(AuthenticatorBase.java:541)
	at org.apache.catalina.core.StandardHostValve.invoke(StandardHostValve.java:135)
	at org.apache.catalina.valves.ErrorReportValve.invoke(ErrorReportValve.java:92)
	at org.apache.catalina.core.StandardEngineValve.invoke(StandardEngineValve.java:78)
	at org.apache.catalina.connector.CoyoteAdapter.service(CoyoteAdapter.java:360)
	at org.apache.coyote.http11.Http11Processor.service(Http11Processor.java:399)
	at org.apache.coyote.AbstractProcessorLight.process(AbstractProcessorLight.java:65)
	at org.apache.coyote.AbstractProtocol$ConnectionHandler.process(AbstractProtocol.java:893)
	at org.apache.tomcat.util.net.NioEndpoint$SocketProcessor.doRun(NioEndpoint.java:1789)
	at org.apache.tomcat.util.net.SocketProcessorBase.run(SocketProcessorBase.java:49)
	at org.apache.tomcat.util.threads.ThreadPoolExecutor.runWorker(ThreadPoolExecutor.java:1191)
	at org.apache.tomcat.util.threads.ThreadPoolExecutor$Worker.run(ThreadPoolExecutor.java:659)
	at org.apache.tomcat.util.threads.TaskThread$WrappingRunnable.run(TaskThread.java:61)
	at java.lang.Thread.run(Thread.java:750)
2024-07-30 13:33:25.541 [,] [main] ERROR o.s.b.d.LoggingFailureAnalysisReporter - [report,40] - 

***************************
APPLICATION FAILED TO START
***************************

Description:

Failed to configure a DataSource: 'url' attribute is not specified and no embedded datasource could be configured.

Reason: Failed to determine a suitable driver class


Action:

Consider the following:
	If you want an embedded database (H2, HSQL or Derby), please put it on the classpath.
	If you have database settings to be loaded from a particular profile you may need to activate it (no profiles are currently active).

2024-07-30 13:41:20.757 [,] [scheduling-1] ERROR o.s.s.s.TaskUtils$LoggingErrorHandler - [handleError,95] - Unexpected error occurred in scheduled task
java.lang.InterruptedException: null
	at java.util.concurrent.FutureTask.awaitDone(FutureTask.java:404)
	at java.util.concurrent.FutureTask.get(FutureTask.java:191)
	at com.shark.aio.base.controller.InitFFmpeg.monitorFfmpegProcess(InitFFmpeg.java:100)
	at com.shark.aio.base.controller.InitFFmpeg$$FastClassBySpringCGLIB$$6f28da27.invoke(<generated>)
	at org.springframework.cglib.proxy.MethodProxy.invoke(MethodProxy.java:218)
	at org.springframework.aop.framework.CglibAopProxy$CglibMethodInvocation.invokeJoinpoint(CglibAopProxy.java:793)
	at org.springframework.aop.framework.ReflectiveMethodInvocation.proceed(ReflectiveMethodInvocation.java:163)
	at org.springframework.aop.framework.CglibAopProxy$CglibMethodInvocation.proceed(CglibAopProxy.java:763)
	at org.springframework.aop.framework.adapter.MethodBeforeAdviceInterceptor.invoke(MethodBeforeAdviceInterceptor.java:58)
	at org.springframework.aop.framework.ReflectiveMethodInvocation.proceed(ReflectiveMethodInvocation.java:186)
	at org.springframework.aop.framework.CglibAopProxy$CglibMethodInvocation.proceed(CglibAopProxy.java:763)
	at org.springframework.aop.interceptor.ExposeInvocationInterceptor.invoke(ExposeInvocationInterceptor.java:97)
	at org.springframework.aop.framework.ReflectiveMethodInvocation.proceed(ReflectiveMethodInvocation.java:186)
	at org.springframework.aop.framework.CglibAopProxy$CglibMethodInvocation.proceed(CglibAopProxy.java:763)
	at org.springframework.aop.framework.CglibAopProxy$DynamicAdvisedInterceptor.intercept(CglibAopProxy.java:708)
	at com.shark.aio.base.controller.InitFFmpeg$$EnhancerBySpringCGLIB$$7f8cc293.monitorFfmpegProcess(<generated>)
	at sun.reflect.NativeMethodAccessorImpl.invoke0(Native Method)
	at sun.reflect.NativeMethodAccessorImpl.invoke(NativeMethodAccessorImpl.java:62)
	at sun.reflect.DelegatingMethodAccessorImpl.invoke(DelegatingMethodAccessorImpl.java:43)
	at java.lang.reflect.Method.invoke(Method.java:498)
	at org.springframework.scheduling.support.ScheduledMethodRunnable.run(ScheduledMethodRunnable.java:84)
	at org.springframework.scheduling.support.DelegatingErrorHandlingRunnable.run(DelegatingErrorHandlingRunnable.java:54)
	at org.springframework.scheduling.concurrent.ReschedulingRunnable.run(ReschedulingRunnable.java:95)
	at java.util.concurrent.Executors$RunnableAdapter.call(Executors.java:511)
	at java.util.concurrent.FutureTask.run(FutureTask.java:266)
	at java.util.concurrent.ScheduledThreadPoolExecutor$ScheduledFutureTask.access$201(ScheduledThreadPoolExecutor.java:180)
	at java.util.concurrent.ScheduledThreadPoolExecutor$ScheduledFutureTask.run(ScheduledThreadPoolExecutor.java:293)
	at java.util.concurrent.ThreadPoolExecutor.runWorker(ThreadPoolExecutor.java:1149)
	at java.util.concurrent.ThreadPoolExecutor$Worker.run(ThreadPoolExecutor.java:624)
	at java.lang.Thread.run(Thread.java:750)
2024-07-30 13:54:07.497 [,] [main] ERROR o.s.b.SpringApplication - [reportFailure,824] - Application run failed
org.springframework.beans.factory.UnsatisfiedDependencyException: Error creating bean with name 'baseController': Unsatisfied dependency expressed through field 'fFmpegConfiguration'; nested exception is org.springframework.beans.factory.BeanCreationException: Error creating bean with name 'FFmpegConfiguration': Injection of autowired dependencies failed; nested exception is java.lang.IllegalArgumentException: Could not resolve placeholder 'ffmpeg.enable' in value "${ffmpeg.enable}"
	at org.springframework.beans.factory.annotation.AutowiredAnnotationBeanPostProcessor$AutowiredFieldElement.resolveFieldValue(AutowiredAnnotationBeanPostProcessor.java:659)
	at org.springframework.beans.factory.annotation.AutowiredAnnotationBeanPostProcessor$AutowiredFieldElement.inject(AutowiredAnnotationBeanPostProcessor.java:639)
	at org.springframework.beans.factory.annotation.InjectionMetadata.inject(InjectionMetadata.java:119)
	at org.springframework.beans.factory.annotation.AutowiredAnnotationBeanPostProcessor.postProcessProperties(AutowiredAnnotationBeanPostProcessor.java:399)
	at org.springframework.beans.factory.support.AbstractAutowireCapableBeanFactory.populateBean(AbstractAutowireCapableBeanFactory.java:1431)
	at org.springframework.beans.factory.support.AbstractAutowireCapableBeanFactory.doCreateBean(AbstractAutowireCapableBeanFactory.java:619)
	at org.springframework.beans.factory.support.AbstractAutowireCapableBeanFactory.createBean(AbstractAutowireCapableBeanFactory.java:542)
	at org.springframework.beans.factory.support.AbstractBeanFactory.lambda$doGetBean$0(AbstractBeanFactory.java:335)
	at org.springframework.beans.factory.support.DefaultSingletonBeanRegistry.getSingleton(DefaultSingletonBeanRegistry.java:234)
	at org.springframework.beans.factory.support.AbstractBeanFactory.doGetBean(AbstractBeanFactory.java:333)
	at org.springframework.beans.factory.support.AbstractBeanFactory.getBean(AbstractBeanFactory.java:208)
	at org.springframework.beans.factory.support.DefaultListableBeanFactory.preInstantiateSingletons(DefaultListableBeanFactory.java:955)
	at org.springframework.context.support.AbstractApplicationContext.finishBeanFactoryInitialization(AbstractApplicationContext.java:918)
	at org.springframework.context.support.AbstractApplicationContext.refresh(AbstractApplicationContext.java:583)
	at org.springframework.boot.web.servlet.context.ServletWebServerApplicationContext.refresh(ServletWebServerApplicationContext.java:147)
	at org.springframework.boot.SpringApplication.refresh(SpringApplication.java:734)
	at org.springframework.boot.SpringApplication.refreshContext(SpringApplication.java:408)
	at org.springframework.boot.SpringApplication.run(SpringApplication.java:308)
	at org.springframework.boot.SpringApplication.run(SpringApplication.java:1306)
	at org.springframework.boot.SpringApplication.run(SpringApplication.java:1295)
	at com.shark.aio.AIOCompanyApplication.main(AIOCompanyApplication.java:24)
Caused by: org.springframework.beans.factory.BeanCreationException: Error creating bean with name 'FFmpegConfiguration': Injection of autowired dependencies failed; nested exception is java.lang.IllegalArgumentException: Could not resolve placeholder 'ffmpeg.enable' in value "${ffmpeg.enable}"
	at org.springframework.beans.factory.annotation.AutowiredAnnotationBeanPostProcessor.postProcessProperties(AutowiredAnnotationBeanPostProcessor.java:405)
	at org.springframework.beans.factory.support.AbstractAutowireCapableBeanFactory.populateBean(AbstractAutowireCapableBeanFactory.java:1431)
	at org.springframework.beans.factory.support.AbstractAutowireCapableBeanFactory.doCreateBean(AbstractAutowireCapableBeanFactory.java:619)
	at org.springframework.beans.factory.support.AbstractAutowireCapableBeanFactory.createBean(AbstractAutowireCapableBeanFactory.java:542)
	at org.springframework.beans.factory.support.AbstractBeanFactory.lambda$doGetBean$0(AbstractBeanFactory.java:335)
	at org.springframework.beans.factory.support.DefaultSingletonBeanRegistry.getSingleton(DefaultSingletonBeanRegistry.java:234)
	at org.springframework.beans.factory.support.AbstractBeanFactory.doGetBean(AbstractBeanFactory.java:333)
	at org.springframework.beans.factory.support.AbstractBeanFactory.getBean(AbstractBeanFactory.java:208)
	at org.springframework.beans.factory.config.DependencyDescriptor.resolveCandidate(DependencyDescriptor.java:276)
	at org.springframework.beans.factory.support.DefaultListableBeanFactory.doResolveDependency(DefaultListableBeanFactory.java:1391)
	at org.springframework.beans.factory.support.DefaultListableBeanFactory.resolveDependency(DefaultListableBeanFactory.java:1311)
	at org.springframework.beans.factory.annotation.AutowiredAnnotationBeanPostProcessor$AutowiredFieldElement.resolveFieldValue(AutowiredAnnotationBeanPostProcessor.java:656)
	... 20 common frames omitted
Caused by: java.lang.IllegalArgumentException: Could not resolve placeholder 'ffmpeg.enable' in value "${ffmpeg.enable}"
	at org.springframework.util.PropertyPlaceholderHelper.parseStringValue(PropertyPlaceholderHelper.java:180)
	at org.springframework.util.PropertyPlaceholderHelper.replacePlaceholders(PropertyPlaceholderHelper.java:126)
	at org.springframework.core.env.AbstractPropertyResolver.doResolvePlaceholders(AbstractPropertyResolver.java:239)
	at org.springframework.core.env.AbstractPropertyResolver.resolveRequiredPlaceholders(AbstractPropertyResolver.java:210)
	at org.springframework.context.support.PropertySourcesPlaceholderConfigurer.lambda$processProperties$0(PropertySourcesPlaceholderConfigurer.java:191)
	at org.springframework.beans.factory.support.AbstractBeanFactory.resolveEmbeddedValue(AbstractBeanFactory.java:936)
	at org.springframework.beans.factory.support.DefaultListableBeanFactory.doResolveDependency(DefaultListableBeanFactory.java:1332)
	at org.springframework.beans.factory.support.DefaultListableBeanFactory.resolveDependency(DefaultListableBeanFactory.java:1311)
	at org.springframework.beans.factory.annotation.AutowiredAnnotationBeanPostProcessor$AutowiredFieldElement.resolveFieldValue(AutowiredAnnotationBeanPostProcessor.java:656)
	at org.springframework.beans.factory.annotation.AutowiredAnnotationBeanPostProcessor$AutowiredFieldElement.inject(AutowiredAnnotationBeanPostProcessor.java:639)
	at org.springframework.beans.factory.annotation.InjectionMetadata.inject(InjectionMetadata.java:119)
	at org.springframework.beans.factory.annotation.AutowiredAnnotationBeanPostProcessor.postProcessProperties(AutowiredAnnotationBeanPostProcessor.java:399)
	... 31 common frames omitted
2024-07-30 13:55:59.075 [,] [http-nio-8084-exec-1] ERROR o.t.TemplateEngine - [process,1136] - [THYMELEAF][http-nio-8084-exec-1] Exception processing template "index": Exception evaluating SpringEL expression: "session.userEntity.icon" (template: "blank" - line 68, col 30)
org.thymeleaf.exceptions.TemplateProcessingException: Exception evaluating SpringEL expression: "session.userEntity.icon" (template: "blank" - line 68, col 30)
	at org.thymeleaf.spring5.expression.SPELVariableExpressionEvaluator.evaluate(SPELVariableExpressionEvaluator.java:292)
	at org.thymeleaf.standard.expression.VariableExpression.executeVariableExpression(VariableExpression.java:166)
	at org.thymeleaf.standard.expression.SimpleExpression.executeSimple(SimpleExpression.java:66)
	at org.thymeleaf.standard.expression.Expression.execute(Expression.java:109)
	at org.thymeleaf.standard.expression.AdditionExpression.executeAddition(AdditionExpression.java:96)
	at org.thymeleaf.standard.expression.ComplexExpression.executeComplex(ComplexExpression.java:62)
	at org.thymeleaf.standard.expression.Expression.execute(Expression.java:112)
	at org.thymeleaf.standard.expression.Expression.execute(Expression.java:138)
	at org.thymeleaf.standard.expression.LinkExpression.executeLinkExpression(LinkExpression.java:264)
	at org.thymeleaf.standard.expression.SimpleExpression.executeSimple(SimpleExpression.java:85)
	at org.thymeleaf.standard.expression.Expression.execute(Expression.java:109)
	at org.thymeleaf.standard.expression.Expression.execute(Expression.java:138)
	at org.thymeleaf.standard.processor.AbstractStandardExpressionAttributeTagProcessor.doProcess(AbstractStandardExpressionAttributeTagProcessor.java:144)
	at org.thymeleaf.processor.element.AbstractAttributeTagProcessor.doProcess(AbstractAttributeTagProcessor.java:74)
	at org.thymeleaf.processor.element.AbstractElementTagProcessor.process(AbstractElementTagProcessor.java:95)
	at org.thymeleaf.util.ProcessorConfigurationUtils$ElementTagProcessorWrapper.process(ProcessorConfigurationUtils.java:633)
	at org.thymeleaf.engine.ProcessorTemplateHandler.handleStandaloneElement(ProcessorTemplateHandler.java:918)
	at org.thymeleaf.engine.StandaloneElementTag.beHandled(StandaloneElementTag.java:228)
	at org.thymeleaf.engine.Model.process(Model.java:282)
	at org.thymeleaf.engine.ProcessorTemplateHandler.handleOpenElement(ProcessorTemplateHandler.java:1587)
	at org.thymeleaf.engine.OpenElementTag.beHandled(OpenElementTag.java:205)
	at org.thymeleaf.engine.TemplateModel.process(TemplateModel.java:136)
	at org.thymeleaf.engine.TemplateManager.parseAndProcess(TemplateManager.java:661)
	at org.thymeleaf.TemplateEngine.process(TemplateEngine.java:1098)
	at org.thymeleaf.TemplateEngine.process(TemplateEngine.java:1072)
	at org.thymeleaf.spring5.view.ThymeleafView.renderFragment(ThymeleafView.java:366)
	at org.thymeleaf.spring5.view.ThymeleafView.render(ThymeleafView.java:190)
	at org.springframework.web.servlet.DispatcherServlet.render(DispatcherServlet.java:1405)
	at org.springframework.web.servlet.DispatcherServlet.processDispatchResult(DispatcherServlet.java:1149)
	at org.springframework.web.servlet.DispatcherServlet.doDispatch(DispatcherServlet.java:1088)
	at org.springframework.web.servlet.DispatcherServlet.doService(DispatcherServlet.java:964)
	at org.springframework.web.servlet.FrameworkServlet.processRequest(FrameworkServlet.java:1006)
	at org.springframework.web.servlet.FrameworkServlet.doGet(FrameworkServlet.java:898)
	at javax.servlet.http.HttpServlet.service(HttpServlet.java:670)
	at org.springframework.web.servlet.FrameworkServlet.service(FrameworkServlet.java:883)
	at javax.servlet.http.HttpServlet.service(HttpServlet.java:779)
	at org.apache.catalina.core.ApplicationFilterChain.internalDoFilter(ApplicationFilterChain.java:227)
	at org.apache.catalina.core.ApplicationFilterChain.doFilter(ApplicationFilterChain.java:162)
	at org.apache.tomcat.websocket.server.WsFilter.doFilter(WsFilter.java:53)
	at org.apache.catalina.core.ApplicationFilterChain.internalDoFilter(ApplicationFilterChain.java:189)
	at org.apache.catalina.core.ApplicationFilterChain.doFilter(ApplicationFilterChain.java:162)
	at org.springframework.web.filter.CharacterEncodingFilter.doFilterInternal(CharacterEncodingFilter.java:201)
	at org.springframework.web.filter.OncePerRequestFilter.doFilter(OncePerRequestFilter.java:117)
	at org.apache.catalina.core.ApplicationFilterChain.internalDoFilter(ApplicationFilterChain.java:189)
	at org.apache.catalina.core.ApplicationFilterChain.doFilter(ApplicationFilterChain.java:162)
	at org.apache.catalina.core.StandardWrapperValve.invoke(StandardWrapperValve.java:197)
	at org.apache.catalina.core.StandardContextValve.invoke(StandardContextValve.java:97)
	at org.apache.catalina.authenticator.AuthenticatorBase.invoke(AuthenticatorBase.java:541)
	at org.apache.catalina.core.StandardHostValve.invoke(StandardHostValve.java:135)
	at org.apache.catalina.valves.ErrorReportValve.invoke(ErrorReportValve.java:92)
	at org.apache.catalina.core.StandardEngineValve.invoke(StandardEngineValve.java:78)
	at org.apache.catalina.connector.CoyoteAdapter.service(CoyoteAdapter.java:360)
	at org.apache.coyote.http11.Http11Processor.service(Http11Processor.java:399)
	at org.apache.coyote.AbstractProcessorLight.process(AbstractProcessorLight.java:65)
	at org.apache.coyote.AbstractProtocol$ConnectionHandler.process(AbstractProtocol.java:893)
	at org.apache.tomcat.util.net.NioEndpoint$SocketProcessor.doRun(NioEndpoint.java:1789)
	at org.apache.tomcat.util.net.SocketProcessorBase.run(SocketProcessorBase.java:49)
	at org.apache.tomcat.util.threads.ThreadPoolExecutor.runWorker(ThreadPoolExecutor.java:1191)
	at org.apache.tomcat.util.threads.ThreadPoolExecutor$Worker.run(ThreadPoolExecutor.java:659)
	at org.apache.tomcat.util.threads.TaskThread$WrappingRunnable.run(TaskThread.java:61)
	at java.lang.Thread.run(Thread.java:750)
Caused by: org.springframework.expression.spel.SpelEvaluationException: EL1007E: Property or field 'icon' cannot be found on null
	at org.springframework.expression.spel.ast.PropertyOrFieldReference.readProperty(PropertyOrFieldReference.java:213)
	at org.springframework.expression.spel.ast.PropertyOrFieldReference.getValueInternal(PropertyOrFieldReference.java:104)
	at org.springframework.expression.spel.ast.PropertyOrFieldReference.access$000(PropertyOrFieldReference.java:51)
	at org.springframework.expression.spel.ast.PropertyOrFieldReference$AccessorLValue.getValue(PropertyOrFieldReference.java:406)
	at org.springframework.expression.spel.ast.CompoundExpression.getValueInternal(CompoundExpression.java:92)
	at org.springframework.expression.spel.ast.SpelNodeImpl.getValue(SpelNodeImpl.java:112)
	at org.springframework.expression.spel.standard.SpelExpression.getValue(SpelExpression.java:338)
	at org.thymeleaf.spring5.expression.SPELVariableExpressionEvaluator.evaluate(SPELVariableExpressionEvaluator.java:265)
	... 60 common frames omitted
2024-07-30 13:55:59.076 [,] [http-nio-8084-exec-1] ERROR o.a.c.c.C.[.[.[.[dispatcherServlet] - [log,175] - Servlet.service() for servlet [dispatcherServlet] in context with path [] threw exception [Request processing failed; nested exception is org.thymeleaf.exceptions.TemplateProcessingException: Exception evaluating SpringEL expression: "session.userEntity.icon" (template: "blank" - line 68, col 30)] with root cause
org.springframework.expression.spel.SpelEvaluationException: EL1007E: Property or field 'icon' cannot be found on null
	at org.springframework.expression.spel.ast.PropertyOrFieldReference.readProperty(PropertyOrFieldReference.java:213)
	at org.springframework.expression.spel.ast.PropertyOrFieldReference.getValueInternal(PropertyOrFieldReference.java:104)
	at org.springframework.expression.spel.ast.PropertyOrFieldReference.access$000(PropertyOrFieldReference.java:51)
	at org.springframework.expression.spel.ast.PropertyOrFieldReference$AccessorLValue.getValue(PropertyOrFieldReference.java:406)
	at org.springframework.expression.spel.ast.CompoundExpression.getValueInternal(CompoundExpression.java:92)
	at org.springframework.expression.spel.ast.SpelNodeImpl.getValue(SpelNodeImpl.java:112)
	at org.springframework.expression.spel.standard.SpelExpression.getValue(SpelExpression.java:338)
	at org.thymeleaf.spring5.expression.SPELVariableExpressionEvaluator.evaluate(SPELVariableExpressionEvaluator.java:265)
	at org.thymeleaf.standard.expression.VariableExpression.executeVariableExpression(VariableExpression.java:166)
	at org.thymeleaf.standard.expression.SimpleExpression.executeSimple(SimpleExpression.java:66)
	at org.thymeleaf.standard.expression.Expression.execute(Expression.java:109)
	at org.thymeleaf.standard.expression.AdditionExpression.executeAddition(AdditionExpression.java:96)
	at org.thymeleaf.standard.expression.ComplexExpression.executeComplex(ComplexExpression.java:62)
	at org.thymeleaf.standard.expression.Expression.execute(Expression.java:112)
	at org.thymeleaf.standard.expression.Expression.execute(Expression.java:138)
	at org.thymeleaf.standard.expression.LinkExpression.executeLinkExpression(LinkExpression.java:264)
	at org.thymeleaf.standard.expression.SimpleExpression.executeSimple(SimpleExpression.java:85)
	at org.thymeleaf.standard.expression.Expression.execute(Expression.java:109)
	at org.thymeleaf.standard.expression.Expression.execute(Expression.java:138)
	at org.thymeleaf.standard.processor.AbstractStandardExpressionAttributeTagProcessor.doProcess(AbstractStandardExpressionAttributeTagProcessor.java:144)
	at org.thymeleaf.processor.element.AbstractAttributeTagProcessor.doProcess(AbstractAttributeTagProcessor.java:74)
	at org.thymeleaf.processor.element.AbstractElementTagProcessor.process(AbstractElementTagProcessor.java:95)
	at org.thymeleaf.util.ProcessorConfigurationUtils$ElementTagProcessorWrapper.process(ProcessorConfigurationUtils.java:633)
	at org.thymeleaf.engine.ProcessorTemplateHandler.handleStandaloneElement(ProcessorTemplateHandler.java:918)
	at org.thymeleaf.engine.StandaloneElementTag.beHandled(StandaloneElementTag.java:228)
	at org.thymeleaf.engine.Model.process(Model.java:282)
	at org.thymeleaf.engine.ProcessorTemplateHandler.handleOpenElement(ProcessorTemplateHandler.java:1587)
	at org.thymeleaf.engine.OpenElementTag.beHandled(OpenElementTag.java:205)
	at org.thymeleaf.engine.TemplateModel.process(TemplateModel.java:136)
	at org.thymeleaf.engine.TemplateManager.parseAndProcess(TemplateManager.java:661)
	at org.thymeleaf.TemplateEngine.process(TemplateEngine.java:1098)
	at org.thymeleaf.TemplateEngine.process(TemplateEngine.java:1072)
	at org.thymeleaf.spring5.view.ThymeleafView.renderFragment(ThymeleafView.java:366)
	at org.thymeleaf.spring5.view.ThymeleafView.render(ThymeleafView.java:190)
	at org.springframework.web.servlet.DispatcherServlet.render(DispatcherServlet.java:1405)
	at org.springframework.web.servlet.DispatcherServlet.processDispatchResult(DispatcherServlet.java:1149)
	at org.springframework.web.servlet.DispatcherServlet.doDispatch(DispatcherServlet.java:1088)
	at org.springframework.web.servlet.DispatcherServlet.doService(DispatcherServlet.java:964)
	at org.springframework.web.servlet.FrameworkServlet.processRequest(FrameworkServlet.java:1006)
	at org.springframework.web.servlet.FrameworkServlet.doGet(FrameworkServlet.java:898)
	at javax.servlet.http.HttpServlet.service(HttpServlet.java:670)
	at org.springframework.web.servlet.FrameworkServlet.service(FrameworkServlet.java:883)
	at javax.servlet.http.HttpServlet.service(HttpServlet.java:779)
	at org.apache.catalina.core.ApplicationFilterChain.internalDoFilter(ApplicationFilterChain.java:227)
	at org.apache.catalina.core.ApplicationFilterChain.doFilter(ApplicationFilterChain.java:162)
	at org.apache.tomcat.websocket.server.WsFilter.doFilter(WsFilter.java:53)
	at org.apache.catalina.core.ApplicationFilterChain.internalDoFilter(ApplicationFilterChain.java:189)
	at org.apache.catalina.core.ApplicationFilterChain.doFilter(ApplicationFilterChain.java:162)
	at org.springframework.web.filter.CharacterEncodingFilter.doFilterInternal(CharacterEncodingFilter.java:201)
	at org.springframework.web.filter.OncePerRequestFilter.doFilter(OncePerRequestFilter.java:117)
	at org.apache.catalina.core.ApplicationFilterChain.internalDoFilter(ApplicationFilterChain.java:189)
	at org.apache.catalina.core.ApplicationFilterChain.doFilter(ApplicationFilterChain.java:162)
	at org.apache.catalina.core.StandardWrapperValve.invoke(StandardWrapperValve.java:197)
	at org.apache.catalina.core.StandardContextValve.invoke(StandardContextValve.java:97)
	at org.apache.catalina.authenticator.AuthenticatorBase.invoke(AuthenticatorBase.java:541)
	at org.apache.catalina.core.StandardHostValve.invoke(StandardHostValve.java:135)
	at org.apache.catalina.valves.ErrorReportValve.invoke(ErrorReportValve.java:92)
	at org.apache.catalina.core.StandardEngineValve.invoke(StandardEngineValve.java:78)
	at org.apache.catalina.connector.CoyoteAdapter.service(CoyoteAdapter.java:360)
	at org.apache.coyote.http11.Http11Processor.service(Http11Processor.java:399)
	at org.apache.coyote.AbstractProcessorLight.process(AbstractProcessorLight.java:65)
	at org.apache.coyote.AbstractProtocol$ConnectionHandler.process(AbstractProtocol.java:893)
	at org.apache.tomcat.util.net.NioEndpoint$SocketProcessor.doRun(NioEndpoint.java:1789)
	at org.apache.tomcat.util.net.SocketProcessorBase.run(SocketProcessorBase.java:49)
	at org.apache.tomcat.util.threads.ThreadPoolExecutor.runWorker(ThreadPoolExecutor.java:1191)
	at org.apache.tomcat.util.threads.ThreadPoolExecutor$Worker.run(ThreadPoolExecutor.java:659)
	at org.apache.tomcat.util.threads.TaskThread$WrappingRunnable.run(TaskThread.java:61)
	at java.lang.Thread.run(Thread.java:750)
2024-07-30 14:00:41.519 [,] [http-nio-8084-exec-1] ERROR o.t.TemplateEngine - [process,1136] - [THYMELEAF][http-nio-8084-exec-1] Exception processing template "alarmRecords": Exception evaluating SpringEL expression: "session.userEntity.icon" (template: "blank" - line 68, col 30)
org.thymeleaf.exceptions.TemplateProcessingException: Exception evaluating SpringEL expression: "session.userEntity.icon" (template: "blank" - line 68, col 30)
	at org.thymeleaf.spring5.expression.SPELVariableExpressionEvaluator.evaluate(SPELVariableExpressionEvaluator.java:292)
	at org.thymeleaf.standard.expression.VariableExpression.executeVariableExpression(VariableExpression.java:166)
	at org.thymeleaf.standard.expression.SimpleExpression.executeSimple(SimpleExpression.java:66)
	at org.thymeleaf.standard.expression.Expression.execute(Expression.java:109)
	at org.thymeleaf.standard.expression.AdditionExpression.executeAddition(AdditionExpression.java:96)
	at org.thymeleaf.standard.expression.ComplexExpression.executeComplex(ComplexExpression.java:62)
	at org.thymeleaf.standard.expression.Expression.execute(Expression.java:112)
	at org.thymeleaf.standard.expression.Expression.execute(Expression.java:138)
	at org.thymeleaf.standard.expression.LinkExpression.executeLinkExpression(LinkExpression.java:264)
	at org.thymeleaf.standard.expression.SimpleExpression.executeSimple(SimpleExpression.java:85)
	at org.thymeleaf.standard.expression.Expression.execute(Expression.java:109)
	at org.thymeleaf.standard.expression.Expression.execute(Expression.java:138)
	at org.thymeleaf.standard.processor.AbstractStandardExpressionAttributeTagProcessor.doProcess(AbstractStandardExpressionAttributeTagProcessor.java:144)
	at org.thymeleaf.processor.element.AbstractAttributeTagProcessor.doProcess(AbstractAttributeTagProcessor.java:74)
	at org.thymeleaf.processor.element.AbstractElementTagProcessor.process(AbstractElementTagProcessor.java:95)
	at org.thymeleaf.util.ProcessorConfigurationUtils$ElementTagProcessorWrapper.process(ProcessorConfigurationUtils.java:633)
	at org.thymeleaf.engine.ProcessorTemplateHandler.handleStandaloneElement(ProcessorTemplateHandler.java:918)
	at org.thymeleaf.engine.StandaloneElementTag.beHandled(StandaloneElementTag.java:228)
	at org.thymeleaf.engine.Model.process(Model.java:282)
	at org.thymeleaf.engine.ProcessorTemplateHandler.handleOpenElement(ProcessorTemplateHandler.java:1587)
	at org.thymeleaf.engine.OpenElementTag.beHandled(OpenElementTag.java:205)
	at org.thymeleaf.engine.TemplateModel.process(TemplateModel.java:136)
	at org.thymeleaf.engine.TemplateManager.parseAndProcess(TemplateManager.java:661)
	at org.thymeleaf.TemplateEngine.process(TemplateEngine.java:1098)
	at org.thymeleaf.TemplateEngine.process(TemplateEngine.java:1072)
	at org.thymeleaf.spring5.view.ThymeleafView.renderFragment(ThymeleafView.java:366)
	at org.thymeleaf.spring5.view.ThymeleafView.render(ThymeleafView.java:190)
	at org.springframework.web.servlet.DispatcherServlet.render(DispatcherServlet.java:1405)
	at org.springframework.web.servlet.DispatcherServlet.processDispatchResult(DispatcherServlet.java:1149)
	at org.springframework.web.servlet.DispatcherServlet.doDispatch(DispatcherServlet.java:1088)
	at org.springframework.web.servlet.DispatcherServlet.doService(DispatcherServlet.java:964)
	at org.springframework.web.servlet.FrameworkServlet.processRequest(FrameworkServlet.java:1006)
	at org.springframework.web.servlet.FrameworkServlet.doGet(FrameworkServlet.java:898)
	at javax.servlet.http.HttpServlet.service(HttpServlet.java:670)
	at org.springframework.web.servlet.FrameworkServlet.service(FrameworkServlet.java:883)
	at javax.servlet.http.HttpServlet.service(HttpServlet.java:779)
	at org.apache.catalina.core.ApplicationFilterChain.internalDoFilter(ApplicationFilterChain.java:227)
	at org.apache.catalina.core.ApplicationFilterChain.doFilter(ApplicationFilterChain.java:162)
	at org.apache.tomcat.websocket.server.WsFilter.doFilter(WsFilter.java:53)
	at org.apache.catalina.core.ApplicationFilterChain.internalDoFilter(ApplicationFilterChain.java:189)
	at org.apache.catalina.core.ApplicationFilterChain.doFilter(ApplicationFilterChain.java:162)
	at org.springframework.web.filter.CharacterEncodingFilter.doFilterInternal(CharacterEncodingFilter.java:201)
	at org.springframework.web.filter.OncePerRequestFilter.doFilter(OncePerRequestFilter.java:117)
	at org.apache.catalina.core.ApplicationFilterChain.internalDoFilter(ApplicationFilterChain.java:189)
	at org.apache.catalina.core.ApplicationFilterChain.doFilter(ApplicationFilterChain.java:162)
	at org.apache.catalina.core.StandardWrapperValve.invoke(StandardWrapperValve.java:197)
	at org.apache.catalina.core.StandardContextValve.invoke(StandardContextValve.java:97)
	at org.apache.catalina.authenticator.AuthenticatorBase.invoke(AuthenticatorBase.java:541)
	at org.apache.catalina.core.StandardHostValve.invoke(StandardHostValve.java:135)
	at org.apache.catalina.valves.ErrorReportValve.invoke(ErrorReportValve.java:92)
	at org.apache.catalina.core.StandardEngineValve.invoke(StandardEngineValve.java:78)
	at org.apache.catalina.connector.CoyoteAdapter.service(CoyoteAdapter.java:360)
	at org.apache.coyote.http11.Http11Processor.service(Http11Processor.java:399)
	at org.apache.coyote.AbstractProcessorLight.process(AbstractProcessorLight.java:65)
	at org.apache.coyote.AbstractProtocol$ConnectionHandler.process(AbstractProtocol.java:893)
	at org.apache.tomcat.util.net.NioEndpoint$SocketProcessor.doRun(NioEndpoint.java:1789)
	at org.apache.tomcat.util.net.SocketProcessorBase.run(SocketProcessorBase.java:49)
	at org.apache.tomcat.util.threads.ThreadPoolExecutor.runWorker(ThreadPoolExecutor.java:1191)
	at org.apache.tomcat.util.threads.ThreadPoolExecutor$Worker.run(ThreadPoolExecutor.java:659)
	at org.apache.tomcat.util.threads.TaskThread$WrappingRunnable.run(TaskThread.java:61)
	at java.lang.Thread.run(Thread.java:750)
Caused by: org.springframework.expression.spel.SpelEvaluationException: EL1007E: Property or field 'icon' cannot be found on null
	at org.springframework.expression.spel.ast.PropertyOrFieldReference.readProperty(PropertyOrFieldReference.java:213)
	at org.springframework.expression.spel.ast.PropertyOrFieldReference.getValueInternal(PropertyOrFieldReference.java:104)
	at org.springframework.expression.spel.ast.PropertyOrFieldReference.access$000(PropertyOrFieldReference.java:51)
	at org.springframework.expression.spel.ast.PropertyOrFieldReference$AccessorLValue.getValue(PropertyOrFieldReference.java:406)
	at org.springframework.expression.spel.ast.CompoundExpression.getValueInternal(CompoundExpression.java:92)
	at org.springframework.expression.spel.ast.SpelNodeImpl.getValue(SpelNodeImpl.java:112)
	at org.springframework.expression.spel.standard.SpelExpression.getValue(SpelExpression.java:338)
	at org.thymeleaf.spring5.expression.SPELVariableExpressionEvaluator.evaluate(SPELVariableExpressionEvaluator.java:265)
	... 60 common frames omitted
2024-07-30 14:00:41.530 [,] [http-nio-8084-exec-1] ERROR o.a.c.c.C.[.[.[.[dispatcherServlet] - [log,175] - Servlet.service() for servlet [dispatcherServlet] in context with path [] threw exception [Request processing failed; nested exception is org.thymeleaf.exceptions.TemplateProcessingException: Exception evaluating SpringEL expression: "session.userEntity.icon" (template: "blank" - line 68, col 30)] with root cause
org.springframework.expression.spel.SpelEvaluationException: EL1007E: Property or field 'icon' cannot be found on null
	at org.springframework.expression.spel.ast.PropertyOrFieldReference.readProperty(PropertyOrFieldReference.java:213)
	at org.springframework.expression.spel.ast.PropertyOrFieldReference.getValueInternal(PropertyOrFieldReference.java:104)
	at org.springframework.expression.spel.ast.PropertyOrFieldReference.access$000(PropertyOrFieldReference.java:51)
	at org.springframework.expression.spel.ast.PropertyOrFieldReference$AccessorLValue.getValue(PropertyOrFieldReference.java:406)
	at org.springframework.expression.spel.ast.CompoundExpression.getValueInternal(CompoundExpression.java:92)
	at org.springframework.expression.spel.ast.SpelNodeImpl.getValue(SpelNodeImpl.java:112)
	at org.springframework.expression.spel.standard.SpelExpression.getValue(SpelExpression.java:338)
	at org.thymeleaf.spring5.expression.SPELVariableExpressionEvaluator.evaluate(SPELVariableExpressionEvaluator.java:265)
	at org.thymeleaf.standard.expression.VariableExpression.executeVariableExpression(VariableExpression.java:166)
	at org.thymeleaf.standard.expression.SimpleExpression.executeSimple(SimpleExpression.java:66)
	at org.thymeleaf.standard.expression.Expression.execute(Expression.java:109)
	at org.thymeleaf.standard.expression.AdditionExpression.executeAddition(AdditionExpression.java:96)
	at org.thymeleaf.standard.expression.ComplexExpression.executeComplex(ComplexExpression.java:62)
	at org.thymeleaf.standard.expression.Expression.execute(Expression.java:112)
	at org.thymeleaf.standard.expression.Expression.execute(Expression.java:138)
	at org.thymeleaf.standard.expression.LinkExpression.executeLinkExpression(LinkExpression.java:264)
	at org.thymeleaf.standard.expression.SimpleExpression.executeSimple(SimpleExpression.java:85)
	at org.thymeleaf.standard.expression.Expression.execute(Expression.java:109)
	at org.thymeleaf.standard.expression.Expression.execute(Expression.java:138)
	at org.thymeleaf.standard.processor.AbstractStandardExpressionAttributeTagProcessor.doProcess(AbstractStandardExpressionAttributeTagProcessor.java:144)
	at org.thymeleaf.processor.element.AbstractAttributeTagProcessor.doProcess(AbstractAttributeTagProcessor.java:74)
	at org.thymeleaf.processor.element.AbstractElementTagProcessor.process(AbstractElementTagProcessor.java:95)
	at org.thymeleaf.util.ProcessorConfigurationUtils$ElementTagProcessorWrapper.process(ProcessorConfigurationUtils.java:633)
	at org.thymeleaf.engine.ProcessorTemplateHandler.handleStandaloneElement(ProcessorTemplateHandler.java:918)
	at org.thymeleaf.engine.StandaloneElementTag.beHandled(StandaloneElementTag.java:228)
	at org.thymeleaf.engine.Model.process(Model.java:282)
	at org.thymeleaf.engine.ProcessorTemplateHandler.handleOpenElement(ProcessorTemplateHandler.java:1587)
	at org.thymeleaf.engine.OpenElementTag.beHandled(OpenElementTag.java:205)
	at org.thymeleaf.engine.TemplateModel.process(TemplateModel.java:136)
	at org.thymeleaf.engine.TemplateManager.parseAndProcess(TemplateManager.java:661)
	at org.thymeleaf.TemplateEngine.process(TemplateEngine.java:1098)
	at org.thymeleaf.TemplateEngine.process(TemplateEngine.java:1072)
	at org.thymeleaf.spring5.view.ThymeleafView.renderFragment(ThymeleafView.java:366)
	at org.thymeleaf.spring5.view.ThymeleafView.render(ThymeleafView.java:190)
	at org.springframework.web.servlet.DispatcherServlet.render(DispatcherServlet.java:1405)
	at org.springframework.web.servlet.DispatcherServlet.processDispatchResult(DispatcherServlet.java:1149)
	at org.springframework.web.servlet.DispatcherServlet.doDispatch(DispatcherServlet.java:1088)
	at org.springframework.web.servlet.DispatcherServlet.doService(DispatcherServlet.java:964)
	at org.springframework.web.servlet.FrameworkServlet.processRequest(FrameworkServlet.java:1006)
	at org.springframework.web.servlet.FrameworkServlet.doGet(FrameworkServlet.java:898)
	at javax.servlet.http.HttpServlet.service(HttpServlet.java:670)
	at org.springframework.web.servlet.FrameworkServlet.service(FrameworkServlet.java:883)
	at javax.servlet.http.HttpServlet.service(HttpServlet.java:779)
	at org.apache.catalina.core.ApplicationFilterChain.internalDoFilter(ApplicationFilterChain.java:227)
	at org.apache.catalina.core.ApplicationFilterChain.doFilter(ApplicationFilterChain.java:162)
	at org.apache.tomcat.websocket.server.WsFilter.doFilter(WsFilter.java:53)
	at org.apache.catalina.core.ApplicationFilterChain.internalDoFilter(ApplicationFilterChain.java:189)
	at org.apache.catalina.core.ApplicationFilterChain.doFilter(ApplicationFilterChain.java:162)
	at org.springframework.web.filter.CharacterEncodingFilter.doFilterInternal(CharacterEncodingFilter.java:201)
	at org.springframework.web.filter.OncePerRequestFilter.doFilter(OncePerRequestFilter.java:117)
	at org.apache.catalina.core.ApplicationFilterChain.internalDoFilter(ApplicationFilterChain.java:189)
	at org.apache.catalina.core.ApplicationFilterChain.doFilter(ApplicationFilterChain.java:162)
	at org.apache.catalina.core.StandardWrapperValve.invoke(StandardWrapperValve.java:197)
	at org.apache.catalina.core.StandardContextValve.invoke(StandardContextValve.java:97)
	at org.apache.catalina.authenticator.AuthenticatorBase.invoke(AuthenticatorBase.java:541)
	at org.apache.catalina.core.StandardHostValve.invoke(StandardHostValve.java:135)
	at org.apache.catalina.valves.ErrorReportValve.invoke(ErrorReportValve.java:92)
	at org.apache.catalina.core.StandardEngineValve.invoke(StandardEngineValve.java:78)
	at org.apache.catalina.connector.CoyoteAdapter.service(CoyoteAdapter.java:360)
	at org.apache.coyote.http11.Http11Processor.service(Http11Processor.java:399)
	at org.apache.coyote.AbstractProcessorLight.process(AbstractProcessorLight.java:65)
	at org.apache.coyote.AbstractProtocol$ConnectionHandler.process(AbstractProtocol.java:893)
	at org.apache.tomcat.util.net.NioEndpoint$SocketProcessor.doRun(NioEndpoint.java:1789)
	at org.apache.tomcat.util.net.SocketProcessorBase.run(SocketProcessorBase.java:49)
	at org.apache.tomcat.util.threads.ThreadPoolExecutor.runWorker(ThreadPoolExecutor.java:1191)
	at org.apache.tomcat.util.threads.ThreadPoolExecutor$Worker.run(ThreadPoolExecutor.java:659)
	at org.apache.tomcat.util.threads.TaskThread$WrappingRunnable.run(TaskThread.java:61)
	at java.lang.Thread.run(Thread.java:750)
2024-07-30 14:01:29.171 [,] [scheduling-1] ERROR o.s.s.s.TaskUtils$LoggingErrorHandler - [handleError,95] - Unexpected error occurred in scheduled task
java.lang.InterruptedException: null
	at java.util.concurrent.FutureTask.awaitDone(FutureTask.java:404)
	at java.util.concurrent.FutureTask.get(FutureTask.java:191)
	at com.shark.aio.base.controller.InitFFmpeg.monitorFfmpegProcess(InitFFmpeg.java:102)
	at com.shark.aio.base.controller.InitFFmpeg$$FastClassBySpringCGLIB$$6f28da27.invoke(<generated>)
	at org.springframework.cglib.proxy.MethodProxy.invoke(MethodProxy.java:218)
	at org.springframework.aop.framework.CglibAopProxy$CglibMethodInvocation.invokeJoinpoint(CglibAopProxy.java:793)
	at org.springframework.aop.framework.ReflectiveMethodInvocation.proceed(ReflectiveMethodInvocation.java:163)
	at org.springframework.aop.framework.CglibAopProxy$CglibMethodInvocation.proceed(CglibAopProxy.java:763)
	at org.springframework.aop.framework.adapter.MethodBeforeAdviceInterceptor.invoke(MethodBeforeAdviceInterceptor.java:58)
	at org.springframework.aop.framework.ReflectiveMethodInvocation.proceed(ReflectiveMethodInvocation.java:186)
	at org.springframework.aop.framework.CglibAopProxy$CglibMethodInvocation.proceed(CglibAopProxy.java:763)
	at org.springframework.aop.interceptor.ExposeInvocationInterceptor.invoke(ExposeInvocationInterceptor.java:97)
	at org.springframework.aop.framework.ReflectiveMethodInvocation.proceed(ReflectiveMethodInvocation.java:186)
	at org.springframework.aop.framework.CglibAopProxy$CglibMethodInvocation.proceed(CglibAopProxy.java:763)
	at org.springframework.aop.framework.CglibAopProxy$DynamicAdvisedInterceptor.intercept(CglibAopProxy.java:708)
	at com.shark.aio.base.controller.InitFFmpeg$$EnhancerBySpringCGLIB$$d2b1ba14.monitorFfmpegProcess(<generated>)
	at sun.reflect.NativeMethodAccessorImpl.invoke0(Native Method)
	at sun.reflect.NativeMethodAccessorImpl.invoke(NativeMethodAccessorImpl.java:62)
	at sun.reflect.DelegatingMethodAccessorImpl.invoke(DelegatingMethodAccessorImpl.java:43)
	at java.lang.reflect.Method.invoke(Method.java:498)
	at org.springframework.scheduling.support.ScheduledMethodRunnable.run(ScheduledMethodRunnable.java:84)
	at org.springframework.scheduling.support.DelegatingErrorHandlingRunnable.run(DelegatingErrorHandlingRunnable.java:54)
	at org.springframework.scheduling.concurrent.ReschedulingRunnable.run(ReschedulingRunnable.java:95)
	at java.util.concurrent.Executors$RunnableAdapter.call(Executors.java:511)
	at java.util.concurrent.FutureTask.run(FutureTask.java:266)
	at java.util.concurrent.ScheduledThreadPoolExecutor$ScheduledFutureTask.access$201(ScheduledThreadPoolExecutor.java:180)
	at java.util.concurrent.ScheduledThreadPoolExecutor$ScheduledFutureTask.run(ScheduledThreadPoolExecutor.java:293)
	at java.util.concurrent.ThreadPoolExecutor.runWorker(ThreadPoolExecutor.java:1149)
	at java.util.concurrent.ThreadPoolExecutor$Worker.run(ThreadPoolExecutor.java:624)
	at java.lang.Thread.run(Thread.java:750)
2024-07-30 14:03:21.167 [,] [scheduling-1] ERROR o.s.s.s.TaskUtils$LoggingErrorHandler - [handleError,95] - Unexpected error occurred in scheduled task
java.lang.InterruptedException: null
	at java.util.concurrent.FutureTask.awaitDone(FutureTask.java:404)
	at java.util.concurrent.FutureTask.get(FutureTask.java:191)
	at com.shark.aio.base.controller.InitFFmpeg.monitorFfmpegProcess(InitFFmpeg.java:102)
	at com.shark.aio.base.controller.InitFFmpeg$$FastClassBySpringCGLIB$$6f28da27.invoke(<generated>)
	at org.springframework.cglib.proxy.MethodProxy.invoke(MethodProxy.java:218)
	at org.springframework.aop.framework.CglibAopProxy$CglibMethodInvocation.invokeJoinpoint(CglibAopProxy.java:793)
	at org.springframework.aop.framework.ReflectiveMethodInvocation.proceed(ReflectiveMethodInvocation.java:163)
	at org.springframework.aop.framework.CglibAopProxy$CglibMethodInvocation.proceed(CglibAopProxy.java:763)
	at org.springframework.aop.framework.adapter.MethodBeforeAdviceInterceptor.invoke(MethodBeforeAdviceInterceptor.java:58)
	at org.springframework.aop.framework.ReflectiveMethodInvocation.proceed(ReflectiveMethodInvocation.java:186)
	at org.springframework.aop.framework.CglibAopProxy$CglibMethodInvocation.proceed(CglibAopProxy.java:763)
	at org.springframework.aop.interceptor.ExposeInvocationInterceptor.invoke(ExposeInvocationInterceptor.java:97)
	at org.springframework.aop.framework.ReflectiveMethodInvocation.proceed(ReflectiveMethodInvocation.java:186)
	at org.springframework.aop.framework.CglibAopProxy$CglibMethodInvocation.proceed(CglibAopProxy.java:763)
	at org.springframework.aop.framework.CglibAopProxy$DynamicAdvisedInterceptor.intercept(CglibAopProxy.java:708)
	at com.shark.aio.base.controller.InitFFmpeg$$EnhancerBySpringCGLIB$$3ea07ce2.monitorFfmpegProcess(<generated>)
	at sun.reflect.NativeMethodAccessorImpl.invoke0(Native Method)
	at sun.reflect.NativeMethodAccessorImpl.invoke(NativeMethodAccessorImpl.java:62)
	at sun.reflect.DelegatingMethodAccessorImpl.invoke(DelegatingMethodAccessorImpl.java:43)
	at java.lang.reflect.Method.invoke(Method.java:498)
	at org.springframework.scheduling.support.ScheduledMethodRunnable.run(ScheduledMethodRunnable.java:84)
	at org.springframework.scheduling.support.DelegatingErrorHandlingRunnable.run(DelegatingErrorHandlingRunnable.java:54)
	at org.springframework.scheduling.concurrent.ReschedulingRunnable.run(ReschedulingRunnable.java:95)
	at java.util.concurrent.Executors$RunnableAdapter.call(Executors.java:511)
	at java.util.concurrent.FutureTask.run(FutureTask.java:266)
	at java.util.concurrent.ScheduledThreadPoolExecutor$ScheduledFutureTask.access$201(ScheduledThreadPoolExecutor.java:180)
	at java.util.concurrent.ScheduledThreadPoolExecutor$ScheduledFutureTask.run(ScheduledThreadPoolExecutor.java:293)
	at java.util.concurrent.ThreadPoolExecutor.runWorker(ThreadPoolExecutor.java:1149)
	at java.util.concurrent.ThreadPoolExecutor$Worker.run(ThreadPoolExecutor.java:624)
	at java.lang.Thread.run(Thread.java:750)
2024-07-30 14:03:39.975 [,] [http-nio-8084-exec-1] ERROR o.t.TemplateEngine - [process,1136] - [THYMELEAF][http-nio-8084-exec-1] Exception processing template "alarmSettings": Exception evaluating SpringEL expression: "session.userEntity.icon" (template: "blank" - line 68, col 30)
org.thymeleaf.exceptions.TemplateProcessingException: Exception evaluating SpringEL expression: "session.userEntity.icon" (template: "blank" - line 68, col 30)
	at org.thymeleaf.spring5.expression.SPELVariableExpressionEvaluator.evaluate(SPELVariableExpressionEvaluator.java:292)
	at org.thymeleaf.standard.expression.VariableExpression.executeVariableExpression(VariableExpression.java:166)
	at org.thymeleaf.standard.expression.SimpleExpression.executeSimple(SimpleExpression.java:66)
	at org.thymeleaf.standard.expression.Expression.execute(Expression.java:109)
	at org.thymeleaf.standard.expression.AdditionExpression.executeAddition(AdditionExpression.java:96)
	at org.thymeleaf.standard.expression.ComplexExpression.executeComplex(ComplexExpression.java:62)
	at org.thymeleaf.standard.expression.Expression.execute(Expression.java:112)
	at org.thymeleaf.standard.expression.Expression.execute(Expression.java:138)
	at org.thymeleaf.standard.expression.LinkExpression.executeLinkExpression(LinkExpression.java:264)
	at org.thymeleaf.standard.expression.SimpleExpression.executeSimple(SimpleExpression.java:85)
	at org.thymeleaf.standard.expression.Expression.execute(Expression.java:109)
	at org.thymeleaf.standard.expression.Expression.execute(Expression.java:138)
	at org.thymeleaf.standard.processor.AbstractStandardExpressionAttributeTagProcessor.doProcess(AbstractStandardExpressionAttributeTagProcessor.java:144)
	at org.thymeleaf.processor.element.AbstractAttributeTagProcessor.doProcess(AbstractAttributeTagProcessor.java:74)
	at org.thymeleaf.processor.element.AbstractElementTagProcessor.process(AbstractElementTagProcessor.java:95)
	at org.thymeleaf.util.ProcessorConfigurationUtils$ElementTagProcessorWrapper.process(ProcessorConfigurationUtils.java:633)
	at org.thymeleaf.engine.ProcessorTemplateHandler.handleStandaloneElement(ProcessorTemplateHandler.java:918)
	at org.thymeleaf.engine.StandaloneElementTag.beHandled(StandaloneElementTag.java:228)
	at org.thymeleaf.engine.Model.process(Model.java:282)
	at org.thymeleaf.engine.ProcessorTemplateHandler.handleOpenElement(ProcessorTemplateHandler.java:1587)
	at org.thymeleaf.engine.OpenElementTag.beHandled(OpenElementTag.java:205)
	at org.thymeleaf.engine.TemplateModel.process(TemplateModel.java:136)
	at org.thymeleaf.engine.TemplateManager.parseAndProcess(TemplateManager.java:661)
	at org.thymeleaf.TemplateEngine.process(TemplateEngine.java:1098)
	at org.thymeleaf.TemplateEngine.process(TemplateEngine.java:1072)
	at org.thymeleaf.spring5.view.ThymeleafView.renderFragment(ThymeleafView.java:366)
	at org.thymeleaf.spring5.view.ThymeleafView.render(ThymeleafView.java:190)
	at org.springframework.web.servlet.DispatcherServlet.render(DispatcherServlet.java:1405)
	at org.springframework.web.servlet.DispatcherServlet.processDispatchResult(DispatcherServlet.java:1149)
	at org.springframework.web.servlet.DispatcherServlet.doDispatch(DispatcherServlet.java:1088)
	at org.springframework.web.servlet.DispatcherServlet.doService(DispatcherServlet.java:964)
	at org.springframework.web.servlet.FrameworkServlet.processRequest(FrameworkServlet.java:1006)
	at org.springframework.web.servlet.FrameworkServlet.doGet(FrameworkServlet.java:898)
	at javax.servlet.http.HttpServlet.service(HttpServlet.java:670)
	at org.springframework.web.servlet.FrameworkServlet.service(FrameworkServlet.java:883)
	at javax.servlet.http.HttpServlet.service(HttpServlet.java:779)
	at org.apache.catalina.core.ApplicationFilterChain.internalDoFilter(ApplicationFilterChain.java:227)
	at org.apache.catalina.core.ApplicationFilterChain.doFilter(ApplicationFilterChain.java:162)
	at org.apache.tomcat.websocket.server.WsFilter.doFilter(WsFilter.java:53)
	at org.apache.catalina.core.ApplicationFilterChain.internalDoFilter(ApplicationFilterChain.java:189)
	at org.apache.catalina.core.ApplicationFilterChain.doFilter(ApplicationFilterChain.java:162)
	at org.springframework.web.filter.CharacterEncodingFilter.doFilterInternal(CharacterEncodingFilter.java:201)
	at org.springframework.web.filter.OncePerRequestFilter.doFilter(OncePerRequestFilter.java:117)
	at org.apache.catalina.core.ApplicationFilterChain.internalDoFilter(ApplicationFilterChain.java:189)
	at org.apache.catalina.core.ApplicationFilterChain.doFilter(ApplicationFilterChain.java:162)
	at org.apache.catalina.core.StandardWrapperValve.invoke(StandardWrapperValve.java:197)
	at org.apache.catalina.core.StandardContextValve.invoke(StandardContextValve.java:97)
	at org.apache.catalina.authenticator.AuthenticatorBase.invoke(AuthenticatorBase.java:541)
	at org.apache.catalina.core.StandardHostValve.invoke(StandardHostValve.java:135)
	at org.apache.catalina.valves.ErrorReportValve.invoke(ErrorReportValve.java:92)
	at org.apache.catalina.core.StandardEngineValve.invoke(StandardEngineValve.java:78)
	at org.apache.catalina.connector.CoyoteAdapter.service(CoyoteAdapter.java:360)
	at org.apache.coyote.http11.Http11Processor.service(Http11Processor.java:399)
	at org.apache.coyote.AbstractProcessorLight.process(AbstractProcessorLight.java:65)
	at org.apache.coyote.AbstractProtocol$ConnectionHandler.process(AbstractProtocol.java:893)
	at org.apache.tomcat.util.net.NioEndpoint$SocketProcessor.doRun(NioEndpoint.java:1789)
	at org.apache.tomcat.util.net.SocketProcessorBase.run(SocketProcessorBase.java:49)
	at org.apache.tomcat.util.threads.ThreadPoolExecutor.runWorker(ThreadPoolExecutor.java:1191)
	at org.apache.tomcat.util.threads.ThreadPoolExecutor$Worker.run(ThreadPoolExecutor.java:659)
	at org.apache.tomcat.util.threads.TaskThread$WrappingRunnable.run(TaskThread.java:61)
	at java.lang.Thread.run(Thread.java:750)
Caused by: org.springframework.expression.spel.SpelEvaluationException: EL1007E: Property or field 'icon' cannot be found on null
	at org.springframework.expression.spel.ast.PropertyOrFieldReference.readProperty(PropertyOrFieldReference.java:213)
	at org.springframework.expression.spel.ast.PropertyOrFieldReference.getValueInternal(PropertyOrFieldReference.java:104)
	at org.springframework.expression.spel.ast.PropertyOrFieldReference.access$000(PropertyOrFieldReference.java:51)
	at org.springframework.expression.spel.ast.PropertyOrFieldReference$AccessorLValue.getValue(PropertyOrFieldReference.java:406)
	at org.springframework.expression.spel.ast.CompoundExpression.getValueInternal(CompoundExpression.java:92)
	at org.springframework.expression.spel.ast.SpelNodeImpl.getValue(SpelNodeImpl.java:112)
	at org.springframework.expression.spel.standard.SpelExpression.getValue(SpelExpression.java:338)
	at org.thymeleaf.spring5.expression.SPELVariableExpressionEvaluator.evaluate(SPELVariableExpressionEvaluator.java:265)
	... 60 common frames omitted
2024-07-30 14:03:39.976 [,] [http-nio-8084-exec-1] ERROR o.a.c.c.C.[.[.[.[dispatcherServlet] - [log,175] - Servlet.service() for servlet [dispatcherServlet] in context with path [] threw exception [Request processing failed; nested exception is org.thymeleaf.exceptions.TemplateProcessingException: Exception evaluating SpringEL expression: "session.userEntity.icon" (template: "blank" - line 68, col 30)] with root cause
org.springframework.expression.spel.SpelEvaluationException: EL1007E: Property or field 'icon' cannot be found on null
	at org.springframework.expression.spel.ast.PropertyOrFieldReference.readProperty(PropertyOrFieldReference.java:213)
	at org.springframework.expression.spel.ast.PropertyOrFieldReference.getValueInternal(PropertyOrFieldReference.java:104)
	at org.springframework.expression.spel.ast.PropertyOrFieldReference.access$000(PropertyOrFieldReference.java:51)
	at org.springframework.expression.spel.ast.PropertyOrFieldReference$AccessorLValue.getValue(PropertyOrFieldReference.java:406)
	at org.springframework.expression.spel.ast.CompoundExpression.getValueInternal(CompoundExpression.java:92)
	at org.springframework.expression.spel.ast.SpelNodeImpl.getValue(SpelNodeImpl.java:112)
	at org.springframework.expression.spel.standard.SpelExpression.getValue(SpelExpression.java:338)
	at org.thymeleaf.spring5.expression.SPELVariableExpressionEvaluator.evaluate(SPELVariableExpressionEvaluator.java:265)
	at org.thymeleaf.standard.expression.VariableExpression.executeVariableExpression(VariableExpression.java:166)
	at org.thymeleaf.standard.expression.SimpleExpression.executeSimple(SimpleExpression.java:66)
	at org.thymeleaf.standard.expression.Expression.execute(Expression.java:109)
	at org.thymeleaf.standard.expression.AdditionExpression.executeAddition(AdditionExpression.java:96)
	at org.thymeleaf.standard.expression.ComplexExpression.executeComplex(ComplexExpression.java:62)
	at org.thymeleaf.standard.expression.Expression.execute(Expression.java:112)
	at org.thymeleaf.standard.expression.Expression.execute(Expression.java:138)
	at org.thymeleaf.standard.expression.LinkExpression.executeLinkExpression(LinkExpression.java:264)
	at org.thymeleaf.standard.expression.SimpleExpression.executeSimple(SimpleExpression.java:85)
	at org.thymeleaf.standard.expression.Expression.execute(Expression.java:109)
	at org.thymeleaf.standard.expression.Expression.execute(Expression.java:138)
	at org.thymeleaf.standard.processor.AbstractStandardExpressionAttributeTagProcessor.doProcess(AbstractStandardExpressionAttributeTagProcessor.java:144)
	at org.thymeleaf.processor.element.AbstractAttributeTagProcessor.doProcess(AbstractAttributeTagProcessor.java:74)
	at org.thymeleaf.processor.element.AbstractElementTagProcessor.process(AbstractElementTagProcessor.java:95)
	at org.thymeleaf.util.ProcessorConfigurationUtils$ElementTagProcessorWrapper.process(ProcessorConfigurationUtils.java:633)
	at org.thymeleaf.engine.ProcessorTemplateHandler.handleStandaloneElement(ProcessorTemplateHandler.java:918)
	at org.thymeleaf.engine.StandaloneElementTag.beHandled(StandaloneElementTag.java:228)
	at org.thymeleaf.engine.Model.process(Model.java:282)
	at org.thymeleaf.engine.ProcessorTemplateHandler.handleOpenElement(ProcessorTemplateHandler.java:1587)
	at org.thymeleaf.engine.OpenElementTag.beHandled(OpenElementTag.java:205)
	at org.thymeleaf.engine.TemplateModel.process(TemplateModel.java:136)
	at org.thymeleaf.engine.TemplateManager.parseAndProcess(TemplateManager.java:661)
	at org.thymeleaf.TemplateEngine.process(TemplateEngine.java:1098)
	at org.thymeleaf.TemplateEngine.process(TemplateEngine.java:1072)
	at org.thymeleaf.spring5.view.ThymeleafView.renderFragment(ThymeleafView.java:366)
	at org.thymeleaf.spring5.view.ThymeleafView.render(ThymeleafView.java:190)
	at org.springframework.web.servlet.DispatcherServlet.render(DispatcherServlet.java:1405)
	at org.springframework.web.servlet.DispatcherServlet.processDispatchResult(DispatcherServlet.java:1149)
	at org.springframework.web.servlet.DispatcherServlet.doDispatch(DispatcherServlet.java:1088)
	at org.springframework.web.servlet.DispatcherServlet.doService(DispatcherServlet.java:964)
	at org.springframework.web.servlet.FrameworkServlet.processRequest(FrameworkServlet.java:1006)
	at org.springframework.web.servlet.FrameworkServlet.doGet(FrameworkServlet.java:898)
	at javax.servlet.http.HttpServlet.service(HttpServlet.java:670)
	at org.springframework.web.servlet.FrameworkServlet.service(FrameworkServlet.java:883)
	at javax.servlet.http.HttpServlet.service(HttpServlet.java:779)
	at org.apache.catalina.core.ApplicationFilterChain.internalDoFilter(ApplicationFilterChain.java:227)
	at org.apache.catalina.core.ApplicationFilterChain.doFilter(ApplicationFilterChain.java:162)
	at org.apache.tomcat.websocket.server.WsFilter.doFilter(WsFilter.java:53)
	at org.apache.catalina.core.ApplicationFilterChain.internalDoFilter(ApplicationFilterChain.java:189)
	at org.apache.catalina.core.ApplicationFilterChain.doFilter(ApplicationFilterChain.java:162)
	at org.springframework.web.filter.CharacterEncodingFilter.doFilterInternal(CharacterEncodingFilter.java:201)
	at org.springframework.web.filter.OncePerRequestFilter.doFilter(OncePerRequestFilter.java:117)
	at org.apache.catalina.core.ApplicationFilterChain.internalDoFilter(ApplicationFilterChain.java:189)
	at org.apache.catalina.core.ApplicationFilterChain.doFilter(ApplicationFilterChain.java:162)
	at org.apache.catalina.core.StandardWrapperValve.invoke(StandardWrapperValve.java:197)
	at org.apache.catalina.core.StandardContextValve.invoke(StandardContextValve.java:97)
	at org.apache.catalina.authenticator.AuthenticatorBase.invoke(AuthenticatorBase.java:541)
	at org.apache.catalina.core.StandardHostValve.invoke(StandardHostValve.java:135)
	at org.apache.catalina.valves.ErrorReportValve.invoke(ErrorReportValve.java:92)
	at org.apache.catalina.core.StandardEngineValve.invoke(StandardEngineValve.java:78)
	at org.apache.catalina.connector.CoyoteAdapter.service(CoyoteAdapter.java:360)
	at org.apache.coyote.http11.Http11Processor.service(Http11Processor.java:399)
	at org.apache.coyote.AbstractProcessorLight.process(AbstractProcessorLight.java:65)
	at org.apache.coyote.AbstractProtocol$ConnectionHandler.process(AbstractProtocol.java:893)
	at org.apache.tomcat.util.net.NioEndpoint$SocketProcessor.doRun(NioEndpoint.java:1789)
	at org.apache.tomcat.util.net.SocketProcessorBase.run(SocketProcessorBase.java:49)
	at org.apache.tomcat.util.threads.ThreadPoolExecutor.runWorker(ThreadPoolExecutor.java:1191)
	at org.apache.tomcat.util.threads.ThreadPoolExecutor$Worker.run(ThreadPoolExecutor.java:659)
	at org.apache.tomcat.util.threads.TaskThread$WrappingRunnable.run(TaskThread.java:61)
	at java.lang.Thread.run(Thread.java:750)
2024-07-30 14:04:51.924 [,] [scheduling-1] ERROR o.s.s.s.TaskUtils$LoggingErrorHandler - [handleError,95] - Unexpected error occurred in scheduled task
java.lang.InterruptedException: null
	at java.util.concurrent.FutureTask.awaitDone(FutureTask.java:404)
	at java.util.concurrent.FutureTask.get(FutureTask.java:191)
	at com.shark.aio.base.controller.InitFFmpeg.monitorFfmpegProcess(InitFFmpeg.java:102)
	at com.shark.aio.base.controller.InitFFmpeg$$FastClassBySpringCGLIB$$6f28da27.invoke(<generated>)
	at org.springframework.cglib.proxy.MethodProxy.invoke(MethodProxy.java:218)
	at org.springframework.aop.framework.CglibAopProxy$CglibMethodInvocation.invokeJoinpoint(CglibAopProxy.java:793)
	at org.springframework.aop.framework.ReflectiveMethodInvocation.proceed(ReflectiveMethodInvocation.java:163)
	at org.springframework.aop.framework.CglibAopProxy$CglibMethodInvocation.proceed(CglibAopProxy.java:763)
	at org.springframework.aop.framework.adapter.MethodBeforeAdviceInterceptor.invoke(MethodBeforeAdviceInterceptor.java:58)
	at org.springframework.aop.framework.ReflectiveMethodInvocation.proceed(ReflectiveMethodInvocation.java:186)
	at org.springframework.aop.framework.CglibAopProxy$CglibMethodInvocation.proceed(CglibAopProxy.java:763)
	at org.springframework.aop.interceptor.ExposeInvocationInterceptor.invoke(ExposeInvocationInterceptor.java:97)
	at org.springframework.aop.framework.ReflectiveMethodInvocation.proceed(ReflectiveMethodInvocation.java:186)
	at org.springframework.aop.framework.CglibAopProxy$CglibMethodInvocation.proceed(CglibAopProxy.java:763)
	at org.springframework.aop.framework.CglibAopProxy$DynamicAdvisedInterceptor.intercept(CglibAopProxy.java:708)
	at com.shark.aio.base.controller.InitFFmpeg$$EnhancerBySpringCGLIB$$5a3f0d60.monitorFfmpegProcess(<generated>)
	at sun.reflect.NativeMethodAccessorImpl.invoke0(Native Method)
	at sun.reflect.NativeMethodAccessorImpl.invoke(NativeMethodAccessorImpl.java:62)
	at sun.reflect.DelegatingMethodAccessorImpl.invoke(DelegatingMethodAccessorImpl.java:43)
	at java.lang.reflect.Method.invoke(Method.java:498)
	at org.springframework.scheduling.support.ScheduledMethodRunnable.run(ScheduledMethodRunnable.java:84)
	at org.springframework.scheduling.support.DelegatingErrorHandlingRunnable.run(DelegatingErrorHandlingRunnable.java:54)
	at org.springframework.scheduling.concurrent.ReschedulingRunnable.run(ReschedulingRunnable.java:95)
	at java.util.concurrent.Executors$RunnableAdapter.call(Executors.java:511)
	at java.util.concurrent.FutureTask.run(FutureTask.java:266)
	at java.util.concurrent.ScheduledThreadPoolExecutor$ScheduledFutureTask.access$201(ScheduledThreadPoolExecutor.java:180)
	at java.util.concurrent.ScheduledThreadPoolExecutor$ScheduledFutureTask.run(ScheduledThreadPoolExecutor.java:293)
	at java.util.concurrent.ThreadPoolExecutor.runWorker(ThreadPoolExecutor.java:1149)
	at java.util.concurrent.ThreadPoolExecutor$Worker.run(ThreadPoolExecutor.java:624)
	at java.lang.Thread.run(Thread.java:750)
2024-07-30 14:05:09.318 [,] [http-nio-8084-exec-1] ERROR o.t.TemplateEngine - [process,1136] - [THYMELEAF][http-nio-8084-exec-1] Exception processing template "video": Exception evaluating SpringEL expression: "session.userEntity.icon" (template: "blank" - line 68, col 30)
org.thymeleaf.exceptions.TemplateProcessingException: Exception evaluating SpringEL expression: "session.userEntity.icon" (template: "blank" - line 68, col 30)
	at org.thymeleaf.spring5.expression.SPELVariableExpressionEvaluator.evaluate(SPELVariableExpressionEvaluator.java:292)
	at org.thymeleaf.standard.expression.VariableExpression.executeVariableExpression(VariableExpression.java:166)
	at org.thymeleaf.standard.expression.SimpleExpression.executeSimple(SimpleExpression.java:66)
	at org.thymeleaf.standard.expression.Expression.execute(Expression.java:109)
	at org.thymeleaf.standard.expression.AdditionExpression.executeAddition(AdditionExpression.java:96)
	at org.thymeleaf.standard.expression.ComplexExpression.executeComplex(ComplexExpression.java:62)
	at org.thymeleaf.standard.expression.Expression.execute(Expression.java:112)
	at org.thymeleaf.standard.expression.Expression.execute(Expression.java:138)
	at org.thymeleaf.standard.expression.LinkExpression.executeLinkExpression(LinkExpression.java:264)
	at org.thymeleaf.standard.expression.SimpleExpression.executeSimple(SimpleExpression.java:85)
	at org.thymeleaf.standard.expression.Expression.execute(Expression.java:109)
	at org.thymeleaf.standard.expression.Expression.execute(Expression.java:138)
	at org.thymeleaf.standard.processor.AbstractStandardExpressionAttributeTagProcessor.doProcess(AbstractStandardExpressionAttributeTagProcessor.java:144)
	at org.thymeleaf.processor.element.AbstractAttributeTagProcessor.doProcess(AbstractAttributeTagProcessor.java:74)
	at org.thymeleaf.processor.element.AbstractElementTagProcessor.process(AbstractElementTagProcessor.java:95)
	at org.thymeleaf.util.ProcessorConfigurationUtils$ElementTagProcessorWrapper.process(ProcessorConfigurationUtils.java:633)
	at org.thymeleaf.engine.ProcessorTemplateHandler.handleStandaloneElement(ProcessorTemplateHandler.java:918)
	at org.thymeleaf.engine.StandaloneElementTag.beHandled(StandaloneElementTag.java:228)
	at org.thymeleaf.engine.Model.process(Model.java:282)
	at org.thymeleaf.engine.ProcessorTemplateHandler.handleOpenElement(ProcessorTemplateHandler.java:1587)
	at org.thymeleaf.engine.OpenElementTag.beHandled(OpenElementTag.java:205)
	at org.thymeleaf.engine.TemplateModel.process(TemplateModel.java:136)
	at org.thymeleaf.engine.TemplateManager.parseAndProcess(TemplateManager.java:661)
	at org.thymeleaf.TemplateEngine.process(TemplateEngine.java:1098)
	at org.thymeleaf.TemplateEngine.process(TemplateEngine.java:1072)
	at org.thymeleaf.spring5.view.ThymeleafView.renderFragment(ThymeleafView.java:366)
	at org.thymeleaf.spring5.view.ThymeleafView.render(ThymeleafView.java:190)
	at org.springframework.web.servlet.DispatcherServlet.render(DispatcherServlet.java:1405)
	at org.springframework.web.servlet.DispatcherServlet.processDispatchResult(DispatcherServlet.java:1149)
	at org.springframework.web.servlet.DispatcherServlet.doDispatch(DispatcherServlet.java:1088)
	at org.springframework.web.servlet.DispatcherServlet.doService(DispatcherServlet.java:964)
	at org.springframework.web.servlet.FrameworkServlet.processRequest(FrameworkServlet.java:1006)
	at org.springframework.web.servlet.FrameworkServlet.doGet(FrameworkServlet.java:898)
	at javax.servlet.http.HttpServlet.service(HttpServlet.java:670)
	at org.springframework.web.servlet.FrameworkServlet.service(FrameworkServlet.java:883)
	at javax.servlet.http.HttpServlet.service(HttpServlet.java:779)
	at org.apache.catalina.core.ApplicationFilterChain.internalDoFilter(ApplicationFilterChain.java:227)
	at org.apache.catalina.core.ApplicationFilterChain.doFilter(ApplicationFilterChain.java:162)
	at org.apache.tomcat.websocket.server.WsFilter.doFilter(WsFilter.java:53)
	at org.apache.catalina.core.ApplicationFilterChain.internalDoFilter(ApplicationFilterChain.java:189)
	at org.apache.catalina.core.ApplicationFilterChain.doFilter(ApplicationFilterChain.java:162)
	at org.springframework.web.filter.CharacterEncodingFilter.doFilterInternal(CharacterEncodingFilter.java:201)
	at org.springframework.web.filter.OncePerRequestFilter.doFilter(OncePerRequestFilter.java:117)
	at org.apache.catalina.core.ApplicationFilterChain.internalDoFilter(ApplicationFilterChain.java:189)
	at org.apache.catalina.core.ApplicationFilterChain.doFilter(ApplicationFilterChain.java:162)
	at org.apache.catalina.core.StandardWrapperValve.invoke(StandardWrapperValve.java:197)
	at org.apache.catalina.core.StandardContextValve.invoke(StandardContextValve.java:97)
	at org.apache.catalina.authenticator.AuthenticatorBase.invoke(AuthenticatorBase.java:541)
	at org.apache.catalina.core.StandardHostValve.invoke(StandardHostValve.java:135)
	at org.apache.catalina.valves.ErrorReportValve.invoke(ErrorReportValve.java:92)
	at org.apache.catalina.core.StandardEngineValve.invoke(StandardEngineValve.java:78)
	at org.apache.catalina.connector.CoyoteAdapter.service(CoyoteAdapter.java:360)
	at org.apache.coyote.http11.Http11Processor.service(Http11Processor.java:399)
	at org.apache.coyote.AbstractProcessorLight.process(AbstractProcessorLight.java:65)
	at org.apache.coyote.AbstractProtocol$ConnectionHandler.process(AbstractProtocol.java:893)
	at org.apache.tomcat.util.net.NioEndpoint$SocketProcessor.doRun(NioEndpoint.java:1789)
	at org.apache.tomcat.util.net.SocketProcessorBase.run(SocketProcessorBase.java:49)
	at org.apache.tomcat.util.threads.ThreadPoolExecutor.runWorker(ThreadPoolExecutor.java:1191)
	at org.apache.tomcat.util.threads.ThreadPoolExecutor$Worker.run(ThreadPoolExecutor.java:659)
	at org.apache.tomcat.util.threads.TaskThread$WrappingRunnable.run(TaskThread.java:61)
	at java.lang.Thread.run(Thread.java:750)
Caused by: org.springframework.expression.spel.SpelEvaluationException: EL1007E: Property or field 'icon' cannot be found on null
	at org.springframework.expression.spel.ast.PropertyOrFieldReference.readProperty(PropertyOrFieldReference.java:213)
	at org.springframework.expression.spel.ast.PropertyOrFieldReference.getValueInternal(PropertyOrFieldReference.java:104)
	at org.springframework.expression.spel.ast.PropertyOrFieldReference.access$000(PropertyOrFieldReference.java:51)
	at org.springframework.expression.spel.ast.PropertyOrFieldReference$AccessorLValue.getValue(PropertyOrFieldReference.java:406)
	at org.springframework.expression.spel.ast.CompoundExpression.getValueInternal(CompoundExpression.java:92)
	at org.springframework.expression.spel.ast.SpelNodeImpl.getValue(SpelNodeImpl.java:112)
	at org.springframework.expression.spel.standard.SpelExpression.getValue(SpelExpression.java:338)
	at org.thymeleaf.spring5.expression.SPELVariableExpressionEvaluator.evaluate(SPELVariableExpressionEvaluator.java:265)
	... 60 common frames omitted
2024-07-30 14:05:09.320 [,] [http-nio-8084-exec-1] ERROR o.a.c.c.C.[.[.[.[dispatcherServlet] - [log,175] - Servlet.service() for servlet [dispatcherServlet] in context with path [] threw exception [Request processing failed; nested exception is org.thymeleaf.exceptions.TemplateProcessingException: Exception evaluating SpringEL expression: "session.userEntity.icon" (template: "blank" - line 68, col 30)] with root cause
org.springframework.expression.spel.SpelEvaluationException: EL1007E: Property or field 'icon' cannot be found on null
	at org.springframework.expression.spel.ast.PropertyOrFieldReference.readProperty(PropertyOrFieldReference.java:213)
	at org.springframework.expression.spel.ast.PropertyOrFieldReference.getValueInternal(PropertyOrFieldReference.java:104)
	at org.springframework.expression.spel.ast.PropertyOrFieldReference.access$000(PropertyOrFieldReference.java:51)
	at org.springframework.expression.spel.ast.PropertyOrFieldReference$AccessorLValue.getValue(PropertyOrFieldReference.java:406)
	at org.springframework.expression.spel.ast.CompoundExpression.getValueInternal(CompoundExpression.java:92)
	at org.springframework.expression.spel.ast.SpelNodeImpl.getValue(SpelNodeImpl.java:112)
	at org.springframework.expression.spel.standard.SpelExpression.getValue(SpelExpression.java:338)
	at org.thymeleaf.spring5.expression.SPELVariableExpressionEvaluator.evaluate(SPELVariableExpressionEvaluator.java:265)
	at org.thymeleaf.standard.expression.VariableExpression.executeVariableExpression(VariableExpression.java:166)
	at org.thymeleaf.standard.expression.SimpleExpression.executeSimple(SimpleExpression.java:66)
	at org.thymeleaf.standard.expression.Expression.execute(Expression.java:109)
	at org.thymeleaf.standard.expression.AdditionExpression.executeAddition(AdditionExpression.java:96)
	at org.thymeleaf.standard.expression.ComplexExpression.executeComplex(ComplexExpression.java:62)
	at org.thymeleaf.standard.expression.Expression.execute(Expression.java:112)
	at org.thymeleaf.standard.expression.Expression.execute(Expression.java:138)
	at org.thymeleaf.standard.expression.LinkExpression.executeLinkExpression(LinkExpression.java:264)
	at org.thymeleaf.standard.expression.SimpleExpression.executeSimple(SimpleExpression.java:85)
	at org.thymeleaf.standard.expression.Expression.execute(Expression.java:109)
	at org.thymeleaf.standard.expression.Expression.execute(Expression.java:138)
	at org.thymeleaf.standard.processor.AbstractStandardExpressionAttributeTagProcessor.doProcess(AbstractStandardExpressionAttributeTagProcessor.java:144)
	at org.thymeleaf.processor.element.AbstractAttributeTagProcessor.doProcess(AbstractAttributeTagProcessor.java:74)
	at org.thymeleaf.processor.element.AbstractElementTagProcessor.process(AbstractElementTagProcessor.java:95)
	at org.thymeleaf.util.ProcessorConfigurationUtils$ElementTagProcessorWrapper.process(ProcessorConfigurationUtils.java:633)
	at org.thymeleaf.engine.ProcessorTemplateHandler.handleStandaloneElement(ProcessorTemplateHandler.java:918)
	at org.thymeleaf.engine.StandaloneElementTag.beHandled(StandaloneElementTag.java:228)
	at org.thymeleaf.engine.Model.process(Model.java:282)
	at org.thymeleaf.engine.ProcessorTemplateHandler.handleOpenElement(ProcessorTemplateHandler.java:1587)
	at org.thymeleaf.engine.OpenElementTag.beHandled(OpenElementTag.java:205)
	at org.thymeleaf.engine.TemplateModel.process(TemplateModel.java:136)
	at org.thymeleaf.engine.TemplateManager.parseAndProcess(TemplateManager.java:661)
	at org.thymeleaf.TemplateEngine.process(TemplateEngine.java:1098)
	at org.thymeleaf.TemplateEngine.process(TemplateEngine.java:1072)
	at org.thymeleaf.spring5.view.ThymeleafView.renderFragment(ThymeleafView.java:366)
	at org.thymeleaf.spring5.view.ThymeleafView.render(ThymeleafView.java:190)
	at org.springframework.web.servlet.DispatcherServlet.render(DispatcherServlet.java:1405)
	at org.springframework.web.servlet.DispatcherServlet.processDispatchResult(DispatcherServlet.java:1149)
	at org.springframework.web.servlet.DispatcherServlet.doDispatch(DispatcherServlet.java:1088)
	at org.springframework.web.servlet.DispatcherServlet.doService(DispatcherServlet.java:964)
	at org.springframework.web.servlet.FrameworkServlet.processRequest(FrameworkServlet.java:1006)
	at org.springframework.web.servlet.FrameworkServlet.doGet(FrameworkServlet.java:898)
	at javax.servlet.http.HttpServlet.service(HttpServlet.java:670)
	at org.springframework.web.servlet.FrameworkServlet.service(FrameworkServlet.java:883)
	at javax.servlet.http.HttpServlet.service(HttpServlet.java:779)
	at org.apache.catalina.core.ApplicationFilterChain.internalDoFilter(ApplicationFilterChain.java:227)
	at org.apache.catalina.core.ApplicationFilterChain.doFilter(ApplicationFilterChain.java:162)
	at org.apache.tomcat.websocket.server.WsFilter.doFilter(WsFilter.java:53)
	at org.apache.catalina.core.ApplicationFilterChain.internalDoFilter(ApplicationFilterChain.java:189)
	at org.apache.catalina.core.ApplicationFilterChain.doFilter(ApplicationFilterChain.java:162)
	at org.springframework.web.filter.CharacterEncodingFilter.doFilterInternal(CharacterEncodingFilter.java:201)
	at org.springframework.web.filter.OncePerRequestFilter.doFilter(OncePerRequestFilter.java:117)
	at org.apache.catalina.core.ApplicationFilterChain.internalDoFilter(ApplicationFilterChain.java:189)
	at org.apache.catalina.core.ApplicationFilterChain.doFilter(ApplicationFilterChain.java:162)
	at org.apache.catalina.core.StandardWrapperValve.invoke(StandardWrapperValve.java:197)
	at org.apache.catalina.core.StandardContextValve.invoke(StandardContextValve.java:97)
	at org.apache.catalina.authenticator.AuthenticatorBase.invoke(AuthenticatorBase.java:541)
	at org.apache.catalina.core.StandardHostValve.invoke(StandardHostValve.java:135)
	at org.apache.catalina.valves.ErrorReportValve.invoke(ErrorReportValve.java:92)
	at org.apache.catalina.core.StandardEngineValve.invoke(StandardEngineValve.java:78)
	at org.apache.catalina.connector.CoyoteAdapter.service(CoyoteAdapter.java:360)
	at org.apache.coyote.http11.Http11Processor.service(Http11Processor.java:399)
	at org.apache.coyote.AbstractProcessorLight.process(AbstractProcessorLight.java:65)
	at org.apache.coyote.AbstractProtocol$ConnectionHandler.process(AbstractProtocol.java:893)
	at org.apache.tomcat.util.net.NioEndpoint$SocketProcessor.doRun(NioEndpoint.java:1789)
	at org.apache.tomcat.util.net.SocketProcessorBase.run(SocketProcessorBase.java:49)
	at org.apache.tomcat.util.threads.ThreadPoolExecutor.runWorker(ThreadPoolExecutor.java:1191)
	at org.apache.tomcat.util.threads.ThreadPoolExecutor$Worker.run(ThreadPoolExecutor.java:659)
	at org.apache.tomcat.util.threads.TaskThread$WrappingRunnable.run(TaskThread.java:61)
	at java.lang.Thread.run(Thread.java:750)
2024-07-30 14:11:10.877 [,] [main] ERROR o.s.b.SpringApplication - [reportFailure,824] - Application run failed
org.springframework.beans.factory.UnsatisfiedDependencyException: Error creating bean with name 'baseController': Unsatisfied dependency expressed through field 'fFmpegConfiguration'; nested exception is org.springframework.beans.factory.UnsatisfiedDependencyException: Error creating bean with name 'FFmpegConfiguration': Unsatisfied dependency expressed through field 'ffmpegEnabled'; nested exception is org.springframework.beans.TypeMismatchException: Failed to convert value of type 'java.lang.String' to required type 'java.lang.Boolean'; nested exception is java.lang.IllegalArgumentException: Invalid boolean value [aaa]
	at org.springframework.beans.factory.annotation.AutowiredAnnotationBeanPostProcessor$AutowiredFieldElement.resolveFieldValue(AutowiredAnnotationBeanPostProcessor.java:659)
	at org.springframework.beans.factory.annotation.AutowiredAnnotationBeanPostProcessor$AutowiredFieldElement.inject(AutowiredAnnotationBeanPostProcessor.java:639)
	at org.springframework.beans.factory.annotation.InjectionMetadata.inject(InjectionMetadata.java:119)
	at org.springframework.beans.factory.annotation.AutowiredAnnotationBeanPostProcessor.postProcessProperties(AutowiredAnnotationBeanPostProcessor.java:399)
	at org.springframework.beans.factory.support.AbstractAutowireCapableBeanFactory.populateBean(AbstractAutowireCapableBeanFactory.java:1431)
	at org.springframework.beans.factory.support.AbstractAutowireCapableBeanFactory.doCreateBean(AbstractAutowireCapableBeanFactory.java:619)
	at org.springframework.beans.factory.support.AbstractAutowireCapableBeanFactory.createBean(AbstractAutowireCapableBeanFactory.java:542)
	at org.springframework.beans.factory.support.AbstractBeanFactory.lambda$doGetBean$0(AbstractBeanFactory.java:335)
	at org.springframework.beans.factory.support.DefaultSingletonBeanRegistry.getSingleton(DefaultSingletonBeanRegistry.java:234)
	at org.springframework.beans.factory.support.AbstractBeanFactory.doGetBean(AbstractBeanFactory.java:333)
	at org.springframework.beans.factory.support.AbstractBeanFactory.getBean(AbstractBeanFactory.java:208)
	at org.springframework.beans.factory.support.DefaultListableBeanFactory.preInstantiateSingletons(DefaultListableBeanFactory.java:955)
	at org.springframework.context.support.AbstractApplicationContext.finishBeanFactoryInitialization(AbstractApplicationContext.java:918)
	at org.springframework.context.support.AbstractApplicationContext.refresh(AbstractApplicationContext.java:583)
	at org.springframework.boot.web.servlet.context.ServletWebServerApplicationContext.refresh(ServletWebServerApplicationContext.java:147)
	at org.springframework.boot.SpringApplication.refresh(SpringApplication.java:734)
	at org.springframework.boot.SpringApplication.refreshContext(SpringApplication.java:408)
	at org.springframework.boot.SpringApplication.run(SpringApplication.java:308)
	at org.springframework.boot.SpringApplication.run(SpringApplication.java:1306)
	at org.springframework.boot.SpringApplication.run(SpringApplication.java:1295)
	at com.shark.aio.AIOCompanyApplication.main(AIOCompanyApplication.java:24)
Caused by: org.springframework.beans.factory.UnsatisfiedDependencyException: Error creating bean with name 'FFmpegConfiguration': Unsatisfied dependency expressed through field 'ffmpegEnabled'; nested exception is org.springframework.beans.TypeMismatchException: Failed to convert value of type 'java.lang.String' to required type 'java.lang.Boolean'; nested exception is java.lang.IllegalArgumentException: Invalid boolean value [aaa]
	at org.springframework.beans.factory.annotation.AutowiredAnnotationBeanPostProcessor$AutowiredFieldElement.resolveFieldValue(AutowiredAnnotationBeanPostProcessor.java:659)
	at org.springframework.beans.factory.annotation.AutowiredAnnotationBeanPostProcessor$AutowiredFieldElement.inject(AutowiredAnnotationBeanPostProcessor.java:639)
	at org.springframework.beans.factory.annotation.InjectionMetadata.inject(InjectionMetadata.java:119)
	at org.springframework.beans.factory.annotation.AutowiredAnnotationBeanPostProcessor.postProcessProperties(AutowiredAnnotationBeanPostProcessor.java:399)
	at org.springframework.beans.factory.support.AbstractAutowireCapableBeanFactory.populateBean(AbstractAutowireCapableBeanFactory.java:1431)
	at org.springframework.beans.factory.support.AbstractAutowireCapableBeanFactory.doCreateBean(AbstractAutowireCapableBeanFactory.java:619)
	at org.springframework.beans.factory.support.AbstractAutowireCapableBeanFactory.createBean(AbstractAutowireCapableBeanFactory.java:542)
	at org.springframework.beans.factory.support.AbstractBeanFactory.lambda$doGetBean$0(AbstractBeanFactory.java:335)
	at org.springframework.beans.factory.support.DefaultSingletonBeanRegistry.getSingleton(DefaultSingletonBeanRegistry.java:234)
	at org.springframework.beans.factory.support.AbstractBeanFactory.doGetBean(AbstractBeanFactory.java:333)
	at org.springframework.beans.factory.support.AbstractBeanFactory.getBean(AbstractBeanFactory.java:208)
	at org.springframework.beans.factory.config.DependencyDescriptor.resolveCandidate(DependencyDescriptor.java:276)
	at org.springframework.beans.factory.support.DefaultListableBeanFactory.doResolveDependency(DefaultListableBeanFactory.java:1391)
	at org.springframework.beans.factory.support.DefaultListableBeanFactory.resolveDependency(DefaultListableBeanFactory.java:1311)
	at org.springframework.beans.factory.annotation.AutowiredAnnotationBeanPostProcessor$AutowiredFieldElement.resolveFieldValue(AutowiredAnnotationBeanPostProcessor.java:656)
	... 20 common frames omitted
Caused by: org.springframework.beans.TypeMismatchException: Failed to convert value of type 'java.lang.String' to required type 'java.lang.Boolean'; nested exception is java.lang.IllegalArgumentException: Invalid boolean value [aaa]
	at org.springframework.beans.TypeConverterSupport.convertIfNecessary(TypeConverterSupport.java:79)
	at org.springframework.beans.factory.support.DefaultListableBeanFactory.doResolveDependency(DefaultListableBeanFactory.java:1339)
	at org.springframework.beans.factory.support.DefaultListableBeanFactory.resolveDependency(DefaultListableBeanFactory.java:1311)
	at org.springframework.beans.factory.annotation.AutowiredAnnotationBeanPostProcessor$AutowiredFieldElement.resolveFieldValue(AutowiredAnnotationBeanPostProcessor.java:656)
	... 34 common frames omitted
Caused by: java.lang.IllegalArgumentException: Invalid boolean value [aaa]
	at org.springframework.beans.propertyeditors.CustomBooleanEditor.setAsText(CustomBooleanEditor.java:154)
	at org.springframework.beans.TypeConverterDelegate.doConvertTextValue(TypeConverterDelegate.java:429)
	at org.springframework.beans.TypeConverterDelegate.doConvertValue(TypeConverterDelegate.java:402)
	at org.springframework.beans.TypeConverterDelegate.convertIfNecessary(TypeConverterDelegate.java:155)
	at org.springframework.beans.TypeConverterSupport.convertIfNecessary(TypeConverterSupport.java:73)
	... 37 common frames omitted
2024-07-30 14:23:34.681 [,] [http-nio-8084-exec-6] ERROR o.t.TemplateEngine - [process,1136] - [THYMELEAF][http-nio-8084-exec-6] Exception processing template "updatePwd1": Error resolving template [updatePwd1], template might not exist or might not be accessible by any of the configured Template Resolvers
org.thymeleaf.exceptions.TemplateInputException: Error resolving template [updatePwd1], template might not exist or might not be accessible by any of the configured Template Resolvers
	at org.thymeleaf.engine.TemplateManager.resolveTemplate(TemplateManager.java:869)
	at org.thymeleaf.engine.TemplateManager.parseAndProcess(TemplateManager.java:607)
	at org.thymeleaf.TemplateEngine.process(TemplateEngine.java:1098)
	at org.thymeleaf.TemplateEngine.process(TemplateEngine.java:1072)
	at org.thymeleaf.spring5.view.ThymeleafView.renderFragment(ThymeleafView.java:366)
	at org.thymeleaf.spring5.view.ThymeleafView.render(ThymeleafView.java:190)
	at org.springframework.web.servlet.DispatcherServlet.render(DispatcherServlet.java:1405)
	at org.springframework.web.servlet.DispatcherServlet.processDispatchResult(DispatcherServlet.java:1149)
	at org.springframework.web.servlet.DispatcherServlet.doDispatch(DispatcherServlet.java:1088)
	at org.springframework.web.servlet.DispatcherServlet.doService(DispatcherServlet.java:964)
	at org.springframework.web.servlet.FrameworkServlet.processRequest(FrameworkServlet.java:1006)
	at org.springframework.web.servlet.FrameworkServlet.doGet(FrameworkServlet.java:898)
	at javax.servlet.http.HttpServlet.service(HttpServlet.java:670)
	at org.springframework.web.servlet.FrameworkServlet.service(FrameworkServlet.java:883)
	at javax.servlet.http.HttpServlet.service(HttpServlet.java:779)
	at org.apache.catalina.core.ApplicationFilterChain.internalDoFilter(ApplicationFilterChain.java:227)
	at org.apache.catalina.core.ApplicationFilterChain.doFilter(ApplicationFilterChain.java:162)
	at org.apache.tomcat.websocket.server.WsFilter.doFilter(WsFilter.java:53)
	at org.apache.catalina.core.ApplicationFilterChain.internalDoFilter(ApplicationFilterChain.java:189)
	at org.apache.catalina.core.ApplicationFilterChain.doFilter(ApplicationFilterChain.java:162)
	at org.springframework.web.filter.CharacterEncodingFilter.doFilterInternal(CharacterEncodingFilter.java:201)
	at org.springframework.web.filter.OncePerRequestFilter.doFilter(OncePerRequestFilter.java:117)
	at org.apache.catalina.core.ApplicationFilterChain.internalDoFilter(ApplicationFilterChain.java:189)
	at org.apache.catalina.core.ApplicationFilterChain.doFilter(ApplicationFilterChain.java:162)
	at org.apache.catalina.core.StandardWrapperValve.invoke(StandardWrapperValve.java:197)
	at org.apache.catalina.core.StandardContextValve.invoke(StandardContextValve.java:97)
	at org.apache.catalina.authenticator.AuthenticatorBase.invoke(AuthenticatorBase.java:541)
	at org.apache.catalina.core.StandardHostValve.invoke(StandardHostValve.java:135)
	at org.apache.catalina.valves.ErrorReportValve.invoke(ErrorReportValve.java:92)
	at org.apache.catalina.core.StandardEngineValve.invoke(StandardEngineValve.java:78)
	at org.apache.catalina.connector.CoyoteAdapter.service(CoyoteAdapter.java:360)
	at org.apache.coyote.http11.Http11Processor.service(Http11Processor.java:399)
	at org.apache.coyote.AbstractProcessorLight.process(AbstractProcessorLight.java:65)
	at org.apache.coyote.AbstractProtocol$ConnectionHandler.process(AbstractProtocol.java:893)
	at org.apache.tomcat.util.net.NioEndpoint$SocketProcessor.doRun(NioEndpoint.java:1789)
	at org.apache.tomcat.util.net.SocketProcessorBase.run(SocketProcessorBase.java:49)
	at org.apache.tomcat.util.threads.ThreadPoolExecutor.runWorker(ThreadPoolExecutor.java:1191)
	at org.apache.tomcat.util.threads.ThreadPoolExecutor$Worker.run(ThreadPoolExecutor.java:659)
	at org.apache.tomcat.util.threads.TaskThread$WrappingRunnable.run(TaskThread.java:61)
	at java.lang.Thread.run(Thread.java:750)
2024-07-30 14:23:34.682 [,] [http-nio-8084-exec-6] ERROR o.a.c.c.C.[.[.[.[dispatcherServlet] - [log,175] - Servlet.service() for servlet [dispatcherServlet] in context with path [] threw exception [Request processing failed; nested exception is org.thymeleaf.exceptions.TemplateInputException: Error resolving template [updatePwd1], template might not exist or might not be accessible by any of the configured Template Resolvers] with root cause
org.thymeleaf.exceptions.TemplateInputException: Error resolving template [updatePwd1], template might not exist or might not be accessible by any of the configured Template Resolvers
	at org.thymeleaf.engine.TemplateManager.resolveTemplate(TemplateManager.java:869)
	at org.thymeleaf.engine.TemplateManager.parseAndProcess(TemplateManager.java:607)
	at org.thymeleaf.TemplateEngine.process(TemplateEngine.java:1098)
	at org.thymeleaf.TemplateEngine.process(TemplateEngine.java:1072)
	at org.thymeleaf.spring5.view.ThymeleafView.renderFragment(ThymeleafView.java:366)
	at org.thymeleaf.spring5.view.ThymeleafView.render(ThymeleafView.java:190)
	at org.springframework.web.servlet.DispatcherServlet.render(DispatcherServlet.java:1405)
	at org.springframework.web.servlet.DispatcherServlet.processDispatchResult(DispatcherServlet.java:1149)
	at org.springframework.web.servlet.DispatcherServlet.doDispatch(DispatcherServlet.java:1088)
	at org.springframework.web.servlet.DispatcherServlet.doService(DispatcherServlet.java:964)
	at org.springframework.web.servlet.FrameworkServlet.processRequest(FrameworkServlet.java:1006)
	at org.springframework.web.servlet.FrameworkServlet.doGet(FrameworkServlet.java:898)
	at javax.servlet.http.HttpServlet.service(HttpServlet.java:670)
	at org.springframework.web.servlet.FrameworkServlet.service(FrameworkServlet.java:883)
	at javax.servlet.http.HttpServlet.service(HttpServlet.java:779)
	at org.apache.catalina.core.ApplicationFilterChain.internalDoFilter(ApplicationFilterChain.java:227)
	at org.apache.catalina.core.ApplicationFilterChain.doFilter(ApplicationFilterChain.java:162)
	at org.apache.tomcat.websocket.server.WsFilter.doFilter(WsFilter.java:53)
	at org.apache.catalina.core.ApplicationFilterChain.internalDoFilter(ApplicationFilterChain.java:189)
	at org.apache.catalina.core.ApplicationFilterChain.doFilter(ApplicationFilterChain.java:162)
	at org.springframework.web.filter.CharacterEncodingFilter.doFilterInternal(CharacterEncodingFilter.java:201)
	at org.springframework.web.filter.OncePerRequestFilter.doFilter(OncePerRequestFilter.java:117)
	at org.apache.catalina.core.ApplicationFilterChain.internalDoFilter(ApplicationFilterChain.java:189)
	at org.apache.catalina.core.ApplicationFilterChain.doFilter(ApplicationFilterChain.java:162)
	at org.apache.catalina.core.StandardWrapperValve.invoke(StandardWrapperValve.java:197)
	at org.apache.catalina.core.StandardContextValve.invoke(StandardContextValve.java:97)
	at org.apache.catalina.authenticator.AuthenticatorBase.invoke(AuthenticatorBase.java:541)
	at org.apache.catalina.core.StandardHostValve.invoke(StandardHostValve.java:135)
	at org.apache.catalina.valves.ErrorReportValve.invoke(ErrorReportValve.java:92)
	at org.apache.catalina.core.StandardEngineValve.invoke(StandardEngineValve.java:78)
	at org.apache.catalina.connector.CoyoteAdapter.service(CoyoteAdapter.java:360)
	at org.apache.coyote.http11.Http11Processor.service(Http11Processor.java:399)
	at org.apache.coyote.AbstractProcessorLight.process(AbstractProcessorLight.java:65)
	at org.apache.coyote.AbstractProtocol$ConnectionHandler.process(AbstractProtocol.java:893)
	at org.apache.tomcat.util.net.NioEndpoint$SocketProcessor.doRun(NioEndpoint.java:1789)
	at org.apache.tomcat.util.net.SocketProcessorBase.run(SocketProcessorBase.java:49)
	at org.apache.tomcat.util.threads.ThreadPoolExecutor.runWorker(ThreadPoolExecutor.java:1191)
	at org.apache.tomcat.util.threads.ThreadPoolExecutor$Worker.run(ThreadPoolExecutor.java:659)
	at org.apache.tomcat.util.threads.TaskThread$WrappingRunnable.run(TaskThread.java:61)
	at java.lang.Thread.run(Thread.java:750)
2024-07-30 14:36:10.332 [,] [http-nio-8084-exec-10] ERROR o.a.c.c.C.[.[.[.[dispatcherServlet] - [log,175] - Servlet.service() for servlet [dispatcherServlet] in context with path [] threw exception [Request processing failed; nested exception is java.lang.NullPointerException] with root cause
java.lang.NullPointerException: null
	at com.shark.aio.user.service.UserService.iconUpdate(UserService.java:258)
	at com.shark.aio.user.controller.UserController.iconUpdate(UserController.java:258)
	at sun.reflect.NativeMethodAccessorImpl.invoke0(Native Method)
	at sun.reflect.NativeMethodAccessorImpl.invoke(NativeMethodAccessorImpl.java:62)
	at sun.reflect.DelegatingMethodAccessorImpl.invoke(DelegatingMethodAccessorImpl.java:43)
	at java.lang.reflect.Method.invoke(Method.java:498)
	at org.springframework.web.method.support.InvocableHandlerMethod.doInvoke(InvocableHandlerMethod.java:205)
	at org.springframework.web.method.support.InvocableHandlerMethod.invokeForRequest(InvocableHandlerMethod.java:150)
	at org.springframework.web.servlet.mvc.method.annotation.ServletInvocableHandlerMethod.invokeAndHandle(ServletInvocableHandlerMethod.java:117)
	at org.springframework.web.servlet.mvc.method.annotation.RequestMappingHandlerAdapter.invokeHandlerMethod(RequestMappingHandlerAdapter.java:895)
	at org.springframework.web.servlet.mvc.method.annotation.RequestMappingHandlerAdapter.handleInternal(RequestMappingHandlerAdapter.java:808)
	at org.springframework.web.servlet.mvc.method.AbstractHandlerMethodAdapter.handle(AbstractHandlerMethodAdapter.java:87)
	at org.springframework.web.servlet.DispatcherServlet.doDispatch(DispatcherServlet.java:1071)
	at org.springframework.web.servlet.DispatcherServlet.doService(DispatcherServlet.java:964)
	at org.springframework.web.servlet.FrameworkServlet.processRequest(FrameworkServlet.java:1006)
	at org.springframework.web.servlet.FrameworkServlet.doPost(FrameworkServlet.java:909)
	at javax.servlet.http.HttpServlet.service(HttpServlet.java:696)
	at org.springframework.web.servlet.FrameworkServlet.service(FrameworkServlet.java:883)
	at javax.servlet.http.HttpServlet.service(HttpServlet.java:779)
	at org.apache.catalina.core.ApplicationFilterChain.internalDoFilter(ApplicationFilterChain.java:227)
	at org.apache.catalina.core.ApplicationFilterChain.doFilter(ApplicationFilterChain.java:162)
	at org.apache.tomcat.websocket.server.WsFilter.doFilter(WsFilter.java:53)
	at org.apache.catalina.core.ApplicationFilterChain.internalDoFilter(ApplicationFilterChain.java:189)
	at org.apache.catalina.core.ApplicationFilterChain.doFilter(ApplicationFilterChain.java:162)
	at org.springframework.web.filter.CharacterEncodingFilter.doFilterInternal(CharacterEncodingFilter.java:201)
	at org.springframework.web.filter.OncePerRequestFilter.doFilter(OncePerRequestFilter.java:117)
	at org.apache.catalina.core.ApplicationFilterChain.internalDoFilter(ApplicationFilterChain.java:189)
	at org.apache.catalina.core.ApplicationFilterChain.doFilter(ApplicationFilterChain.java:162)
	at org.apache.catalina.core.StandardWrapperValve.invoke(StandardWrapperValve.java:197)
	at org.apache.catalina.core.StandardContextValve.invoke(StandardContextValve.java:97)
	at org.apache.catalina.authenticator.AuthenticatorBase.invoke(AuthenticatorBase.java:541)
	at org.apache.catalina.core.StandardHostValve.invoke(StandardHostValve.java:135)
	at org.apache.catalina.valves.ErrorReportValve.invoke(ErrorReportValve.java:92)
	at org.apache.catalina.core.StandardEngineValve.invoke(StandardEngineValve.java:78)
	at org.apache.catalina.connector.CoyoteAdapter.service(CoyoteAdapter.java:360)
	at org.apache.coyote.http11.Http11Processor.service(Http11Processor.java:399)
	at org.apache.coyote.AbstractProcessorLight.process(AbstractProcessorLight.java:65)
	at org.apache.coyote.AbstractProtocol$ConnectionHandler.process(AbstractProtocol.java:893)
	at org.apache.tomcat.util.net.NioEndpoint$SocketProcessor.doRun(NioEndpoint.java:1789)
	at org.apache.tomcat.util.net.SocketProcessorBase.run(SocketProcessorBase.java:49)
	at org.apache.tomcat.util.threads.ThreadPoolExecutor.runWorker(ThreadPoolExecutor.java:1191)
	at org.apache.tomcat.util.threads.ThreadPoolExecutor$Worker.run(ThreadPoolExecutor.java:659)
	at org.apache.tomcat.util.threads.TaskThread$WrappingRunnable.run(TaskThread.java:61)
	at java.lang.Thread.run(Thread.java:750)
2024-07-30 15:01:24.028 [,] [http-nio-8084-exec-8] ERROR o.a.c.c.C.[.[.[.[dispatcherServlet] - [log,175] - Servlet.service() for servlet [dispatcherServlet] in context with path [] threw exception [Request processing failed; nested exception is java.lang.NullPointerException] with root cause
java.lang.NullPointerException: null
	at com.shark.aio.user.service.UserService.iconUpdate(UserService.java:258)
	at com.shark.aio.user.controller.UserController.iconUpdate(UserController.java:258)
	at sun.reflect.NativeMethodAccessorImpl.invoke0(Native Method)
	at sun.reflect.NativeMethodAccessorImpl.invoke(NativeMethodAccessorImpl.java:62)
	at sun.reflect.DelegatingMethodAccessorImpl.invoke(DelegatingMethodAccessorImpl.java:43)
	at java.lang.reflect.Method.invoke(Method.java:498)
	at org.springframework.web.method.support.InvocableHandlerMethod.doInvoke(InvocableHandlerMethod.java:205)
	at org.springframework.web.method.support.InvocableHandlerMethod.invokeForRequest(InvocableHandlerMethod.java:150)
	at org.springframework.web.servlet.mvc.method.annotation.ServletInvocableHandlerMethod.invokeAndHandle(ServletInvocableHandlerMethod.java:117)
	at org.springframework.web.servlet.mvc.method.annotation.RequestMappingHandlerAdapter.invokeHandlerMethod(RequestMappingHandlerAdapter.java:895)
	at org.springframework.web.servlet.mvc.method.annotation.RequestMappingHandlerAdapter.handleInternal(RequestMappingHandlerAdapter.java:808)
	at org.springframework.web.servlet.mvc.method.AbstractHandlerMethodAdapter.handle(AbstractHandlerMethodAdapter.java:87)
	at org.springframework.web.servlet.DispatcherServlet.doDispatch(DispatcherServlet.java:1071)
	at org.springframework.web.servlet.DispatcherServlet.doService(DispatcherServlet.java:964)
	at org.springframework.web.servlet.FrameworkServlet.processRequest(FrameworkServlet.java:1006)
	at org.springframework.web.servlet.FrameworkServlet.doPost(FrameworkServlet.java:909)
	at javax.servlet.http.HttpServlet.service(HttpServlet.java:696)
	at org.springframework.web.servlet.FrameworkServlet.service(FrameworkServlet.java:883)
	at javax.servlet.http.HttpServlet.service(HttpServlet.java:779)
	at org.apache.catalina.core.ApplicationFilterChain.internalDoFilter(ApplicationFilterChain.java:227)
	at org.apache.catalina.core.ApplicationFilterChain.doFilter(ApplicationFilterChain.java:162)
	at org.apache.tomcat.websocket.server.WsFilter.doFilter(WsFilter.java:53)
	at org.apache.catalina.core.ApplicationFilterChain.internalDoFilter(ApplicationFilterChain.java:189)
	at org.apache.catalina.core.ApplicationFilterChain.doFilter(ApplicationFilterChain.java:162)
	at org.springframework.web.filter.CharacterEncodingFilter.doFilterInternal(CharacterEncodingFilter.java:201)
	at org.springframework.web.filter.OncePerRequestFilter.doFilter(OncePerRequestFilter.java:117)
	at org.apache.catalina.core.ApplicationFilterChain.internalDoFilter(ApplicationFilterChain.java:189)
	at org.apache.catalina.core.ApplicationFilterChain.doFilter(ApplicationFilterChain.java:162)
	at org.apache.catalina.core.StandardWrapperValve.invoke(StandardWrapperValve.java:197)
	at org.apache.catalina.core.StandardContextValve.invoke(StandardContextValve.java:97)
	at org.apache.catalina.authenticator.AuthenticatorBase.invoke(AuthenticatorBase.java:541)
	at org.apache.catalina.core.StandardHostValve.invoke(StandardHostValve.java:135)
	at org.apache.catalina.valves.ErrorReportValve.invoke(ErrorReportValve.java:92)
	at org.apache.catalina.core.StandardEngineValve.invoke(StandardEngineValve.java:78)
	at org.apache.catalina.connector.CoyoteAdapter.service(CoyoteAdapter.java:360)
	at org.apache.coyote.http11.Http11Processor.service(Http11Processor.java:399)
	at org.apache.coyote.AbstractProcessorLight.process(AbstractProcessorLight.java:65)
	at org.apache.coyote.AbstractProtocol$ConnectionHandler.process(AbstractProtocol.java:893)
	at org.apache.tomcat.util.net.NioEndpoint$SocketProcessor.doRun(NioEndpoint.java:1789)
	at org.apache.tomcat.util.net.SocketProcessorBase.run(SocketProcessorBase.java:49)
	at org.apache.tomcat.util.threads.ThreadPoolExecutor.runWorker(ThreadPoolExecutor.java:1191)
	at org.apache.tomcat.util.threads.ThreadPoolExecutor$Worker.run(ThreadPoolExecutor.java:659)
	at org.apache.tomcat.util.threads.TaskThread$WrappingRunnable.run(TaskThread.java:61)
	at java.lang.Thread.run(Thread.java:750)
2024-07-30 15:11:04.465 [,] [http-nio-8084-exec-1] ERROR o.t.TemplateEngine - [process,1136] - [THYMELEAF][http-nio-8084-exec-1] Exception processing template "personalCenter": Exception evaluating SpringEL expression: "session.authorityEntity.authority1 == 'on'" (template: "blank" - line 88, col 41)
org.thymeleaf.exceptions.TemplateProcessingException: Exception evaluating SpringEL expression: "session.authorityEntity.authority1 == 'on'" (template: "blank" - line 88, col 41)
	at org.thymeleaf.spring5.expression.SPELVariableExpressionEvaluator.evaluate(SPELVariableExpressionEvaluator.java:292)
	at org.thymeleaf.standard.expression.VariableExpression.executeVariableExpression(VariableExpression.java:166)
	at org.thymeleaf.standard.expression.SimpleExpression.executeSimple(SimpleExpression.java:66)
	at org.thymeleaf.standard.expression.Expression.execute(Expression.java:109)
	at org.thymeleaf.standard.expression.Expression.execute(Expression.java:138)
	at org.thymeleaf.standard.expression.Expression.execute(Expression.java:125)
	at org.thymeleaf.standard.processor.StandardIfTagProcessor.isVisible(StandardIfTagProcessor.java:59)
	at org.thymeleaf.standard.processor.AbstractStandardConditionalVisibilityTagProcessor.doProcess(AbstractStandardConditionalVisibilityTagProcessor.java:61)
	at org.thymeleaf.processor.element.AbstractAttributeTagProcessor.doProcess(AbstractAttributeTagProcessor.java:74)
	at org.thymeleaf.processor.element.AbstractElementTagProcessor.process(AbstractElementTagProcessor.java:95)
	at org.thymeleaf.util.ProcessorConfigurationUtils$ElementTagProcessorWrapper.process(ProcessorConfigurationUtils.java:633)
	at org.thymeleaf.engine.ProcessorTemplateHandler.handleOpenElement(ProcessorTemplateHandler.java:1314)
	at org.thymeleaf.engine.OpenElementTag.beHandled(OpenElementTag.java:205)
	at org.thymeleaf.engine.Model.process(Model.java:282)
	at org.thymeleaf.engine.ProcessorTemplateHandler.handleOpenElement(ProcessorTemplateHandler.java:1587)
	at org.thymeleaf.engine.OpenElementTag.beHandled(OpenElementTag.java:205)
	at org.thymeleaf.engine.TemplateModel.process(TemplateModel.java:136)
	at org.thymeleaf.engine.TemplateManager.parseAndProcess(TemplateManager.java:661)
	at org.thymeleaf.TemplateEngine.process(TemplateEngine.java:1098)
	at org.thymeleaf.TemplateEngine.process(TemplateEngine.java:1072)
	at org.thymeleaf.spring5.view.ThymeleafView.renderFragment(ThymeleafView.java:366)
	at org.thymeleaf.spring5.view.ThymeleafView.render(ThymeleafView.java:190)
	at org.springframework.web.servlet.DispatcherServlet.render(DispatcherServlet.java:1405)
	at org.springframework.web.servlet.DispatcherServlet.processDispatchResult(DispatcherServlet.java:1149)
	at org.springframework.web.servlet.DispatcherServlet.doDispatch(DispatcherServlet.java:1088)
	at org.springframework.web.servlet.DispatcherServlet.doService(DispatcherServlet.java:964)
	at org.springframework.web.servlet.FrameworkServlet.processRequest(FrameworkServlet.java:1006)
	at org.springframework.web.servlet.FrameworkServlet.doGet(FrameworkServlet.java:898)
	at javax.servlet.http.HttpServlet.service(HttpServlet.java:670)
	at org.springframework.web.servlet.FrameworkServlet.service(FrameworkServlet.java:883)
	at javax.servlet.http.HttpServlet.service(HttpServlet.java:779)
	at org.apache.catalina.core.ApplicationFilterChain.internalDoFilter(ApplicationFilterChain.java:227)
	at org.apache.catalina.core.ApplicationFilterChain.doFilter(ApplicationFilterChain.java:162)
	at org.apache.tomcat.websocket.server.WsFilter.doFilter(WsFilter.java:53)
	at org.apache.catalina.core.ApplicationFilterChain.internalDoFilter(ApplicationFilterChain.java:189)
	at org.apache.catalina.core.ApplicationFilterChain.doFilter(ApplicationFilterChain.java:162)
	at org.springframework.web.filter.CharacterEncodingFilter.doFilterInternal(CharacterEncodingFilter.java:201)
	at org.springframework.web.filter.OncePerRequestFilter.doFilter(OncePerRequestFilter.java:117)
	at org.apache.catalina.core.ApplicationFilterChain.internalDoFilter(ApplicationFilterChain.java:189)
	at org.apache.catalina.core.ApplicationFilterChain.doFilter(ApplicationFilterChain.java:162)
	at org.apache.catalina.core.StandardWrapperValve.invoke(StandardWrapperValve.java:197)
	at org.apache.catalina.core.StandardContextValve.invoke(StandardContextValve.java:97)
	at org.apache.catalina.authenticator.AuthenticatorBase.invoke(AuthenticatorBase.java:541)
	at org.apache.catalina.core.StandardHostValve.invoke(StandardHostValve.java:135)
	at org.apache.catalina.valves.ErrorReportValve.invoke(ErrorReportValve.java:92)
	at org.apache.catalina.core.StandardEngineValve.invoke(StandardEngineValve.java:78)
	at org.apache.catalina.connector.CoyoteAdapter.service(CoyoteAdapter.java:360)
	at org.apache.coyote.http11.Http11Processor.service(Http11Processor.java:399)
	at org.apache.coyote.AbstractProcessorLight.process(AbstractProcessorLight.java:65)
	at org.apache.coyote.AbstractProtocol$ConnectionHandler.process(AbstractProtocol.java:893)
	at org.apache.tomcat.util.net.NioEndpoint$SocketProcessor.doRun(NioEndpoint.java:1789)
	at org.apache.tomcat.util.net.SocketProcessorBase.run(SocketProcessorBase.java:49)
	at org.apache.tomcat.util.threads.ThreadPoolExecutor.runWorker(ThreadPoolExecutor.java:1191)
	at org.apache.tomcat.util.threads.ThreadPoolExecutor$Worker.run(ThreadPoolExecutor.java:659)
	at org.apache.tomcat.util.threads.TaskThread$WrappingRunnable.run(TaskThread.java:61)
	at java.lang.Thread.run(Thread.java:750)
Caused by: org.springframework.expression.spel.SpelEvaluationException: EL1007E: Property or field 'authority1' cannot be found on null
	at org.springframework.expression.spel.ast.PropertyOrFieldReference.readProperty(PropertyOrFieldReference.java:213)
	at org.springframework.expression.spel.ast.PropertyOrFieldReference.getValueInternal(PropertyOrFieldReference.java:104)
	at org.springframework.expression.spel.ast.PropertyOrFieldReference.access$000(PropertyOrFieldReference.java:51)
	at org.springframework.expression.spel.ast.PropertyOrFieldReference$AccessorLValue.getValue(PropertyOrFieldReference.java:406)
	at org.springframework.expression.spel.ast.CompoundExpression.getValueInternal(CompoundExpression.java:92)
	at org.springframework.expression.spel.ast.OpEQ.getValueInternal(OpEQ.java:42)
	at org.springframework.expression.spel.ast.OpEQ.getValueInternal(OpEQ.java:32)
	at org.springframework.expression.spel.ast.SpelNodeImpl.getValue(SpelNodeImpl.java:112)
	at org.springframework.expression.spel.standard.SpelExpression.getValue(SpelExpression.java:338)
	at org.thymeleaf.spring5.expression.SPELVariableExpressionEvaluator.evaluate(SPELVariableExpressionEvaluator.java:265)
	... 55 common frames omitted
2024-07-30 15:11:04.466 [,] [http-nio-8084-exec-1] ERROR o.a.c.c.C.[.[.[.[dispatcherServlet] - [log,175] - Servlet.service() for servlet [dispatcherServlet] in context with path [] threw exception [Request processing failed; nested exception is org.thymeleaf.exceptions.TemplateProcessingException: Exception evaluating SpringEL expression: "session.authorityEntity.authority1 == 'on'" (template: "blank" - line 88, col 41)] with root cause
org.springframework.expression.spel.SpelEvaluationException: EL1007E: Property or field 'authority1' cannot be found on null
	at org.springframework.expression.spel.ast.PropertyOrFieldReference.readProperty(PropertyOrFieldReference.java:213)
	at org.springframework.expression.spel.ast.PropertyOrFieldReference.getValueInternal(PropertyOrFieldReference.java:104)
	at org.springframework.expression.spel.ast.PropertyOrFieldReference.access$000(PropertyOrFieldReference.java:51)
	at org.springframework.expression.spel.ast.PropertyOrFieldReference$AccessorLValue.getValue(PropertyOrFieldReference.java:406)
	at org.springframework.expression.spel.ast.CompoundExpression.getValueInternal(CompoundExpression.java:92)
	at org.springframework.expression.spel.ast.OpEQ.getValueInternal(OpEQ.java:42)
	at org.springframework.expression.spel.ast.OpEQ.getValueInternal(OpEQ.java:32)
	at org.springframework.expression.spel.ast.SpelNodeImpl.getValue(SpelNodeImpl.java:112)
	at org.springframework.expression.spel.standard.SpelExpression.getValue(SpelExpression.java:338)
	at org.thymeleaf.spring5.expression.SPELVariableExpressionEvaluator.evaluate(SPELVariableExpressionEvaluator.java:265)
	at org.thymeleaf.standard.expression.VariableExpression.executeVariableExpression(VariableExpression.java:166)
	at org.thymeleaf.standard.expression.SimpleExpression.executeSimple(SimpleExpression.java:66)
	at org.thymeleaf.standard.expression.Expression.execute(Expression.java:109)
	at org.thymeleaf.standard.expression.Expression.execute(Expression.java:138)
	at org.thymeleaf.standard.expression.Expression.execute(Expression.java:125)
	at org.thymeleaf.standard.processor.StandardIfTagProcessor.isVisible(StandardIfTagProcessor.java:59)
	at org.thymeleaf.standard.processor.AbstractStandardConditionalVisibilityTagProcessor.doProcess(AbstractStandardConditionalVisibilityTagProcessor.java:61)
	at org.thymeleaf.processor.element.AbstractAttributeTagProcessor.doProcess(AbstractAttributeTagProcessor.java:74)
	at org.thymeleaf.processor.element.AbstractElementTagProcessor.process(AbstractElementTagProcessor.java:95)
	at org.thymeleaf.util.ProcessorConfigurationUtils$ElementTagProcessorWrapper.process(ProcessorConfigurationUtils.java:633)
	at org.thymeleaf.engine.ProcessorTemplateHandler.handleOpenElement(ProcessorTemplateHandler.java:1314)
	at org.thymeleaf.engine.OpenElementTag.beHandled(OpenElementTag.java:205)
	at org.thymeleaf.engine.Model.process(Model.java:282)
	at org.thymeleaf.engine.ProcessorTemplateHandler.handleOpenElement(ProcessorTemplateHandler.java:1587)
	at org.thymeleaf.engine.OpenElementTag.beHandled(OpenElementTag.java:205)
	at org.thymeleaf.engine.TemplateModel.process(TemplateModel.java:136)
	at org.thymeleaf.engine.TemplateManager.parseAndProcess(TemplateManager.java:661)
	at org.thymeleaf.TemplateEngine.process(TemplateEngine.java:1098)
	at org.thymeleaf.TemplateEngine.process(TemplateEngine.java:1072)
	at org.thymeleaf.spring5.view.ThymeleafView.renderFragment(ThymeleafView.java:366)
	at org.thymeleaf.spring5.view.ThymeleafView.render(ThymeleafView.java:190)
	at org.springframework.web.servlet.DispatcherServlet.render(DispatcherServlet.java:1405)
	at org.springframework.web.servlet.DispatcherServlet.processDispatchResult(DispatcherServlet.java:1149)
	at org.springframework.web.servlet.DispatcherServlet.doDispatch(DispatcherServlet.java:1088)
	at org.springframework.web.servlet.DispatcherServlet.doService(DispatcherServlet.java:964)
	at org.springframework.web.servlet.FrameworkServlet.processRequest(FrameworkServlet.java:1006)
	at org.springframework.web.servlet.FrameworkServlet.doGet(FrameworkServlet.java:898)
	at javax.servlet.http.HttpServlet.service(HttpServlet.java:670)
	at org.springframework.web.servlet.FrameworkServlet.service(FrameworkServlet.java:883)
	at javax.servlet.http.HttpServlet.service(HttpServlet.java:779)
	at org.apache.catalina.core.ApplicationFilterChain.internalDoFilter(ApplicationFilterChain.java:227)
	at org.apache.catalina.core.ApplicationFilterChain.doFilter(ApplicationFilterChain.java:162)
	at org.apache.tomcat.websocket.server.WsFilter.doFilter(WsFilter.java:53)
	at org.apache.catalina.core.ApplicationFilterChain.internalDoFilter(ApplicationFilterChain.java:189)
	at org.apache.catalina.core.ApplicationFilterChain.doFilter(ApplicationFilterChain.java:162)
	at org.springframework.web.filter.CharacterEncodingFilter.doFilterInternal(CharacterEncodingFilter.java:201)
	at org.springframework.web.filter.OncePerRequestFilter.doFilter(OncePerRequestFilter.java:117)
	at org.apache.catalina.core.ApplicationFilterChain.internalDoFilter(ApplicationFilterChain.java:189)
	at org.apache.catalina.core.ApplicationFilterChain.doFilter(ApplicationFilterChain.java:162)
	at org.apache.catalina.core.StandardWrapperValve.invoke(StandardWrapperValve.java:197)
	at org.apache.catalina.core.StandardContextValve.invoke(StandardContextValve.java:97)
	at org.apache.catalina.authenticator.AuthenticatorBase.invoke(AuthenticatorBase.java:541)
	at org.apache.catalina.core.StandardHostValve.invoke(StandardHostValve.java:135)
	at org.apache.catalina.valves.ErrorReportValve.invoke(ErrorReportValve.java:92)
	at org.apache.catalina.core.StandardEngineValve.invoke(StandardEngineValve.java:78)
	at org.apache.catalina.connector.CoyoteAdapter.service(CoyoteAdapter.java:360)
	at org.apache.coyote.http11.Http11Processor.service(Http11Processor.java:399)
	at org.apache.coyote.AbstractProcessorLight.process(AbstractProcessorLight.java:65)
	at org.apache.coyote.AbstractProtocol$ConnectionHandler.process(AbstractProtocol.java:893)
	at org.apache.tomcat.util.net.NioEndpoint$SocketProcessor.doRun(NioEndpoint.java:1789)
	at org.apache.tomcat.util.net.SocketProcessorBase.run(SocketProcessorBase.java:49)
	at org.apache.tomcat.util.threads.ThreadPoolExecutor.runWorker(ThreadPoolExecutor.java:1191)
	at org.apache.tomcat.util.threads.ThreadPoolExecutor$Worker.run(ThreadPoolExecutor.java:659)
	at org.apache.tomcat.util.threads.TaskThread$WrappingRunnable.run(TaskThread.java:61)
	at java.lang.Thread.run(Thread.java:750)
2024-07-30 15:28:36.591 [,] [http-nio-8084-exec-7] ERROR o.a.c.c.C.[.[.[.[dispatcherServlet] - [log,175] - Servlet.service() for servlet [dispatcherServlet] in context with path [] threw exception [Request processing failed; nested exception is org.springframework.web.multipart.MultipartException: Current request is not a multipart request] with root cause
org.springframework.web.multipart.MultipartException: Current request is not a multipart request
	at org.springframework.web.method.annotation.RequestParamMethodArgumentResolver.handleMissingValueInternal(RequestParamMethodArgumentResolver.java:210)
	at org.springframework.web.method.annotation.RequestParamMethodArgumentResolver.handleMissingValue(RequestParamMethodArgumentResolver.java:193)
	at org.springframework.web.method.annotation.AbstractNamedValueMethodArgumentResolver.resolveArgument(AbstractNamedValueMethodArgumentResolver.java:114)
	at org.springframework.web.method.support.HandlerMethodArgumentResolverComposite.resolveArgument(HandlerMethodArgumentResolverComposite.java:122)
	at org.springframework.web.method.support.InvocableHandlerMethod.getMethodArgumentValues(InvocableHandlerMethod.java:179)
	at org.springframework.web.method.support.InvocableHandlerMethod.invokeForRequest(InvocableHandlerMethod.java:146)
	at org.springframework.web.servlet.mvc.method.annotation.ServletInvocableHandlerMethod.invokeAndHandle(ServletInvocableHandlerMethod.java:117)
	at org.springframework.web.servlet.mvc.method.annotation.RequestMappingHandlerAdapter.invokeHandlerMethod(RequestMappingHandlerAdapter.java:895)
	at org.springframework.web.servlet.mvc.method.annotation.RequestMappingHandlerAdapter.handleInternal(RequestMappingHandlerAdapter.java:808)
	at org.springframework.web.servlet.mvc.method.AbstractHandlerMethodAdapter.handle(AbstractHandlerMethodAdapter.java:87)
	at org.springframework.web.servlet.DispatcherServlet.doDispatch(DispatcherServlet.java:1071)
	at org.springframework.web.servlet.DispatcherServlet.doService(DispatcherServlet.java:964)
	at org.springframework.web.servlet.FrameworkServlet.processRequest(FrameworkServlet.java:1006)
	at org.springframework.web.servlet.FrameworkServlet.doGet(FrameworkServlet.java:898)
	at javax.servlet.http.HttpServlet.service(HttpServlet.java:670)
	at org.springframework.web.servlet.FrameworkServlet.service(FrameworkServlet.java:883)
	at javax.servlet.http.HttpServlet.service(HttpServlet.java:779)
	at org.apache.catalina.core.ApplicationFilterChain.internalDoFilter(ApplicationFilterChain.java:227)
	at org.apache.catalina.core.ApplicationFilterChain.doFilter(ApplicationFilterChain.java:162)
	at org.apache.tomcat.websocket.server.WsFilter.doFilter(WsFilter.java:53)
	at org.apache.catalina.core.ApplicationFilterChain.internalDoFilter(ApplicationFilterChain.java:189)
	at org.apache.catalina.core.ApplicationFilterChain.doFilter(ApplicationFilterChain.java:162)
	at org.springframework.web.filter.CharacterEncodingFilter.doFilterInternal(CharacterEncodingFilter.java:201)
	at org.springframework.web.filter.OncePerRequestFilter.doFilter(OncePerRequestFilter.java:117)
	at org.apache.catalina.core.ApplicationFilterChain.internalDoFilter(ApplicationFilterChain.java:189)
	at org.apache.catalina.core.ApplicationFilterChain.doFilter(ApplicationFilterChain.java:162)
	at org.apache.catalina.core.StandardWrapperValve.invoke(StandardWrapperValve.java:197)
	at org.apache.catalina.core.StandardContextValve.invoke(StandardContextValve.java:97)
	at org.apache.catalina.authenticator.AuthenticatorBase.invoke(AuthenticatorBase.java:541)
	at org.apache.catalina.core.StandardHostValve.invoke(StandardHostValve.java:135)
	at org.apache.catalina.valves.ErrorReportValve.invoke(ErrorReportValve.java:92)
	at org.apache.catalina.core.StandardEngineValve.invoke(StandardEngineValve.java:78)
	at org.apache.catalina.connector.CoyoteAdapter.service(CoyoteAdapter.java:360)
	at org.apache.coyote.http11.Http11Processor.service(Http11Processor.java:399)
	at org.apache.coyote.AbstractProcessorLight.process(AbstractProcessorLight.java:65)
	at org.apache.coyote.AbstractProtocol$ConnectionHandler.process(AbstractProtocol.java:893)
	at org.apache.tomcat.util.net.NioEndpoint$SocketProcessor.doRun(NioEndpoint.java:1789)
	at org.apache.tomcat.util.net.SocketProcessorBase.run(SocketProcessorBase.java:49)
	at org.apache.tomcat.util.threads.ThreadPoolExecutor.runWorker(ThreadPoolExecutor.java:1191)
	at org.apache.tomcat.util.threads.ThreadPoolExecutor$Worker.run(ThreadPoolExecutor.java:659)
	at org.apache.tomcat.util.threads.TaskThread$WrappingRunnable.run(TaskThread.java:61)
	at java.lang.Thread.run(Thread.java:750)
2024-07-30 15:56:43.866 [,] [main] ERROR o.s.b.SpringApplication - [reportFailure,824] - Application run failed
org.springframework.beans.factory.BeanCreationException: Error creating bean with name 'jedisConnectionFactory' defined in file [/home/thg/Shark-NJU/AIO/AIO-company/target/classes/com/shark/aio/alarm/GradedAlarm/JedisConnectionFactory.class]: Instantiation of bean failed; nested exception is org.springframework.beans.BeanInstantiationException: Failed to instantiate [com.shark.aio.alarm.GradedAlarm.JedisConnectionFactory]: Constructor threw exception; nested exception is java.lang.NullPointerException
	at org.springframework.beans.factory.support.AbstractAutowireCapableBeanFactory.instantiateBean(AbstractAutowireCapableBeanFactory.java:1334)
	at org.springframework.beans.factory.support.AbstractAutowireCapableBeanFactory.createBeanInstance(AbstractAutowireCapableBeanFactory.java:1232)
	at org.springframework.beans.factory.support.AbstractAutowireCapableBeanFactory.doCreateBean(AbstractAutowireCapableBeanFactory.java:582)
	at org.springframework.beans.factory.support.AbstractAutowireCapableBeanFactory.createBean(AbstractAutowireCapableBeanFactory.java:542)
	at org.springframework.beans.factory.support.AbstractBeanFactory.lambda$doGetBean$0(AbstractBeanFactory.java:335)
	at org.springframework.beans.factory.support.DefaultSingletonBeanRegistry.getSingleton(DefaultSingletonBeanRegistry.java:234)
	at org.springframework.beans.factory.support.AbstractBeanFactory.doGetBean(AbstractBeanFactory.java:333)
	at org.springframework.beans.factory.support.AbstractBeanFactory.getBean(AbstractBeanFactory.java:208)
	at org.springframework.beans.factory.support.DefaultListableBeanFactory.preInstantiateSingletons(DefaultListableBeanFactory.java:955)
	at org.springframework.context.support.AbstractApplicationContext.finishBeanFactoryInitialization(AbstractApplicationContext.java:918)
	at org.springframework.context.support.AbstractApplicationContext.refresh(AbstractApplicationContext.java:583)
	at org.springframework.boot.web.servlet.context.ServletWebServerApplicationContext.refresh(ServletWebServerApplicationContext.java:147)
	at org.springframework.boot.SpringApplication.refresh(SpringApplication.java:734)
	at org.springframework.boot.SpringApplication.refreshContext(SpringApplication.java:408)
	at org.springframework.boot.SpringApplication.run(SpringApplication.java:308)
	at org.springframework.boot.SpringApplication.run(SpringApplication.java:1306)
	at org.springframework.boot.SpringApplication.run(SpringApplication.java:1295)
	at com.shark.aio.AIOCompanyApplication.main(AIOCompanyApplication.java:25)
Caused by: org.springframework.beans.BeanInstantiationException: Failed to instantiate [com.shark.aio.alarm.GradedAlarm.JedisConnectionFactory]: Constructor threw exception; nested exception is java.lang.NullPointerException
	at org.springframework.beans.BeanUtils.instantiateClass(BeanUtils.java:224)
	at org.springframework.beans.factory.support.SimpleInstantiationStrategy.instantiate(SimpleInstantiationStrategy.java:87)
	at org.springframework.beans.factory.support.AbstractAutowireCapableBeanFactory.instantiateBean(AbstractAutowireCapableBeanFactory.java:1326)
	... 17 common frames omitted
Caused by: java.lang.NullPointerException: null
	at com.shark.aio.alarm.GradedAlarm.JedisConnectionFactory.<init>(JedisConnectionFactory.java:37)
	at sun.reflect.NativeConstructorAccessorImpl.newInstance0(Native Method)
	at sun.reflect.NativeConstructorAccessorImpl.newInstance(NativeConstructorAccessorImpl.java:62)
	at sun.reflect.DelegatingConstructorAccessorImpl.newInstance(DelegatingConstructorAccessorImpl.java:45)
	at java.lang.reflect.Constructor.newInstance(Constructor.java:423)
	at org.springframework.beans.BeanUtils.instantiateClass(BeanUtils.java:211)
	... 19 common frames omitted
2024-07-30 16:00:41.617 [,] [main] ERROR o.s.b.d.LoggingFailureAnalysisReporter - [report,40] - 

***************************
APPLICATION FAILED TO START
***************************

Description:

Parameter 0 of constructor in com.shark.aio.alarm.GradedAlarm.JedisConnectionFactory required a bean of type 'java.lang.String' that could not be found.

The injection point has the following annotations:
	- @org.springframework.beans.factory.annotation.Autowired(required=true)


Action:

Consider defining a bean of type 'java.lang.String' in your configuration.

2024-07-30 16:06:06.387 [,] [main] ERROR o.s.b.d.LoggingFailureAnalysisReporter - [report,40] - 

***************************
APPLICATION FAILED TO START
***************************

Description:

Parameter 0 of constructor in com.shark.aio.alarm.GradedAlarm.JedisConnectionFactory required a bean of type 'java.lang.String' that could not be found.

The injection point has the following annotations:
	- @org.springframework.beans.factory.annotation.Autowired(required=true)


Action:

Consider defining a bean of type 'java.lang.String' in your configuration.

2024-07-30 16:09:24.632 [,] [main] ERROR o.s.b.SpringApplication - [reportFailure,824] - Application run failed
org.springframework.beans.factory.BeanCreationException: Error creating bean with name 'jedisConnectionFactory' defined in file [/home/thg/Shark-NJU/AIO/AIO-company/target/classes/com/shark/aio/alarm/GradedAlarm/JedisConnectionFactory.class]: Instantiation of bean failed; nested exception is org.springframework.beans.BeanInstantiationException: Failed to instantiate [com.shark.aio.alarm.GradedAlarm.JedisConnectionFactory]: Constructor threw exception; nested exception is java.lang.NullPointerException
	at org.springframework.beans.factory.support.AbstractAutowireCapableBeanFactory.instantiateBean(AbstractAutowireCapableBeanFactory.java:1334)
	at org.springframework.beans.factory.support.AbstractAutowireCapableBeanFactory.createBeanInstance(AbstractAutowireCapableBeanFactory.java:1232)
	at org.springframework.beans.factory.support.AbstractAutowireCapableBeanFactory.doCreateBean(AbstractAutowireCapableBeanFactory.java:582)
	at org.springframework.beans.factory.support.AbstractAutowireCapableBeanFactory.createBean(AbstractAutowireCapableBeanFactory.java:542)
	at org.springframework.beans.factory.support.AbstractBeanFactory.lambda$doGetBean$0(AbstractBeanFactory.java:335)
	at org.springframework.beans.factory.support.DefaultSingletonBeanRegistry.getSingleton(DefaultSingletonBeanRegistry.java:234)
	at org.springframework.beans.factory.support.AbstractBeanFactory.doGetBean(AbstractBeanFactory.java:333)
	at org.springframework.beans.factory.support.AbstractBeanFactory.getBean(AbstractBeanFactory.java:208)
	at org.springframework.beans.factory.support.DefaultListableBeanFactory.preInstantiateSingletons(DefaultListableBeanFactory.java:955)
	at org.springframework.context.support.AbstractApplicationContext.finishBeanFactoryInitialization(AbstractApplicationContext.java:918)
	at org.springframework.context.support.AbstractApplicationContext.refresh(AbstractApplicationContext.java:583)
	at org.springframework.boot.web.servlet.context.ServletWebServerApplicationContext.refresh(ServletWebServerApplicationContext.java:147)
	at org.springframework.boot.SpringApplication.refresh(SpringApplication.java:734)
	at org.springframework.boot.SpringApplication.refreshContext(SpringApplication.java:408)
	at org.springframework.boot.SpringApplication.run(SpringApplication.java:308)
	at org.springframework.boot.SpringApplication.run(SpringApplication.java:1306)
	at org.springframework.boot.SpringApplication.run(SpringApplication.java:1295)
	at com.shark.aio.AIOCompanyApplication.main(AIOCompanyApplication.java:28)
Caused by: org.springframework.beans.BeanInstantiationException: Failed to instantiate [com.shark.aio.alarm.GradedAlarm.JedisConnectionFactory]: Constructor threw exception; nested exception is java.lang.NullPointerException
	at org.springframework.beans.BeanUtils.instantiateClass(BeanUtils.java:224)
	at org.springframework.beans.factory.support.SimpleInstantiationStrategy.instantiate(SimpleInstantiationStrategy.java:87)
	at org.springframework.beans.factory.support.AbstractAutowireCapableBeanFactory.instantiateBean(AbstractAutowireCapableBeanFactory.java:1326)
	... 17 common frames omitted
Caused by: java.lang.NullPointerException: null
	at com.shark.aio.alarm.GradedAlarm.JedisConnectionFactory.<init>(JedisConnectionFactory.java:33)
	at sun.reflect.NativeConstructorAccessorImpl.newInstance0(Native Method)
	at sun.reflect.NativeConstructorAccessorImpl.newInstance(NativeConstructorAccessorImpl.java:62)
	at sun.reflect.DelegatingConstructorAccessorImpl.newInstance(DelegatingConstructorAccessorImpl.java:45)
	at java.lang.reflect.Constructor.newInstance(Constructor.java:423)
	at org.springframework.beans.BeanUtils.instantiateClass(BeanUtils.java:211)
	... 19 common frames omitted
2024-07-30 16:14:03.342 [,] [main] ERROR o.s.b.SpringApplication - [reportFailure,824] - Application run failed
org.springframework.beans.factory.UnsatisfiedDependencyException: Error creating bean with name 'redisSetex': Unsatisfied dependency expressed through field 'monitorDeviceService'; nested exception is org.springframework.beans.factory.UnsatisfiedDependencyException: Error creating bean with name 'monitorDeviceService': Unsatisfied dependency expressed through field 'jedisConnectionFactory'; nested exception is org.springframework.beans.factory.BeanCreationException: Error creating bean with name 'spring.redis-com.shark.aio.alarm.GradedAlarm.JedisConnectionFactory': Invocation of init method failed; nested exception is java.lang.NullPointerException
	at org.springframework.beans.factory.annotation.AutowiredAnnotationBeanPostProcessor$AutowiredFieldElement.resolveFieldValue(AutowiredAnnotationBeanPostProcessor.java:659)
	at org.springframework.beans.factory.annotation.AutowiredAnnotationBeanPostProcessor$AutowiredFieldElement.inject(AutowiredAnnotationBeanPostProcessor.java:639)
	at org.springframework.beans.factory.annotation.InjectionMetadata.inject(InjectionMetadata.java:119)
	at org.springframework.beans.factory.annotation.AutowiredAnnotationBeanPostProcessor.postProcessProperties(AutowiredAnnotationBeanPostProcessor.java:399)
	at org.springframework.beans.factory.support.AbstractAutowireCapableBeanFactory.populateBean(AbstractAutowireCapableBeanFactory.java:1431)
	at org.springframework.beans.factory.support.AbstractAutowireCapableBeanFactory.doCreateBean(AbstractAutowireCapableBeanFactory.java:619)
	at org.springframework.beans.factory.support.AbstractAutowireCapableBeanFactory.createBean(AbstractAutowireCapableBeanFactory.java:542)
	at org.springframework.beans.factory.support.AbstractBeanFactory.lambda$doGetBean$0(AbstractBeanFactory.java:335)
	at org.springframework.beans.factory.support.DefaultSingletonBeanRegistry.getSingleton(DefaultSingletonBeanRegistry.java:234)
	at org.springframework.beans.factory.support.AbstractBeanFactory.doGetBean(AbstractBeanFactory.java:333)
	at org.springframework.beans.factory.support.AbstractBeanFactory.getBean(AbstractBeanFactory.java:208)
	at org.springframework.beans.factory.support.DefaultListableBeanFactory.preInstantiateSingletons(DefaultListableBeanFactory.java:955)
	at org.springframework.context.support.AbstractApplicationContext.finishBeanFactoryInitialization(AbstractApplicationContext.java:918)
	at org.springframework.context.support.AbstractApplicationContext.refresh(AbstractApplicationContext.java:583)
	at org.springframework.boot.web.servlet.context.ServletWebServerApplicationContext.refresh(ServletWebServerApplicationContext.java:147)
	at org.springframework.boot.SpringApplication.refresh(SpringApplication.java:734)
	at org.springframework.boot.SpringApplication.refreshContext(SpringApplication.java:408)
	at org.springframework.boot.SpringApplication.run(SpringApplication.java:308)
	at org.springframework.boot.SpringApplication.run(SpringApplication.java:1306)
	at org.springframework.boot.SpringApplication.run(SpringApplication.java:1295)
	at com.shark.aio.AIOCompanyApplication.main(AIOCompanyApplication.java:27)
Caused by: org.springframework.beans.factory.UnsatisfiedDependencyException: Error creating bean with name 'monitorDeviceService': Unsatisfied dependency expressed through field 'jedisConnectionFactory'; nested exception is org.springframework.beans.factory.BeanCreationException: Error creating bean with name 'spring.redis-com.shark.aio.alarm.GradedAlarm.JedisConnectionFactory': Invocation of init method failed; nested exception is java.lang.NullPointerException
	at org.springframework.beans.factory.annotation.AutowiredAnnotationBeanPostProcessor$AutowiredFieldElement.resolveFieldValue(AutowiredAnnotationBeanPostProcessor.java:659)
	at org.springframework.beans.factory.annotation.AutowiredAnnotationBeanPostProcessor$AutowiredFieldElement.inject(AutowiredAnnotationBeanPostProcessor.java:639)
	at org.springframework.beans.factory.annotation.InjectionMetadata.inject(InjectionMetadata.java:119)
	at org.springframework.beans.factory.annotation.AutowiredAnnotationBeanPostProcessor.postProcessProperties(AutowiredAnnotationBeanPostProcessor.java:399)
	at org.springframework.beans.factory.support.AbstractAutowireCapableBeanFactory.populateBean(AbstractAutowireCapableBeanFactory.java:1431)
	at org.springframework.beans.factory.support.AbstractAutowireCapableBeanFactory.doCreateBean(AbstractAutowireCapableBeanFactory.java:619)
	at org.springframework.beans.factory.support.AbstractAutowireCapableBeanFactory.createBean(AbstractAutowireCapableBeanFactory.java:542)
	at org.springframework.beans.factory.support.AbstractBeanFactory.lambda$doGetBean$0(AbstractBeanFactory.java:335)
	at org.springframework.beans.factory.support.DefaultSingletonBeanRegistry.getSingleton(DefaultSingletonBeanRegistry.java:234)
	at org.springframework.beans.factory.support.AbstractBeanFactory.doGetBean(AbstractBeanFactory.java:333)
	at org.springframework.beans.factory.support.AbstractBeanFactory.getBean(AbstractBeanFactory.java:208)
	at org.springframework.beans.factory.config.DependencyDescriptor.resolveCandidate(DependencyDescriptor.java:276)
	at org.springframework.beans.factory.support.DefaultListableBeanFactory.doResolveDependency(DefaultListableBeanFactory.java:1391)
	at org.springframework.beans.factory.support.DefaultListableBeanFactory.resolveDependency(DefaultListableBeanFactory.java:1311)
	at org.springframework.beans.factory.annotation.AutowiredAnnotationBeanPostProcessor$AutowiredFieldElement.resolveFieldValue(AutowiredAnnotationBeanPostProcessor.java:656)
	... 20 common frames omitted
Caused by: org.springframework.beans.factory.BeanCreationException: Error creating bean with name 'spring.redis-com.shark.aio.alarm.GradedAlarm.JedisConnectionFactory': Invocation of init method failed; nested exception is java.lang.NullPointerException
	at org.springframework.beans.factory.annotation.InitDestroyAnnotationBeanPostProcessor.postProcessBeforeInitialization(InitDestroyAnnotationBeanPostProcessor.java:160)
	at org.springframework.beans.factory.support.AbstractAutowireCapableBeanFactory.applyBeanPostProcessorsBeforeInitialization(AbstractAutowireCapableBeanFactory.java:440)
	at org.springframework.beans.factory.support.AbstractAutowireCapableBeanFactory.initializeBean(AbstractAutowireCapableBeanFactory.java:1796)
	at org.springframework.beans.factory.support.AbstractAutowireCapableBeanFactory.doCreateBean(AbstractAutowireCapableBeanFactory.java:620)
	at org.springframework.beans.factory.support.AbstractAutowireCapableBeanFactory.createBean(AbstractAutowireCapableBeanFactory.java:542)
	at org.springframework.beans.factory.support.AbstractBeanFactory.lambda$doGetBean$0(AbstractBeanFactory.java:335)
	at org.springframework.beans.factory.support.DefaultSingletonBeanRegistry.getSingleton(DefaultSingletonBeanRegistry.java:234)
	at org.springframework.beans.factory.support.AbstractBeanFactory.doGetBean(AbstractBeanFactory.java:333)
	at org.springframework.beans.factory.support.AbstractBeanFactory.getBean(AbstractBeanFactory.java:208)
	at org.springframework.beans.factory.config.DependencyDescriptor.resolveCandidate(DependencyDescriptor.java:276)
	at org.springframework.beans.factory.support.DefaultListableBeanFactory.doResolveDependency(DefaultListableBeanFactory.java:1391)
	at org.springframework.beans.factory.support.DefaultListableBeanFactory.resolveDependency(DefaultListableBeanFactory.java:1311)
	at org.springframework.beans.factory.annotation.AutowiredAnnotationBeanPostProcessor$AutowiredFieldElement.resolveFieldValue(AutowiredAnnotationBeanPostProcessor.java:656)
	... 34 common frames omitted
Caused by: java.lang.NullPointerException: null
	at com.shark.aio.alarm.GradedAlarm.JedisConnectionFactory.configJedisPool(JedisConnectionFactory.java:37)
	at sun.reflect.NativeMethodAccessorImpl.invoke0(Native Method)
	at sun.reflect.NativeMethodAccessorImpl.invoke(NativeMethodAccessorImpl.java:62)
	at sun.reflect.DelegatingMethodAccessorImpl.invoke(DelegatingMethodAccessorImpl.java:43)
	at java.lang.reflect.Method.invoke(Method.java:498)
	at org.springframework.beans.factory.annotation.InitDestroyAnnotationBeanPostProcessor$LifecycleElement.invoke(InitDestroyAnnotationBeanPostProcessor.java:389)
	at org.springframework.beans.factory.annotation.InitDestroyAnnotationBeanPostProcessor$LifecycleMetadata.invokeInitMethods(InitDestroyAnnotationBeanPostProcessor.java:333)
	at org.springframework.beans.factory.annotation.InitDestroyAnnotationBeanPostProcessor.postProcessBeforeInitialization(InitDestroyAnnotationBeanPostProcessor.java:157)
	... 46 common frames omitted
2024-07-30 16:18:05.062 [,] [main] ERROR o.s.b.SpringApplication - [reportFailure,824] - Application run failed
org.springframework.beans.factory.UnsatisfiedDependencyException: Error creating bean with name 'redisSetex': Unsatisfied dependency expressed through field 'monitorDeviceService'; nested exception is org.springframework.beans.factory.UnsatisfiedDependencyException: Error creating bean with name 'monitorDeviceService': Unsatisfied dependency expressed through field 'jedisConnectionFactory'; nested exception is org.springframework.beans.factory.BeanCreationException: Error creating bean with name 'spring.redis-com.shark.aio.alarm.GradedAlarm.JedisConnectionFactory': Invocation of init method failed; nested exception is java.lang.NullPointerException
	at org.springframework.beans.factory.annotation.AutowiredAnnotationBeanPostProcessor$AutowiredFieldElement.resolveFieldValue(AutowiredAnnotationBeanPostProcessor.java:659)
	at org.springframework.beans.factory.annotation.AutowiredAnnotationBeanPostProcessor$AutowiredFieldElement.inject(AutowiredAnnotationBeanPostProcessor.java:639)
	at org.springframework.beans.factory.annotation.InjectionMetadata.inject(InjectionMetadata.java:119)
	at org.springframework.beans.factory.annotation.AutowiredAnnotationBeanPostProcessor.postProcessProperties(AutowiredAnnotationBeanPostProcessor.java:399)
	at org.springframework.beans.factory.support.AbstractAutowireCapableBeanFactory.populateBean(AbstractAutowireCapableBeanFactory.java:1431)
	at org.springframework.beans.factory.support.AbstractAutowireCapableBeanFactory.doCreateBean(AbstractAutowireCapableBeanFactory.java:619)
	at org.springframework.beans.factory.support.AbstractAutowireCapableBeanFactory.createBean(AbstractAutowireCapableBeanFactory.java:542)
	at org.springframework.beans.factory.support.AbstractBeanFactory.lambda$doGetBean$0(AbstractBeanFactory.java:335)
	at org.springframework.beans.factory.support.DefaultSingletonBeanRegistry.getSingleton(DefaultSingletonBeanRegistry.java:234)
	at org.springframework.beans.factory.support.AbstractBeanFactory.doGetBean(AbstractBeanFactory.java:333)
	at org.springframework.beans.factory.support.AbstractBeanFactory.getBean(AbstractBeanFactory.java:208)
	at org.springframework.beans.factory.support.DefaultListableBeanFactory.preInstantiateSingletons(DefaultListableBeanFactory.java:955)
	at org.springframework.context.support.AbstractApplicationContext.finishBeanFactoryInitialization(AbstractApplicationContext.java:918)
	at org.springframework.context.support.AbstractApplicationContext.refresh(AbstractApplicationContext.java:583)
	at org.springframework.boot.web.servlet.context.ServletWebServerApplicationContext.refresh(ServletWebServerApplicationContext.java:147)
	at org.springframework.boot.SpringApplication.refresh(SpringApplication.java:734)
	at org.springframework.boot.SpringApplication.refreshContext(SpringApplication.java:408)
	at org.springframework.boot.SpringApplication.run(SpringApplication.java:308)
	at org.springframework.boot.SpringApplication.run(SpringApplication.java:1306)
	at org.springframework.boot.SpringApplication.run(SpringApplication.java:1295)
	at com.shark.aio.AIOCompanyApplication.main(AIOCompanyApplication.java:27)
Caused by: org.springframework.beans.factory.UnsatisfiedDependencyException: Error creating bean with name 'monitorDeviceService': Unsatisfied dependency expressed through field 'jedisConnectionFactory'; nested exception is org.springframework.beans.factory.BeanCreationException: Error creating bean with name 'spring.redis-com.shark.aio.alarm.GradedAlarm.JedisConnectionFactory': Invocation of init method failed; nested exception is java.lang.NullPointerException
	at org.springframework.beans.factory.annotation.AutowiredAnnotationBeanPostProcessor$AutowiredFieldElement.resolveFieldValue(AutowiredAnnotationBeanPostProcessor.java:659)
	at org.springframework.beans.factory.annotation.AutowiredAnnotationBeanPostProcessor$AutowiredFieldElement.inject(AutowiredAnnotationBeanPostProcessor.java:639)
	at org.springframework.beans.factory.annotation.InjectionMetadata.inject(InjectionMetadata.java:119)
	at org.springframework.beans.factory.annotation.AutowiredAnnotationBeanPostProcessor.postProcessProperties(AutowiredAnnotationBeanPostProcessor.java:399)
	at org.springframework.beans.factory.support.AbstractAutowireCapableBeanFactory.populateBean(AbstractAutowireCapableBeanFactory.java:1431)
	at org.springframework.beans.factory.support.AbstractAutowireCapableBeanFactory.doCreateBean(AbstractAutowireCapableBeanFactory.java:619)
	at org.springframework.beans.factory.support.AbstractAutowireCapableBeanFactory.createBean(AbstractAutowireCapableBeanFactory.java:542)
	at org.springframework.beans.factory.support.AbstractBeanFactory.lambda$doGetBean$0(AbstractBeanFactory.java:335)
	at org.springframework.beans.factory.support.DefaultSingletonBeanRegistry.getSingleton(DefaultSingletonBeanRegistry.java:234)
	at org.springframework.beans.factory.support.AbstractBeanFactory.doGetBean(AbstractBeanFactory.java:333)
	at org.springframework.beans.factory.support.AbstractBeanFactory.getBean(AbstractBeanFactory.java:208)
	at org.springframework.beans.factory.config.DependencyDescriptor.resolveCandidate(DependencyDescriptor.java:276)
	at org.springframework.beans.factory.support.DefaultListableBeanFactory.doResolveDependency(DefaultListableBeanFactory.java:1391)
	at org.springframework.beans.factory.support.DefaultListableBeanFactory.resolveDependency(DefaultListableBeanFactory.java:1311)
	at org.springframework.beans.factory.annotation.AutowiredAnnotationBeanPostProcessor$AutowiredFieldElement.resolveFieldValue(AutowiredAnnotationBeanPostProcessor.java:656)
	... 20 common frames omitted
Caused by: org.springframework.beans.factory.BeanCreationException: Error creating bean with name 'spring.redis-com.shark.aio.alarm.GradedAlarm.JedisConnectionFactory': Invocation of init method failed; nested exception is java.lang.NullPointerException
	at org.springframework.beans.factory.support.AbstractAutowireCapableBeanFactory.initializeBean(AbstractAutowireCapableBeanFactory.java:1804)
	at org.springframework.beans.factory.support.AbstractAutowireCapableBeanFactory.doCreateBean(AbstractAutowireCapableBeanFactory.java:620)
	at org.springframework.beans.factory.support.AbstractAutowireCapableBeanFactory.createBean(AbstractAutowireCapableBeanFactory.java:542)
	at org.springframework.beans.factory.support.AbstractBeanFactory.lambda$doGetBean$0(AbstractBeanFactory.java:335)
	at org.springframework.beans.factory.support.DefaultSingletonBeanRegistry.getSingleton(DefaultSingletonBeanRegistry.java:234)
	at org.springframework.beans.factory.support.AbstractBeanFactory.doGetBean(AbstractBeanFactory.java:333)
	at org.springframework.beans.factory.support.AbstractBeanFactory.getBean(AbstractBeanFactory.java:208)
	at org.springframework.beans.factory.config.DependencyDescriptor.resolveCandidate(DependencyDescriptor.java:276)
	at org.springframework.beans.factory.support.DefaultListableBeanFactory.doResolveDependency(DefaultListableBeanFactory.java:1391)
	at org.springframework.beans.factory.support.DefaultListableBeanFactory.resolveDependency(DefaultListableBeanFactory.java:1311)
	at org.springframework.beans.factory.annotation.AutowiredAnnotationBeanPostProcessor$AutowiredFieldElement.resolveFieldValue(AutowiredAnnotationBeanPostProcessor.java:656)
	... 34 common frames omitted
Caused by: java.lang.NullPointerException: null
	at com.shark.aio.alarm.GradedAlarm.JedisConnectionFactory.afterPropertiesSet(JedisConnectionFactory.java:50)
	at org.springframework.beans.factory.support.AbstractAutowireCapableBeanFactory.invokeInitMethods(AbstractAutowireCapableBeanFactory.java:1863)
	at org.springframework.beans.factory.support.AbstractAutowireCapableBeanFactory.initializeBean(AbstractAutowireCapableBeanFactory.java:1800)
	... 44 common frames omitted
2024-07-30 16:18:54.307 [,] [main] ERROR o.s.b.SpringApplication - [reportFailure,824] - Application run failed
org.springframework.beans.factory.UnsatisfiedDependencyException: Error creating bean with name 'baseController': Unsatisfied dependency expressed through field 'fFmpegConfiguration'; nested exception is org.springframework.beans.factory.BeanCreationException: Error creating bean with name 'FFmpegConfiguration': Injection of autowired dependencies failed; nested exception is java.lang.IllegalArgumentException: Could not resolve placeholder 'ffmpeg.enable' in value "${ffmpeg.enable}"
	at org.springframework.beans.factory.annotation.AutowiredAnnotationBeanPostProcessor$AutowiredFieldElement.resolveFieldValue(AutowiredAnnotationBeanPostProcessor.java:659)
	at org.springframework.beans.factory.annotation.AutowiredAnnotationBeanPostProcessor$AutowiredFieldElement.inject(AutowiredAnnotationBeanPostProcessor.java:639)
	at org.springframework.beans.factory.annotation.InjectionMetadata.inject(InjectionMetadata.java:119)
	at org.springframework.beans.factory.annotation.AutowiredAnnotationBeanPostProcessor.postProcessProperties(AutowiredAnnotationBeanPostProcessor.java:399)
	at org.springframework.beans.factory.support.AbstractAutowireCapableBeanFactory.populateBean(AbstractAutowireCapableBeanFactory.java:1431)
	at org.springframework.beans.factory.support.AbstractAutowireCapableBeanFactory.doCreateBean(AbstractAutowireCapableBeanFactory.java:619)
	at org.springframework.beans.factory.support.AbstractAutowireCapableBeanFactory.createBean(AbstractAutowireCapableBeanFactory.java:542)
	at org.springframework.beans.factory.support.AbstractBeanFactory.lambda$doGetBean$0(AbstractBeanFactory.java:335)
	at org.springframework.beans.factory.support.DefaultSingletonBeanRegistry.getSingleton(DefaultSingletonBeanRegistry.java:234)
	at org.springframework.beans.factory.support.AbstractBeanFactory.doGetBean(AbstractBeanFactory.java:333)
	at org.springframework.beans.factory.support.AbstractBeanFactory.getBean(AbstractBeanFactory.java:208)
	at org.springframework.beans.factory.support.DefaultListableBeanFactory.preInstantiateSingletons(DefaultListableBeanFactory.java:955)
	at org.springframework.context.support.AbstractApplicationContext.finishBeanFactoryInitialization(AbstractApplicationContext.java:918)
	at org.springframework.context.support.AbstractApplicationContext.refresh(AbstractApplicationContext.java:583)
	at org.springframework.boot.web.servlet.context.ServletWebServerApplicationContext.refresh(ServletWebServerApplicationContext.java:147)
	at org.springframework.boot.SpringApplication.refresh(SpringApplication.java:734)
	at org.springframework.boot.SpringApplication.refreshContext(SpringApplication.java:408)
	at org.springframework.boot.SpringApplication.run(SpringApplication.java:308)
	at org.springframework.boot.SpringApplication.run(SpringApplication.java:1306)
	at org.springframework.boot.SpringApplication.run(SpringApplication.java:1295)
	at com.shark.aio.AIOCompanyApplication.main(AIOCompanyApplication.java:27)
Caused by: org.springframework.beans.factory.BeanCreationException: Error creating bean with name 'FFmpegConfiguration': Injection of autowired dependencies failed; nested exception is java.lang.IllegalArgumentException: Could not resolve placeholder 'ffmpeg.enable' in value "${ffmpeg.enable}"
	at org.springframework.beans.factory.annotation.AutowiredAnnotationBeanPostProcessor.postProcessProperties(AutowiredAnnotationBeanPostProcessor.java:405)
	at org.springframework.beans.factory.support.AbstractAutowireCapableBeanFactory.populateBean(AbstractAutowireCapableBeanFactory.java:1431)
	at org.springframework.beans.factory.support.AbstractAutowireCapableBeanFactory.doCreateBean(AbstractAutowireCapableBeanFactory.java:619)
	at org.springframework.beans.factory.support.AbstractAutowireCapableBeanFactory.createBean(AbstractAutowireCapableBeanFactory.java:542)
	at org.springframework.beans.factory.support.AbstractBeanFactory.lambda$doGetBean$0(AbstractBeanFactory.java:335)
	at org.springframework.beans.factory.support.DefaultSingletonBeanRegistry.getSingleton(DefaultSingletonBeanRegistry.java:234)
	at org.springframework.beans.factory.support.AbstractBeanFactory.doGetBean(AbstractBeanFactory.java:333)
	at org.springframework.beans.factory.support.AbstractBeanFactory.getBean(AbstractBeanFactory.java:208)
	at org.springframework.beans.factory.config.DependencyDescriptor.resolveCandidate(DependencyDescriptor.java:276)
	at org.springframework.beans.factory.support.DefaultListableBeanFactory.doResolveDependency(DefaultListableBeanFactory.java:1391)
	at org.springframework.beans.factory.support.DefaultListableBeanFactory.resolveDependency(DefaultListableBeanFactory.java:1311)
	at org.springframework.beans.factory.annotation.AutowiredAnnotationBeanPostProcessor$AutowiredFieldElement.resolveFieldValue(AutowiredAnnotationBeanPostProcessor.java:656)
	... 20 common frames omitted
Caused by: java.lang.IllegalArgumentException: Could not resolve placeholder 'ffmpeg.enable' in value "${ffmpeg.enable}"
	at org.springframework.util.PropertyPlaceholderHelper.parseStringValue(PropertyPlaceholderHelper.java:180)
	at org.springframework.util.PropertyPlaceholderHelper.replacePlaceholders(PropertyPlaceholderHelper.java:126)
	at org.springframework.core.env.AbstractPropertyResolver.doResolvePlaceholders(AbstractPropertyResolver.java:239)
	at org.springframework.core.env.AbstractPropertyResolver.resolveRequiredPlaceholders(AbstractPropertyResolver.java:210)
	at org.springframework.context.support.PropertySourcesPlaceholderConfigurer.lambda$processProperties$0(PropertySourcesPlaceholderConfigurer.java:191)
	at org.springframework.beans.factory.support.AbstractBeanFactory.resolveEmbeddedValue(AbstractBeanFactory.java:936)
	at org.springframework.beans.factory.support.DefaultListableBeanFactory.doResolveDependency(DefaultListableBeanFactory.java:1332)
	at org.springframework.beans.factory.support.DefaultListableBeanFactory.resolveDependency(DefaultListableBeanFactory.java:1311)
	at org.springframework.beans.factory.annotation.AutowiredAnnotationBeanPostProcessor$AutowiredFieldElement.resolveFieldValue(AutowiredAnnotationBeanPostProcessor.java:656)
	at org.springframework.beans.factory.annotation.AutowiredAnnotationBeanPostProcessor$AutowiredFieldElement.inject(AutowiredAnnotationBeanPostProcessor.java:639)
	at org.springframework.beans.factory.annotation.InjectionMetadata.inject(InjectionMetadata.java:119)
	at org.springframework.beans.factory.annotation.AutowiredAnnotationBeanPostProcessor.postProcessProperties(AutowiredAnnotationBeanPostProcessor.java:399)
	... 31 common frames omitted
2024-07-30 16:48:55.324 [,] [main] ERROR o.s.b.SpringApplication - [reportFailure,824] - Application run failed
java.lang.UnsatisfiedLinkError: Unable to load library '/home/thg/Shark-NJU/AIOlibhcnetsdk.so':
/home/thg/Shark-NJU/AIOlibhcnetsdk.so: 无法打开共享对象文件: 没有那个文件或目录
/home/thg/Shark-NJU/AIOlibhcnetsdk.so: 无法打开共享对象文件: 没有那个文件或目录
Native library (home/thg/Shark-NJU/AIOlibhcnetsdk.so) not found in resource path ([file:/usr/lib/jvm/java-8-openjdk-amd64/jre/lib/charsets.jar, file:/usr/lib/jvm/java-8-openjdk-amd64/jre/lib/ext/cldrdata.jar, file:/usr/lib/jvm/java-8-openjdk-amd64/jre/lib/ext/dnsns.jar, file:/usr/lib/jvm/java-8-openjdk-amd64/jre/lib/ext/icedtea-sound.jar, file:/usr/lib/jvm/java-8-openjdk-amd64/jre/lib/ext/jaccess.jar, file:/usr/lib/jvm/java-8-openjdk-amd64/jre/lib/ext/localedata.jar, file:/usr/lib/jvm/java-8-openjdk-amd64/jre/lib/ext/nashorn.jar, file:/usr/lib/jvm/java-8-openjdk-amd64/jre/lib/ext/sunec.jar, file:/usr/lib/jvm/java-8-openjdk-amd64/jre/lib/ext/sunjce_provider.jar, file:/usr/lib/jvm/java-8-openjdk-amd64/jre/lib/ext/sunpkcs11.jar, file:/usr/lib/jvm/java-8-openjdk-amd64/jre/lib/ext/zipfs.jar, file:/usr/lib/jvm/java-8-openjdk-amd64/jre/lib/jce.jar, file:/usr/lib/jvm/java-8-openjdk-amd64/jre/lib/jfr.jar, file:/usr/lib/jvm/java-8-openjdk-amd64/jre/lib/jsse.jar, file:/usr/lib/jvm/java-8-openjdk-amd64/jre/lib/management-agent.jar, file:/usr/lib/jvm/java-8-openjdk-amd64/jre/lib/resources.jar, file:/usr/lib/jvm/java-8-openjdk-amd64/jre/lib/rt.jar, file:/home/thg/Shark-NJU/AIO/AIO-company/target/classes/, file:/home/thg/Shark-NJU/AIO/lib/examples.jar, file:/home/thg/.m2/repository/net/sourceforge/jexcelapi/jxl/2.6.12/jxl-2.6.12.jar, file:/home/thg/.m2/repository/log4j/log4j/1.2.14/log4j-1.2.14.jar, file:/home/thg/.m2/repository/org/springframework/boot/spring-boot-starter-web/2.7.5/spring-boot-starter-web-2.7.5.jar, file:/home/thg/.m2/repository/org/springframework/boot/spring-boot-starter/2.7.5/spring-boot-starter-2.7.5.jar, file:/home/thg/.m2/repository/org/springframework/boot/spring-boot/2.7.5/spring-boot-2.7.5.jar, file:/home/thg/.m2/repository/org/springframework/boot/spring-boot-autoconfigure/2.7.5/spring-boot-autoconfigure-2.7.5.jar, file:/home/thg/.m2/repository/org/springframework/boot/spring-boot-starter-logging/2.7.5/spring-boot-starter-logging-2.7.5.jar, file:/home/thg/.m2/repository/ch/qos/logback/logback-classic/1.2.11/logback-classic-1.2.11.jar, file:/home/thg/.m2/repository/ch/qos/logback/logback-core/1.2.11/logback-core-1.2.11.jar, file:/home/thg/.m2/repository/org/apache/logging/log4j/log4j-to-slf4j/2.17.2/log4j-to-slf4j-2.17.2.jar, file:/home/thg/.m2/repository/org/apache/logging/log4j/log4j-api/2.17.2/log4j-api-2.17.2.jar, file:/home/thg/.m2/repository/org/slf4j/jul-to-slf4j/1.7.36/jul-to-slf4j-1.7.36.jar, file:/home/thg/.m2/repository/jakarta/annotation/jakarta.annotation-api/1.3.5/jakarta.annotation-api-1.3.5.jar, file:/home/thg/.m2/repository/org/yaml/snakeyaml/1.30/snakeyaml-1.30.jar, file:/home/thg/.m2/repository/org/springframework/boot/spring-boot-starter-json/2.7.5/spring-boot-starter-json-2.7.5.jar, file:/home/thg/.m2/repository/com/fasterxml/jackson/datatype/jackson-datatype-jdk8/2.13.4/jackson-datatype-jdk8-2.13.4.jar, file:/home/thg/.m2/repository/com/fasterxml/jackson/datatype/jackson-datatype-jsr310/2.13.4/jackson-datatype-jsr310-2.13.4.jar, file:/home/thg/.m2/repository/com/fasterxml/jackson/module/jackson-module-parameter-names/2.13.4/jackson-module-parameter-names-2.13.4.jar, file:/home/thg/.m2/repository/org/springframework/boot/spring-boot-starter-tomcat/2.7.5/spring-boot-starter-tomcat-2.7.5.jar, file:/home/thg/.m2/repository/org/apache/tomcat/embed/tomcat-embed-core/9.0.68/tomcat-embed-core-9.0.68.jar, file:/home/thg/.m2/repository/org/apache/tomcat/embed/tomcat-embed-el/9.0.68/tomcat-embed-el-9.0.68.jar, file:/home/thg/.m2/repository/org/apache/tomcat/embed/tomcat-embed-websocket/9.0.68/tomcat-embed-websocket-9.0.68.jar, file:/home/thg/.m2/repository/org/springframework/spring-web/5.3.23/spring-web-5.3.23.jar, file:/home/thg/.m2/repository/org/springframework/spring-beans/5.3.23/spring-beans-5.3.23.jar, file:/home/thg/.m2/repository/org/springframework/spring-webmvc/5.3.23/spring-webmvc-5.3.23.jar, file:/home/thg/.m2/repository/org/springframework/spring-context/5.3.23/spring-context-5.3.23.jar, file:/home/thg/.m2/repository/org/springframework/spring-expression/5.3.23/spring-expression-5.3.23.jar, file:/home/thg/.m2/repository/org/springframework/boot/spring-boot-starter-test/2.7.5/spring-boot-starter-test-2.7.5.jar, file:/home/thg/.m2/repository/org/springframework/boot/spring-boot-test/2.7.5/spring-boot-test-2.7.5.jar, file:/home/thg/.m2/repository/org/springframework/boot/spring-boot-test-autoconfigure/2.7.5/spring-boot-test-autoconfigure-2.7.5.jar, file:/home/thg/.m2/repository/com/jayway/jsonpath/json-path/2.7.0/json-path-2.7.0.jar, file:/home/thg/.m2/repository/net/minidev/json-smart/2.4.8/json-smart-2.4.8.jar, file:/home/thg/.m2/repository/net/minidev/accessors-smart/2.4.8/accessors-smart-2.4.8.jar, file:/home/thg/.m2/repository/org/ow2/asm/asm/9.1/asm-9.1.jar, file:/home/thg/.m2/repository/jakarta/xml/bind/jakarta.xml.bind-api/2.3.3/jakarta.xml.bind-api-2.3.3.jar, file:/home/thg/.m2/repository/jakarta/activation/jakarta.activation-api/1.2.2/jakarta.activation-api-1.2.2.jar, file:/home/thg/.m2/repository/org/assertj/assertj-core/3.22.0/assertj-core-3.22.0.jar, file:/home/thg/.m2/repository/org/hamcrest/hamcrest/2.2/hamcrest-2.2.jar, file:/home/thg/.m2/repository/org/junit/jupiter/junit-jupiter/5.8.2/junit-jupiter-5.8.2.jar, file:/home/thg/.m2/repository/org/junit/jupiter/junit-jupiter-api/5.8.2/junit-jupiter-api-5.8.2.jar, file:/home/thg/.m2/repository/org/opentest4j/opentest4j/1.2.0/opentest4j-1.2.0.jar, file:/home/thg/.m2/repository/org/junit/platform/junit-platform-commons/1.8.2/junit-platform-commons-1.8.2.jar, file:/home/thg/.m2/repository/org/apiguardian/apiguardian-api/1.1.2/apiguardian-api-1.1.2.jar, file:/home/thg/.m2/repository/org/junit/jupiter/junit-jupiter-params/5.8.2/junit-jupiter-params-5.8.2.jar, file:/home/thg/.m2/repository/org/junit/jupiter/junit-jupiter-engine/5.8.2/junit-jupiter-engine-5.8.2.jar, file:/home/thg/.m2/repository/org/junit/platform/junit-platform-engine/1.8.2/junit-platform-engine-1.8.2.jar, file:/home/thg/.m2/repository/org/mockito/mockito-core/4.5.1/mockito-core-4.5.1.jar, file:/home/thg/.m2/repository/net/bytebuddy/byte-buddy/1.12.18/byte-buddy-1.12.18.jar, file:/home/thg/.m2/repository/net/bytebuddy/byte-buddy-agent/1.12.18/byte-buddy-agent-1.12.18.jar, file:/home/thg/.m2/repository/org/objenesis/objenesis/3.2/objenesis-3.2.jar, file:/home/thg/.m2/repository/org/mockito/mockito-junit-jupiter/4.5.1/mockito-junit-jupiter-4.5.1.jar, file:/home/thg/.m2/repository/org/skyscreamer/jsonassert/1.5.1/jsonassert-1.5.1.jar, file:/home/thg/.m2/repository/com/vaadin/external/google/android-json/0.0.20131108.vaadin1/android-json-0.0.20131108.vaadin1.jar, file:/home/thg/.m2/repository/org/springframework/spring-core/5.3.23/spring-core-5.3.23.jar, file:/home/thg/.m2/repository/org/springframework/spring-jcl/5.3.23/spring-jcl-5.3.23.jar, file:/home/thg/.m2/repository/org/springframework/spring-test/5.3.23/spring-test-5.3.23.jar, file:/home/thg/.m2/repository/org/xmlunit/xmlunit-core/2.9.0/xmlunit-core-2.9.0.jar, file:/home/thg/.m2/repository/org/springframework/boot/spring-boot-starter-websocket/2.7.5/spring-boot-starter-websocket-2.7.5.jar, file:/home/thg/.m2/repository/org/springframework/spring-messaging/5.3.23/spring-messaging-5.3.23.jar, file:/home/thg/.m2/repository/org/springframework/spring-websocket/5.3.23/spring-websocket-5.3.23.jar, file:/home/thg/.m2/repository/org/bytedeco/javacv-platform/1.5.4/javacv-platform-1.5.4.jar, file:/home/thg/.m2/repository/org/bytedeco/javacv/1.5.4/javacv-1.5.4.jar, file:/home/thg/.m2/repository/org/bytedeco/javacpp/1.5.4/javacpp-1.5.4.jar, file:/home/thg/.m2/repository/org/bytedeco/openblas/0.3.10-1.5.4/openblas-0.3.10-1.5.4.jar, file:/home/thg/.m2/repository/org/bytedeco/opencv/4.4.0-1.5.4/opencv-4.4.0-1.5.4.jar, file:/home/thg/.m2/repository/org/bytedeco/ffmpeg/4.3.1-1.5.4/ffmpeg-4.3.1-1.5.4.jar, file:/home/thg/.m2/repository/org/bytedeco/flycapture/2.13.3.31-1.5.4/flycapture-2.13.3.31-1.5.4.jar, file:/home/thg/.m2/repository/org/bytedeco/libdc1394/2.2.6-1.5.4/libdc1394-2.2.6-1.5.4.jar, file:/home/thg/.m2/repository/org/bytedeco/libfreenect/0.5.7-1.5.4/libfreenect-0.5.7-1.5.4.jar, file:/home/thg/.m2/repository/org/bytedeco/libfreenect2/0.2.0-1.5.4/libfreenect2-0.2.0-1.5.4.jar, file:/home/thg/.m2/repository/org/bytedeco/librealsense/1.12.4-1.5.4/librealsense-1.12.4-1.5.4.jar, file:/home/thg/.m2/repository/org/bytedeco/librealsense2/2.29.0-1.5.4/librealsense2-2.29.0-1.5.4.jar, file:/home/thg/.m2/repository/org/bytedeco/videoinput/0.200-1.5.4/videoinput-0.200-1.5.4.jar, file:/home/thg/.m2/repository/org/bytedeco/artoolkitplus/2.3.1-1.5.4/artoolkitplus-2.3.1-1.5.4.jar, file:/home/thg/.m2/repository/org/bytedeco/flandmark/1.07-1.5.4/flandmark-1.07-1.5.4.jar, file:/home/thg/.m2/repository/org/bytedeco/leptonica/1.80.0-1.5.4/leptonica-1.80.0-1.5.4.jar, file:/home/thg/.m2/repository/org/bytedeco/tesseract/4.1.1-1.5.4/tesseract-4.1.1-1.5.4.jar, file:/home/thg/.m2/repository/org/bytedeco/openblas-platform/0.3.10-1.5.4/openblas-platform-0.3.10-1.5.4.jar, file:/home/thg/.m2/repository/org/bytedeco/javacpp-platform/1.5.4/javacpp-platform-1.5.4.jar, file:/home/thg/.m2/repository/org/bytedeco/javacpp/1.5.4/javacpp-1.5.4-android-arm.jar, file:/home/thg/.m2/repository/org/bytedeco/javacpp/1.5.4/javacpp-1.5.4-android-arm64.jar, file:/home/thg/.m2/repository/org/bytedeco/javacpp/1.5.4/javacpp-1.5.4-android-x86.jar, file:/home/thg/.m2/repository/org/bytedeco/javacpp/1.5.4/javacpp-1.5.4-android-x86_64.jar, file:/home/thg/.m2/repository/org/bytedeco/javacpp/1.5.4/javacpp-1.5.4-ios-arm64.jar, file:/home/thg/.m2/repository/org/bytedeco/javacpp/1.5.4/javacpp-1.5.4-ios-x86_64.jar, file:/home/thg/.m2/repository/org/bytedeco/javacpp/1.5.4/javacpp-1.5.4-linux-armhf.jar, file:/home/thg/.m2/repository/org/bytedeco/javacpp/1.5.4/javacpp-1.5.4-linux-arm64.jar, file:/home/thg/.m2/repository/org/bytedeco/javacpp/1.5.4/javacpp-1.5.4-linux-ppc64le.jar, file:/home/thg/.m2/repository/org/bytedeco/javacpp/1.5.4/javacpp-1.5.4-linux-x86.jar, file:/home/thg/.m2/repository/org/bytedeco/javacpp/1.5.4/javacpp-1.5.4-linux-x86_64.jar, file:/home/thg/.m2/repository/org/bytedeco/javacpp/1.5.4/javacpp-1.5.4-macosx-x86_64.jar, file:/home/thg/.m2/repository/org/bytedeco/javacpp/1.5.4/javacpp-1.5.4-windows-x86.jar, file:/home/thg/.m2/repository/org/bytedeco/javacpp/1.5.4/javacpp-1.5.4-windows-x86_64.jar, file:/home/thg/.m2/repository/org/bytedeco/openblas/0.3.10-1.5.4/openblas-0.3.10-1.5.4-android-arm.jar, file:/home/thg/.m2/repository/org/bytedeco/openblas/0.3.10-1.5.4/openblas-0.3.10-1.5.4-android-arm64.jar, file:/home/thg/.m2/repository/org/bytedeco/openblas/0.3.10-1.5.4/openblas-0.3.10-1.5.4-android-x86.jar, file:/home/thg/.m2/repository/org/bytedeco/openblas/0.3.10-1.5.4/openblas-0.3.10-1.5.4-android-x86_64.jar, file:/home/thg/.m2/repository/org/bytedeco/openblas/0.3.10-1.5.4/openblas-0.3.10-1.5.4-ios-arm64.jar, file:/home/thg/.m2/repository/org/bytedeco/openblas/0.3.10-1.5.4/openblas-0.3.10-1.5.4-ios-x86_64.jar, file:/home/thg/.m2/repository/org/bytedeco/openblas/0.3.10-1.5.4/openblas-0.3.10-1.5.4-linux-x86.jar, file:/home/thg/.m2/repository/org/bytedeco/openblas/0.3.10-1.5.4/openblas-0.3.10-1.5.4-linux-x86_64.jar, file:/home/thg/.m2/repository/org/bytedeco/openblas/0.3.10-1.5.4/openblas-0.3.10-1.5.4-linux-armhf.jar, file:/home/thg/.m2/repository/org/bytedeco/openblas/0.3.10-1.5.4/openblas-0.3.10-1.5.4-linux-arm64.jar, file:/home/thg/.m2/repository/org/bytedeco/openblas/0.3.10-1.5.4/openblas-0.3.10-1.5.4-linux-ppc64le.jar, file:/home/thg/.m2/repository/org/bytedeco/openblas/0.3.10-1.5.4/openblas-0.3.10-1.5.4-macosx-x86_64.jar, file:/home/thg/.m2/repository/org/bytedeco/openblas/0.3.10-1.5.4/openblas-0.3.10-1.5.4-windows-x86.jar, file:/home/thg/.m2/repository/org/bytedeco/openblas/0.3.10-1.5.4/openblas-0.3.10-1.5.4-windows-x86_64.jar, file:/home/thg/.m2/repository/org/bytedeco/opencv-platform/4.4.0-1.5.4/opencv-platform-4.4.0-1.5.4.jar, file:/home/thg/.m2/repository/org/bytedeco/opencv/4.4.0-1.5.4/opencv-4.4.0-1.5.4-android-arm.jar, file:/home/thg/.m2/repository/org/bytedeco/opencv/4.4.0-1.5.4/opencv-4.4.0-1.5.4-android-arm64.jar, file:/home/thg/.m2/repository/org/bytedeco/opencv/4.4.0-1.5.4/opencv-4.4.0-1.5.4-android-x86.jar, file:/home/thg/.m2/repository/org/bytedeco/opencv/4.4.0-1.5.4/opencv-4.4.0-1.5.4-android-x86_64.jar, file:/home/thg/.m2/repository/org/bytedeco/opencv/4.4.0-1.5.4/opencv-4.4.0-1.5.4-ios-arm64.jar, file:/home/thg/.m2/repository/org/bytedeco/opencv/4.4.0-1.5.4/opencv-4.4.0-1.5.4-ios-x86_64.jar, file:/home/thg/.m2/repository/org/bytedeco/opencv/4.4.0-1.5.4/opencv-4.4.0-1.5.4-linux-x86.jar, file:/home/thg/.m2/repository/org/bytedeco/opencv/4.4.0-1.5.4/opencv-4.4.0-1.5.4-linux-x86_64.jar, file:/home/thg/.m2/repository/org/bytedeco/opencv/4.4.0-1.5.4/opencv-4.4.0-1.5.4-linux-armhf.jar, file:/home/thg/.m2/repository/org/bytedeco/opencv/4.4.0-1.5.4/opencv-4.4.0-1.5.4-linux-arm64.jar, file:/home/thg/.m2/repository/org/bytedeco/opencv/4.4.0-1.5.4/opencv-4.4.0-1.5.4-linux-ppc64le.jar, file:/home/thg/.m2/repository/org/bytedeco/opencv/4.4.0-1.5.4/opencv-4.4.0-1.5.4-macosx-x86_64.jar, file:/home/thg/.m2/repository/org/bytedeco/opencv/4.4.0-1.5.4/opencv-4.4.0-1.5.4-windows-x86.jar, file:/home/thg/.m2/repository/org/bytedeco/opencv/4.4.0-1.5.4/opencv-4.4.0-1.5.4-windows-x86_64.jar, file:/home/thg/.m2/repository/org/bytedeco/ffmpeg-platform/4.3.1-1.5.4/ffmpeg-platform-4.3.1-1.5.4.jar, file:/home/thg/.m2/repository/org/bytedeco/ffmpeg/4.3.1-1.5.4/ffmpeg-4.3.1-1.5.4-android-arm.jar, file:/home/thg/.m2/repository/org/bytedeco/ffmpeg/4.3.1-1.5.4/ffmpeg-4.3.1-1.5.4-android-arm64.jar, file:/home/thg/.m2/repository/org/bytedeco/ffmpeg/4.3.1-1.5.4/ffmpeg-4.3.1-1.5.4-android-x86.jar, file:/home/thg/.m2/repository/org/bytedeco/ffmpeg/4.3.1-1.5.4/ffmpeg-4.3.1-1.5.4-android-x86_64.jar, file:/home/thg/.m2/repository/org/bytedeco/ffmpeg/4.3.1-1.5.4/ffmpeg-4.3.1-1.5.4-linux-x86.jar, file:/home/thg/.m2/repository/org/bytedeco/ffmpeg/4.3.1-1.5.4/ffmpeg-4.3.1-1.5.4-linux-x86_64.jar, file:/home/thg/.m2/repository/org/bytedeco/ffmpeg/4.3.1-1.5.4/ffmpeg-4.3.1-1.5.4-linux-armhf.jar, file:/home/thg/.m2/repository/org/bytedeco/ffmpeg/4.3.1-1.5.4/ffmpeg-4.3.1-1.5.4-linux-arm64.jar, file:/home/thg/.m2/repository/org/bytedeco/ffmpeg/4.3.1-1.5.4/ffmpeg-4.3.1-1.5.4-linux-ppc64le.jar, file:/home/thg/.m2/repository/org/bytedeco/ffmpeg/4.3.1-1.5.4/ffmpeg-4.3.1-1.5.4-macosx-x86_64.jar, file:/home/thg/.m2/repository/org/bytedeco/ffmpeg/4.3.1-1.5.4/ffmpeg-4.3.1-1.5.4-windows-x86.jar, file:/home/thg/.m2/repository/org/bytedeco/ffmpeg/4.3.1-1.5.4/ffmpeg-4.3.1-1.5.4-windows-x86_64.jar, file:/home/thg/.m2/repository/org/bytedeco/flycapture-platform/2.13.3.31-1.5.4/flycapture-platform-2.13.3.31-1.5.4.jar, file:/home/thg/.m2/repository/org/bytedeco/flycapture/2.13.3.31-1.5.4/flycapture-2.13.3.31-1.5.4-linux-x86.jar, file:/home/thg/.m2/repository/org/bytedeco/flycapture/2.13.3.31-1.5.4/flycapture-2.13.3.31-1.5.4-linux-x86_64.jar, file:/home/thg/.m2/repository/org/bytedeco/flycapture/2.13.3.31-1.5.4/flycapture-2.13.3.31-1.5.4-linux-armhf.jar, file:/home/thg/.m2/repository/org/bytedeco/flycapture/2.13.3.31-1.5.4/flycapture-2.13.3.31-1.5.4-linux-arm64.jar, file:/home/thg/.m2/repository/org/bytedeco/flycapture/2.13.3.31-1.5.4/flycapture-2.13.3.31-1.5.4-windows-x86.jar, file:/home/thg/.m2/repository/org/bytedeco/flycapture/2.13.3.31-1.5.4/flycapture-2.13.3.31-1.5.4-windows-x86_64.jar, file:/home/thg/.m2/repository/org/bytedeco/libdc1394-platform/2.2.6-1.5.4/libdc1394-platform-2.2.6-1.5.4.jar, file:/home/thg/.m2/repository/org/bytedeco/libdc1394/2.2.6-1.5.4/libdc1394-2.2.6-1.5.4-linux-x86.jar, file:/home/thg/.m2/repository/org/bytedeco/libdc1394/2.2.6-1.5.4/libdc1394-2.2.6-1.5.4-linux-x86_64.jar, file:/home/thg/.m2/repository/org/bytedeco/libdc1394/2.2.6-1.5.4/libdc1394-2.2.6-1.5.4-linux-armhf.jar, file:/home/thg/.m2/repository/org/bytedeco/libdc1394/2.2.6-1.5.4/libdc1394-2.2.6-1.5.4-linux-arm64.jar, file:/home/thg/.m2/repository/org/bytedeco/libdc1394/2.2.6-1.5.4/libdc1394-2.2.6-1.5.4-linux-ppc64le.jar, file:/home/thg/.m2/repository/org/bytedeco/libdc1394/2.2.6-1.5.4/libdc1394-2.2.6-1.5.4-macosx-x86_64.jar, file:/home/thg/.m2/repository/org/bytedeco/libdc1394/2.2.6-1.5.4/libdc1394-2.2.6-1.5.4-windows-x86.jar, file:/home/thg/.m2/repository/org/bytedeco/libdc1394/2.2.6-1.5.4/libdc1394-2.2.6-1.5.4-windows-x86_64.jar, file:/home/thg/.m2/repository/org/bytedeco/libfreenect-platform/0.5.7-1.5.4/libfreenect-platform-0.5.7-1.5.4.jar, file:/home/thg/.m2/repository/org/bytedeco/libfreenect/0.5.7-1.5.4/libfreenect-0.5.7-1.5.4-linux-x86.jar, file:/home/thg/.m2/repository/org/bytedeco/libfreenect/0.5.7-1.5.4/libfreenect-0.5.7-1.5.4-linux-x86_64.jar, file:/home/thg/.m2/repository/org/bytedeco/libfreenect/0.5.7-1.5.4/libfreenect-0.5.7-1.5.4-linux-armhf.jar, file:/home/thg/.m2/repository/org/bytedeco/libfreenect/0.5.7-1.5.4/libfreenect-0.5.7-1.5.4-linux-arm64.jar, file:/home/thg/.m2/repository/org/bytedeco/libfreenect/0.5.7-1.5.4/libfreenect-0.5.7-1.5.4-linux-ppc64le.jar, file:/home/thg/.m2/repository/org/bytedeco/libfreenect/0.5.7-1.5.4/libfreenect-0.5.7-1.5.4-macosx-x86_64.jar, file:/home/thg/.m2/repository/org/bytedeco/libfreenect/0.5.7-1.5.4/libfreenect-0.5.7-1.5.4-windows-x86.jar, file:/home/thg/.m2/repository/org/bytedeco/libfreenect/0.5.7-1.5.4/libfreenect-0.5.7-1.5.4-windows-x86_64.jar, file:/home/thg/.m2/repository/org/bytedeco/libfreenect2-platform/0.2.0-1.5.4/libfreenect2-platform-0.2.0-1.5.4.jar, file:/home/thg/.m2/repository/org/bytedeco/libfreenect2/0.2.0-1.5.4/libfreenect2-0.2.0-1.5.4-linux-x86.jar, file:/home/thg/.m2/repository/org/bytedeco/libfreenect2/0.2.0-1.5.4/libfreenect2-0.2.0-1.5.4-linux-x86_64.jar, file:/home/thg/.m2/repository/org/bytedeco/libfreenect2/0.2.0-1.5.4/libfreenect2-0.2.0-1.5.4-macosx-x86_64.jar, file:/home/thg/.m2/repository/org/bytedeco/libfreenect2/0.2.0-1.5.4/libfreenect2-0.2.0-1.5.4-windows-x86_64.jar, file:/home/thg/.m2/repository/org/bytedeco/librealsense-platform/1.12.4-1.5.4/librealsense-platform-1.12.4-1.5.4.jar, file:/home/thg/.m2/repository/org/bytedeco/librealsense/1.12.4-1.5.4/librealsense-1.12.4-1.5.4-linux-x86.jar, file:/home/thg/.m2/repository/org/bytedeco/librealsense/1.12.4-1.5.4/librealsense-1.12.4-1.5.4-linux-x86_64.jar, file:/home/thg/.m2/repository/org/bytedeco/librealsense/1.12.4-1.5.4/librealsense-1.12.4-1.5.4-macosx-x86_64.jar, file:/home/thg/.m2/repository/org/bytedeco/librealsense/1.12.4-1.5.4/librealsense-1.12.4-1.5.4-windows-x86.jar, file:/home/thg/.m2/repository/org/bytedeco/librealsense/1.12.4-1.5.4/librealsense-1.12.4-1.5.4-windows-x86_64.jar, file:/home/thg/.m2/repository/org/bytedeco/librealsense2-platform/2.29.0-1.5.4/librealsense2-platform-2.29.0-1.5.4.jar, file:/home/thg/.m2/repository/org/bytedeco/librealsense2/2.29.0-1.5.4/librealsense2-2.29.0-1.5.4-linux-x86.jar, file:/home/thg/.m2/repository/org/bytedeco/librealsense2/2.29.0-1.5.4/librealsense2-2.29.0-1.5.4-linux-x86_64.jar, file:/home/thg/.m2/repository/org/bytedeco/librealsense2/2.29.0-1.5.4/librealsense2-2.29.0-1.5.4-macosx-x86_64.jar, file:/home/thg/.m2/repository/org/bytedeco/librealsense2/2.29.0-1.5.4/librealsense2-2.29.0-1.5.4-windows-x86.jar, file:/home/thg/.m2/repository/org/bytedeco/librealsense2/2.29.0-1.5.4/librealsense2-2.29.0-1.5.4-windows-x86_64.jar, file:/home/thg/.m2/repository/org/bytedeco/videoinput-platform/0.200-1.5.4/videoinput-platform-0.200-1.5.4.jar, file:/home/thg/.m2/repository/org/bytedeco/videoinput/0.200-1.5.4/videoinput-0.200-1.5.4-windows-x86.jar, file:/home/thg/.m2/repository/org/bytedeco/videoinput/0.200-1.5.4/videoinput-0.200-1.5.4-windows-x86_64.jar, file:/home/thg/.m2/repository/org/bytedeco/artoolkitplus-platform/2.3.1-1.5.4/artoolkitplus-platform-2.3.1-1.5.4.jar, file:/home/thg/.m2/repository/org/bytedeco/artoolkitplus/2.3.1-1.5.4/artoolkitplus-2.3.1-1.5.4-android-arm.jar, file:/home/thg/.m2/repository/org/bytedeco/artoolkitplus/2.3.1-1.5.4/artoolkitplus-2.3.1-1.5.4-android-arm64.jar, file:/home/thg/.m2/repository/org/bytedeco/artoolkitplus/2.3.1-1.5.4/artoolkitplus-2.3.1-1.5.4-android-x86.jar, file:/home/thg/.m2/repository/org/bytedeco/artoolkitplus/2.3.1-1.5.4/artoolkitplus-2.3.1-1.5.4-android-x86_64.jar, file:/home/thg/.m2/repository/org/bytedeco/artoolkitplus/2.3.1-1.5.4/artoolkitplus-2.3.1-1.5.4-linux-x86.jar, file:/home/thg/.m2/repository/org/bytedeco/artoolkitplus/2.3.1-1.5.4/artoolkitplus-2.3.1-1.5.4-linux-x86_64.jar, file:/home/thg/.m2/repository/org/bytedeco/artoolkitplus/2.3.1-1.5.4/artoolkitplus-2.3.1-1.5.4-linux-armhf.jar, file:/home/thg/.m2/repository/org/bytedeco/artoolkitplus/2.3.1-1.5.4/artoolkitplus-2.3.1-1.5.4-linux-arm64.jar, file:/home/thg/.m2/repository/org/bytedeco/artoolkitplus/2.3.1-1.5.4/artoolkitplus-2.3.1-1.5.4-linux-ppc64le.jar, file:/home/thg/.m2/repository/org/bytedeco/artoolkitplus/2.3.1-1.5.4/artoolkitplus-2.3.1-1.5.4-macosx-x86_64.jar, file:/home/thg/.m2/repository/org/bytedeco/artoolkitplus/2.3.1-1.5.4/artoolkitplus-2.3.1-1.5.4-windows-x86.jar, file:/home/thg/.m2/repository/org/bytedeco/artoolkitplus/2.3.1-1.5.4/artoolkitplus-2.3.1-1.5.4-windows-x86_64.jar, file:/home/thg/.m2/repository/org/bytedeco/flandmark-platform/1.07-1.5.4/flandmark-platform-1.07-1.5.4.jar, file:/home/thg/.m2/repository/org/bytedeco/flandmark/1.07-1.5.4/flandmark-1.07-1.5.4-android-arm.jar, file:/home/thg/.m2/repository/org/bytedeco/flandmark/1.07-1.5.4/flandmark-1.07-1.5.4-android-arm64.jar, file:/home/thg/.m2/repository/org/bytedeco/flandmark/1.07-1.5.4/flandmark-1.07-1.5.4-android-x86.jar, file:/home/thg/.m2/repository/org/bytedeco/flandmark/1.07-1.5.4/flandmark-1.07-1.5.4-android-x86_64.jar, file:/home/thg/.m2/repository/org/bytedeco/flandmark/1.07-1.5.4/flandmark-1.07-1.5.4-linux-x86.jar, file:/home/thg/.m2/repository/org/bytedeco/flandmark/1.07-1.5.4/flandmark-1.07-1.5.4-linux-x86_64.jar, file:/home/thg/.m2/repository/org/bytedeco/flandmark/1.07-1.5.4/flandmark-1.07-1.5.4-linux-armhf.jar, file:/home/thg/.m2/repository/org/bytedeco/flandmark/1.07-1.5.4/flandmark-1.07-1.5.4-linux-arm64.jar, file:/home/thg/.m2/repository/org/bytedeco/flandmark/1.07-1.5.4/flandmark-1.07-1.5.4-linux-ppc64le.jar, file:/home/thg/.m2/repository/org/bytedeco/flandmark/1.07-1.5.4/flandmark-1.07-1.5.4-macosx-x86_64.jar, file:/home/thg/.m2/repository/org/bytedeco/flandmark/1.07-1.5.4/flandmark-1.07-1.5.4-windows-x86.jar, file:/home/thg/.m2/repository/org/bytedeco/flandmark/1.07-1.5.4/flandmark-1.07-1.5.4-windows-x86_64.jar, file:/home/thg/.m2/repository/org/bytedeco/leptonica-platform/1.80.0-1.5.4/leptonica-platform-1.80.0-1.5.4.jar, file:/home/thg/.m2/repository/org/bytedeco/leptonica/1.80.0-1.5.4/leptonica-1.80.0-1.5.4-android-arm.jar, file:/home/thg/.m2/repository/org/bytedeco/leptonica/1.80.0-1.5.4/leptonica-1.80.0-1.5.4-android-arm64.jar, file:/home/thg/.m2/repository/org/bytedeco/leptonica/1.80.0-1.5.4/leptonica-1.80.0-1.5.4-android-x86.jar, file:/home/thg/.m2/repository/org/bytedeco/leptonica/1.80.0-1.5.4/leptonica-1.80.0-1.5.4-android-x86_64.jar, file:/home/thg/.m2/repository/org/bytedeco/leptonica/1.80.0-1.5.4/leptonica-1.80.0-1.5.4-linux-x86.jar, file:/home/thg/.m2/repository/org/bytedeco/leptonica/1.80.0-1.5.4/leptonica-1.80.0-1.5.4-linux-x86_64.jar, file:/home/thg/.m2/repository/org/bytedeco/leptonica/1.80.0-1.5.4/leptonica-1.80.0-1.5.4-linux-armhf.jar, file:/home/thg/.m2/repository/org/bytedeco/leptonica/1.80.0-1.5.4/leptonica-1.80.0-1.5.4-linux-arm64.jar, file:/home/thg/.m2/repository/org/bytedeco/leptonica/1.80.0-1.5.4/leptonica-1.80.0-1.5.4-linux-ppc64le.jar, file:/home/thg/.m2/repository/org/bytedeco/leptonica/1.80.0-1.5.4/leptonica-1.80.0-1.5.4-macosx-x86_64.jar, file:/home/thg/.m2/repository/org/bytedeco/leptonica/1.80.0-1.5.4/leptonica-1.80.0-1.5.4-windows-x86.jar, file:/home/thg/.m2/repository/org/bytedeco/leptonica/1.80.0-1.5.4/leptonica-1.80.0-1.5.4-windows-x86_64.jar, file:/home/thg/.m2/repository/org/bytedeco/tesseract-platform/4.1.1-1.5.4/tesseract-platform-4.1.1-1.5.4.jar, file:/home/thg/.m2/repository/org/bytedeco/tesseract/4.1.1-1.5.4/tesseract-4.1.1-1.5.4-android-arm.jar, file:/home/thg/.m2/repository/org/bytedeco/tesseract/4.1.1-1.5.4/tesseract-4.1.1-1.5.4-android-arm64.jar, file:/home/thg/.m2/repository/org/bytedeco/tesseract/4.1.1-1.5.4/tesseract-4.1.1-1.5.4-android-x86.jar, file:/home/thg/.m2/repository/org/bytedeco/tesseract/4.1.1-1.5.4/tesseract-4.1.1-1.5.4-android-x86_64.jar, file:/home/thg/.m2/repository/org/bytedeco/tesseract/4.1.1-1.5.4/tesseract-4.1.1-1.5.4-linux-x86.jar, file:/home/thg/.m2/repository/org/bytedeco/tesseract/4.1.1-1.5.4/tesseract-4.1.1-1.5.4-linux-x86_64.jar, file:/home/thg/.m2/repository/org/bytedeco/tesseract/4.1.1-1.5.4/tesseract-4.1.1-1.5.4-linux-armhf.jar, file:/home/thg/.m2/repository/org/bytedeco/tesseract/4.1.1-1.5.4/tesseract-4.1.1-1.5.4-linux-arm64.jar, file:/home/thg/.m2/repository/org/bytedeco/tesseract/4.1.1-1.5.4/tesseract-4.1.1-1.5.4-linux-ppc64le.jar, file:/home/thg/.m2/repository/org/bytedeco/tesseract/4.1.1-1.5.4/tesseract-4.1.1-1.5.4-macosx-x86_64.jar, file:/home/thg/.m2/repository/org/bytedeco/tesseract/4.1.1-1.5.4/tesseract-4.1.1-1.5.4-windows-x86.jar, file:/home/thg/.m2/repository/org/bytedeco/tesseract/4.1.1-1.5.4/tesseract-4.1.1-1.5.4-windows-x86_64.jar, file:/home/thg/.m2/repository/org/springframework/boot/spring-boot-starter-aop/2.7.5/spring-boot-starter-aop-2.7.5.jar, file:/home/thg/.m2/repository/org/springframework/spring-aop/5.3.23/spring-aop-5.3.23.jar, file:/home/thg/.m2/repository/org/aspectj/aspectjweaver/1.9.7/aspectjweaver-1.9.7.jar, file:/home/thg/.m2/repository/org/projectlombok/lombok/1.18.6/lombok-1.18.6.jar, file:/home/thg/.m2/repository/net/logstash/logback/logstash-logback-encoder/7.3/logstash-logback-encoder-7.3.jar, file:/home/thg/.m2/repository/com/fasterxml/jackson/core/jackson-databind/2.13.4.2/jackson-databind-2.13.4.2.jar, file:/home/thg/.m2/repository/com/fasterxml/jackson/core/jackson-annotations/2.13.4/jackson-annotations-2.13.4.jar, file:/home/thg/.m2/repository/com/fasterxml/jackson/core/jackson-core/2.13.4/jackson-core-2.13.4.jar, file:/home/thg/.m2/repository/org/mybatis/spring/boot/mybatis-spring-boot-starter/1.1.1/mybatis-spring-boot-starter-1.1.1.jar, file:/home/thg/.m2/repository/org/mybatis/spring/boot/mybatis-spring-boot-autoconfigure/1.1.1/mybatis-spring-boot-autoconfigure-1.1.1.jar, file:/home/thg/.m2/repository/org/mybatis/mybatis/3.4.0/mybatis-3.4.0.jar, file:/home/thg/.m2/repository/org/mybatis/mybatis-spring/1.3.0/mybatis-spring-1.3.0.jar, file:/home/thg/.m2/repository/org/springframework/boot/spring-boot-starter-jdbc/2.7.5/spring-boot-starter-jdbc-2.7.5.jar, file:/home/thg/.m2/repository/com/zaxxer/HikariCP/4.0.3/HikariCP-4.0.3.jar, file:/home/thg/.m2/repository/org/springframework/spring-jdbc/5.3.23/spring-jdbc-5.3.23.jar, file:/home/thg/.m2/repository/com/alibaba/fastjson/1.2.30/fastjson-1.2.30.jar, file:/home/thg/.m2/repository/mysql/mysql-connector-java/8.0.28/mysql-connector-java-8.0.28.jar, file:/home/thg/.m2/repository/org/springframework/boot/spring-boot-starter-data-redis/2.7.5/spring-boot-starter-data-redis-2.7.5.jar, file:/home/thg/.m2/repository/org/springframework/data/spring-data-redis/2.7.5/spring-data-redis-2.7.5.jar, file:/home/thg/.m2/repository/org/springframework/data/spring-data-keyvalue/2.7.5/spring-data-keyvalue-2.7.5.jar, file:/home/thg/.m2/repository/org/springframework/data/spring-data-commons/2.7.5/spring-data-commons-2.7.5.jar, file:/home/thg/.m2/repository/org/springframework/spring-tx/5.3.23/spring-tx-5.3.23.jar, file:/home/thg/.m2/repository/org/springframework/spring-oxm/5.3.23/spring-oxm-5.3.23.jar, file:/home/thg/.m2/repository/io/lettuce/lettuce-core/6.1.10.RELEASE/lettuce-core-6.1.10.RELEASE.jar, file:/home/thg/.m2/repository/io/netty/netty-common/4.1.84.Final/netty-common-4.1.84.Final.jar, file:/home/thg/.m2/repository/io/netty/netty-handler/4.1.84.Final/netty-handler-4.1.84.Final.jar, file:/home/thg/.m2/repository/io/netty/netty-resolver/4.1.84.Final/netty-resolver-4.1.84.Final.jar, file:/home/thg/.m2/repository/io/netty/netty-buffer/4.1.84.Final/netty-buffer-4.1.84.Final.jar, file:/home/thg/.m2/repository/io/netty/netty-transport-native-unix-common/4.1.84.Final/netty-transport-native-unix-common-4.1.84.Final.jar, file:/home/thg/.m2/repository/io/netty/netty-codec/4.1.84.Final/netty-codec-4.1.84.Final.jar, file:/home/thg/.m2/repository/io/netty/netty-transport/4.1.84.Final/netty-transport-4.1.84.Final.jar, file:/home/thg/.m2/repository/io/projectreactor/reactor-core/3.4.24/reactor-core-3.4.24.jar, file:/home/thg/.m2/repository/org/reactivestreams/reactive-streams/1.0.4/reactive-streams-1.0.4.jar, file:/home/thg/.m2/repository/redis/clients/jedis/2.9.0/jedis-2.9.0.jar, file:/home/thg/.m2/repository/org/apache/commons/commons-pool2/2.11.1/commons-pool2-2.11.1.jar, file:/home/thg/.m2/repository/org/springframework/boot/spring-boot-configuration-processor/2.7.5/spring-boot-configuration-processor-2.7.5.jar, file:/home/thg/.m2/repository/org/springframework/boot/spring-boot-starter-thymeleaf/2.7.5/spring-boot-starter-thymeleaf-2.7.5.jar, file:/home/thg/.m2/repository/org/thymeleaf/thymeleaf-spring5/3.0.15.RELEASE/thymeleaf-spring5-3.0.15.RELEASE.jar, file:/home/thg/.m2/repository/org/thymeleaf/thymeleaf/3.0.15.RELEASE/thymeleaf-3.0.15.RELEASE.jar, file:/home/thg/.m2/repository/org/attoparser/attoparser/2.0.5.RELEASE/attoparser-2.0.5.RELEASE.jar, file:/home/thg/.m2/repository/org/unbescape/unbescape/1.1.6.RELEASE/unbescape-1.1.6.RELEASE.jar, file:/home/thg/.m2/repository/org/thymeleaf/extras/thymeleaf-extras-java8time/3.0.4.RELEASE/thymeleaf-extras-java8time-3.0.4.RELEASE.jar, file:/home/thg/.m2/repository/net/sourceforge/nekohtml/nekohtml/1.9.22/nekohtml-1.9.22.jar, file:/home/thg/.m2/repository/xerces/xercesImpl/2.11.0/xercesImpl-2.11.0.jar, file:/home/thg/.m2/repository/xml-apis/xml-apis/1.4.01/xml-apis-1.4.01.jar, file:/home/thg/.m2/repository/commons-fileupload/commons-fileupload/1.4/commons-fileupload-1.4.jar, file:/home/thg/.m2/repository/commons-io/commons-io/2.2/commons-io-2.2.jar, file:/home/thg/.m2/repository/cn/hutool/hutool-all/5.7.19/hutool-all-5.7.19.jar, file:/home/thg/.m2/repository/com/google/zxing/core/3.3.3/core-3.3.3.jar, file:/home/thg/.m2/repository/org/springframework/boot/spring-boot-starter-mail/2.7.5/spring-boot-starter-mail-2.7.5.jar, file:/home/thg/.m2/repository/org/springframework/spring-context-support/5.3.23/spring-context-support-5.3.23.jar, file:/home/thg/.m2/repository/com/sun/mail/jakarta.mail/1.6.7/jakarta.mail-1.6.7.jar, file:/home/thg/.m2/repository/com/sun/activation/jakarta.activation/1.2.2/jakarta.activation-1.2.2.jar, file:/home/thg/.m2/repository/com/aliyun/aliyun-java-sdk-dysmsapi/2.2.1/aliyun-java-sdk-dysmsapi-2.2.1.jar, file:/home/thg/.m2/repository/com/google/code/gson/gson/2.9.1/gson-2.9.1.jar, file:/home/thg/.m2/repository/com/aliyun/aliyun-java-sdk-core/4.6.0/aliyun-java-sdk-core-4.6.0.jar, file:/home/thg/.m2/repository/org/apache/httpcomponents/httpcore/4.4.15/httpcore-4.4.15.jar, file:/home/thg/.m2/repository/commons-logging/commons-logging/1.2/commons-logging-1.2.jar, file:/home/thg/.m2/repository/org/apache/commons/commons-lang3/3.12.0/commons-lang3-3.12.0.jar, file:/home/thg/.m2/repository/javax/xml/bind/jaxb-api/2.3.1/jaxb-api-2.3.1.jar, file:/home/thg/.m2/repository/javax/activation/javax.activation-api/1.2.0/javax.activation-api-1.2.0.jar, file:/home/thg/.m2/repository/org/glassfish/jaxb/jaxb-runtime/2.3.7/jaxb-runtime-2.3.7.jar, file:/home/thg/.m2/repository/org/glassfish/jaxb/txw2/2.3.7/txw2-2.3.7.jar, file:/home/thg/.m2/repository/com/sun/istack/istack-commons-runtime/3.0.12/istack-commons-runtime-3.0.12.jar, file:/home/thg/.m2/repository/org/bouncycastle/bcprov-jdk15on/1.70/bcprov-jdk15on-1.70.jar, file:/home/thg/.m2/repository/org/jacoco/org.jacoco.agent/0.8.7/org.jacoco.agent-0.8.7-runtime.jar, file:/home/thg/.m2/repository/org/ini4j/ini4j/0.5.4/ini4j-0.5.4.jar, file:/home/thg/.m2/repository/org/slf4j/slf4j-api/1.7.36/slf4j-api-1.7.36.jar, file:/home/thg/.m2/repository/io/opentracing/opentracing-api/0.33.0/opentracing-api-0.33.0.jar, file:/home/thg/.m2/repository/io/opentracing/opentracing-util/0.33.0/opentracing-util-0.33.0.jar, file:/home/thg/.m2/repository/io/opentracing/opentracing-noop/0.33.0/opentracing-noop-0.33.0.jar, file:/home/thg/.m2/repository/net/sf/json-lib/json-lib/2.4/json-lib-2.4-jdk15.jar, file:/home/thg/.m2/repository/commons-beanutils/commons-beanutils/1.8.0/commons-beanutils-1.8.0.jar, file:/home/thg/.m2/repository/commons-collections/commons-collections/3.2.1/commons-collections-3.2.1.jar, file:/home/thg/.m2/repository/commons-lang/commons-lang/2.5/commons-lang-2.5.jar, file:/home/thg/.m2/repository/net/sf/ezmorph/ezmorph/1.0.6/ezmorph-1.0.6.jar, file:/home/thg/.m2/repository/com/github/pagehelper/pagehelper-spring-boot-starter/1.4.1/pagehelper-spring-boot-starter-1.4.1.jar, file:/home/thg/.m2/repository/com/github/pagehelper/pagehelper-spring-boot-autoconfigure/1.4.1/pagehelper-spring-boot-autoconfigure-1.4.1.jar, file:/home/thg/.m2/repository/com/github/pagehelper/pagehelper/5.3.0/pagehelper-5.3.0.jar, file:/home/thg/.m2/repository/com/github/jsqlparser/jsqlparser/4.2/jsqlparser-4.2.jar, file:/home/thg/.m2/repository/io/netty/netty-all/4.1.68.Final/netty-all-4.1.68.Final.jar, file:/home/thg/.m2/repository/net/java/dev/jna/jna/5.12.1/jna-5.12.1.jar, file:/home/thg/.m2/repository/net/java/dev/jna/jna-platform/5.13.0/jna-platform-5.13.0.jar, file:/home/thg/.m2/repository/org/apache/httpcomponents/httpclient/4.5.6/httpclient-4.5.6.jar, file:/home/thg/.m2/repository/commons-codec/commons-codec/1.15/commons-codec-1.15.jar, file:/home/thg/idea-IU-222.4345.14/lib/idea_rt.jar])
	at com.sun.jna.NativeLibrary.loadLibrary(NativeLibrary.java:307)
	at com.sun.jna.NativeLibrary.getInstance(NativeLibrary.java:467)
	at com.sun.jna.Library$Handler.<init>(Library.java:192)
	at com.sun.jna.Native.loadLibrary(Native.java:672)
	at com.sun.jna.Native.loadLibrary(Native.java:656)
	at com.shark.aio.alarm.contactPart.util.ClientDemo.createSDKInstance(ClientDemo.java:53)
	at com.shark.aio.alarm.contactPart.util.ClientDemo.loadSDK(ClientDemo.java:100)
	at com.shark.aio.base.controller.InitFFmpeg.onApplicationEvent(InitFFmpeg.java:59)
	at com.shark.aio.base.controller.InitFFmpeg.onApplicationEvent(InitFFmpeg.java:34)
	at com.shark.aio.base.controller.InitFFmpeg$$FastClassBySpringCGLIB$$6f28da27.invoke(<generated>)
	at org.springframework.cglib.proxy.MethodProxy.invoke(MethodProxy.java:218)
	at org.springframework.aop.framework.CglibAopProxy$CglibMethodInvocation.invokeJoinpoint(CglibAopProxy.java:793)
	at org.springframework.aop.framework.ReflectiveMethodInvocation.proceed(ReflectiveMethodInvocation.java:163)
	at org.springframework.aop.framework.CglibAopProxy$CglibMethodInvocation.proceed(CglibAopProxy.java:763)
	at org.springframework.aop.framework.adapter.MethodBeforeAdviceInterceptor.invoke(MethodBeforeAdviceInterceptor.java:58)
	at org.springframework.aop.framework.ReflectiveMethodInvocation.proceed(ReflectiveMethodInvocation.java:186)
	at org.springframework.aop.framework.CglibAopProxy$CglibMethodInvocation.proceed(CglibAopProxy.java:763)
	at org.springframework.aop.interceptor.ExposeInvocationInterceptor.invoke(ExposeInvocationInterceptor.java:97)
	at org.springframework.aop.framework.ReflectiveMethodInvocation.proceed(ReflectiveMethodInvocation.java:186)
	at org.springframework.aop.framework.CglibAopProxy$CglibMethodInvocation.proceed(CglibAopProxy.java:763)
	at org.springframework.aop.framework.CglibAopProxy$DynamicAdvisedInterceptor.intercept(CglibAopProxy.java:708)
	at com.shark.aio.base.controller.InitFFmpeg$$EnhancerBySpringCGLIB$$5fa93f5.onApplicationEvent(<generated>)
	at org.springframework.context.event.SimpleApplicationEventMulticaster.doInvokeListener(SimpleApplicationEventMulticaster.java:176)
	at org.springframework.context.event.SimpleApplicationEventMulticaster.invokeListener(SimpleApplicationEventMulticaster.java:169)
	at org.springframework.context.event.SimpleApplicationEventMulticaster.multicastEvent(SimpleApplicationEventMulticaster.java:143)
	at org.springframework.context.support.AbstractApplicationContext.publishEvent(AbstractApplicationContext.java:421)
	at org.springframework.context.support.AbstractApplicationContext.publishEvent(AbstractApplicationContext.java:378)
	at org.springframework.boot.context.event.EventPublishingRunListener.started(EventPublishingRunListener.java:108)
	at org.springframework.boot.SpringApplicationRunListeners.lambda$started$5(SpringApplicationRunListeners.java:78)
	at java.util.ArrayList.forEach(ArrayList.java:1259)
	at org.springframework.boot.SpringApplicationRunListeners.doWithListeners(SpringApplicationRunListeners.java:120)
	at org.springframework.boot.SpringApplicationRunListeners.doWithListeners(SpringApplicationRunListeners.java:114)
	at org.springframework.boot.SpringApplicationRunListeners.started(SpringApplicationRunListeners.java:78)
	at org.springframework.boot.SpringApplication.run(SpringApplication.java:314)
	at org.springframework.boot.SpringApplication.run(SpringApplication.java:1306)
	at org.springframework.boot.SpringApplication.run(SpringApplication.java:1295)
	at com.shark.aio.AIOCompanyApplication.main(AIOCompanyApplication.java:27)
	Suppressed: java.lang.UnsatisfiedLinkError: /home/thg/Shark-NJU/AIOlibhcnetsdk.so: 无法打开共享对象文件: 没有那个文件或目录
		at com.sun.jna.Native.open(Native Method)
		at com.sun.jna.NativeLibrary.loadLibrary(NativeLibrary.java:197)
		... 36 common frames omitted
	Suppressed: java.lang.UnsatisfiedLinkError: /home/thg/Shark-NJU/AIOlibhcnetsdk.so: 无法打开共享对象文件: 没有那个文件或目录
		at com.sun.jna.Native.open(Native Method)
		at com.sun.jna.NativeLibrary.loadLibrary(NativeLibrary.java:210)
		... 36 common frames omitted
	Suppressed: java.io.IOException: Native library (home/thg/Shark-NJU/AIOlibhcnetsdk.so) not found in resource path ([file:/usr/lib/jvm/java-8-openjdk-amd64/jre/lib/charsets.jar, file:/usr/lib/jvm/java-8-openjdk-amd64/jre/lib/ext/cldrdata.jar, file:/usr/lib/jvm/java-8-openjdk-amd64/jre/lib/ext/dnsns.jar, file:/usr/lib/jvm/java-8-openjdk-amd64/jre/lib/ext/icedtea-sound.jar, file:/usr/lib/jvm/java-8-openjdk-amd64/jre/lib/ext/jaccess.jar, file:/usr/lib/jvm/java-8-openjdk-amd64/jre/lib/ext/localedata.jar, file:/usr/lib/jvm/java-8-openjdk-amd64/jre/lib/ext/nashorn.jar, file:/usr/lib/jvm/java-8-openjdk-amd64/jre/lib/ext/sunec.jar, file:/usr/lib/jvm/java-8-openjdk-amd64/jre/lib/ext/sunjce_provider.jar, file:/usr/lib/jvm/java-8-openjdk-amd64/jre/lib/ext/sunpkcs11.jar, file:/usr/lib/jvm/java-8-openjdk-amd64/jre/lib/ext/zipfs.jar, file:/usr/lib/jvm/java-8-openjdk-amd64/jre/lib/jce.jar, file:/usr/lib/jvm/java-8-openjdk-amd64/jre/lib/jfr.jar, file:/usr/lib/jvm/java-8-openjdk-amd64/jre/lib/jsse.jar, file:/usr/lib/jvm/java-8-openjdk-amd64/jre/lib/management-agent.jar, file:/usr/lib/jvm/java-8-openjdk-amd64/jre/lib/resources.jar, file:/usr/lib/jvm/java-8-openjdk-amd64/jre/lib/rt.jar, file:/home/thg/Shark-NJU/AIO/AIO-company/target/classes/, file:/home/thg/Shark-NJU/AIO/lib/examples.jar, file:/home/thg/.m2/repository/net/sourceforge/jexcelapi/jxl/2.6.12/jxl-2.6.12.jar, file:/home/thg/.m2/repository/log4j/log4j/1.2.14/log4j-1.2.14.jar, file:/home/thg/.m2/repository/org/springframework/boot/spring-boot-starter-web/2.7.5/spring-boot-starter-web-2.7.5.jar, file:/home/thg/.m2/repository/org/springframework/boot/spring-boot-starter/2.7.5/spring-boot-starter-2.7.5.jar, file:/home/thg/.m2/repository/org/springframework/boot/spring-boot/2.7.5/spring-boot-2.7.5.jar, file:/home/thg/.m2/repository/org/springframework/boot/spring-boot-autoconfigure/2.7.5/spring-boot-autoconfigure-2.7.5.jar, file:/home/thg/.m2/repository/org/springframework/boot/spring-boot-starter-logging/2.7.5/spring-boot-starter-logging-2.7.5.jar, file:/home/thg/.m2/repository/ch/qos/logback/logback-classic/1.2.11/logback-classic-1.2.11.jar, file:/home/thg/.m2/repository/ch/qos/logback/logback-core/1.2.11/logback-core-1.2.11.jar, file:/home/thg/.m2/repository/org/apache/logging/log4j/log4j-to-slf4j/2.17.2/log4j-to-slf4j-2.17.2.jar, file:/home/thg/.m2/repository/org/apache/logging/log4j/log4j-api/2.17.2/log4j-api-2.17.2.jar, file:/home/thg/.m2/repository/org/slf4j/jul-to-slf4j/1.7.36/jul-to-slf4j-1.7.36.jar, file:/home/thg/.m2/repository/jakarta/annotation/jakarta.annotation-api/1.3.5/jakarta.annotation-api-1.3.5.jar, file:/home/thg/.m2/repository/org/yaml/snakeyaml/1.30/snakeyaml-1.30.jar, file:/home/thg/.m2/repository/org/springframework/boot/spring-boot-starter-json/2.7.5/spring-boot-starter-json-2.7.5.jar, file:/home/thg/.m2/repository/com/fasterxml/jackson/datatype/jackson-datatype-jdk8/2.13.4/jackson-datatype-jdk8-2.13.4.jar, file:/home/thg/.m2/repository/com/fasterxml/jackson/datatype/jackson-datatype-jsr310/2.13.4/jackson-datatype-jsr310-2.13.4.jar, file:/home/thg/.m2/repository/com/fasterxml/jackson/module/jackson-module-parameter-names/2.13.4/jackson-module-parameter-names-2.13.4.jar, file:/home/thg/.m2/repository/org/springframework/boot/spring-boot-starter-tomcat/2.7.5/spring-boot-starter-tomcat-2.7.5.jar, file:/home/thg/.m2/repository/org/apache/tomcat/embed/tomcat-embed-core/9.0.68/tomcat-embed-core-9.0.68.jar, file:/home/thg/.m2/repository/org/apache/tomcat/embed/tomcat-embed-el/9.0.68/tomcat-embed-el-9.0.68.jar, file:/home/thg/.m2/repository/org/apache/tomcat/embed/tomcat-embed-websocket/9.0.68/tomcat-embed-websocket-9.0.68.jar, file:/home/thg/.m2/repository/org/springframework/spring-web/5.3.23/spring-web-5.3.23.jar, file:/home/thg/.m2/repository/org/springframework/spring-beans/5.3.23/spring-beans-5.3.23.jar, file:/home/thg/.m2/repository/org/springframework/spring-webmvc/5.3.23/spring-webmvc-5.3.23.jar, file:/home/thg/.m2/repository/org/springframework/spring-context/5.3.23/spring-context-5.3.23.jar, file:/home/thg/.m2/repository/org/springframework/spring-expression/5.3.23/spring-expression-5.3.23.jar, file:/home/thg/.m2/repository/org/springframework/boot/spring-boot-starter-test/2.7.5/spring-boot-starter-test-2.7.5.jar, file:/home/thg/.m2/repository/org/springframework/boot/spring-boot-test/2.7.5/spring-boot-test-2.7.5.jar, file:/home/thg/.m2/repository/org/springframework/boot/spring-boot-test-autoconfigure/2.7.5/spring-boot-test-autoconfigure-2.7.5.jar, file:/home/thg/.m2/repository/com/jayway/jsonpath/json-path/2.7.0/json-path-2.7.0.jar, file:/home/thg/.m2/repository/net/minidev/json-smart/2.4.8/json-smart-2.4.8.jar, file:/home/thg/.m2/repository/net/minidev/accessors-smart/2.4.8/accessors-smart-2.4.8.jar, file:/home/thg/.m2/repository/org/ow2/asm/asm/9.1/asm-9.1.jar, file:/home/thg/.m2/repository/jakarta/xml/bind/jakarta.xml.bind-api/2.3.3/jakarta.xml.bind-api-2.3.3.jar, file:/home/thg/.m2/repository/jakarta/activation/jakarta.activation-api/1.2.2/jakarta.activation-api-1.2.2.jar, file:/home/thg/.m2/repository/org/assertj/assertj-core/3.22.0/assertj-core-3.22.0.jar, file:/home/thg/.m2/repository/org/hamcrest/hamcrest/2.2/hamcrest-2.2.jar, file:/home/thg/.m2/repository/org/junit/jupiter/junit-jupiter/5.8.2/junit-jupiter-5.8.2.jar, file:/home/thg/.m2/repository/org/junit/jupiter/junit-jupiter-api/5.8.2/junit-jupiter-api-5.8.2.jar, file:/home/thg/.m2/repository/org/opentest4j/opentest4j/1.2.0/opentest4j-1.2.0.jar, file:/home/thg/.m2/repository/org/junit/platform/junit-platform-commons/1.8.2/junit-platform-commons-1.8.2.jar, file:/home/thg/.m2/repository/org/apiguardian/apiguardian-api/1.1.2/apiguardian-api-1.1.2.jar, file:/home/thg/.m2/repository/org/junit/jupiter/junit-jupiter-params/5.8.2/junit-jupiter-params-5.8.2.jar, file:/home/thg/.m2/repository/org/junit/jupiter/junit-jupiter-engine/5.8.2/junit-jupiter-engine-5.8.2.jar, file:/home/thg/.m2/repository/org/junit/platform/junit-platform-engine/1.8.2/junit-platform-engine-1.8.2.jar, file:/home/thg/.m2/repository/org/mockito/mockito-core/4.5.1/mockito-core-4.5.1.jar, file:/home/thg/.m2/repository/net/bytebuddy/byte-buddy/1.12.18/byte-buddy-1.12.18.jar, file:/home/thg/.m2/repository/net/bytebuddy/byte-buddy-agent/1.12.18/byte-buddy-agent-1.12.18.jar, file:/home/thg/.m2/repository/org/objenesis/objenesis/3.2/objenesis-3.2.jar, file:/home/thg/.m2/repository/org/mockito/mockito-junit-jupiter/4.5.1/mockito-junit-jupiter-4.5.1.jar, file:/home/thg/.m2/repository/org/skyscreamer/jsonassert/1.5.1/jsonassert-1.5.1.jar, file:/home/thg/.m2/repository/com/vaadin/external/google/android-json/0.0.20131108.vaadin1/android-json-0.0.20131108.vaadin1.jar, file:/home/thg/.m2/repository/org/springframework/spring-core/5.3.23/spring-core-5.3.23.jar, file:/home/thg/.m2/repository/org/springframework/spring-jcl/5.3.23/spring-jcl-5.3.23.jar, file:/home/thg/.m2/repository/org/springframework/spring-test/5.3.23/spring-test-5.3.23.jar, file:/home/thg/.m2/repository/org/xmlunit/xmlunit-core/2.9.0/xmlunit-core-2.9.0.jar, file:/home/thg/.m2/repository/org/springframework/boot/spring-boot-starter-websocket/2.7.5/spring-boot-starter-websocket-2.7.5.jar, file:/home/thg/.m2/repository/org/springframework/spring-messaging/5.3.23/spring-messaging-5.3.23.jar, file:/home/thg/.m2/repository/org/springframework/spring-websocket/5.3.23/spring-websocket-5.3.23.jar, file:/home/thg/.m2/repository/org/bytedeco/javacv-platform/1.5.4/javacv-platform-1.5.4.jar, file:/home/thg/.m2/repository/org/bytedeco/javacv/1.5.4/javacv-1.5.4.jar, file:/home/thg/.m2/repository/org/bytedeco/javacpp/1.5.4/javacpp-1.5.4.jar, file:/home/thg/.m2/repository/org/bytedeco/openblas/0.3.10-1.5.4/openblas-0.3.10-1.5.4.jar, file:/home/thg/.m2/repository/org/bytedeco/opencv/4.4.0-1.5.4/opencv-4.4.0-1.5.4.jar, file:/home/thg/.m2/repository/org/bytedeco/ffmpeg/4.3.1-1.5.4/ffmpeg-4.3.1-1.5.4.jar, file:/home/thg/.m2/repository/org/bytedeco/flycapture/2.13.3.31-1.5.4/flycapture-2.13.3.31-1.5.4.jar, file:/home/thg/.m2/repository/org/bytedeco/libdc1394/2.2.6-1.5.4/libdc1394-2.2.6-1.5.4.jar, file:/home/thg/.m2/repository/org/bytedeco/libfreenect/0.5.7-1.5.4/libfreenect-0.5.7-1.5.4.jar, file:/home/thg/.m2/repository/org/bytedeco/libfreenect2/0.2.0-1.5.4/libfreenect2-0.2.0-1.5.4.jar, file:/home/thg/.m2/repository/org/bytedeco/librealsense/1.12.4-1.5.4/librealsense-1.12.4-1.5.4.jar, file:/home/thg/.m2/repository/org/bytedeco/librealsense2/2.29.0-1.5.4/librealsense2-2.29.0-1.5.4.jar, file:/home/thg/.m2/repository/org/bytedeco/videoinput/0.200-1.5.4/videoinput-0.200-1.5.4.jar, file:/home/thg/.m2/repository/org/bytedeco/artoolkitplus/2.3.1-1.5.4/artoolkitplus-2.3.1-1.5.4.jar, file:/home/thg/.m2/repository/org/bytedeco/flandmark/1.07-1.5.4/flandmark-1.07-1.5.4.jar, file:/home/thg/.m2/repository/org/bytedeco/leptonica/1.80.0-1.5.4/leptonica-1.80.0-1.5.4.jar, file:/home/thg/.m2/repository/org/bytedeco/tesseract/4.1.1-1.5.4/tesseract-4.1.1-1.5.4.jar, file:/home/thg/.m2/repository/org/bytedeco/openblas-platform/0.3.10-1.5.4/openblas-platform-0.3.10-1.5.4.jar, file:/home/thg/.m2/repository/org/bytedeco/javacpp-platform/1.5.4/javacpp-platform-1.5.4.jar, file:/home/thg/.m2/repository/org/bytedeco/javacpp/1.5.4/javacpp-1.5.4-android-arm.jar, file:/home/thg/.m2/repository/org/bytedeco/javacpp/1.5.4/javacpp-1.5.4-android-arm64.jar, file:/home/thg/.m2/repository/org/bytedeco/javacpp/1.5.4/javacpp-1.5.4-android-x86.jar, file:/home/thg/.m2/repository/org/bytedeco/javacpp/1.5.4/javacpp-1.5.4-android-x86_64.jar, file:/home/thg/.m2/repository/org/bytedeco/javacpp/1.5.4/javacpp-1.5.4-ios-arm64.jar, file:/home/thg/.m2/repository/org/bytedeco/javacpp/1.5.4/javacpp-1.5.4-ios-x86_64.jar, file:/home/thg/.m2/repository/org/bytedeco/javacpp/1.5.4/javacpp-1.5.4-linux-armhf.jar, file:/home/thg/.m2/repository/org/bytedeco/javacpp/1.5.4/javacpp-1.5.4-linux-arm64.jar, file:/home/thg/.m2/repository/org/bytedeco/javacpp/1.5.4/javacpp-1.5.4-linux-ppc64le.jar, file:/home/thg/.m2/repository/org/bytedeco/javacpp/1.5.4/javacpp-1.5.4-linux-x86.jar, file:/home/thg/.m2/repository/org/bytedeco/javacpp/1.5.4/javacpp-1.5.4-linux-x86_64.jar, file:/home/thg/.m2/repository/org/bytedeco/javacpp/1.5.4/javacpp-1.5.4-macosx-x86_64.jar, file:/home/thg/.m2/repository/org/bytedeco/javacpp/1.5.4/javacpp-1.5.4-windows-x86.jar, file:/home/thg/.m2/repository/org/bytedeco/javacpp/1.5.4/javacpp-1.5.4-windows-x86_64.jar, file:/home/thg/.m2/repository/org/bytedeco/openblas/0.3.10-1.5.4/openblas-0.3.10-1.5.4-android-arm.jar, file:/home/thg/.m2/repository/org/bytedeco/openblas/0.3.10-1.5.4/openblas-0.3.10-1.5.4-android-arm64.jar, file:/home/thg/.m2/repository/org/bytedeco/openblas/0.3.10-1.5.4/openblas-0.3.10-1.5.4-android-x86.jar, file:/home/thg/.m2/repository/org/bytedeco/openblas/0.3.10-1.5.4/openblas-0.3.10-1.5.4-android-x86_64.jar, file:/home/thg/.m2/repository/org/bytedeco/openblas/0.3.10-1.5.4/openblas-0.3.10-1.5.4-ios-arm64.jar, file:/home/thg/.m2/repository/org/bytedeco/openblas/0.3.10-1.5.4/openblas-0.3.10-1.5.4-ios-x86_64.jar, file:/home/thg/.m2/repository/org/bytedeco/openblas/0.3.10-1.5.4/openblas-0.3.10-1.5.4-linux-x86.jar, file:/home/thg/.m2/repository/org/bytedeco/openblas/0.3.10-1.5.4/openblas-0.3.10-1.5.4-linux-x86_64.jar, file:/home/thg/.m2/repository/org/bytedeco/openblas/0.3.10-1.5.4/openblas-0.3.10-1.5.4-linux-armhf.jar, file:/home/thg/.m2/repository/org/bytedeco/openblas/0.3.10-1.5.4/openblas-0.3.10-1.5.4-linux-arm64.jar, file:/home/thg/.m2/repository/org/bytedeco/openblas/0.3.10-1.5.4/openblas-0.3.10-1.5.4-linux-ppc64le.jar, file:/home/thg/.m2/repository/org/bytedeco/openblas/0.3.10-1.5.4/openblas-0.3.10-1.5.4-macosx-x86_64.jar, file:/home/thg/.m2/repository/org/bytedeco/openblas/0.3.10-1.5.4/openblas-0.3.10-1.5.4-windows-x86.jar, file:/home/thg/.m2/repository/org/bytedeco/openblas/0.3.10-1.5.4/openblas-0.3.10-1.5.4-windows-x86_64.jar, file:/home/thg/.m2/repository/org/bytedeco/opencv-platform/4.4.0-1.5.4/opencv-platform-4.4.0-1.5.4.jar, file:/home/thg/.m2/repository/org/bytedeco/opencv/4.4.0-1.5.4/opencv-4.4.0-1.5.4-android-arm.jar, file:/home/thg/.m2/repository/org/bytedeco/opencv/4.4.0-1.5.4/opencv-4.4.0-1.5.4-android-arm64.jar, file:/home/thg/.m2/repository/org/bytedeco/opencv/4.4.0-1.5.4/opencv-4.4.0-1.5.4-android-x86.jar, file:/home/thg/.m2/repository/org/bytedeco/opencv/4.4.0-1.5.4/opencv-4.4.0-1.5.4-android-x86_64.jar, file:/home/thg/.m2/repository/org/bytedeco/opencv/4.4.0-1.5.4/opencv-4.4.0-1.5.4-ios-arm64.jar, file:/home/thg/.m2/repository/org/bytedeco/opencv/4.4.0-1.5.4/opencv-4.4.0-1.5.4-ios-x86_64.jar, file:/home/thg/.m2/repository/org/bytedeco/opencv/4.4.0-1.5.4/opencv-4.4.0-1.5.4-linux-x86.jar, file:/home/thg/.m2/repository/org/bytedeco/opencv/4.4.0-1.5.4/opencv-4.4.0-1.5.4-linux-x86_64.jar, file:/home/thg/.m2/repository/org/bytedeco/opencv/4.4.0-1.5.4/opencv-4.4.0-1.5.4-linux-armhf.jar, file:/home/thg/.m2/repository/org/bytedeco/opencv/4.4.0-1.5.4/opencv-4.4.0-1.5.4-linux-arm64.jar, file:/home/thg/.m2/repository/org/bytedeco/opencv/4.4.0-1.5.4/opencv-4.4.0-1.5.4-linux-ppc64le.jar, file:/home/thg/.m2/repository/org/bytedeco/opencv/4.4.0-1.5.4/opencv-4.4.0-1.5.4-macosx-x86_64.jar, file:/home/thg/.m2/repository/org/bytedeco/opencv/4.4.0-1.5.4/opencv-4.4.0-1.5.4-windows-x86.jar, file:/home/thg/.m2/repository/org/bytedeco/opencv/4.4.0-1.5.4/opencv-4.4.0-1.5.4-windows-x86_64.jar, file:/home/thg/.m2/repository/org/bytedeco/ffmpeg-platform/4.3.1-1.5.4/ffmpeg-platform-4.3.1-1.5.4.jar, file:/home/thg/.m2/repository/org/bytedeco/ffmpeg/4.3.1-1.5.4/ffmpeg-4.3.1-1.5.4-android-arm.jar, file:/home/thg/.m2/repository/org/bytedeco/ffmpeg/4.3.1-1.5.4/ffmpeg-4.3.1-1.5.4-android-arm64.jar, file:/home/thg/.m2/repository/org/bytedeco/ffmpeg/4.3.1-1.5.4/ffmpeg-4.3.1-1.5.4-android-x86.jar, file:/home/thg/.m2/repository/org/bytedeco/ffmpeg/4.3.1-1.5.4/ffmpeg-4.3.1-1.5.4-android-x86_64.jar, file:/home/thg/.m2/repository/org/bytedeco/ffmpeg/4.3.1-1.5.4/ffmpeg-4.3.1-1.5.4-linux-x86.jar, file:/home/thg/.m2/repository/org/bytedeco/ffmpeg/4.3.1-1.5.4/ffmpeg-4.3.1-1.5.4-linux-x86_64.jar, file:/home/thg/.m2/repository/org/bytedeco/ffmpeg/4.3.1-1.5.4/ffmpeg-4.3.1-1.5.4-linux-armhf.jar, file:/home/thg/.m2/repository/org/bytedeco/ffmpeg/4.3.1-1.5.4/ffmpeg-4.3.1-1.5.4-linux-arm64.jar, file:/home/thg/.m2/repository/org/bytedeco/ffmpeg/4.3.1-1.5.4/ffmpeg-4.3.1-1.5.4-linux-ppc64le.jar, file:/home/thg/.m2/repository/org/bytedeco/ffmpeg/4.3.1-1.5.4/ffmpeg-4.3.1-1.5.4-macosx-x86_64.jar, file:/home/thg/.m2/repository/org/bytedeco/ffmpeg/4.3.1-1.5.4/ffmpeg-4.3.1-1.5.4-windows-x86.jar, file:/home/thg/.m2/repository/org/bytedeco/ffmpeg/4.3.1-1.5.4/ffmpeg-4.3.1-1.5.4-windows-x86_64.jar, file:/home/thg/.m2/repository/org/bytedeco/flycapture-platform/2.13.3.31-1.5.4/flycapture-platform-2.13.3.31-1.5.4.jar, file:/home/thg/.m2/repository/org/bytedeco/flycapture/2.13.3.31-1.5.4/flycapture-2.13.3.31-1.5.4-linux-x86.jar, file:/home/thg/.m2/repository/org/bytedeco/flycapture/2.13.3.31-1.5.4/flycapture-2.13.3.31-1.5.4-linux-x86_64.jar, file:/home/thg/.m2/repository/org/bytedeco/flycapture/2.13.3.31-1.5.4/flycapture-2.13.3.31-1.5.4-linux-armhf.jar, file:/home/thg/.m2/repository/org/bytedeco/flycapture/2.13.3.31-1.5.4/flycapture-2.13.3.31-1.5.4-linux-arm64.jar, file:/home/thg/.m2/repository/org/bytedeco/flycapture/2.13.3.31-1.5.4/flycapture-2.13.3.31-1.5.4-windows-x86.jar, file:/home/thg/.m2/repository/org/bytedeco/flycapture/2.13.3.31-1.5.4/flycapture-2.13.3.31-1.5.4-windows-x86_64.jar, file:/home/thg/.m2/repository/org/bytedeco/libdc1394-platform/2.2.6-1.5.4/libdc1394-platform-2.2.6-1.5.4.jar, file:/home/thg/.m2/repository/org/bytedeco/libdc1394/2.2.6-1.5.4/libdc1394-2.2.6-1.5.4-linux-x86.jar, file:/home/thg/.m2/repository/org/bytedeco/libdc1394/2.2.6-1.5.4/libdc1394-2.2.6-1.5.4-linux-x86_64.jar, file:/home/thg/.m2/repository/org/bytedeco/libdc1394/2.2.6-1.5.4/libdc1394-2.2.6-1.5.4-linux-armhf.jar, file:/home/thg/.m2/repository/org/bytedeco/libdc1394/2.2.6-1.5.4/libdc1394-2.2.6-1.5.4-linux-arm64.jar, file:/home/thg/.m2/repository/org/bytedeco/libdc1394/2.2.6-1.5.4/libdc1394-2.2.6-1.5.4-linux-ppc64le.jar, file:/home/thg/.m2/repository/org/bytedeco/libdc1394/2.2.6-1.5.4/libdc1394-2.2.6-1.5.4-macosx-x86_64.jar, file:/home/thg/.m2/repository/org/bytedeco/libdc1394/2.2.6-1.5.4/libdc1394-2.2.6-1.5.4-windows-x86.jar, file:/home/thg/.m2/repository/org/bytedeco/libdc1394/2.2.6-1.5.4/libdc1394-2.2.6-1.5.4-windows-x86_64.jar, file:/home/thg/.m2/repository/org/bytedeco/libfreenect-platform/0.5.7-1.5.4/libfreenect-platform-0.5.7-1.5.4.jar, file:/home/thg/.m2/repository/org/bytedeco/libfreenect/0.5.7-1.5.4/libfreenect-0.5.7-1.5.4-linux-x86.jar, file:/home/thg/.m2/repository/org/bytedeco/libfreenect/0.5.7-1.5.4/libfreenect-0.5.7-1.5.4-linux-x86_64.jar, file:/home/thg/.m2/repository/org/bytedeco/libfreenect/0.5.7-1.5.4/libfreenect-0.5.7-1.5.4-linux-armhf.jar, file:/home/thg/.m2/repository/org/bytedeco/libfreenect/0.5.7-1.5.4/libfreenect-0.5.7-1.5.4-linux-arm64.jar, file:/home/thg/.m2/repository/org/bytedeco/libfreenect/0.5.7-1.5.4/libfreenect-0.5.7-1.5.4-linux-ppc64le.jar, file:/home/thg/.m2/repository/org/bytedeco/libfreenect/0.5.7-1.5.4/libfreenect-0.5.7-1.5.4-macosx-x86_64.jar, file:/home/thg/.m2/repository/org/bytedeco/libfreenect/0.5.7-1.5.4/libfreenect-0.5.7-1.5.4-windows-x86.jar, file:/home/thg/.m2/repository/org/bytedeco/libfreenect/0.5.7-1.5.4/libfreenect-0.5.7-1.5.4-windows-x86_64.jar, file:/home/thg/.m2/repository/org/bytedeco/libfreenect2-platform/0.2.0-1.5.4/libfreenect2-platform-0.2.0-1.5.4.jar, file:/home/thg/.m2/repository/org/bytedeco/libfreenect2/0.2.0-1.5.4/libfreenect2-0.2.0-1.5.4-linux-x86.jar, file:/home/thg/.m2/repository/org/bytedeco/libfreenect2/0.2.0-1.5.4/libfreenect2-0.2.0-1.5.4-linux-x86_64.jar, file:/home/thg/.m2/repository/org/bytedeco/libfreenect2/0.2.0-1.5.4/libfreenect2-0.2.0-1.5.4-macosx-x86_64.jar, file:/home/thg/.m2/repository/org/bytedeco/libfreenect2/0.2.0-1.5.4/libfreenect2-0.2.0-1.5.4-windows-x86_64.jar, file:/home/thg/.m2/repository/org/bytedeco/librealsense-platform/1.12.4-1.5.4/librealsense-platform-1.12.4-1.5.4.jar, file:/home/thg/.m2/repository/org/bytedeco/librealsense/1.12.4-1.5.4/librealsense-1.12.4-1.5.4-linux-x86.jar, file:/home/thg/.m2/repository/org/bytedeco/librealsense/1.12.4-1.5.4/librealsense-1.12.4-1.5.4-linux-x86_64.jar, file:/home/thg/.m2/repository/org/bytedeco/librealsense/1.12.4-1.5.4/librealsense-1.12.4-1.5.4-macosx-x86_64.jar, file:/home/thg/.m2/repository/org/bytedeco/librealsense/1.12.4-1.5.4/librealsense-1.12.4-1.5.4-windows-x86.jar, file:/home/thg/.m2/repository/org/bytedeco/librealsense/1.12.4-1.5.4/librealsense-1.12.4-1.5.4-windows-x86_64.jar, file:/home/thg/.m2/repository/org/bytedeco/librealsense2-platform/2.29.0-1.5.4/librealsense2-platform-2.29.0-1.5.4.jar, file:/home/thg/.m2/repository/org/bytedeco/librealsense2/2.29.0-1.5.4/librealsense2-2.29.0-1.5.4-linux-x86.jar, file:/home/thg/.m2/repository/org/bytedeco/librealsense2/2.29.0-1.5.4/librealsense2-2.29.0-1.5.4-linux-x86_64.jar, file:/home/thg/.m2/repository/org/bytedeco/librealsense2/2.29.0-1.5.4/librealsense2-2.29.0-1.5.4-macosx-x86_64.jar, file:/home/thg/.m2/repository/org/bytedeco/librealsense2/2.29.0-1.5.4/librealsense2-2.29.0-1.5.4-windows-x86.jar, file:/home/thg/.m2/repository/org/bytedeco/librealsense2/2.29.0-1.5.4/librealsense2-2.29.0-1.5.4-windows-x86_64.jar, file:/home/thg/.m2/repository/org/bytedeco/videoinput-platform/0.200-1.5.4/videoinput-platform-0.200-1.5.4.jar, file:/home/thg/.m2/repository/org/bytedeco/videoinput/0.200-1.5.4/videoinput-0.200-1.5.4-windows-x86.jar, file:/home/thg/.m2/repository/org/bytedeco/videoinput/0.200-1.5.4/videoinput-0.200-1.5.4-windows-x86_64.jar, file:/home/thg/.m2/repository/org/bytedeco/artoolkitplus-platform/2.3.1-1.5.4/artoolkitplus-platform-2.3.1-1.5.4.jar, file:/home/thg/.m2/repository/org/bytedeco/artoolkitplus/2.3.1-1.5.4/artoolkitplus-2.3.1-1.5.4-android-arm.jar, file:/home/thg/.m2/repository/org/bytedeco/artoolkitplus/2.3.1-1.5.4/artoolkitplus-2.3.1-1.5.4-android-arm64.jar, file:/home/thg/.m2/repository/org/bytedeco/artoolkitplus/2.3.1-1.5.4/artoolkitplus-2.3.1-1.5.4-android-x86.jar, file:/home/thg/.m2/repository/org/bytedeco/artoolkitplus/2.3.1-1.5.4/artoolkitplus-2.3.1-1.5.4-android-x86_64.jar, file:/home/thg/.m2/repository/org/bytedeco/artoolkitplus/2.3.1-1.5.4/artoolkitplus-2.3.1-1.5.4-linux-x86.jar, file:/home/thg/.m2/repository/org/bytedeco/artoolkitplus/2.3.1-1.5.4/artoolkitplus-2.3.1-1.5.4-linux-x86_64.jar, file:/home/thg/.m2/repository/org/bytedeco/artoolkitplus/2.3.1-1.5.4/artoolkitplus-2.3.1-1.5.4-linux-armhf.jar, file:/home/thg/.m2/repository/org/bytedeco/artoolkitplus/2.3.1-1.5.4/artoolkitplus-2.3.1-1.5.4-linux-arm64.jar, file:/home/thg/.m2/repository/org/bytedeco/artoolkitplus/2.3.1-1.5.4/artoolkitplus-2.3.1-1.5.4-linux-ppc64le.jar, file:/home/thg/.m2/repository/org/bytedeco/artoolkitplus/2.3.1-1.5.4/artoolkitplus-2.3.1-1.5.4-macosx-x86_64.jar, file:/home/thg/.m2/repository/org/bytedeco/artoolkitplus/2.3.1-1.5.4/artoolkitplus-2.3.1-1.5.4-windows-x86.jar, file:/home/thg/.m2/repository/org/bytedeco/artoolkitplus/2.3.1-1.5.4/artoolkitplus-2.3.1-1.5.4-windows-x86_64.jar, file:/home/thg/.m2/repository/org/bytedeco/flandmark-platform/1.07-1.5.4/flandmark-platform-1.07-1.5.4.jar, file:/home/thg/.m2/repository/org/bytedeco/flandmark/1.07-1.5.4/flandmark-1.07-1.5.4-android-arm.jar, file:/home/thg/.m2/repository/org/bytedeco/flandmark/1.07-1.5.4/flandmark-1.07-1.5.4-android-arm64.jar, file:/home/thg/.m2/repository/org/bytedeco/flandmark/1.07-1.5.4/flandmark-1.07-1.5.4-android-x86.jar, file:/home/thg/.m2/repository/org/bytedeco/flandmark/1.07-1.5.4/flandmark-1.07-1.5.4-android-x86_64.jar, file:/home/thg/.m2/repository/org/bytedeco/flandmark/1.07-1.5.4/flandmark-1.07-1.5.4-linux-x86.jar, file:/home/thg/.m2/repository/org/bytedeco/flandmark/1.07-1.5.4/flandmark-1.07-1.5.4-linux-x86_64.jar, file:/home/thg/.m2/repository/org/bytedeco/flandmark/1.07-1.5.4/flandmark-1.07-1.5.4-linux-armhf.jar, file:/home/thg/.m2/repository/org/bytedeco/flandmark/1.07-1.5.4/flandmark-1.07-1.5.4-linux-arm64.jar, file:/home/thg/.m2/repository/org/bytedeco/flandmark/1.07-1.5.4/flandmark-1.07-1.5.4-linux-ppc64le.jar, file:/home/thg/.m2/repository/org/bytedeco/flandmark/1.07-1.5.4/flandmark-1.07-1.5.4-macosx-x86_64.jar, file:/home/thg/.m2/repository/org/bytedeco/flandmark/1.07-1.5.4/flandmark-1.07-1.5.4-windows-x86.jar, file:/home/thg/.m2/repository/org/bytedeco/flandmark/1.07-1.5.4/flandmark-1.07-1.5.4-windows-x86_64.jar, file:/home/thg/.m2/repository/org/bytedeco/leptonica-platform/1.80.0-1.5.4/leptonica-platform-1.80.0-1.5.4.jar, file:/home/thg/.m2/repository/org/bytedeco/leptonica/1.80.0-1.5.4/leptonica-1.80.0-1.5.4-android-arm.jar, file:/home/thg/.m2/repository/org/bytedeco/leptonica/1.80.0-1.5.4/leptonica-1.80.0-1.5.4-android-arm64.jar, file:/home/thg/.m2/repository/org/bytedeco/leptonica/1.80.0-1.5.4/leptonica-1.80.0-1.5.4-android-x86.jar, file:/home/thg/.m2/repository/org/bytedeco/leptonica/1.80.0-1.5.4/leptonica-1.80.0-1.5.4-android-x86_64.jar, file:/home/thg/.m2/repository/org/bytedeco/leptonica/1.80.0-1.5.4/leptonica-1.80.0-1.5.4-linux-x86.jar, file:/home/thg/.m2/repository/org/bytedeco/leptonica/1.80.0-1.5.4/leptonica-1.80.0-1.5.4-linux-x86_64.jar, file:/home/thg/.m2/repository/org/bytedeco/leptonica/1.80.0-1.5.4/leptonica-1.80.0-1.5.4-linux-armhf.jar, file:/home/thg/.m2/repository/org/bytedeco/leptonica/1.80.0-1.5.4/leptonica-1.80.0-1.5.4-linux-arm64.jar, file:/home/thg/.m2/repository/org/bytedeco/leptonica/1.80.0-1.5.4/leptonica-1.80.0-1.5.4-linux-ppc64le.jar, file:/home/thg/.m2/repository/org/bytedeco/leptonica/1.80.0-1.5.4/leptonica-1.80.0-1.5.4-macosx-x86_64.jar, file:/home/thg/.m2/repository/org/bytedeco/leptonica/1.80.0-1.5.4/leptonica-1.80.0-1.5.4-windows-x86.jar, file:/home/thg/.m2/repository/org/bytedeco/leptonica/1.80.0-1.5.4/leptonica-1.80.0-1.5.4-windows-x86_64.jar, file:/home/thg/.m2/repository/org/bytedeco/tesseract-platform/4.1.1-1.5.4/tesseract-platform-4.1.1-1.5.4.jar, file:/home/thg/.m2/repository/org/bytedeco/tesseract/4.1.1-1.5.4/tesseract-4.1.1-1.5.4-android-arm.jar, file:/home/thg/.m2/repository/org/bytedeco/tesseract/4.1.1-1.5.4/tesseract-4.1.1-1.5.4-android-arm64.jar, file:/home/thg/.m2/repository/org/bytedeco/tesseract/4.1.1-1.5.4/tesseract-4.1.1-1.5.4-android-x86.jar, file:/home/thg/.m2/repository/org/bytedeco/tesseract/4.1.1-1.5.4/tesseract-4.1.1-1.5.4-android-x86_64.jar, file:/home/thg/.m2/repository/org/bytedeco/tesseract/4.1.1-1.5.4/tesseract-4.1.1-1.5.4-linux-x86.jar, file:/home/thg/.m2/repository/org/bytedeco/tesseract/4.1.1-1.5.4/tesseract-4.1.1-1.5.4-linux-x86_64.jar, file:/home/thg/.m2/repository/org/bytedeco/tesseract/4.1.1-1.5.4/tesseract-4.1.1-1.5.4-linux-armhf.jar, file:/home/thg/.m2/repository/org/bytedeco/tesseract/4.1.1-1.5.4/tesseract-4.1.1-1.5.4-linux-arm64.jar, file:/home/thg/.m2/repository/org/bytedeco/tesseract/4.1.1-1.5.4/tesseract-4.1.1-1.5.4-linux-ppc64le.jar, file:/home/thg/.m2/repository/org/bytedeco/tesseract/4.1.1-1.5.4/tesseract-4.1.1-1.5.4-macosx-x86_64.jar, file:/home/thg/.m2/repository/org/bytedeco/tesseract/4.1.1-1.5.4/tesseract-4.1.1-1.5.4-windows-x86.jar, file:/home/thg/.m2/repository/org/bytedeco/tesseract/4.1.1-1.5.4/tesseract-4.1.1-1.5.4-windows-x86_64.jar, file:/home/thg/.m2/repository/org/springframework/boot/spring-boot-starter-aop/2.7.5/spring-boot-starter-aop-2.7.5.jar, file:/home/thg/.m2/repository/org/springframework/spring-aop/5.3.23/spring-aop-5.3.23.jar, file:/home/thg/.m2/repository/org/aspectj/aspectjweaver/1.9.7/aspectjweaver-1.9.7.jar, file:/home/thg/.m2/repository/org/projectlombok/lombok/1.18.6/lombok-1.18.6.jar, file:/home/thg/.m2/repository/net/logstash/logback/logstash-logback-encoder/7.3/logstash-logback-encoder-7.3.jar, file:/home/thg/.m2/repository/com/fasterxml/jackson/core/jackson-databind/2.13.4.2/jackson-databind-2.13.4.2.jar, file:/home/thg/.m2/repository/com/fasterxml/jackson/core/jackson-annotations/2.13.4/jackson-annotations-2.13.4.jar, file:/home/thg/.m2/repository/com/fasterxml/jackson/core/jackson-core/2.13.4/jackson-core-2.13.4.jar, file:/home/thg/.m2/repository/org/mybatis/spring/boot/mybatis-spring-boot-starter/1.1.1/mybatis-spring-boot-starter-1.1.1.jar, file:/home/thg/.m2/repository/org/mybatis/spring/boot/mybatis-spring-boot-autoconfigure/1.1.1/mybatis-spring-boot-autoconfigure-1.1.1.jar, file:/home/thg/.m2/repository/org/mybatis/mybatis/3.4.0/mybatis-3.4.0.jar, file:/home/thg/.m2/repository/org/mybatis/mybatis-spring/1.3.0/mybatis-spring-1.3.0.jar, file:/home/thg/.m2/repository/org/springframework/boot/spring-boot-starter-jdbc/2.7.5/spring-boot-starter-jdbc-2.7.5.jar, file:/home/thg/.m2/repository/com/zaxxer/HikariCP/4.0.3/HikariCP-4.0.3.jar, file:/home/thg/.m2/repository/org/springframework/spring-jdbc/5.3.23/spring-jdbc-5.3.23.jar, file:/home/thg/.m2/repository/com/alibaba/fastjson/1.2.30/fastjson-1.2.30.jar, file:/home/thg/.m2/repository/mysql/mysql-connector-java/8.0.28/mysql-connector-java-8.0.28.jar, file:/home/thg/.m2/repository/org/springframework/boot/spring-boot-starter-data-redis/2.7.5/spring-boot-starter-data-redis-2.7.5.jar, file:/home/thg/.m2/repository/org/springframework/data/spring-data-redis/2.7.5/spring-data-redis-2.7.5.jar, file:/home/thg/.m2/repository/org/springframework/data/spring-data-keyvalue/2.7.5/spring-data-keyvalue-2.7.5.jar, file:/home/thg/.m2/repository/org/springframework/data/spring-data-commons/2.7.5/spring-data-commons-2.7.5.jar, file:/home/thg/.m2/repository/org/springframework/spring-tx/5.3.23/spring-tx-5.3.23.jar, file:/home/thg/.m2/repository/org/springframework/spring-oxm/5.3.23/spring-oxm-5.3.23.jar, file:/home/thg/.m2/repository/io/lettuce/lettuce-core/6.1.10.RELEASE/lettuce-core-6.1.10.RELEASE.jar, file:/home/thg/.m2/repository/io/netty/netty-common/4.1.84.Final/netty-common-4.1.84.Final.jar, file:/home/thg/.m2/repository/io/netty/netty-handler/4.1.84.Final/netty-handler-4.1.84.Final.jar, file:/home/thg/.m2/repository/io/netty/netty-resolver/4.1.84.Final/netty-resolver-4.1.84.Final.jar, file:/home/thg/.m2/repository/io/netty/netty-buffer/4.1.84.Final/netty-buffer-4.1.84.Final.jar, file:/home/thg/.m2/repository/io/netty/netty-transport-native-unix-common/4.1.84.Final/netty-transport-native-unix-common-4.1.84.Final.jar, file:/home/thg/.m2/repository/io/netty/netty-codec/4.1.84.Final/netty-codec-4.1.84.Final.jar, file:/home/thg/.m2/repository/io/netty/netty-transport/4.1.84.Final/netty-transport-4.1.84.Final.jar, file:/home/thg/.m2/repository/io/projectreactor/reactor-core/3.4.24/reactor-core-3.4.24.jar, file:/home/thg/.m2/repository/org/reactivestreams/reactive-streams/1.0.4/reactive-streams-1.0.4.jar, file:/home/thg/.m2/repository/redis/clients/jedis/2.9.0/jedis-2.9.0.jar, file:/home/thg/.m2/repository/org/apache/commons/commons-pool2/2.11.1/commons-pool2-2.11.1.jar, file:/home/thg/.m2/repository/org/springframework/boot/spring-boot-configuration-processor/2.7.5/spring-boot-configuration-processor-2.7.5.jar, file:/home/thg/.m2/repository/org/springframework/boot/spring-boot-starter-thymeleaf/2.7.5/spring-boot-starter-thymeleaf-2.7.5.jar, file:/home/thg/.m2/repository/org/thymeleaf/thymeleaf-spring5/3.0.15.RELEASE/thymeleaf-spring5-3.0.15.RELEASE.jar, file:/home/thg/.m2/repository/org/thymeleaf/thymeleaf/3.0.15.RELEASE/thymeleaf-3.0.15.RELEASE.jar, file:/home/thg/.m2/repository/org/attoparser/attoparser/2.0.5.RELEASE/attoparser-2.0.5.RELEASE.jar, file:/home/thg/.m2/repository/org/unbescape/unbescape/1.1.6.RELEASE/unbescape-1.1.6.RELEASE.jar, file:/home/thg/.m2/repository/org/thymeleaf/extras/thymeleaf-extras-java8time/3.0.4.RELEASE/thymeleaf-extras-java8time-3.0.4.RELEASE.jar, file:/home/thg/.m2/repository/net/sourceforge/nekohtml/nekohtml/1.9.22/nekohtml-1.9.22.jar, file:/home/thg/.m2/repository/xerces/xercesImpl/2.11.0/xercesImpl-2.11.0.jar, file:/home/thg/.m2/repository/xml-apis/xml-apis/1.4.01/xml-apis-1.4.01.jar, file:/home/thg/.m2/repository/commons-fileupload/commons-fileupload/1.4/commons-fileupload-1.4.jar, file:/home/thg/.m2/repository/commons-io/commons-io/2.2/commons-io-2.2.jar, file:/home/thg/.m2/repository/cn/hutool/hutool-all/5.7.19/hutool-all-5.7.19.jar, file:/home/thg/.m2/repository/com/google/zxing/core/3.3.3/core-3.3.3.jar, file:/home/thg/.m2/repository/org/springframework/boot/spring-boot-starter-mail/2.7.5/spring-boot-starter-mail-2.7.5.jar, file:/home/thg/.m2/repository/org/springframework/spring-context-support/5.3.23/spring-context-support-5.3.23.jar, file:/home/thg/.m2/repository/com/sun/mail/jakarta.mail/1.6.7/jakarta.mail-1.6.7.jar, file:/home/thg/.m2/repository/com/sun/activation/jakarta.activation/1.2.2/jakarta.activation-1.2.2.jar, file:/home/thg/.m2/repository/com/aliyun/aliyun-java-sdk-dysmsapi/2.2.1/aliyun-java-sdk-dysmsapi-2.2.1.jar, file:/home/thg/.m2/repository/com/google/code/gson/gson/2.9.1/gson-2.9.1.jar, file:/home/thg/.m2/repository/com/aliyun/aliyun-java-sdk-core/4.6.0/aliyun-java-sdk-core-4.6.0.jar, file:/home/thg/.m2/repository/org/apache/httpcomponents/httpcore/4.4.15/httpcore-4.4.15.jar, file:/home/thg/.m2/repository/commons-logging/commons-logging/1.2/commons-logging-1.2.jar, file:/home/thg/.m2/repository/org/apache/commons/commons-lang3/3.12.0/commons-lang3-3.12.0.jar, file:/home/thg/.m2/repository/javax/xml/bind/jaxb-api/2.3.1/jaxb-api-2.3.1.jar, file:/home/thg/.m2/repository/javax/activation/javax.activation-api/1.2.0/javax.activation-api-1.2.0.jar, file:/home/thg/.m2/repository/org/glassfish/jaxb/jaxb-runtime/2.3.7/jaxb-runtime-2.3.7.jar, file:/home/thg/.m2/repository/org/glassfish/jaxb/txw2/2.3.7/txw2-2.3.7.jar, file:/home/thg/.m2/repository/com/sun/istack/istack-commons-runtime/3.0.12/istack-commons-runtime-3.0.12.jar, file:/home/thg/.m2/repository/org/bouncycastle/bcprov-jdk15on/1.70/bcprov-jdk15on-1.70.jar, file:/home/thg/.m2/repository/org/jacoco/org.jacoco.agent/0.8.7/org.jacoco.agent-0.8.7-runtime.jar, file:/home/thg/.m2/repository/org/ini4j/ini4j/0.5.4/ini4j-0.5.4.jar, file:/home/thg/.m2/repository/org/slf4j/slf4j-api/1.7.36/slf4j-api-1.7.36.jar, file:/home/thg/.m2/repository/io/opentracing/opentracing-api/0.33.0/opentracing-api-0.33.0.jar, file:/home/thg/.m2/repository/io/opentracing/opentracing-util/0.33.0/opentracing-util-0.33.0.jar, file:/home/thg/.m2/repository/io/opentracing/opentracing-noop/0.33.0/opentracing-noop-0.33.0.jar, file:/home/thg/.m2/repository/net/sf/json-lib/json-lib/2.4/json-lib-2.4-jdk15.jar, file:/home/thg/.m2/repository/commons-beanutils/commons-beanutils/1.8.0/commons-beanutils-1.8.0.jar, file:/home/thg/.m2/repository/commons-collections/commons-collections/3.2.1/commons-collections-3.2.1.jar, file:/home/thg/.m2/repository/commons-lang/commons-lang/2.5/commons-lang-2.5.jar, file:/home/thg/.m2/repository/net/sf/ezmorph/ezmorph/1.0.6/ezmorph-1.0.6.jar, file:/home/thg/.m2/repository/com/github/pagehelper/pagehelper-spring-boot-starter/1.4.1/pagehelper-spring-boot-starter-1.4.1.jar, file:/home/thg/.m2/repository/com/github/pagehelper/pagehelper-spring-boot-autoconfigure/1.4.1/pagehelper-spring-boot-autoconfigure-1.4.1.jar, file:/home/thg/.m2/repository/com/github/pagehelper/pagehelper/5.3.0/pagehelper-5.3.0.jar, file:/home/thg/.m2/repository/com/github/jsqlparser/jsqlparser/4.2/jsqlparser-4.2.jar, file:/home/thg/.m2/repository/io/netty/netty-all/4.1.68.Final/netty-all-4.1.68.Final.jar, file:/home/thg/.m2/repository/net/java/dev/jna/jna/5.12.1/jna-5.12.1.jar, file:/home/thg/.m2/repository/net/java/dev/jna/jna-platform/5.13.0/jna-platform-5.13.0.jar, file:/home/thg/.m2/repository/org/apache/httpcomponents/httpclient/4.5.6/httpclient-4.5.6.jar, file:/home/thg/.m2/repository/commons-codec/commons-codec/1.15/commons-codec-1.15.jar, file:/home/thg/idea-IU-222.4345.14/lib/idea_rt.jar])
		at com.sun.jna.Native.extractFromResourcePath(Native.java:1145)
		at com.sun.jna.NativeLibrary.loadLibrary(NativeLibrary.java:281)
		... 36 common frames omitted
2024-07-30 16:50:23.706 [,] [main] ERROR o.s.b.SpringApplication - [reportFailure,824] - Application run failed
java.lang.UnsatisfiedLinkError: Unable to load library '/home/thg/Shark-NJU/AIOlibhcnetsdk.so':
/home/thg/Shark-NJU/AIOlibhcnetsdk.so: 无法打开共享对象文件: 没有那个文件或目录
/home/thg/Shark-NJU/AIOlibhcnetsdk.so: 无法打开共享对象文件: 没有那个文件或目录
Native library (home/thg/Shark-NJU/AIOlibhcnetsdk.so) not found in resource path ([file:/usr/lib/jvm/java-8-openjdk-amd64/jre/lib/charsets.jar, file:/usr/lib/jvm/java-8-openjdk-amd64/jre/lib/ext/cldrdata.jar, file:/usr/lib/jvm/java-8-openjdk-amd64/jre/lib/ext/dnsns.jar, file:/usr/lib/jvm/java-8-openjdk-amd64/jre/lib/ext/icedtea-sound.jar, file:/usr/lib/jvm/java-8-openjdk-amd64/jre/lib/ext/jaccess.jar, file:/usr/lib/jvm/java-8-openjdk-amd64/jre/lib/ext/localedata.jar, file:/usr/lib/jvm/java-8-openjdk-amd64/jre/lib/ext/nashorn.jar, file:/usr/lib/jvm/java-8-openjdk-amd64/jre/lib/ext/sunec.jar, file:/usr/lib/jvm/java-8-openjdk-amd64/jre/lib/ext/sunjce_provider.jar, file:/usr/lib/jvm/java-8-openjdk-amd64/jre/lib/ext/sunpkcs11.jar, file:/usr/lib/jvm/java-8-openjdk-amd64/jre/lib/ext/zipfs.jar, file:/usr/lib/jvm/java-8-openjdk-amd64/jre/lib/jce.jar, file:/usr/lib/jvm/java-8-openjdk-amd64/jre/lib/jfr.jar, file:/usr/lib/jvm/java-8-openjdk-amd64/jre/lib/jsse.jar, file:/usr/lib/jvm/java-8-openjdk-amd64/jre/lib/management-agent.jar, file:/usr/lib/jvm/java-8-openjdk-amd64/jre/lib/resources.jar, file:/usr/lib/jvm/java-8-openjdk-amd64/jre/lib/rt.jar, file:/home/thg/Shark-NJU/AIO/AIO-company/target/classes/, file:/home/thg/Shark-NJU/AIO/lib/examples.jar, file:/home/thg/.m2/repository/net/sourceforge/jexcelapi/jxl/2.6.12/jxl-2.6.12.jar, file:/home/thg/.m2/repository/log4j/log4j/1.2.14/log4j-1.2.14.jar, file:/home/thg/.m2/repository/org/springframework/boot/spring-boot-starter-web/2.7.5/spring-boot-starter-web-2.7.5.jar, file:/home/thg/.m2/repository/org/springframework/boot/spring-boot-starter/2.7.5/spring-boot-starter-2.7.5.jar, file:/home/thg/.m2/repository/org/springframework/boot/spring-boot/2.7.5/spring-boot-2.7.5.jar, file:/home/thg/.m2/repository/org/springframework/boot/spring-boot-autoconfigure/2.7.5/spring-boot-autoconfigure-2.7.5.jar, file:/home/thg/.m2/repository/org/springframework/boot/spring-boot-starter-logging/2.7.5/spring-boot-starter-logging-2.7.5.jar, file:/home/thg/.m2/repository/ch/qos/logback/logback-classic/1.2.11/logback-classic-1.2.11.jar, file:/home/thg/.m2/repository/ch/qos/logback/logback-core/1.2.11/logback-core-1.2.11.jar, file:/home/thg/.m2/repository/org/apache/logging/log4j/log4j-to-slf4j/2.17.2/log4j-to-slf4j-2.17.2.jar, file:/home/thg/.m2/repository/org/apache/logging/log4j/log4j-api/2.17.2/log4j-api-2.17.2.jar, file:/home/thg/.m2/repository/org/slf4j/jul-to-slf4j/1.7.36/jul-to-slf4j-1.7.36.jar, file:/home/thg/.m2/repository/jakarta/annotation/jakarta.annotation-api/1.3.5/jakarta.annotation-api-1.3.5.jar, file:/home/thg/.m2/repository/org/yaml/snakeyaml/1.30/snakeyaml-1.30.jar, file:/home/thg/.m2/repository/org/springframework/boot/spring-boot-starter-json/2.7.5/spring-boot-starter-json-2.7.5.jar, file:/home/thg/.m2/repository/com/fasterxml/jackson/datatype/jackson-datatype-jdk8/2.13.4/jackson-datatype-jdk8-2.13.4.jar, file:/home/thg/.m2/repository/com/fasterxml/jackson/datatype/jackson-datatype-jsr310/2.13.4/jackson-datatype-jsr310-2.13.4.jar, file:/home/thg/.m2/repository/com/fasterxml/jackson/module/jackson-module-parameter-names/2.13.4/jackson-module-parameter-names-2.13.4.jar, file:/home/thg/.m2/repository/org/springframework/boot/spring-boot-starter-tomcat/2.7.5/spring-boot-starter-tomcat-2.7.5.jar, file:/home/thg/.m2/repository/org/apache/tomcat/embed/tomcat-embed-core/9.0.68/tomcat-embed-core-9.0.68.jar, file:/home/thg/.m2/repository/org/apache/tomcat/embed/tomcat-embed-el/9.0.68/tomcat-embed-el-9.0.68.jar, file:/home/thg/.m2/repository/org/apache/tomcat/embed/tomcat-embed-websocket/9.0.68/tomcat-embed-websocket-9.0.68.jar, file:/home/thg/.m2/repository/org/springframework/spring-web/5.3.23/spring-web-5.3.23.jar, file:/home/thg/.m2/repository/org/springframework/spring-beans/5.3.23/spring-beans-5.3.23.jar, file:/home/thg/.m2/repository/org/springframework/spring-webmvc/5.3.23/spring-webmvc-5.3.23.jar, file:/home/thg/.m2/repository/org/springframework/spring-context/5.3.23/spring-context-5.3.23.jar, file:/home/thg/.m2/repository/org/springframework/spring-expression/5.3.23/spring-expression-5.3.23.jar, file:/home/thg/.m2/repository/org/springframework/boot/spring-boot-starter-test/2.7.5/spring-boot-starter-test-2.7.5.jar, file:/home/thg/.m2/repository/org/springframework/boot/spring-boot-test/2.7.5/spring-boot-test-2.7.5.jar, file:/home/thg/.m2/repository/org/springframework/boot/spring-boot-test-autoconfigure/2.7.5/spring-boot-test-autoconfigure-2.7.5.jar, file:/home/thg/.m2/repository/com/jayway/jsonpath/json-path/2.7.0/json-path-2.7.0.jar, file:/home/thg/.m2/repository/net/minidev/json-smart/2.4.8/json-smart-2.4.8.jar, file:/home/thg/.m2/repository/net/minidev/accessors-smart/2.4.8/accessors-smart-2.4.8.jar, file:/home/thg/.m2/repository/org/ow2/asm/asm/9.1/asm-9.1.jar, file:/home/thg/.m2/repository/jakarta/xml/bind/jakarta.xml.bind-api/2.3.3/jakarta.xml.bind-api-2.3.3.jar, file:/home/thg/.m2/repository/jakarta/activation/jakarta.activation-api/1.2.2/jakarta.activation-api-1.2.2.jar, file:/home/thg/.m2/repository/org/assertj/assertj-core/3.22.0/assertj-core-3.22.0.jar, file:/home/thg/.m2/repository/org/hamcrest/hamcrest/2.2/hamcrest-2.2.jar, file:/home/thg/.m2/repository/org/junit/jupiter/junit-jupiter/5.8.2/junit-jupiter-5.8.2.jar, file:/home/thg/.m2/repository/org/junit/jupiter/junit-jupiter-api/5.8.2/junit-jupiter-api-5.8.2.jar, file:/home/thg/.m2/repository/org/opentest4j/opentest4j/1.2.0/opentest4j-1.2.0.jar, file:/home/thg/.m2/repository/org/junit/platform/junit-platform-commons/1.8.2/junit-platform-commons-1.8.2.jar, file:/home/thg/.m2/repository/org/apiguardian/apiguardian-api/1.1.2/apiguardian-api-1.1.2.jar, file:/home/thg/.m2/repository/org/junit/jupiter/junit-jupiter-params/5.8.2/junit-jupiter-params-5.8.2.jar, file:/home/thg/.m2/repository/org/junit/jupiter/junit-jupiter-engine/5.8.2/junit-jupiter-engine-5.8.2.jar, file:/home/thg/.m2/repository/org/junit/platform/junit-platform-engine/1.8.2/junit-platform-engine-1.8.2.jar, file:/home/thg/.m2/repository/org/mockito/mockito-core/4.5.1/mockito-core-4.5.1.jar, file:/home/thg/.m2/repository/net/bytebuddy/byte-buddy/1.12.18/byte-buddy-1.12.18.jar, file:/home/thg/.m2/repository/net/bytebuddy/byte-buddy-agent/1.12.18/byte-buddy-agent-1.12.18.jar, file:/home/thg/.m2/repository/org/objenesis/objenesis/3.2/objenesis-3.2.jar, file:/home/thg/.m2/repository/org/mockito/mockito-junit-jupiter/4.5.1/mockito-junit-jupiter-4.5.1.jar, file:/home/thg/.m2/repository/org/skyscreamer/jsonassert/1.5.1/jsonassert-1.5.1.jar, file:/home/thg/.m2/repository/com/vaadin/external/google/android-json/0.0.20131108.vaadin1/android-json-0.0.20131108.vaadin1.jar, file:/home/thg/.m2/repository/org/springframework/spring-core/5.3.23/spring-core-5.3.23.jar, file:/home/thg/.m2/repository/org/springframework/spring-jcl/5.3.23/spring-jcl-5.3.23.jar, file:/home/thg/.m2/repository/org/springframework/spring-test/5.3.23/spring-test-5.3.23.jar, file:/home/thg/.m2/repository/org/xmlunit/xmlunit-core/2.9.0/xmlunit-core-2.9.0.jar, file:/home/thg/.m2/repository/org/springframework/boot/spring-boot-starter-websocket/2.7.5/spring-boot-starter-websocket-2.7.5.jar, file:/home/thg/.m2/repository/org/springframework/spring-messaging/5.3.23/spring-messaging-5.3.23.jar, file:/home/thg/.m2/repository/org/springframework/spring-websocket/5.3.23/spring-websocket-5.3.23.jar, file:/home/thg/.m2/repository/org/bytedeco/javacv-platform/1.5.4/javacv-platform-1.5.4.jar, file:/home/thg/.m2/repository/org/bytedeco/javacv/1.5.4/javacv-1.5.4.jar, file:/home/thg/.m2/repository/org/bytedeco/javacpp/1.5.4/javacpp-1.5.4.jar, file:/home/thg/.m2/repository/org/bytedeco/openblas/0.3.10-1.5.4/openblas-0.3.10-1.5.4.jar, file:/home/thg/.m2/repository/org/bytedeco/opencv/4.4.0-1.5.4/opencv-4.4.0-1.5.4.jar, file:/home/thg/.m2/repository/org/bytedeco/ffmpeg/4.3.1-1.5.4/ffmpeg-4.3.1-1.5.4.jar, file:/home/thg/.m2/repository/org/bytedeco/flycapture/2.13.3.31-1.5.4/flycapture-2.13.3.31-1.5.4.jar, file:/home/thg/.m2/repository/org/bytedeco/libdc1394/2.2.6-1.5.4/libdc1394-2.2.6-1.5.4.jar, file:/home/thg/.m2/repository/org/bytedeco/libfreenect/0.5.7-1.5.4/libfreenect-0.5.7-1.5.4.jar, file:/home/thg/.m2/repository/org/bytedeco/libfreenect2/0.2.0-1.5.4/libfreenect2-0.2.0-1.5.4.jar, file:/home/thg/.m2/repository/org/bytedeco/librealsense/1.12.4-1.5.4/librealsense-1.12.4-1.5.4.jar, file:/home/thg/.m2/repository/org/bytedeco/librealsense2/2.29.0-1.5.4/librealsense2-2.29.0-1.5.4.jar, file:/home/thg/.m2/repository/org/bytedeco/videoinput/0.200-1.5.4/videoinput-0.200-1.5.4.jar, file:/home/thg/.m2/repository/org/bytedeco/artoolkitplus/2.3.1-1.5.4/artoolkitplus-2.3.1-1.5.4.jar, file:/home/thg/.m2/repository/org/bytedeco/flandmark/1.07-1.5.4/flandmark-1.07-1.5.4.jar, file:/home/thg/.m2/repository/org/bytedeco/leptonica/1.80.0-1.5.4/leptonica-1.80.0-1.5.4.jar, file:/home/thg/.m2/repository/org/bytedeco/tesseract/4.1.1-1.5.4/tesseract-4.1.1-1.5.4.jar, file:/home/thg/.m2/repository/org/bytedeco/openblas-platform/0.3.10-1.5.4/openblas-platform-0.3.10-1.5.4.jar, file:/home/thg/.m2/repository/org/bytedeco/javacpp-platform/1.5.4/javacpp-platform-1.5.4.jar, file:/home/thg/.m2/repository/org/bytedeco/javacpp/1.5.4/javacpp-1.5.4-android-arm.jar, file:/home/thg/.m2/repository/org/bytedeco/javacpp/1.5.4/javacpp-1.5.4-android-arm64.jar, file:/home/thg/.m2/repository/org/bytedeco/javacpp/1.5.4/javacpp-1.5.4-android-x86.jar, file:/home/thg/.m2/repository/org/bytedeco/javacpp/1.5.4/javacpp-1.5.4-android-x86_64.jar, file:/home/thg/.m2/repository/org/bytedeco/javacpp/1.5.4/javacpp-1.5.4-ios-arm64.jar, file:/home/thg/.m2/repository/org/bytedeco/javacpp/1.5.4/javacpp-1.5.4-ios-x86_64.jar, file:/home/thg/.m2/repository/org/bytedeco/javacpp/1.5.4/javacpp-1.5.4-linux-armhf.jar, file:/home/thg/.m2/repository/org/bytedeco/javacpp/1.5.4/javacpp-1.5.4-linux-arm64.jar, file:/home/thg/.m2/repository/org/bytedeco/javacpp/1.5.4/javacpp-1.5.4-linux-ppc64le.jar, file:/home/thg/.m2/repository/org/bytedeco/javacpp/1.5.4/javacpp-1.5.4-linux-x86.jar, file:/home/thg/.m2/repository/org/bytedeco/javacpp/1.5.4/javacpp-1.5.4-linux-x86_64.jar, file:/home/thg/.m2/repository/org/bytedeco/javacpp/1.5.4/javacpp-1.5.4-macosx-x86_64.jar, file:/home/thg/.m2/repository/org/bytedeco/javacpp/1.5.4/javacpp-1.5.4-windows-x86.jar, file:/home/thg/.m2/repository/org/bytedeco/javacpp/1.5.4/javacpp-1.5.4-windows-x86_64.jar, file:/home/thg/.m2/repository/org/bytedeco/openblas/0.3.10-1.5.4/openblas-0.3.10-1.5.4-android-arm.jar, file:/home/thg/.m2/repository/org/bytedeco/openblas/0.3.10-1.5.4/openblas-0.3.10-1.5.4-android-arm64.jar, file:/home/thg/.m2/repository/org/bytedeco/openblas/0.3.10-1.5.4/openblas-0.3.10-1.5.4-android-x86.jar, file:/home/thg/.m2/repository/org/bytedeco/openblas/0.3.10-1.5.4/openblas-0.3.10-1.5.4-android-x86_64.jar, file:/home/thg/.m2/repository/org/bytedeco/openblas/0.3.10-1.5.4/openblas-0.3.10-1.5.4-ios-arm64.jar, file:/home/thg/.m2/repository/org/bytedeco/openblas/0.3.10-1.5.4/openblas-0.3.10-1.5.4-ios-x86_64.jar, file:/home/thg/.m2/repository/org/bytedeco/openblas/0.3.10-1.5.4/openblas-0.3.10-1.5.4-linux-x86.jar, file:/home/thg/.m2/repository/org/bytedeco/openblas/0.3.10-1.5.4/openblas-0.3.10-1.5.4-linux-x86_64.jar, file:/home/thg/.m2/repository/org/bytedeco/openblas/0.3.10-1.5.4/openblas-0.3.10-1.5.4-linux-armhf.jar, file:/home/thg/.m2/repository/org/bytedeco/openblas/0.3.10-1.5.4/openblas-0.3.10-1.5.4-linux-arm64.jar, file:/home/thg/.m2/repository/org/bytedeco/openblas/0.3.10-1.5.4/openblas-0.3.10-1.5.4-linux-ppc64le.jar, file:/home/thg/.m2/repository/org/bytedeco/openblas/0.3.10-1.5.4/openblas-0.3.10-1.5.4-macosx-x86_64.jar, file:/home/thg/.m2/repository/org/bytedeco/openblas/0.3.10-1.5.4/openblas-0.3.10-1.5.4-windows-x86.jar, file:/home/thg/.m2/repository/org/bytedeco/openblas/0.3.10-1.5.4/openblas-0.3.10-1.5.4-windows-x86_64.jar, file:/home/thg/.m2/repository/org/bytedeco/opencv-platform/4.4.0-1.5.4/opencv-platform-4.4.0-1.5.4.jar, file:/home/thg/.m2/repository/org/bytedeco/opencv/4.4.0-1.5.4/opencv-4.4.0-1.5.4-android-arm.jar, file:/home/thg/.m2/repository/org/bytedeco/opencv/4.4.0-1.5.4/opencv-4.4.0-1.5.4-android-arm64.jar, file:/home/thg/.m2/repository/org/bytedeco/opencv/4.4.0-1.5.4/opencv-4.4.0-1.5.4-android-x86.jar, file:/home/thg/.m2/repository/org/bytedeco/opencv/4.4.0-1.5.4/opencv-4.4.0-1.5.4-android-x86_64.jar, file:/home/thg/.m2/repository/org/bytedeco/opencv/4.4.0-1.5.4/opencv-4.4.0-1.5.4-ios-arm64.jar, file:/home/thg/.m2/repository/org/bytedeco/opencv/4.4.0-1.5.4/opencv-4.4.0-1.5.4-ios-x86_64.jar, file:/home/thg/.m2/repository/org/bytedeco/opencv/4.4.0-1.5.4/opencv-4.4.0-1.5.4-linux-x86.jar, file:/home/thg/.m2/repository/org/bytedeco/opencv/4.4.0-1.5.4/opencv-4.4.0-1.5.4-linux-x86_64.jar, file:/home/thg/.m2/repository/org/bytedeco/opencv/4.4.0-1.5.4/opencv-4.4.0-1.5.4-linux-armhf.jar, file:/home/thg/.m2/repository/org/bytedeco/opencv/4.4.0-1.5.4/opencv-4.4.0-1.5.4-linux-arm64.jar, file:/home/thg/.m2/repository/org/bytedeco/opencv/4.4.0-1.5.4/opencv-4.4.0-1.5.4-linux-ppc64le.jar, file:/home/thg/.m2/repository/org/bytedeco/opencv/4.4.0-1.5.4/opencv-4.4.0-1.5.4-macosx-x86_64.jar, file:/home/thg/.m2/repository/org/bytedeco/opencv/4.4.0-1.5.4/opencv-4.4.0-1.5.4-windows-x86.jar, file:/home/thg/.m2/repository/org/bytedeco/opencv/4.4.0-1.5.4/opencv-4.4.0-1.5.4-windows-x86_64.jar, file:/home/thg/.m2/repository/org/bytedeco/ffmpeg-platform/4.3.1-1.5.4/ffmpeg-platform-4.3.1-1.5.4.jar, file:/home/thg/.m2/repository/org/bytedeco/ffmpeg/4.3.1-1.5.4/ffmpeg-4.3.1-1.5.4-android-arm.jar, file:/home/thg/.m2/repository/org/bytedeco/ffmpeg/4.3.1-1.5.4/ffmpeg-4.3.1-1.5.4-android-arm64.jar, file:/home/thg/.m2/repository/org/bytedeco/ffmpeg/4.3.1-1.5.4/ffmpeg-4.3.1-1.5.4-android-x86.jar, file:/home/thg/.m2/repository/org/bytedeco/ffmpeg/4.3.1-1.5.4/ffmpeg-4.3.1-1.5.4-android-x86_64.jar, file:/home/thg/.m2/repository/org/bytedeco/ffmpeg/4.3.1-1.5.4/ffmpeg-4.3.1-1.5.4-linux-x86.jar, file:/home/thg/.m2/repository/org/bytedeco/ffmpeg/4.3.1-1.5.4/ffmpeg-4.3.1-1.5.4-linux-x86_64.jar, file:/home/thg/.m2/repository/org/bytedeco/ffmpeg/4.3.1-1.5.4/ffmpeg-4.3.1-1.5.4-linux-armhf.jar, file:/home/thg/.m2/repository/org/bytedeco/ffmpeg/4.3.1-1.5.4/ffmpeg-4.3.1-1.5.4-linux-arm64.jar, file:/home/thg/.m2/repository/org/bytedeco/ffmpeg/4.3.1-1.5.4/ffmpeg-4.3.1-1.5.4-linux-ppc64le.jar, file:/home/thg/.m2/repository/org/bytedeco/ffmpeg/4.3.1-1.5.4/ffmpeg-4.3.1-1.5.4-macosx-x86_64.jar, file:/home/thg/.m2/repository/org/bytedeco/ffmpeg/4.3.1-1.5.4/ffmpeg-4.3.1-1.5.4-windows-x86.jar, file:/home/thg/.m2/repository/org/bytedeco/ffmpeg/4.3.1-1.5.4/ffmpeg-4.3.1-1.5.4-windows-x86_64.jar, file:/home/thg/.m2/repository/org/bytedeco/flycapture-platform/2.13.3.31-1.5.4/flycapture-platform-2.13.3.31-1.5.4.jar, file:/home/thg/.m2/repository/org/bytedeco/flycapture/2.13.3.31-1.5.4/flycapture-2.13.3.31-1.5.4-linux-x86.jar, file:/home/thg/.m2/repository/org/bytedeco/flycapture/2.13.3.31-1.5.4/flycapture-2.13.3.31-1.5.4-linux-x86_64.jar, file:/home/thg/.m2/repository/org/bytedeco/flycapture/2.13.3.31-1.5.4/flycapture-2.13.3.31-1.5.4-linux-armhf.jar, file:/home/thg/.m2/repository/org/bytedeco/flycapture/2.13.3.31-1.5.4/flycapture-2.13.3.31-1.5.4-linux-arm64.jar, file:/home/thg/.m2/repository/org/bytedeco/flycapture/2.13.3.31-1.5.4/flycapture-2.13.3.31-1.5.4-windows-x86.jar, file:/home/thg/.m2/repository/org/bytedeco/flycapture/2.13.3.31-1.5.4/flycapture-2.13.3.31-1.5.4-windows-x86_64.jar, file:/home/thg/.m2/repository/org/bytedeco/libdc1394-platform/2.2.6-1.5.4/libdc1394-platform-2.2.6-1.5.4.jar, file:/home/thg/.m2/repository/org/bytedeco/libdc1394/2.2.6-1.5.4/libdc1394-2.2.6-1.5.4-linux-x86.jar, file:/home/thg/.m2/repository/org/bytedeco/libdc1394/2.2.6-1.5.4/libdc1394-2.2.6-1.5.4-linux-x86_64.jar, file:/home/thg/.m2/repository/org/bytedeco/libdc1394/2.2.6-1.5.4/libdc1394-2.2.6-1.5.4-linux-armhf.jar, file:/home/thg/.m2/repository/org/bytedeco/libdc1394/2.2.6-1.5.4/libdc1394-2.2.6-1.5.4-linux-arm64.jar, file:/home/thg/.m2/repository/org/bytedeco/libdc1394/2.2.6-1.5.4/libdc1394-2.2.6-1.5.4-linux-ppc64le.jar, file:/home/thg/.m2/repository/org/bytedeco/libdc1394/2.2.6-1.5.4/libdc1394-2.2.6-1.5.4-macosx-x86_64.jar, file:/home/thg/.m2/repository/org/bytedeco/libdc1394/2.2.6-1.5.4/libdc1394-2.2.6-1.5.4-windows-x86.jar, file:/home/thg/.m2/repository/org/bytedeco/libdc1394/2.2.6-1.5.4/libdc1394-2.2.6-1.5.4-windows-x86_64.jar, file:/home/thg/.m2/repository/org/bytedeco/libfreenect-platform/0.5.7-1.5.4/libfreenect-platform-0.5.7-1.5.4.jar, file:/home/thg/.m2/repository/org/bytedeco/libfreenect/0.5.7-1.5.4/libfreenect-0.5.7-1.5.4-linux-x86.jar, file:/home/thg/.m2/repository/org/bytedeco/libfreenect/0.5.7-1.5.4/libfreenect-0.5.7-1.5.4-linux-x86_64.jar, file:/home/thg/.m2/repository/org/bytedeco/libfreenect/0.5.7-1.5.4/libfreenect-0.5.7-1.5.4-linux-armhf.jar, file:/home/thg/.m2/repository/org/bytedeco/libfreenect/0.5.7-1.5.4/libfreenect-0.5.7-1.5.4-linux-arm64.jar, file:/home/thg/.m2/repository/org/bytedeco/libfreenect/0.5.7-1.5.4/libfreenect-0.5.7-1.5.4-linux-ppc64le.jar, file:/home/thg/.m2/repository/org/bytedeco/libfreenect/0.5.7-1.5.4/libfreenect-0.5.7-1.5.4-macosx-x86_64.jar, file:/home/thg/.m2/repository/org/bytedeco/libfreenect/0.5.7-1.5.4/libfreenect-0.5.7-1.5.4-windows-x86.jar, file:/home/thg/.m2/repository/org/bytedeco/libfreenect/0.5.7-1.5.4/libfreenect-0.5.7-1.5.4-windows-x86_64.jar, file:/home/thg/.m2/repository/org/bytedeco/libfreenect2-platform/0.2.0-1.5.4/libfreenect2-platform-0.2.0-1.5.4.jar, file:/home/thg/.m2/repository/org/bytedeco/libfreenect2/0.2.0-1.5.4/libfreenect2-0.2.0-1.5.4-linux-x86.jar, file:/home/thg/.m2/repository/org/bytedeco/libfreenect2/0.2.0-1.5.4/libfreenect2-0.2.0-1.5.4-linux-x86_64.jar, file:/home/thg/.m2/repository/org/bytedeco/libfreenect2/0.2.0-1.5.4/libfreenect2-0.2.0-1.5.4-macosx-x86_64.jar, file:/home/thg/.m2/repository/org/bytedeco/libfreenect2/0.2.0-1.5.4/libfreenect2-0.2.0-1.5.4-windows-x86_64.jar, file:/home/thg/.m2/repository/org/bytedeco/librealsense-platform/1.12.4-1.5.4/librealsense-platform-1.12.4-1.5.4.jar, file:/home/thg/.m2/repository/org/bytedeco/librealsense/1.12.4-1.5.4/librealsense-1.12.4-1.5.4-linux-x86.jar, file:/home/thg/.m2/repository/org/bytedeco/librealsense/1.12.4-1.5.4/librealsense-1.12.4-1.5.4-linux-x86_64.jar, file:/home/thg/.m2/repository/org/bytedeco/librealsense/1.12.4-1.5.4/librealsense-1.12.4-1.5.4-macosx-x86_64.jar, file:/home/thg/.m2/repository/org/bytedeco/librealsense/1.12.4-1.5.4/librealsense-1.12.4-1.5.4-windows-x86.jar, file:/home/thg/.m2/repository/org/bytedeco/librealsense/1.12.4-1.5.4/librealsense-1.12.4-1.5.4-windows-x86_64.jar, file:/home/thg/.m2/repository/org/bytedeco/librealsense2-platform/2.29.0-1.5.4/librealsense2-platform-2.29.0-1.5.4.jar, file:/home/thg/.m2/repository/org/bytedeco/librealsense2/2.29.0-1.5.4/librealsense2-2.29.0-1.5.4-linux-x86.jar, file:/home/thg/.m2/repository/org/bytedeco/librealsense2/2.29.0-1.5.4/librealsense2-2.29.0-1.5.4-linux-x86_64.jar, file:/home/thg/.m2/repository/org/bytedeco/librealsense2/2.29.0-1.5.4/librealsense2-2.29.0-1.5.4-macosx-x86_64.jar, file:/home/thg/.m2/repository/org/bytedeco/librealsense2/2.29.0-1.5.4/librealsense2-2.29.0-1.5.4-windows-x86.jar, file:/home/thg/.m2/repository/org/bytedeco/librealsense2/2.29.0-1.5.4/librealsense2-2.29.0-1.5.4-windows-x86_64.jar, file:/home/thg/.m2/repository/org/bytedeco/videoinput-platform/0.200-1.5.4/videoinput-platform-0.200-1.5.4.jar, file:/home/thg/.m2/repository/org/bytedeco/videoinput/0.200-1.5.4/videoinput-0.200-1.5.4-windows-x86.jar, file:/home/thg/.m2/repository/org/bytedeco/videoinput/0.200-1.5.4/videoinput-0.200-1.5.4-windows-x86_64.jar, file:/home/thg/.m2/repository/org/bytedeco/artoolkitplus-platform/2.3.1-1.5.4/artoolkitplus-platform-2.3.1-1.5.4.jar, file:/home/thg/.m2/repository/org/bytedeco/artoolkitplus/2.3.1-1.5.4/artoolkitplus-2.3.1-1.5.4-android-arm.jar, file:/home/thg/.m2/repository/org/bytedeco/artoolkitplus/2.3.1-1.5.4/artoolkitplus-2.3.1-1.5.4-android-arm64.jar, file:/home/thg/.m2/repository/org/bytedeco/artoolkitplus/2.3.1-1.5.4/artoolkitplus-2.3.1-1.5.4-android-x86.jar, file:/home/thg/.m2/repository/org/bytedeco/artoolkitplus/2.3.1-1.5.4/artoolkitplus-2.3.1-1.5.4-android-x86_64.jar, file:/home/thg/.m2/repository/org/bytedeco/artoolkitplus/2.3.1-1.5.4/artoolkitplus-2.3.1-1.5.4-linux-x86.jar, file:/home/thg/.m2/repository/org/bytedeco/artoolkitplus/2.3.1-1.5.4/artoolkitplus-2.3.1-1.5.4-linux-x86_64.jar, file:/home/thg/.m2/repository/org/bytedeco/artoolkitplus/2.3.1-1.5.4/artoolkitplus-2.3.1-1.5.4-linux-armhf.jar, file:/home/thg/.m2/repository/org/bytedeco/artoolkitplus/2.3.1-1.5.4/artoolkitplus-2.3.1-1.5.4-linux-arm64.jar, file:/home/thg/.m2/repository/org/bytedeco/artoolkitplus/2.3.1-1.5.4/artoolkitplus-2.3.1-1.5.4-linux-ppc64le.jar, file:/home/thg/.m2/repository/org/bytedeco/artoolkitplus/2.3.1-1.5.4/artoolkitplus-2.3.1-1.5.4-macosx-x86_64.jar, file:/home/thg/.m2/repository/org/bytedeco/artoolkitplus/2.3.1-1.5.4/artoolkitplus-2.3.1-1.5.4-windows-x86.jar, file:/home/thg/.m2/repository/org/bytedeco/artoolkitplus/2.3.1-1.5.4/artoolkitplus-2.3.1-1.5.4-windows-x86_64.jar, file:/home/thg/.m2/repository/org/bytedeco/flandmark-platform/1.07-1.5.4/flandmark-platform-1.07-1.5.4.jar, file:/home/thg/.m2/repository/org/bytedeco/flandmark/1.07-1.5.4/flandmark-1.07-1.5.4-android-arm.jar, file:/home/thg/.m2/repository/org/bytedeco/flandmark/1.07-1.5.4/flandmark-1.07-1.5.4-android-arm64.jar, file:/home/thg/.m2/repository/org/bytedeco/flandmark/1.07-1.5.4/flandmark-1.07-1.5.4-android-x86.jar, file:/home/thg/.m2/repository/org/bytedeco/flandmark/1.07-1.5.4/flandmark-1.07-1.5.4-android-x86_64.jar, file:/home/thg/.m2/repository/org/bytedeco/flandmark/1.07-1.5.4/flandmark-1.07-1.5.4-linux-x86.jar, file:/home/thg/.m2/repository/org/bytedeco/flandmark/1.07-1.5.4/flandmark-1.07-1.5.4-linux-x86_64.jar, file:/home/thg/.m2/repository/org/bytedeco/flandmark/1.07-1.5.4/flandmark-1.07-1.5.4-linux-armhf.jar, file:/home/thg/.m2/repository/org/bytedeco/flandmark/1.07-1.5.4/flandmark-1.07-1.5.4-linux-arm64.jar, file:/home/thg/.m2/repository/org/bytedeco/flandmark/1.07-1.5.4/flandmark-1.07-1.5.4-linux-ppc64le.jar, file:/home/thg/.m2/repository/org/bytedeco/flandmark/1.07-1.5.4/flandmark-1.07-1.5.4-macosx-x86_64.jar, file:/home/thg/.m2/repository/org/bytedeco/flandmark/1.07-1.5.4/flandmark-1.07-1.5.4-windows-x86.jar, file:/home/thg/.m2/repository/org/bytedeco/flandmark/1.07-1.5.4/flandmark-1.07-1.5.4-windows-x86_64.jar, file:/home/thg/.m2/repository/org/bytedeco/leptonica-platform/1.80.0-1.5.4/leptonica-platform-1.80.0-1.5.4.jar, file:/home/thg/.m2/repository/org/bytedeco/leptonica/1.80.0-1.5.4/leptonica-1.80.0-1.5.4-android-arm.jar, file:/home/thg/.m2/repository/org/bytedeco/leptonica/1.80.0-1.5.4/leptonica-1.80.0-1.5.4-android-arm64.jar, file:/home/thg/.m2/repository/org/bytedeco/leptonica/1.80.0-1.5.4/leptonica-1.80.0-1.5.4-android-x86.jar, file:/home/thg/.m2/repository/org/bytedeco/leptonica/1.80.0-1.5.4/leptonica-1.80.0-1.5.4-android-x86_64.jar, file:/home/thg/.m2/repository/org/bytedeco/leptonica/1.80.0-1.5.4/leptonica-1.80.0-1.5.4-linux-x86.jar, file:/home/thg/.m2/repository/org/bytedeco/leptonica/1.80.0-1.5.4/leptonica-1.80.0-1.5.4-linux-x86_64.jar, file:/home/thg/.m2/repository/org/bytedeco/leptonica/1.80.0-1.5.4/leptonica-1.80.0-1.5.4-linux-armhf.jar, file:/home/thg/.m2/repository/org/bytedeco/leptonica/1.80.0-1.5.4/leptonica-1.80.0-1.5.4-linux-arm64.jar, file:/home/thg/.m2/repository/org/bytedeco/leptonica/1.80.0-1.5.4/leptonica-1.80.0-1.5.4-linux-ppc64le.jar, file:/home/thg/.m2/repository/org/bytedeco/leptonica/1.80.0-1.5.4/leptonica-1.80.0-1.5.4-macosx-x86_64.jar, file:/home/thg/.m2/repository/org/bytedeco/leptonica/1.80.0-1.5.4/leptonica-1.80.0-1.5.4-windows-x86.jar, file:/home/thg/.m2/repository/org/bytedeco/leptonica/1.80.0-1.5.4/leptonica-1.80.0-1.5.4-windows-x86_64.jar, file:/home/thg/.m2/repository/org/bytedeco/tesseract-platform/4.1.1-1.5.4/tesseract-platform-4.1.1-1.5.4.jar, file:/home/thg/.m2/repository/org/bytedeco/tesseract/4.1.1-1.5.4/tesseract-4.1.1-1.5.4-android-arm.jar, file:/home/thg/.m2/repository/org/bytedeco/tesseract/4.1.1-1.5.4/tesseract-4.1.1-1.5.4-android-arm64.jar, file:/home/thg/.m2/repository/org/bytedeco/tesseract/4.1.1-1.5.4/tesseract-4.1.1-1.5.4-android-x86.jar, file:/home/thg/.m2/repository/org/bytedeco/tesseract/4.1.1-1.5.4/tesseract-4.1.1-1.5.4-android-x86_64.jar, file:/home/thg/.m2/repository/org/bytedeco/tesseract/4.1.1-1.5.4/tesseract-4.1.1-1.5.4-linux-x86.jar, file:/home/thg/.m2/repository/org/bytedeco/tesseract/4.1.1-1.5.4/tesseract-4.1.1-1.5.4-linux-x86_64.jar, file:/home/thg/.m2/repository/org/bytedeco/tesseract/4.1.1-1.5.4/tesseract-4.1.1-1.5.4-linux-armhf.jar, file:/home/thg/.m2/repository/org/bytedeco/tesseract/4.1.1-1.5.4/tesseract-4.1.1-1.5.4-linux-arm64.jar, file:/home/thg/.m2/repository/org/bytedeco/tesseract/4.1.1-1.5.4/tesseract-4.1.1-1.5.4-linux-ppc64le.jar, file:/home/thg/.m2/repository/org/bytedeco/tesseract/4.1.1-1.5.4/tesseract-4.1.1-1.5.4-macosx-x86_64.jar, file:/home/thg/.m2/repository/org/bytedeco/tesseract/4.1.1-1.5.4/tesseract-4.1.1-1.5.4-windows-x86.jar, file:/home/thg/.m2/repository/org/bytedeco/tesseract/4.1.1-1.5.4/tesseract-4.1.1-1.5.4-windows-x86_64.jar, file:/home/thg/.m2/repository/org/springframework/boot/spring-boot-starter-aop/2.7.5/spring-boot-starter-aop-2.7.5.jar, file:/home/thg/.m2/repository/org/springframework/spring-aop/5.3.23/spring-aop-5.3.23.jar, file:/home/thg/.m2/repository/org/aspectj/aspectjweaver/1.9.7/aspectjweaver-1.9.7.jar, file:/home/thg/.m2/repository/org/projectlombok/lombok/1.18.6/lombok-1.18.6.jar, file:/home/thg/.m2/repository/net/logstash/logback/logstash-logback-encoder/7.3/logstash-logback-encoder-7.3.jar, file:/home/thg/.m2/repository/com/fasterxml/jackson/core/jackson-databind/2.13.4.2/jackson-databind-2.13.4.2.jar, file:/home/thg/.m2/repository/com/fasterxml/jackson/core/jackson-annotations/2.13.4/jackson-annotations-2.13.4.jar, file:/home/thg/.m2/repository/com/fasterxml/jackson/core/jackson-core/2.13.4/jackson-core-2.13.4.jar, file:/home/thg/.m2/repository/org/mybatis/spring/boot/mybatis-spring-boot-starter/1.1.1/mybatis-spring-boot-starter-1.1.1.jar, file:/home/thg/.m2/repository/org/mybatis/spring/boot/mybatis-spring-boot-autoconfigure/1.1.1/mybatis-spring-boot-autoconfigure-1.1.1.jar, file:/home/thg/.m2/repository/org/mybatis/mybatis/3.4.0/mybatis-3.4.0.jar, file:/home/thg/.m2/repository/org/mybatis/mybatis-spring/1.3.0/mybatis-spring-1.3.0.jar, file:/home/thg/.m2/repository/org/springframework/boot/spring-boot-starter-jdbc/2.7.5/spring-boot-starter-jdbc-2.7.5.jar, file:/home/thg/.m2/repository/com/zaxxer/HikariCP/4.0.3/HikariCP-4.0.3.jar, file:/home/thg/.m2/repository/org/springframework/spring-jdbc/5.3.23/spring-jdbc-5.3.23.jar, file:/home/thg/.m2/repository/com/alibaba/fastjson/1.2.30/fastjson-1.2.30.jar, file:/home/thg/.m2/repository/mysql/mysql-connector-java/8.0.28/mysql-connector-java-8.0.28.jar, file:/home/thg/.m2/repository/org/springframework/boot/spring-boot-starter-data-redis/2.7.5/spring-boot-starter-data-redis-2.7.5.jar, file:/home/thg/.m2/repository/org/springframework/data/spring-data-redis/2.7.5/spring-data-redis-2.7.5.jar, file:/home/thg/.m2/repository/org/springframework/data/spring-data-keyvalue/2.7.5/spring-data-keyvalue-2.7.5.jar, file:/home/thg/.m2/repository/org/springframework/data/spring-data-commons/2.7.5/spring-data-commons-2.7.5.jar, file:/home/thg/.m2/repository/org/springframework/spring-tx/5.3.23/spring-tx-5.3.23.jar, file:/home/thg/.m2/repository/org/springframework/spring-oxm/5.3.23/spring-oxm-5.3.23.jar, file:/home/thg/.m2/repository/io/lettuce/lettuce-core/6.1.10.RELEASE/lettuce-core-6.1.10.RELEASE.jar, file:/home/thg/.m2/repository/io/netty/netty-common/4.1.84.Final/netty-common-4.1.84.Final.jar, file:/home/thg/.m2/repository/io/netty/netty-handler/4.1.84.Final/netty-handler-4.1.84.Final.jar, file:/home/thg/.m2/repository/io/netty/netty-resolver/4.1.84.Final/netty-resolver-4.1.84.Final.jar, file:/home/thg/.m2/repository/io/netty/netty-buffer/4.1.84.Final/netty-buffer-4.1.84.Final.jar, file:/home/thg/.m2/repository/io/netty/netty-transport-native-unix-common/4.1.84.Final/netty-transport-native-unix-common-4.1.84.Final.jar, file:/home/thg/.m2/repository/io/netty/netty-codec/4.1.84.Final/netty-codec-4.1.84.Final.jar, file:/home/thg/.m2/repository/io/netty/netty-transport/4.1.84.Final/netty-transport-4.1.84.Final.jar, file:/home/thg/.m2/repository/io/projectreactor/reactor-core/3.4.24/reactor-core-3.4.24.jar, file:/home/thg/.m2/repository/org/reactivestreams/reactive-streams/1.0.4/reactive-streams-1.0.4.jar, file:/home/thg/.m2/repository/redis/clients/jedis/2.9.0/jedis-2.9.0.jar, file:/home/thg/.m2/repository/org/apache/commons/commons-pool2/2.11.1/commons-pool2-2.11.1.jar, file:/home/thg/.m2/repository/org/springframework/boot/spring-boot-configuration-processor/2.7.5/spring-boot-configuration-processor-2.7.5.jar, file:/home/thg/.m2/repository/org/springframework/boot/spring-boot-starter-thymeleaf/2.7.5/spring-boot-starter-thymeleaf-2.7.5.jar, file:/home/thg/.m2/repository/org/thymeleaf/thymeleaf-spring5/3.0.15.RELEASE/thymeleaf-spring5-3.0.15.RELEASE.jar, file:/home/thg/.m2/repository/org/thymeleaf/thymeleaf/3.0.15.RELEASE/thymeleaf-3.0.15.RELEASE.jar, file:/home/thg/.m2/repository/org/attoparser/attoparser/2.0.5.RELEASE/attoparser-2.0.5.RELEASE.jar, file:/home/thg/.m2/repository/org/unbescape/unbescape/1.1.6.RELEASE/unbescape-1.1.6.RELEASE.jar, file:/home/thg/.m2/repository/org/thymeleaf/extras/thymeleaf-extras-java8time/3.0.4.RELEASE/thymeleaf-extras-java8time-3.0.4.RELEASE.jar, file:/home/thg/.m2/repository/net/sourceforge/nekohtml/nekohtml/1.9.22/nekohtml-1.9.22.jar, file:/home/thg/.m2/repository/xerces/xercesImpl/2.11.0/xercesImpl-2.11.0.jar, file:/home/thg/.m2/repository/xml-apis/xml-apis/1.4.01/xml-apis-1.4.01.jar, file:/home/thg/.m2/repository/commons-fileupload/commons-fileupload/1.4/commons-fileupload-1.4.jar, file:/home/thg/.m2/repository/commons-io/commons-io/2.2/commons-io-2.2.jar, file:/home/thg/.m2/repository/cn/hutool/hutool-all/5.7.19/hutool-all-5.7.19.jar, file:/home/thg/.m2/repository/com/google/zxing/core/3.3.3/core-3.3.3.jar, file:/home/thg/.m2/repository/org/springframework/boot/spring-boot-starter-mail/2.7.5/spring-boot-starter-mail-2.7.5.jar, file:/home/thg/.m2/repository/org/springframework/spring-context-support/5.3.23/spring-context-support-5.3.23.jar, file:/home/thg/.m2/repository/com/sun/mail/jakarta.mail/1.6.7/jakarta.mail-1.6.7.jar, file:/home/thg/.m2/repository/com/sun/activation/jakarta.activation/1.2.2/jakarta.activation-1.2.2.jar, file:/home/thg/.m2/repository/com/aliyun/aliyun-java-sdk-dysmsapi/2.2.1/aliyun-java-sdk-dysmsapi-2.2.1.jar, file:/home/thg/.m2/repository/com/google/code/gson/gson/2.9.1/gson-2.9.1.jar, file:/home/thg/.m2/repository/com/aliyun/aliyun-java-sdk-core/4.6.0/aliyun-java-sdk-core-4.6.0.jar, file:/home/thg/.m2/repository/org/apache/httpcomponents/httpcore/4.4.15/httpcore-4.4.15.jar, file:/home/thg/.m2/repository/commons-logging/commons-logging/1.2/commons-logging-1.2.jar, file:/home/thg/.m2/repository/org/apache/commons/commons-lang3/3.12.0/commons-lang3-3.12.0.jar, file:/home/thg/.m2/repository/javax/xml/bind/jaxb-api/2.3.1/jaxb-api-2.3.1.jar, file:/home/thg/.m2/repository/javax/activation/javax.activation-api/1.2.0/javax.activation-api-1.2.0.jar, file:/home/thg/.m2/repository/org/glassfish/jaxb/jaxb-runtime/2.3.7/jaxb-runtime-2.3.7.jar, file:/home/thg/.m2/repository/org/glassfish/jaxb/txw2/2.3.7/txw2-2.3.7.jar, file:/home/thg/.m2/repository/com/sun/istack/istack-commons-runtime/3.0.12/istack-commons-runtime-3.0.12.jar, file:/home/thg/.m2/repository/org/bouncycastle/bcprov-jdk15on/1.70/bcprov-jdk15on-1.70.jar, file:/home/thg/.m2/repository/org/jacoco/org.jacoco.agent/0.8.7/org.jacoco.agent-0.8.7-runtime.jar, file:/home/thg/.m2/repository/org/ini4j/ini4j/0.5.4/ini4j-0.5.4.jar, file:/home/thg/.m2/repository/org/slf4j/slf4j-api/1.7.36/slf4j-api-1.7.36.jar, file:/home/thg/.m2/repository/io/opentracing/opentracing-api/0.33.0/opentracing-api-0.33.0.jar, file:/home/thg/.m2/repository/io/opentracing/opentracing-util/0.33.0/opentracing-util-0.33.0.jar, file:/home/thg/.m2/repository/io/opentracing/opentracing-noop/0.33.0/opentracing-noop-0.33.0.jar, file:/home/thg/.m2/repository/net/sf/json-lib/json-lib/2.4/json-lib-2.4-jdk15.jar, file:/home/thg/.m2/repository/commons-beanutils/commons-beanutils/1.8.0/commons-beanutils-1.8.0.jar, file:/home/thg/.m2/repository/commons-collections/commons-collections/3.2.1/commons-collections-3.2.1.jar, file:/home/thg/.m2/repository/commons-lang/commons-lang/2.5/commons-lang-2.5.jar, file:/home/thg/.m2/repository/net/sf/ezmorph/ezmorph/1.0.6/ezmorph-1.0.6.jar, file:/home/thg/.m2/repository/com/github/pagehelper/pagehelper-spring-boot-starter/1.4.1/pagehelper-spring-boot-starter-1.4.1.jar, file:/home/thg/.m2/repository/com/github/pagehelper/pagehelper-spring-boot-autoconfigure/1.4.1/pagehelper-spring-boot-autoconfigure-1.4.1.jar, file:/home/thg/.m2/repository/com/github/pagehelper/pagehelper/5.3.0/pagehelper-5.3.0.jar, file:/home/thg/.m2/repository/com/github/jsqlparser/jsqlparser/4.2/jsqlparser-4.2.jar, file:/home/thg/.m2/repository/io/netty/netty-all/4.1.68.Final/netty-all-4.1.68.Final.jar, file:/home/thg/.m2/repository/net/java/dev/jna/jna/5.12.1/jna-5.12.1.jar, file:/home/thg/.m2/repository/net/java/dev/jna/jna-platform/5.13.0/jna-platform-5.13.0.jar, file:/home/thg/.m2/repository/org/apache/httpcomponents/httpclient/4.5.6/httpclient-4.5.6.jar, file:/home/thg/.m2/repository/commons-codec/commons-codec/1.15/commons-codec-1.15.jar, file:/home/thg/idea-IU-222.4345.14/lib/idea_rt.jar])
	at com.sun.jna.NativeLibrary.loadLibrary(NativeLibrary.java:307)
	at com.sun.jna.NativeLibrary.getInstance(NativeLibrary.java:467)
	at com.sun.jna.Library$Handler.<init>(Library.java:192)
	at com.sun.jna.Native.loadLibrary(Native.java:672)
	at com.sun.jna.Native.loadLibrary(Native.java:656)
	at com.shark.aio.alarm.contactPart.util.ClientDemo.createSDKInstance(ClientDemo.java:53)
	at com.shark.aio.alarm.contactPart.util.ClientDemo.loadSDK(ClientDemo.java:100)
	at com.shark.aio.base.controller.InitFFmpeg.onApplicationEvent(InitFFmpeg.java:61)
	at com.shark.aio.base.controller.InitFFmpeg.onApplicationEvent(InitFFmpeg.java:35)
	at com.shark.aio.base.controller.InitFFmpeg$$FastClassBySpringCGLIB$$6f28da27.invoke(<generated>)
	at org.springframework.cglib.proxy.MethodProxy.invoke(MethodProxy.java:218)
	at org.springframework.aop.framework.CglibAopProxy$CglibMethodInvocation.invokeJoinpoint(CglibAopProxy.java:793)
	at org.springframework.aop.framework.ReflectiveMethodInvocation.proceed(ReflectiveMethodInvocation.java:163)
	at org.springframework.aop.framework.CglibAopProxy$CglibMethodInvocation.proceed(CglibAopProxy.java:763)
	at org.springframework.aop.framework.adapter.MethodBeforeAdviceInterceptor.invoke(MethodBeforeAdviceInterceptor.java:58)
	at org.springframework.aop.framework.ReflectiveMethodInvocation.proceed(ReflectiveMethodInvocation.java:186)
	at org.springframework.aop.framework.CglibAopProxy$CglibMethodInvocation.proceed(CglibAopProxy.java:763)
	at org.springframework.aop.interceptor.ExposeInvocationInterceptor.invoke(ExposeInvocationInterceptor.java:97)
	at org.springframework.aop.framework.ReflectiveMethodInvocation.proceed(ReflectiveMethodInvocation.java:186)
	at org.springframework.aop.framework.CglibAopProxy$CglibMethodInvocation.proceed(CglibAopProxy.java:763)
	at org.springframework.aop.framework.CglibAopProxy$DynamicAdvisedInterceptor.intercept(CglibAopProxy.java:708)
	at com.shark.aio.base.controller.InitFFmpeg$$EnhancerBySpringCGLIB$$33d3a86.onApplicationEvent(<generated>)
	at org.springframework.context.event.SimpleApplicationEventMulticaster.doInvokeListener(SimpleApplicationEventMulticaster.java:176)
	at org.springframework.context.event.SimpleApplicationEventMulticaster.invokeListener(SimpleApplicationEventMulticaster.java:169)
	at org.springframework.context.event.SimpleApplicationEventMulticaster.multicastEvent(SimpleApplicationEventMulticaster.java:143)
	at org.springframework.context.support.AbstractApplicationContext.publishEvent(AbstractApplicationContext.java:421)
	at org.springframework.context.support.AbstractApplicationContext.publishEvent(AbstractApplicationContext.java:378)
	at org.springframework.boot.context.event.EventPublishingRunListener.started(EventPublishingRunListener.java:108)
	at org.springframework.boot.SpringApplicationRunListeners.lambda$started$5(SpringApplicationRunListeners.java:78)
	at java.util.ArrayList.forEach(ArrayList.java:1259)
	at org.springframework.boot.SpringApplicationRunListeners.doWithListeners(SpringApplicationRunListeners.java:120)
	at org.springframework.boot.SpringApplicationRunListeners.doWithListeners(SpringApplicationRunListeners.java:114)
	at org.springframework.boot.SpringApplicationRunListeners.started(SpringApplicationRunListeners.java:78)
	at org.springframework.boot.SpringApplication.run(SpringApplication.java:314)
	at org.springframework.boot.SpringApplication.run(SpringApplication.java:1306)
	at org.springframework.boot.SpringApplication.run(SpringApplication.java:1295)
	at com.shark.aio.AIOCompanyApplication.main(AIOCompanyApplication.java:27)
	Suppressed: java.lang.UnsatisfiedLinkError: /home/thg/Shark-NJU/AIOlibhcnetsdk.so: 无法打开共享对象文件: 没有那个文件或目录
		at com.sun.jna.Native.open(Native Method)
		at com.sun.jna.NativeLibrary.loadLibrary(NativeLibrary.java:197)
		... 36 common frames omitted
	Suppressed: java.lang.UnsatisfiedLinkError: /home/thg/Shark-NJU/AIOlibhcnetsdk.so: 无法打开共享对象文件: 没有那个文件或目录
		at com.sun.jna.Native.open(Native Method)
		at com.sun.jna.NativeLibrary.loadLibrary(NativeLibrary.java:210)
		... 36 common frames omitted
	Suppressed: java.io.IOException: Native library (home/thg/Shark-NJU/AIOlibhcnetsdk.so) not found in resource path ([file:/usr/lib/jvm/java-8-openjdk-amd64/jre/lib/charsets.jar, file:/usr/lib/jvm/java-8-openjdk-amd64/jre/lib/ext/cldrdata.jar, file:/usr/lib/jvm/java-8-openjdk-amd64/jre/lib/ext/dnsns.jar, file:/usr/lib/jvm/java-8-openjdk-amd64/jre/lib/ext/icedtea-sound.jar, file:/usr/lib/jvm/java-8-openjdk-amd64/jre/lib/ext/jaccess.jar, file:/usr/lib/jvm/java-8-openjdk-amd64/jre/lib/ext/localedata.jar, file:/usr/lib/jvm/java-8-openjdk-amd64/jre/lib/ext/nashorn.jar, file:/usr/lib/jvm/java-8-openjdk-amd64/jre/lib/ext/sunec.jar, file:/usr/lib/jvm/java-8-openjdk-amd64/jre/lib/ext/sunjce_provider.jar, file:/usr/lib/jvm/java-8-openjdk-amd64/jre/lib/ext/sunpkcs11.jar, file:/usr/lib/jvm/java-8-openjdk-amd64/jre/lib/ext/zipfs.jar, file:/usr/lib/jvm/java-8-openjdk-amd64/jre/lib/jce.jar, file:/usr/lib/jvm/java-8-openjdk-amd64/jre/lib/jfr.jar, file:/usr/lib/jvm/java-8-openjdk-amd64/jre/lib/jsse.jar, file:/usr/lib/jvm/java-8-openjdk-amd64/jre/lib/management-agent.jar, file:/usr/lib/jvm/java-8-openjdk-amd64/jre/lib/resources.jar, file:/usr/lib/jvm/java-8-openjdk-amd64/jre/lib/rt.jar, file:/home/thg/Shark-NJU/AIO/AIO-company/target/classes/, file:/home/thg/Shark-NJU/AIO/lib/examples.jar, file:/home/thg/.m2/repository/net/sourceforge/jexcelapi/jxl/2.6.12/jxl-2.6.12.jar, file:/home/thg/.m2/repository/log4j/log4j/1.2.14/log4j-1.2.14.jar, file:/home/thg/.m2/repository/org/springframework/boot/spring-boot-starter-web/2.7.5/spring-boot-starter-web-2.7.5.jar, file:/home/thg/.m2/repository/org/springframework/boot/spring-boot-starter/2.7.5/spring-boot-starter-2.7.5.jar, file:/home/thg/.m2/repository/org/springframework/boot/spring-boot/2.7.5/spring-boot-2.7.5.jar, file:/home/thg/.m2/repository/org/springframework/boot/spring-boot-autoconfigure/2.7.5/spring-boot-autoconfigure-2.7.5.jar, file:/home/thg/.m2/repository/org/springframework/boot/spring-boot-starter-logging/2.7.5/spring-boot-starter-logging-2.7.5.jar, file:/home/thg/.m2/repository/ch/qos/logback/logback-classic/1.2.11/logback-classic-1.2.11.jar, file:/home/thg/.m2/repository/ch/qos/logback/logback-core/1.2.11/logback-core-1.2.11.jar, file:/home/thg/.m2/repository/org/apache/logging/log4j/log4j-to-slf4j/2.17.2/log4j-to-slf4j-2.17.2.jar, file:/home/thg/.m2/repository/org/apache/logging/log4j/log4j-api/2.17.2/log4j-api-2.17.2.jar, file:/home/thg/.m2/repository/org/slf4j/jul-to-slf4j/1.7.36/jul-to-slf4j-1.7.36.jar, file:/home/thg/.m2/repository/jakarta/annotation/jakarta.annotation-api/1.3.5/jakarta.annotation-api-1.3.5.jar, file:/home/thg/.m2/repository/org/yaml/snakeyaml/1.30/snakeyaml-1.30.jar, file:/home/thg/.m2/repository/org/springframework/boot/spring-boot-starter-json/2.7.5/spring-boot-starter-json-2.7.5.jar, file:/home/thg/.m2/repository/com/fasterxml/jackson/datatype/jackson-datatype-jdk8/2.13.4/jackson-datatype-jdk8-2.13.4.jar, file:/home/thg/.m2/repository/com/fasterxml/jackson/datatype/jackson-datatype-jsr310/2.13.4/jackson-datatype-jsr310-2.13.4.jar, file:/home/thg/.m2/repository/com/fasterxml/jackson/module/jackson-module-parameter-names/2.13.4/jackson-module-parameter-names-2.13.4.jar, file:/home/thg/.m2/repository/org/springframework/boot/spring-boot-starter-tomcat/2.7.5/spring-boot-starter-tomcat-2.7.5.jar, file:/home/thg/.m2/repository/org/apache/tomcat/embed/tomcat-embed-core/9.0.68/tomcat-embed-core-9.0.68.jar, file:/home/thg/.m2/repository/org/apache/tomcat/embed/tomcat-embed-el/9.0.68/tomcat-embed-el-9.0.68.jar, file:/home/thg/.m2/repository/org/apache/tomcat/embed/tomcat-embed-websocket/9.0.68/tomcat-embed-websocket-9.0.68.jar, file:/home/thg/.m2/repository/org/springframework/spring-web/5.3.23/spring-web-5.3.23.jar, file:/home/thg/.m2/repository/org/springframework/spring-beans/5.3.23/spring-beans-5.3.23.jar, file:/home/thg/.m2/repository/org/springframework/spring-webmvc/5.3.23/spring-webmvc-5.3.23.jar, file:/home/thg/.m2/repository/org/springframework/spring-context/5.3.23/spring-context-5.3.23.jar, file:/home/thg/.m2/repository/org/springframework/spring-expression/5.3.23/spring-expression-5.3.23.jar, file:/home/thg/.m2/repository/org/springframework/boot/spring-boot-starter-test/2.7.5/spring-boot-starter-test-2.7.5.jar, file:/home/thg/.m2/repository/org/springframework/boot/spring-boot-test/2.7.5/spring-boot-test-2.7.5.jar, file:/home/thg/.m2/repository/org/springframework/boot/spring-boot-test-autoconfigure/2.7.5/spring-boot-test-autoconfigure-2.7.5.jar, file:/home/thg/.m2/repository/com/jayway/jsonpath/json-path/2.7.0/json-path-2.7.0.jar, file:/home/thg/.m2/repository/net/minidev/json-smart/2.4.8/json-smart-2.4.8.jar, file:/home/thg/.m2/repository/net/minidev/accessors-smart/2.4.8/accessors-smart-2.4.8.jar, file:/home/thg/.m2/repository/org/ow2/asm/asm/9.1/asm-9.1.jar, file:/home/thg/.m2/repository/jakarta/xml/bind/jakarta.xml.bind-api/2.3.3/jakarta.xml.bind-api-2.3.3.jar, file:/home/thg/.m2/repository/jakarta/activation/jakarta.activation-api/1.2.2/jakarta.activation-api-1.2.2.jar, file:/home/thg/.m2/repository/org/assertj/assertj-core/3.22.0/assertj-core-3.22.0.jar, file:/home/thg/.m2/repository/org/hamcrest/hamcrest/2.2/hamcrest-2.2.jar, file:/home/thg/.m2/repository/org/junit/jupiter/junit-jupiter/5.8.2/junit-jupiter-5.8.2.jar, file:/home/thg/.m2/repository/org/junit/jupiter/junit-jupiter-api/5.8.2/junit-jupiter-api-5.8.2.jar, file:/home/thg/.m2/repository/org/opentest4j/opentest4j/1.2.0/opentest4j-1.2.0.jar, file:/home/thg/.m2/repository/org/junit/platform/junit-platform-commons/1.8.2/junit-platform-commons-1.8.2.jar, file:/home/thg/.m2/repository/org/apiguardian/apiguardian-api/1.1.2/apiguardian-api-1.1.2.jar, file:/home/thg/.m2/repository/org/junit/jupiter/junit-jupiter-params/5.8.2/junit-jupiter-params-5.8.2.jar, file:/home/thg/.m2/repository/org/junit/jupiter/junit-jupiter-engine/5.8.2/junit-jupiter-engine-5.8.2.jar, file:/home/thg/.m2/repository/org/junit/platform/junit-platform-engine/1.8.2/junit-platform-engine-1.8.2.jar, file:/home/thg/.m2/repository/org/mockito/mockito-core/4.5.1/mockito-core-4.5.1.jar, file:/home/thg/.m2/repository/net/bytebuddy/byte-buddy/1.12.18/byte-buddy-1.12.18.jar, file:/home/thg/.m2/repository/net/bytebuddy/byte-buddy-agent/1.12.18/byte-buddy-agent-1.12.18.jar, file:/home/thg/.m2/repository/org/objenesis/objenesis/3.2/objenesis-3.2.jar, file:/home/thg/.m2/repository/org/mockito/mockito-junit-jupiter/4.5.1/mockito-junit-jupiter-4.5.1.jar, file:/home/thg/.m2/repository/org/skyscreamer/jsonassert/1.5.1/jsonassert-1.5.1.jar, file:/home/thg/.m2/repository/com/vaadin/external/google/android-json/0.0.20131108.vaadin1/android-json-0.0.20131108.vaadin1.jar, file:/home/thg/.m2/repository/org/springframework/spring-core/5.3.23/spring-core-5.3.23.jar, file:/home/thg/.m2/repository/org/springframework/spring-jcl/5.3.23/spring-jcl-5.3.23.jar, file:/home/thg/.m2/repository/org/springframework/spring-test/5.3.23/spring-test-5.3.23.jar, file:/home/thg/.m2/repository/org/xmlunit/xmlunit-core/2.9.0/xmlunit-core-2.9.0.jar, file:/home/thg/.m2/repository/org/springframework/boot/spring-boot-starter-websocket/2.7.5/spring-boot-starter-websocket-2.7.5.jar, file:/home/thg/.m2/repository/org/springframework/spring-messaging/5.3.23/spring-messaging-5.3.23.jar, file:/home/thg/.m2/repository/org/springframework/spring-websocket/5.3.23/spring-websocket-5.3.23.jar, file:/home/thg/.m2/repository/org/bytedeco/javacv-platform/1.5.4/javacv-platform-1.5.4.jar, file:/home/thg/.m2/repository/org/bytedeco/javacv/1.5.4/javacv-1.5.4.jar, file:/home/thg/.m2/repository/org/bytedeco/javacpp/1.5.4/javacpp-1.5.4.jar, file:/home/thg/.m2/repository/org/bytedeco/openblas/0.3.10-1.5.4/openblas-0.3.10-1.5.4.jar, file:/home/thg/.m2/repository/org/bytedeco/opencv/4.4.0-1.5.4/opencv-4.4.0-1.5.4.jar, file:/home/thg/.m2/repository/org/bytedeco/ffmpeg/4.3.1-1.5.4/ffmpeg-4.3.1-1.5.4.jar, file:/home/thg/.m2/repository/org/bytedeco/flycapture/2.13.3.31-1.5.4/flycapture-2.13.3.31-1.5.4.jar, file:/home/thg/.m2/repository/org/bytedeco/libdc1394/2.2.6-1.5.4/libdc1394-2.2.6-1.5.4.jar, file:/home/thg/.m2/repository/org/bytedeco/libfreenect/0.5.7-1.5.4/libfreenect-0.5.7-1.5.4.jar, file:/home/thg/.m2/repository/org/bytedeco/libfreenect2/0.2.0-1.5.4/libfreenect2-0.2.0-1.5.4.jar, file:/home/thg/.m2/repository/org/bytedeco/librealsense/1.12.4-1.5.4/librealsense-1.12.4-1.5.4.jar, file:/home/thg/.m2/repository/org/bytedeco/librealsense2/2.29.0-1.5.4/librealsense2-2.29.0-1.5.4.jar, file:/home/thg/.m2/repository/org/bytedeco/videoinput/0.200-1.5.4/videoinput-0.200-1.5.4.jar, file:/home/thg/.m2/repository/org/bytedeco/artoolkitplus/2.3.1-1.5.4/artoolkitplus-2.3.1-1.5.4.jar, file:/home/thg/.m2/repository/org/bytedeco/flandmark/1.07-1.5.4/flandmark-1.07-1.5.4.jar, file:/home/thg/.m2/repository/org/bytedeco/leptonica/1.80.0-1.5.4/leptonica-1.80.0-1.5.4.jar, file:/home/thg/.m2/repository/org/bytedeco/tesseract/4.1.1-1.5.4/tesseract-4.1.1-1.5.4.jar, file:/home/thg/.m2/repository/org/bytedeco/openblas-platform/0.3.10-1.5.4/openblas-platform-0.3.10-1.5.4.jar, file:/home/thg/.m2/repository/org/bytedeco/javacpp-platform/1.5.4/javacpp-platform-1.5.4.jar, file:/home/thg/.m2/repository/org/bytedeco/javacpp/1.5.4/javacpp-1.5.4-android-arm.jar, file:/home/thg/.m2/repository/org/bytedeco/javacpp/1.5.4/javacpp-1.5.4-android-arm64.jar, file:/home/thg/.m2/repository/org/bytedeco/javacpp/1.5.4/javacpp-1.5.4-android-x86.jar, file:/home/thg/.m2/repository/org/bytedeco/javacpp/1.5.4/javacpp-1.5.4-android-x86_64.jar, file:/home/thg/.m2/repository/org/bytedeco/javacpp/1.5.4/javacpp-1.5.4-ios-arm64.jar, file:/home/thg/.m2/repository/org/bytedeco/javacpp/1.5.4/javacpp-1.5.4-ios-x86_64.jar, file:/home/thg/.m2/repository/org/bytedeco/javacpp/1.5.4/javacpp-1.5.4-linux-armhf.jar, file:/home/thg/.m2/repository/org/bytedeco/javacpp/1.5.4/javacpp-1.5.4-linux-arm64.jar, file:/home/thg/.m2/repository/org/bytedeco/javacpp/1.5.4/javacpp-1.5.4-linux-ppc64le.jar, file:/home/thg/.m2/repository/org/bytedeco/javacpp/1.5.4/javacpp-1.5.4-linux-x86.jar, file:/home/thg/.m2/repository/org/bytedeco/javacpp/1.5.4/javacpp-1.5.4-linux-x86_64.jar, file:/home/thg/.m2/repository/org/bytedeco/javacpp/1.5.4/javacpp-1.5.4-macosx-x86_64.jar, file:/home/thg/.m2/repository/org/bytedeco/javacpp/1.5.4/javacpp-1.5.4-windows-x86.jar, file:/home/thg/.m2/repository/org/bytedeco/javacpp/1.5.4/javacpp-1.5.4-windows-x86_64.jar, file:/home/thg/.m2/repository/org/bytedeco/openblas/0.3.10-1.5.4/openblas-0.3.10-1.5.4-android-arm.jar, file:/home/thg/.m2/repository/org/bytedeco/openblas/0.3.10-1.5.4/openblas-0.3.10-1.5.4-android-arm64.jar, file:/home/thg/.m2/repository/org/bytedeco/openblas/0.3.10-1.5.4/openblas-0.3.10-1.5.4-android-x86.jar, file:/home/thg/.m2/repository/org/bytedeco/openblas/0.3.10-1.5.4/openblas-0.3.10-1.5.4-android-x86_64.jar, file:/home/thg/.m2/repository/org/bytedeco/openblas/0.3.10-1.5.4/openblas-0.3.10-1.5.4-ios-arm64.jar, file:/home/thg/.m2/repository/org/bytedeco/openblas/0.3.10-1.5.4/openblas-0.3.10-1.5.4-ios-x86_64.jar, file:/home/thg/.m2/repository/org/bytedeco/openblas/0.3.10-1.5.4/openblas-0.3.10-1.5.4-linux-x86.jar, file:/home/thg/.m2/repository/org/bytedeco/openblas/0.3.10-1.5.4/openblas-0.3.10-1.5.4-linux-x86_64.jar, file:/home/thg/.m2/repository/org/bytedeco/openblas/0.3.10-1.5.4/openblas-0.3.10-1.5.4-linux-armhf.jar, file:/home/thg/.m2/repository/org/bytedeco/openblas/0.3.10-1.5.4/openblas-0.3.10-1.5.4-linux-arm64.jar, file:/home/thg/.m2/repository/org/bytedeco/openblas/0.3.10-1.5.4/openblas-0.3.10-1.5.4-linux-ppc64le.jar, file:/home/thg/.m2/repository/org/bytedeco/openblas/0.3.10-1.5.4/openblas-0.3.10-1.5.4-macosx-x86_64.jar, file:/home/thg/.m2/repository/org/bytedeco/openblas/0.3.10-1.5.4/openblas-0.3.10-1.5.4-windows-x86.jar, file:/home/thg/.m2/repository/org/bytedeco/openblas/0.3.10-1.5.4/openblas-0.3.10-1.5.4-windows-x86_64.jar, file:/home/thg/.m2/repository/org/bytedeco/opencv-platform/4.4.0-1.5.4/opencv-platform-4.4.0-1.5.4.jar, file:/home/thg/.m2/repository/org/bytedeco/opencv/4.4.0-1.5.4/opencv-4.4.0-1.5.4-android-arm.jar, file:/home/thg/.m2/repository/org/bytedeco/opencv/4.4.0-1.5.4/opencv-4.4.0-1.5.4-android-arm64.jar, file:/home/thg/.m2/repository/org/bytedeco/opencv/4.4.0-1.5.4/opencv-4.4.0-1.5.4-android-x86.jar, file:/home/thg/.m2/repository/org/bytedeco/opencv/4.4.0-1.5.4/opencv-4.4.0-1.5.4-android-x86_64.jar, file:/home/thg/.m2/repository/org/bytedeco/opencv/4.4.0-1.5.4/opencv-4.4.0-1.5.4-ios-arm64.jar, file:/home/thg/.m2/repository/org/bytedeco/opencv/4.4.0-1.5.4/opencv-4.4.0-1.5.4-ios-x86_64.jar, file:/home/thg/.m2/repository/org/bytedeco/opencv/4.4.0-1.5.4/opencv-4.4.0-1.5.4-linux-x86.jar, file:/home/thg/.m2/repository/org/bytedeco/opencv/4.4.0-1.5.4/opencv-4.4.0-1.5.4-linux-x86_64.jar, file:/home/thg/.m2/repository/org/bytedeco/opencv/4.4.0-1.5.4/opencv-4.4.0-1.5.4-linux-armhf.jar, file:/home/thg/.m2/repository/org/bytedeco/opencv/4.4.0-1.5.4/opencv-4.4.0-1.5.4-linux-arm64.jar, file:/home/thg/.m2/repository/org/bytedeco/opencv/4.4.0-1.5.4/opencv-4.4.0-1.5.4-linux-ppc64le.jar, file:/home/thg/.m2/repository/org/bytedeco/opencv/4.4.0-1.5.4/opencv-4.4.0-1.5.4-macosx-x86_64.jar, file:/home/thg/.m2/repository/org/bytedeco/opencv/4.4.0-1.5.4/opencv-4.4.0-1.5.4-windows-x86.jar, file:/home/thg/.m2/repository/org/bytedeco/opencv/4.4.0-1.5.4/opencv-4.4.0-1.5.4-windows-x86_64.jar, file:/home/thg/.m2/repository/org/bytedeco/ffmpeg-platform/4.3.1-1.5.4/ffmpeg-platform-4.3.1-1.5.4.jar, file:/home/thg/.m2/repository/org/bytedeco/ffmpeg/4.3.1-1.5.4/ffmpeg-4.3.1-1.5.4-android-arm.jar, file:/home/thg/.m2/repository/org/bytedeco/ffmpeg/4.3.1-1.5.4/ffmpeg-4.3.1-1.5.4-android-arm64.jar, file:/home/thg/.m2/repository/org/bytedeco/ffmpeg/4.3.1-1.5.4/ffmpeg-4.3.1-1.5.4-android-x86.jar, file:/home/thg/.m2/repository/org/bytedeco/ffmpeg/4.3.1-1.5.4/ffmpeg-4.3.1-1.5.4-android-x86_64.jar, file:/home/thg/.m2/repository/org/bytedeco/ffmpeg/4.3.1-1.5.4/ffmpeg-4.3.1-1.5.4-linux-x86.jar, file:/home/thg/.m2/repository/org/bytedeco/ffmpeg/4.3.1-1.5.4/ffmpeg-4.3.1-1.5.4-linux-x86_64.jar, file:/home/thg/.m2/repository/org/bytedeco/ffmpeg/4.3.1-1.5.4/ffmpeg-4.3.1-1.5.4-linux-armhf.jar, file:/home/thg/.m2/repository/org/bytedeco/ffmpeg/4.3.1-1.5.4/ffmpeg-4.3.1-1.5.4-linux-arm64.jar, file:/home/thg/.m2/repository/org/bytedeco/ffmpeg/4.3.1-1.5.4/ffmpeg-4.3.1-1.5.4-linux-ppc64le.jar, file:/home/thg/.m2/repository/org/bytedeco/ffmpeg/4.3.1-1.5.4/ffmpeg-4.3.1-1.5.4-macosx-x86_64.jar, file:/home/thg/.m2/repository/org/bytedeco/ffmpeg/4.3.1-1.5.4/ffmpeg-4.3.1-1.5.4-windows-x86.jar, file:/home/thg/.m2/repository/org/bytedeco/ffmpeg/4.3.1-1.5.4/ffmpeg-4.3.1-1.5.4-windows-x86_64.jar, file:/home/thg/.m2/repository/org/bytedeco/flycapture-platform/2.13.3.31-1.5.4/flycapture-platform-2.13.3.31-1.5.4.jar, file:/home/thg/.m2/repository/org/bytedeco/flycapture/2.13.3.31-1.5.4/flycapture-2.13.3.31-1.5.4-linux-x86.jar, file:/home/thg/.m2/repository/org/bytedeco/flycapture/2.13.3.31-1.5.4/flycapture-2.13.3.31-1.5.4-linux-x86_64.jar, file:/home/thg/.m2/repository/org/bytedeco/flycapture/2.13.3.31-1.5.4/flycapture-2.13.3.31-1.5.4-linux-armhf.jar, file:/home/thg/.m2/repository/org/bytedeco/flycapture/2.13.3.31-1.5.4/flycapture-2.13.3.31-1.5.4-linux-arm64.jar, file:/home/thg/.m2/repository/org/bytedeco/flycapture/2.13.3.31-1.5.4/flycapture-2.13.3.31-1.5.4-windows-x86.jar, file:/home/thg/.m2/repository/org/bytedeco/flycapture/2.13.3.31-1.5.4/flycapture-2.13.3.31-1.5.4-windows-x86_64.jar, file:/home/thg/.m2/repository/org/bytedeco/libdc1394-platform/2.2.6-1.5.4/libdc1394-platform-2.2.6-1.5.4.jar, file:/home/thg/.m2/repository/org/bytedeco/libdc1394/2.2.6-1.5.4/libdc1394-2.2.6-1.5.4-linux-x86.jar, file:/home/thg/.m2/repository/org/bytedeco/libdc1394/2.2.6-1.5.4/libdc1394-2.2.6-1.5.4-linux-x86_64.jar, file:/home/thg/.m2/repository/org/bytedeco/libdc1394/2.2.6-1.5.4/libdc1394-2.2.6-1.5.4-linux-armhf.jar, file:/home/thg/.m2/repository/org/bytedeco/libdc1394/2.2.6-1.5.4/libdc1394-2.2.6-1.5.4-linux-arm64.jar, file:/home/thg/.m2/repository/org/bytedeco/libdc1394/2.2.6-1.5.4/libdc1394-2.2.6-1.5.4-linux-ppc64le.jar, file:/home/thg/.m2/repository/org/bytedeco/libdc1394/2.2.6-1.5.4/libdc1394-2.2.6-1.5.4-macosx-x86_64.jar, file:/home/thg/.m2/repository/org/bytedeco/libdc1394/2.2.6-1.5.4/libdc1394-2.2.6-1.5.4-windows-x86.jar, file:/home/thg/.m2/repository/org/bytedeco/libdc1394/2.2.6-1.5.4/libdc1394-2.2.6-1.5.4-windows-x86_64.jar, file:/home/thg/.m2/repository/org/bytedeco/libfreenect-platform/0.5.7-1.5.4/libfreenect-platform-0.5.7-1.5.4.jar, file:/home/thg/.m2/repository/org/bytedeco/libfreenect/0.5.7-1.5.4/libfreenect-0.5.7-1.5.4-linux-x86.jar, file:/home/thg/.m2/repository/org/bytedeco/libfreenect/0.5.7-1.5.4/libfreenect-0.5.7-1.5.4-linux-x86_64.jar, file:/home/thg/.m2/repository/org/bytedeco/libfreenect/0.5.7-1.5.4/libfreenect-0.5.7-1.5.4-linux-armhf.jar, file:/home/thg/.m2/repository/org/bytedeco/libfreenect/0.5.7-1.5.4/libfreenect-0.5.7-1.5.4-linux-arm64.jar, file:/home/thg/.m2/repository/org/bytedeco/libfreenect/0.5.7-1.5.4/libfreenect-0.5.7-1.5.4-linux-ppc64le.jar, file:/home/thg/.m2/repository/org/bytedeco/libfreenect/0.5.7-1.5.4/libfreenect-0.5.7-1.5.4-macosx-x86_64.jar, file:/home/thg/.m2/repository/org/bytedeco/libfreenect/0.5.7-1.5.4/libfreenect-0.5.7-1.5.4-windows-x86.jar, file:/home/thg/.m2/repository/org/bytedeco/libfreenect/0.5.7-1.5.4/libfreenect-0.5.7-1.5.4-windows-x86_64.jar, file:/home/thg/.m2/repository/org/bytedeco/libfreenect2-platform/0.2.0-1.5.4/libfreenect2-platform-0.2.0-1.5.4.jar, file:/home/thg/.m2/repository/org/bytedeco/libfreenect2/0.2.0-1.5.4/libfreenect2-0.2.0-1.5.4-linux-x86.jar, file:/home/thg/.m2/repository/org/bytedeco/libfreenect2/0.2.0-1.5.4/libfreenect2-0.2.0-1.5.4-linux-x86_64.jar, file:/home/thg/.m2/repository/org/bytedeco/libfreenect2/0.2.0-1.5.4/libfreenect2-0.2.0-1.5.4-macosx-x86_64.jar, file:/home/thg/.m2/repository/org/bytedeco/libfreenect2/0.2.0-1.5.4/libfreenect2-0.2.0-1.5.4-windows-x86_64.jar, file:/home/thg/.m2/repository/org/bytedeco/librealsense-platform/1.12.4-1.5.4/librealsense-platform-1.12.4-1.5.4.jar, file:/home/thg/.m2/repository/org/bytedeco/librealsense/1.12.4-1.5.4/librealsense-1.12.4-1.5.4-linux-x86.jar, file:/home/thg/.m2/repository/org/bytedeco/librealsense/1.12.4-1.5.4/librealsense-1.12.4-1.5.4-linux-x86_64.jar, file:/home/thg/.m2/repository/org/bytedeco/librealsense/1.12.4-1.5.4/librealsense-1.12.4-1.5.4-macosx-x86_64.jar, file:/home/thg/.m2/repository/org/bytedeco/librealsense/1.12.4-1.5.4/librealsense-1.12.4-1.5.4-windows-x86.jar, file:/home/thg/.m2/repository/org/bytedeco/librealsense/1.12.4-1.5.4/librealsense-1.12.4-1.5.4-windows-x86_64.jar, file:/home/thg/.m2/repository/org/bytedeco/librealsense2-platform/2.29.0-1.5.4/librealsense2-platform-2.29.0-1.5.4.jar, file:/home/thg/.m2/repository/org/bytedeco/librealsense2/2.29.0-1.5.4/librealsense2-2.29.0-1.5.4-linux-x86.jar, file:/home/thg/.m2/repository/org/bytedeco/librealsense2/2.29.0-1.5.4/librealsense2-2.29.0-1.5.4-linux-x86_64.jar, file:/home/thg/.m2/repository/org/bytedeco/librealsense2/2.29.0-1.5.4/librealsense2-2.29.0-1.5.4-macosx-x86_64.jar, file:/home/thg/.m2/repository/org/bytedeco/librealsense2/2.29.0-1.5.4/librealsense2-2.29.0-1.5.4-windows-x86.jar, file:/home/thg/.m2/repository/org/bytedeco/librealsense2/2.29.0-1.5.4/librealsense2-2.29.0-1.5.4-windows-x86_64.jar, file:/home/thg/.m2/repository/org/bytedeco/videoinput-platform/0.200-1.5.4/videoinput-platform-0.200-1.5.4.jar, file:/home/thg/.m2/repository/org/bytedeco/videoinput/0.200-1.5.4/videoinput-0.200-1.5.4-windows-x86.jar, file:/home/thg/.m2/repository/org/bytedeco/videoinput/0.200-1.5.4/videoinput-0.200-1.5.4-windows-x86_64.jar, file:/home/thg/.m2/repository/org/bytedeco/artoolkitplus-platform/2.3.1-1.5.4/artoolkitplus-platform-2.3.1-1.5.4.jar, file:/home/thg/.m2/repository/org/bytedeco/artoolkitplus/2.3.1-1.5.4/artoolkitplus-2.3.1-1.5.4-android-arm.jar, file:/home/thg/.m2/repository/org/bytedeco/artoolkitplus/2.3.1-1.5.4/artoolkitplus-2.3.1-1.5.4-android-arm64.jar, file:/home/thg/.m2/repository/org/bytedeco/artoolkitplus/2.3.1-1.5.4/artoolkitplus-2.3.1-1.5.4-android-x86.jar, file:/home/thg/.m2/repository/org/bytedeco/artoolkitplus/2.3.1-1.5.4/artoolkitplus-2.3.1-1.5.4-android-x86_64.jar, file:/home/thg/.m2/repository/org/bytedeco/artoolkitplus/2.3.1-1.5.4/artoolkitplus-2.3.1-1.5.4-linux-x86.jar, file:/home/thg/.m2/repository/org/bytedeco/artoolkitplus/2.3.1-1.5.4/artoolkitplus-2.3.1-1.5.4-linux-x86_64.jar, file:/home/thg/.m2/repository/org/bytedeco/artoolkitplus/2.3.1-1.5.4/artoolkitplus-2.3.1-1.5.4-linux-armhf.jar, file:/home/thg/.m2/repository/org/bytedeco/artoolkitplus/2.3.1-1.5.4/artoolkitplus-2.3.1-1.5.4-linux-arm64.jar, file:/home/thg/.m2/repository/org/bytedeco/artoolkitplus/2.3.1-1.5.4/artoolkitplus-2.3.1-1.5.4-linux-ppc64le.jar, file:/home/thg/.m2/repository/org/bytedeco/artoolkitplus/2.3.1-1.5.4/artoolkitplus-2.3.1-1.5.4-macosx-x86_64.jar, file:/home/thg/.m2/repository/org/bytedeco/artoolkitplus/2.3.1-1.5.4/artoolkitplus-2.3.1-1.5.4-windows-x86.jar, file:/home/thg/.m2/repository/org/bytedeco/artoolkitplus/2.3.1-1.5.4/artoolkitplus-2.3.1-1.5.4-windows-x86_64.jar, file:/home/thg/.m2/repository/org/bytedeco/flandmark-platform/1.07-1.5.4/flandmark-platform-1.07-1.5.4.jar, file:/home/thg/.m2/repository/org/bytedeco/flandmark/1.07-1.5.4/flandmark-1.07-1.5.4-android-arm.jar, file:/home/thg/.m2/repository/org/bytedeco/flandmark/1.07-1.5.4/flandmark-1.07-1.5.4-android-arm64.jar, file:/home/thg/.m2/repository/org/bytedeco/flandmark/1.07-1.5.4/flandmark-1.07-1.5.4-android-x86.jar, file:/home/thg/.m2/repository/org/bytedeco/flandmark/1.07-1.5.4/flandmark-1.07-1.5.4-android-x86_64.jar, file:/home/thg/.m2/repository/org/bytedeco/flandmark/1.07-1.5.4/flandmark-1.07-1.5.4-linux-x86.jar, file:/home/thg/.m2/repository/org/bytedeco/flandmark/1.07-1.5.4/flandmark-1.07-1.5.4-linux-x86_64.jar, file:/home/thg/.m2/repository/org/bytedeco/flandmark/1.07-1.5.4/flandmark-1.07-1.5.4-linux-armhf.jar, file:/home/thg/.m2/repository/org/bytedeco/flandmark/1.07-1.5.4/flandmark-1.07-1.5.4-linux-arm64.jar, file:/home/thg/.m2/repository/org/bytedeco/flandmark/1.07-1.5.4/flandmark-1.07-1.5.4-linux-ppc64le.jar, file:/home/thg/.m2/repository/org/bytedeco/flandmark/1.07-1.5.4/flandmark-1.07-1.5.4-macosx-x86_64.jar, file:/home/thg/.m2/repository/org/bytedeco/flandmark/1.07-1.5.4/flandmark-1.07-1.5.4-windows-x86.jar, file:/home/thg/.m2/repository/org/bytedeco/flandmark/1.07-1.5.4/flandmark-1.07-1.5.4-windows-x86_64.jar, file:/home/thg/.m2/repository/org/bytedeco/leptonica-platform/1.80.0-1.5.4/leptonica-platform-1.80.0-1.5.4.jar, file:/home/thg/.m2/repository/org/bytedeco/leptonica/1.80.0-1.5.4/leptonica-1.80.0-1.5.4-android-arm.jar, file:/home/thg/.m2/repository/org/bytedeco/leptonica/1.80.0-1.5.4/leptonica-1.80.0-1.5.4-android-arm64.jar, file:/home/thg/.m2/repository/org/bytedeco/leptonica/1.80.0-1.5.4/leptonica-1.80.0-1.5.4-android-x86.jar, file:/home/thg/.m2/repository/org/bytedeco/leptonica/1.80.0-1.5.4/leptonica-1.80.0-1.5.4-android-x86_64.jar, file:/home/thg/.m2/repository/org/bytedeco/leptonica/1.80.0-1.5.4/leptonica-1.80.0-1.5.4-linux-x86.jar, file:/home/thg/.m2/repository/org/bytedeco/leptonica/1.80.0-1.5.4/leptonica-1.80.0-1.5.4-linux-x86_64.jar, file:/home/thg/.m2/repository/org/bytedeco/leptonica/1.80.0-1.5.4/leptonica-1.80.0-1.5.4-linux-armhf.jar, file:/home/thg/.m2/repository/org/bytedeco/leptonica/1.80.0-1.5.4/leptonica-1.80.0-1.5.4-linux-arm64.jar, file:/home/thg/.m2/repository/org/bytedeco/leptonica/1.80.0-1.5.4/leptonica-1.80.0-1.5.4-linux-ppc64le.jar, file:/home/thg/.m2/repository/org/bytedeco/leptonica/1.80.0-1.5.4/leptonica-1.80.0-1.5.4-macosx-x86_64.jar, file:/home/thg/.m2/repository/org/bytedeco/leptonica/1.80.0-1.5.4/leptonica-1.80.0-1.5.4-windows-x86.jar, file:/home/thg/.m2/repository/org/bytedeco/leptonica/1.80.0-1.5.4/leptonica-1.80.0-1.5.4-windows-x86_64.jar, file:/home/thg/.m2/repository/org/bytedeco/tesseract-platform/4.1.1-1.5.4/tesseract-platform-4.1.1-1.5.4.jar, file:/home/thg/.m2/repository/org/bytedeco/tesseract/4.1.1-1.5.4/tesseract-4.1.1-1.5.4-android-arm.jar, file:/home/thg/.m2/repository/org/bytedeco/tesseract/4.1.1-1.5.4/tesseract-4.1.1-1.5.4-android-arm64.jar, file:/home/thg/.m2/repository/org/bytedeco/tesseract/4.1.1-1.5.4/tesseract-4.1.1-1.5.4-android-x86.jar, file:/home/thg/.m2/repository/org/bytedeco/tesseract/4.1.1-1.5.4/tesseract-4.1.1-1.5.4-android-x86_64.jar, file:/home/thg/.m2/repository/org/bytedeco/tesseract/4.1.1-1.5.4/tesseract-4.1.1-1.5.4-linux-x86.jar, file:/home/thg/.m2/repository/org/bytedeco/tesseract/4.1.1-1.5.4/tesseract-4.1.1-1.5.4-linux-x86_64.jar, file:/home/thg/.m2/repository/org/bytedeco/tesseract/4.1.1-1.5.4/tesseract-4.1.1-1.5.4-linux-armhf.jar, file:/home/thg/.m2/repository/org/bytedeco/tesseract/4.1.1-1.5.4/tesseract-4.1.1-1.5.4-linux-arm64.jar, file:/home/thg/.m2/repository/org/bytedeco/tesseract/4.1.1-1.5.4/tesseract-4.1.1-1.5.4-linux-ppc64le.jar, file:/home/thg/.m2/repository/org/bytedeco/tesseract/4.1.1-1.5.4/tesseract-4.1.1-1.5.4-macosx-x86_64.jar, file:/home/thg/.m2/repository/org/bytedeco/tesseract/4.1.1-1.5.4/tesseract-4.1.1-1.5.4-windows-x86.jar, file:/home/thg/.m2/repository/org/bytedeco/tesseract/4.1.1-1.5.4/tesseract-4.1.1-1.5.4-windows-x86_64.jar, file:/home/thg/.m2/repository/org/springframework/boot/spring-boot-starter-aop/2.7.5/spring-boot-starter-aop-2.7.5.jar, file:/home/thg/.m2/repository/org/springframework/spring-aop/5.3.23/spring-aop-5.3.23.jar, file:/home/thg/.m2/repository/org/aspectj/aspectjweaver/1.9.7/aspectjweaver-1.9.7.jar, file:/home/thg/.m2/repository/org/projectlombok/lombok/1.18.6/lombok-1.18.6.jar, file:/home/thg/.m2/repository/net/logstash/logback/logstash-logback-encoder/7.3/logstash-logback-encoder-7.3.jar, file:/home/thg/.m2/repository/com/fasterxml/jackson/core/jackson-databind/2.13.4.2/jackson-databind-2.13.4.2.jar, file:/home/thg/.m2/repository/com/fasterxml/jackson/core/jackson-annotations/2.13.4/jackson-annotations-2.13.4.jar, file:/home/thg/.m2/repository/com/fasterxml/jackson/core/jackson-core/2.13.4/jackson-core-2.13.4.jar, file:/home/thg/.m2/repository/org/mybatis/spring/boot/mybatis-spring-boot-starter/1.1.1/mybatis-spring-boot-starter-1.1.1.jar, file:/home/thg/.m2/repository/org/mybatis/spring/boot/mybatis-spring-boot-autoconfigure/1.1.1/mybatis-spring-boot-autoconfigure-1.1.1.jar, file:/home/thg/.m2/repository/org/mybatis/mybatis/3.4.0/mybatis-3.4.0.jar, file:/home/thg/.m2/repository/org/mybatis/mybatis-spring/1.3.0/mybatis-spring-1.3.0.jar, file:/home/thg/.m2/repository/org/springframework/boot/spring-boot-starter-jdbc/2.7.5/spring-boot-starter-jdbc-2.7.5.jar, file:/home/thg/.m2/repository/com/zaxxer/HikariCP/4.0.3/HikariCP-4.0.3.jar, file:/home/thg/.m2/repository/org/springframework/spring-jdbc/5.3.23/spring-jdbc-5.3.23.jar, file:/home/thg/.m2/repository/com/alibaba/fastjson/1.2.30/fastjson-1.2.30.jar, file:/home/thg/.m2/repository/mysql/mysql-connector-java/8.0.28/mysql-connector-java-8.0.28.jar, file:/home/thg/.m2/repository/org/springframework/boot/spring-boot-starter-data-redis/2.7.5/spring-boot-starter-data-redis-2.7.5.jar, file:/home/thg/.m2/repository/org/springframework/data/spring-data-redis/2.7.5/spring-data-redis-2.7.5.jar, file:/home/thg/.m2/repository/org/springframework/data/spring-data-keyvalue/2.7.5/spring-data-keyvalue-2.7.5.jar, file:/home/thg/.m2/repository/org/springframework/data/spring-data-commons/2.7.5/spring-data-commons-2.7.5.jar, file:/home/thg/.m2/repository/org/springframework/spring-tx/5.3.23/spring-tx-5.3.23.jar, file:/home/thg/.m2/repository/org/springframework/spring-oxm/5.3.23/spring-oxm-5.3.23.jar, file:/home/thg/.m2/repository/io/lettuce/lettuce-core/6.1.10.RELEASE/lettuce-core-6.1.10.RELEASE.jar, file:/home/thg/.m2/repository/io/netty/netty-common/4.1.84.Final/netty-common-4.1.84.Final.jar, file:/home/thg/.m2/repository/io/netty/netty-handler/4.1.84.Final/netty-handler-4.1.84.Final.jar, file:/home/thg/.m2/repository/io/netty/netty-resolver/4.1.84.Final/netty-resolver-4.1.84.Final.jar, file:/home/thg/.m2/repository/io/netty/netty-buffer/4.1.84.Final/netty-buffer-4.1.84.Final.jar, file:/home/thg/.m2/repository/io/netty/netty-transport-native-unix-common/4.1.84.Final/netty-transport-native-unix-common-4.1.84.Final.jar, file:/home/thg/.m2/repository/io/netty/netty-codec/4.1.84.Final/netty-codec-4.1.84.Final.jar, file:/home/thg/.m2/repository/io/netty/netty-transport/4.1.84.Final/netty-transport-4.1.84.Final.jar, file:/home/thg/.m2/repository/io/projectreactor/reactor-core/3.4.24/reactor-core-3.4.24.jar, file:/home/thg/.m2/repository/org/reactivestreams/reactive-streams/1.0.4/reactive-streams-1.0.4.jar, file:/home/thg/.m2/repository/redis/clients/jedis/2.9.0/jedis-2.9.0.jar, file:/home/thg/.m2/repository/org/apache/commons/commons-pool2/2.11.1/commons-pool2-2.11.1.jar, file:/home/thg/.m2/repository/org/springframework/boot/spring-boot-configuration-processor/2.7.5/spring-boot-configuration-processor-2.7.5.jar, file:/home/thg/.m2/repository/org/springframework/boot/spring-boot-starter-thymeleaf/2.7.5/spring-boot-starter-thymeleaf-2.7.5.jar, file:/home/thg/.m2/repository/org/thymeleaf/thymeleaf-spring5/3.0.15.RELEASE/thymeleaf-spring5-3.0.15.RELEASE.jar, file:/home/thg/.m2/repository/org/thymeleaf/thymeleaf/3.0.15.RELEASE/thymeleaf-3.0.15.RELEASE.jar, file:/home/thg/.m2/repository/org/attoparser/attoparser/2.0.5.RELEASE/attoparser-2.0.5.RELEASE.jar, file:/home/thg/.m2/repository/org/unbescape/unbescape/1.1.6.RELEASE/unbescape-1.1.6.RELEASE.jar, file:/home/thg/.m2/repository/org/thymeleaf/extras/thymeleaf-extras-java8time/3.0.4.RELEASE/thymeleaf-extras-java8time-3.0.4.RELEASE.jar, file:/home/thg/.m2/repository/net/sourceforge/nekohtml/nekohtml/1.9.22/nekohtml-1.9.22.jar, file:/home/thg/.m2/repository/xerces/xercesImpl/2.11.0/xercesImpl-2.11.0.jar, file:/home/thg/.m2/repository/xml-apis/xml-apis/1.4.01/xml-apis-1.4.01.jar, file:/home/thg/.m2/repository/commons-fileupload/commons-fileupload/1.4/commons-fileupload-1.4.jar, file:/home/thg/.m2/repository/commons-io/commons-io/2.2/commons-io-2.2.jar, file:/home/thg/.m2/repository/cn/hutool/hutool-all/5.7.19/hutool-all-5.7.19.jar, file:/home/thg/.m2/repository/com/google/zxing/core/3.3.3/core-3.3.3.jar, file:/home/thg/.m2/repository/org/springframework/boot/spring-boot-starter-mail/2.7.5/spring-boot-starter-mail-2.7.5.jar, file:/home/thg/.m2/repository/org/springframework/spring-context-support/5.3.23/spring-context-support-5.3.23.jar, file:/home/thg/.m2/repository/com/sun/mail/jakarta.mail/1.6.7/jakarta.mail-1.6.7.jar, file:/home/thg/.m2/repository/com/sun/activation/jakarta.activation/1.2.2/jakarta.activation-1.2.2.jar, file:/home/thg/.m2/repository/com/aliyun/aliyun-java-sdk-dysmsapi/2.2.1/aliyun-java-sdk-dysmsapi-2.2.1.jar, file:/home/thg/.m2/repository/com/google/code/gson/gson/2.9.1/gson-2.9.1.jar, file:/home/thg/.m2/repository/com/aliyun/aliyun-java-sdk-core/4.6.0/aliyun-java-sdk-core-4.6.0.jar, file:/home/thg/.m2/repository/org/apache/httpcomponents/httpcore/4.4.15/httpcore-4.4.15.jar, file:/home/thg/.m2/repository/commons-logging/commons-logging/1.2/commons-logging-1.2.jar, file:/home/thg/.m2/repository/org/apache/commons/commons-lang3/3.12.0/commons-lang3-3.12.0.jar, file:/home/thg/.m2/repository/javax/xml/bind/jaxb-api/2.3.1/jaxb-api-2.3.1.jar, file:/home/thg/.m2/repository/javax/activation/javax.activation-api/1.2.0/javax.activation-api-1.2.0.jar, file:/home/thg/.m2/repository/org/glassfish/jaxb/jaxb-runtime/2.3.7/jaxb-runtime-2.3.7.jar, file:/home/thg/.m2/repository/org/glassfish/jaxb/txw2/2.3.7/txw2-2.3.7.jar, file:/home/thg/.m2/repository/com/sun/istack/istack-commons-runtime/3.0.12/istack-commons-runtime-3.0.12.jar, file:/home/thg/.m2/repository/org/bouncycastle/bcprov-jdk15on/1.70/bcprov-jdk15on-1.70.jar, file:/home/thg/.m2/repository/org/jacoco/org.jacoco.agent/0.8.7/org.jacoco.agent-0.8.7-runtime.jar, file:/home/thg/.m2/repository/org/ini4j/ini4j/0.5.4/ini4j-0.5.4.jar, file:/home/thg/.m2/repository/org/slf4j/slf4j-api/1.7.36/slf4j-api-1.7.36.jar, file:/home/thg/.m2/repository/io/opentracing/opentracing-api/0.33.0/opentracing-api-0.33.0.jar, file:/home/thg/.m2/repository/io/opentracing/opentracing-util/0.33.0/opentracing-util-0.33.0.jar, file:/home/thg/.m2/repository/io/opentracing/opentracing-noop/0.33.0/opentracing-noop-0.33.0.jar, file:/home/thg/.m2/repository/net/sf/json-lib/json-lib/2.4/json-lib-2.4-jdk15.jar, file:/home/thg/.m2/repository/commons-beanutils/commons-beanutils/1.8.0/commons-beanutils-1.8.0.jar, file:/home/thg/.m2/repository/commons-collections/commons-collections/3.2.1/commons-collections-3.2.1.jar, file:/home/thg/.m2/repository/commons-lang/commons-lang/2.5/commons-lang-2.5.jar, file:/home/thg/.m2/repository/net/sf/ezmorph/ezmorph/1.0.6/ezmorph-1.0.6.jar, file:/home/thg/.m2/repository/com/github/pagehelper/pagehelper-spring-boot-starter/1.4.1/pagehelper-spring-boot-starter-1.4.1.jar, file:/home/thg/.m2/repository/com/github/pagehelper/pagehelper-spring-boot-autoconfigure/1.4.1/pagehelper-spring-boot-autoconfigure-1.4.1.jar, file:/home/thg/.m2/repository/com/github/pagehelper/pagehelper/5.3.0/pagehelper-5.3.0.jar, file:/home/thg/.m2/repository/com/github/jsqlparser/jsqlparser/4.2/jsqlparser-4.2.jar, file:/home/thg/.m2/repository/io/netty/netty-all/4.1.68.Final/netty-all-4.1.68.Final.jar, file:/home/thg/.m2/repository/net/java/dev/jna/jna/5.12.1/jna-5.12.1.jar, file:/home/thg/.m2/repository/net/java/dev/jna/jna-platform/5.13.0/jna-platform-5.13.0.jar, file:/home/thg/.m2/repository/org/apache/httpcomponents/httpclient/4.5.6/httpclient-4.5.6.jar, file:/home/thg/.m2/repository/commons-codec/commons-codec/1.15/commons-codec-1.15.jar, file:/home/thg/idea-IU-222.4345.14/lib/idea_rt.jar])
		at com.sun.jna.Native.extractFromResourcePath(Native.java:1145)
		at com.sun.jna.NativeLibrary.loadLibrary(NativeLibrary.java:281)
		... 36 common frames omitted
2024-07-30 16:51:41.937 [,] [scheduling-1] ERROR o.s.s.s.TaskUtils$LoggingErrorHandler - [handleError,95] - Unexpected error occurred in scheduled task
java.lang.InterruptedException: null
	at java.util.concurrent.FutureTask.awaitDone(FutureTask.java:404)
	at java.util.concurrent.FutureTask.get(FutureTask.java:191)
	at com.shark.aio.base.controller.InitFFmpeg.monitorFfmpegProcess(InitFFmpeg.java:108)
	at com.shark.aio.base.controller.InitFFmpeg$$FastClassBySpringCGLIB$$6f28da27.invoke(<generated>)
	at org.springframework.cglib.proxy.MethodProxy.invoke(MethodProxy.java:218)
	at org.springframework.aop.framework.CglibAopProxy$CglibMethodInvocation.invokeJoinpoint(CglibAopProxy.java:793)
	at org.springframework.aop.framework.ReflectiveMethodInvocation.proceed(ReflectiveMethodInvocation.java:163)
	at org.springframework.aop.framework.CglibAopProxy$CglibMethodInvocation.proceed(CglibAopProxy.java:763)
	at org.springframework.aop.framework.adapter.MethodBeforeAdviceInterceptor.invoke(MethodBeforeAdviceInterceptor.java:58)
	at org.springframework.aop.framework.ReflectiveMethodInvocation.proceed(ReflectiveMethodInvocation.java:186)
	at org.springframework.aop.framework.CglibAopProxy$CglibMethodInvocation.proceed(CglibAopProxy.java:763)
	at org.springframework.aop.interceptor.ExposeInvocationInterceptor.invoke(ExposeInvocationInterceptor.java:97)
	at org.springframework.aop.framework.ReflectiveMethodInvocation.proceed(ReflectiveMethodInvocation.java:186)
	at org.springframework.aop.framework.CglibAopProxy$CglibMethodInvocation.proceed(CglibAopProxy.java:763)
	at org.springframework.aop.framework.CglibAopProxy$DynamicAdvisedInterceptor.intercept(CglibAopProxy.java:708)
	at com.shark.aio.base.controller.InitFFmpeg$$EnhancerBySpringCGLIB$$33d3a86.monitorFfmpegProcess(<generated>)
	at sun.reflect.NativeMethodAccessorImpl.invoke0(Native Method)
	at sun.reflect.NativeMethodAccessorImpl.invoke(NativeMethodAccessorImpl.java:62)
	at sun.reflect.DelegatingMethodAccessorImpl.invoke(DelegatingMethodAccessorImpl.java:43)
	at java.lang.reflect.Method.invoke(Method.java:498)
	at org.springframework.scheduling.support.ScheduledMethodRunnable.run(ScheduledMethodRunnable.java:84)
	at org.springframework.scheduling.support.DelegatingErrorHandlingRunnable.run(DelegatingErrorHandlingRunnable.java:54)
	at org.springframework.scheduling.concurrent.ReschedulingRunnable.run(ReschedulingRunnable.java:95)
	at java.util.concurrent.Executors$RunnableAdapter.call(Executors.java:511)
	at java.util.concurrent.FutureTask.run(FutureTask.java:266)
	at java.util.concurrent.ScheduledThreadPoolExecutor$ScheduledFutureTask.access$201(ScheduledThreadPoolExecutor.java:180)
	at java.util.concurrent.ScheduledThreadPoolExecutor$ScheduledFutureTask.run(ScheduledThreadPoolExecutor.java:293)
	at java.util.concurrent.ThreadPoolExecutor.runWorker(ThreadPoolExecutor.java:1149)
	at java.util.concurrent.ThreadPoolExecutor$Worker.run(ThreadPoolExecutor.java:624)
	at java.lang.Thread.run(Thread.java:750)
