2024-08-30 09:04:43.300 [,] [main] INFO  c.s.a.AIOCompanyApplication - [logStarting,55] - Starting AIOCompanyApplication using Java 1.8.0_411 on DESKTOP-0QJEBFD with PID 20772 (E:\AIO_2024.08.16\AIO - 副本 - 测试\AIO-company\target\classes started by neko in E:\AIO_2024.08.16\AIO - 副本 - 测试\AIO-company)
2024-08-30 09:04:43.302 [,] [main] INFO  c.s.a.AIOCompanyApplication - [logStartupProfileInfo,634] - No active profile set, falling back to 1 default profile: "default"
2024-08-30 09:04:45.082 [,] [main] INFO  o.a.c.h.Http11NioProtocol - [log,173] - Initializing ProtocolHandler ["http-nio-127.0.0.1-8089"]
2024-08-30 09:04:45.082 [,] [main] INFO  o.a.c.c.StandardService - [log,173] - Starting service [Tomcat]
2024-08-30 09:04:45.087 [,] [main] INFO  o.a.c.c.StandardEngine - [log,173] - Starting Servlet engine: [Apache Tomcat/9.0.68]
2024-08-30 09:04:45.212 [,] [main] INFO  o.a.c.c.C.[.[.[/] - [log,173] - Initializing Spring embedded WebApplicationContext
2024-08-30 09:04:45.433 [,] [main] INFO  o.h.j.i.u.LogHelper - [logPersistenceUnitInformation,31] - HHH000204: Processing PersistenceUnitInfo [name: default]
2024-08-30 09:04:45.476 [,] [main] INFO  o.hibernate.Version - [logVersion,44] - HHH000412: Hibernate ORM core version 5.6.12.Final
2024-08-30 09:04:45.589 [,] [main] INFO  o.h.a.common.Version - [<clinit>,56] - HCANN000001: Hibernate Commons Annotations {5.1.2.Final}
2024-08-30 09:04:45.665 [,] [main] INFO  c.z.h.HikariDataSource - [getConnection,110] - HikariPool-1 - Starting...
2024-08-30 09:04:45.811 [,] [main] INFO  c.z.h.HikariDataSource - [getConnection,123] - HikariPool-1 - Start completed.
2024-08-30 09:04:45.826 [,] [main] INFO  o.h.dialect.Dialect - [<init>,175] - HHH000400: Using dialect: org.hibernate.dialect.MySQL8Dialect
2024-08-30 09:04:46.487 [,] [main] INFO  o.h.e.t.j.p.i.JtaPlatformInitiator - [initiateService,52] - HHH000490: Using JtaPlatform implementation: [org.hibernate.engine.transaction.jta.platform.internal.NoJtaPlatform]
2024-08-30 09:04:48.386 [,] [main] INFO  User_Operation - [User_Operationlog,20] - After User_Operation method: initFFmpeg
2024-08-30 09:04:49.000 [,] [main] INFO  o.a.c.h.Http11NioProtocol - [log,173] - Starting ProtocolHandler ["http-nio-127.0.0.1-8089"]
2024-08-30 09:04:49.072 [,] [main] INFO  c.s.a.AIOCompanyApplication - [logStarted,61] - Started AIOCompanyApplication in 6.135 seconds (JVM running for 7.26)
2024-08-30 09:04:49.073 [,] [main] INFO  User_Operation - [User_Operationlog,20] - After User_Operation method: onApplicationEvent
2024-08-30 09:04:50.000 [,] [scheduling-1] INFO  User_Operation - [User_Operationlog,20] - After User_Operation method: monitorFfmpegProcess
2024-08-30 09:05:00.013 [,] [scheduling-1] INFO  User_Operation - [User_Operationlog,20] - After User_Operation method: monitorFfmpegProcess
2024-08-30 09:05:10.015 [,] [scheduling-1] INFO  User_Operation - [User_Operationlog,20] - After User_Operation method: monitorFfmpegProcess
2024-08-30 09:05:20.010 [,] [scheduling-1] INFO  User_Operation - [User_Operationlog,20] - After User_Operation method: monitorFfmpegProcess
2024-08-30 09:05:30.014 [,] [scheduling-1] INFO  User_Operation - [User_Operationlog,20] - After User_Operation method: monitorFfmpegProcess
2024-08-30 09:05:40.002 [,] [scheduling-1] INFO  User_Operation - [User_Operationlog,20] - After User_Operation method: monitorFfmpegProcess
2024-08-30 09:06:44.852 [,] [redisMessageListenerContainer-2] INFO  User_Operation - [User_Operationlog,20] - After User_Operation method: getInformation
2024-08-30 09:06:44.852 [,] [redisMessageListenerContainer-1] INFO  User_Operation - [User_Operationlog,20] - After User_Operation method: getInformation
2024-08-30 09:06:48.970 [,] [redisMessageListenerContainer-3] INFO  User_Operation - [User_Operationlog,20] - After User_Operation method: getInformation
2024-08-30 09:06:48.970 [,] [redisMessageListenerContainer-4] INFO  User_Operation - [User_Operationlog,20] - After User_Operation method: getInformation
2024-08-30 09:07:04.732 [,] [redisMessageListenerContainer-5] INFO  User_Operation - [User_Operationlog,20] - After User_Operation method: getInformation
2024-08-30 09:07:04.732 [,] [redisMessageListenerContainer-6] INFO  User_Operation - [User_Operationlog,20] - After User_Operation method: getInformation
2024-08-30 09:07:25.210 [,] [redisMessageListenerContainer-7] INFO  User_Operation - [User_Operationlog,20] - After User_Operation method: getInformation
2024-08-30 09:07:25.211 [,] [redisMessageListenerContainer-8] INFO  User_Operation - [User_Operationlog,20] - After User_Operation method: getInformation
2024-08-30 09:07:31.336 [,] [redisMessageListenerContainer-10] INFO  User_Operation - [User_Operationlog,20] - After User_Operation method: getInformation
2024-08-30 09:07:31.336 [,] [redisMessageListenerContainer-9] INFO  User_Operation - [User_Operationlog,20] - After User_Operation method: getInformation
2024-08-30 09:07:40.610 [,] [redisMessageListenerContainer-11] INFO  User_Operation - [User_Operationlog,20] - After User_Operation method: getInformation
2024-08-30 09:07:40.616 [,] [redisMessageListenerContainer-12] INFO  User_Operation - [User_Operationlog,20] - After User_Operation method: getInformation
2024-08-30 09:09:22.164 [,] [SpringApplicationShutdownHook] INFO  c.z.h.HikariDataSource - [close,350] - HikariPool-1 - Shutdown initiated...
2024-08-30 09:09:22.179 [,] [SpringApplicationShutdownHook] INFO  c.z.h.HikariDataSource - [close,352] - HikariPool-1 - Shutdown completed.
2024-08-30 09:09:29.544 [,] [main] INFO  c.s.a.AIOCompanyApplication - [logStarting,55] - Starting AIOCompanyApplication using Java 1.8.0_411 on DESKTOP-0QJEBFD with PID 12768 (E:\AIO_2024.08.16\AIO - 副本 - 测试\AIO-company\target\classes started by neko in E:\AIO_2024.08.16\AIO - 副本 - 测试\AIO-company)
2024-08-30 09:09:29.547 [,] [main] INFO  c.s.a.AIOCompanyApplication - [logStartupProfileInfo,634] - No active profile set, falling back to 1 default profile: "default"
2024-08-30 09:09:30.976 [,] [main] INFO  o.a.c.h.Http11NioProtocol - [log,173] - Initializing ProtocolHandler ["http-nio-127.0.0.1-8089"]
2024-08-30 09:09:30.976 [,] [main] INFO  o.a.c.c.StandardService - [log,173] - Starting service [Tomcat]
2024-08-30 09:09:30.976 [,] [main] INFO  o.a.c.c.StandardEngine - [log,173] - Starting Servlet engine: [Apache Tomcat/9.0.68]
2024-08-30 09:09:31.088 [,] [main] INFO  o.a.c.c.C.[.[.[/] - [log,173] - Initializing Spring embedded WebApplicationContext
2024-08-30 09:09:31.254 [,] [main] INFO  o.h.j.i.u.LogHelper - [logPersistenceUnitInformation,31] - HHH000204: Processing PersistenceUnitInfo [name: default]
2024-08-30 09:09:31.283 [,] [main] INFO  o.hibernate.Version - [logVersion,44] - HHH000412: Hibernate ORM core version 5.6.12.Final
2024-08-30 09:09:31.376 [,] [main] INFO  o.h.a.common.Version - [<clinit>,56] - HCANN000001: Hibernate Commons Annotations {5.1.2.Final}
2024-08-30 09:09:31.442 [,] [main] INFO  c.z.h.HikariDataSource - [getConnection,110] - HikariPool-1 - Starting...
2024-08-30 09:09:31.531 [,] [main] INFO  c.z.h.HikariDataSource - [getConnection,123] - HikariPool-1 - Start completed.
2024-08-30 09:09:31.540 [,] [main] INFO  o.h.dialect.Dialect - [<init>,175] - HHH000400: Using dialect: org.hibernate.dialect.MySQL8Dialect
2024-08-30 09:09:31.994 [,] [main] INFO  o.h.e.t.j.p.i.JtaPlatformInitiator - [initiateService,52] - HHH000490: Using JtaPlatform implementation: [org.hibernate.engine.transaction.jta.platform.internal.NoJtaPlatform]
2024-08-30 09:09:33.798 [,] [main] INFO  User_Operation - [User_Operationlog,20] - After User_Operation method: initFFmpeg
2024-08-30 09:09:34.365 [,] [main] INFO  o.a.c.h.Http11NioProtocol - [log,173] - Starting ProtocolHandler ["http-nio-127.0.0.1-8089"]
2024-08-30 09:09:34.428 [,] [main] INFO  c.s.a.AIOCompanyApplication - [logStarted,61] - Started AIOCompanyApplication in 5.185 seconds (JVM running for 6.23)
2024-08-30 09:09:34.428 [,] [main] INFO  User_Operation - [User_Operationlog,20] - After User_Operation method: onApplicationEvent
2024-08-30 09:09:40.006 [,] [scheduling-1] INFO  User_Operation - [User_Operationlog,20] - After User_Operation method: monitorFfmpegProcess
2024-08-30 09:09:50.003 [,] [scheduling-1] INFO  User_Operation - [User_Operationlog,20] - After User_Operation method: monitorFfmpegProcess
2024-08-30 09:10:00.006 [,] [scheduling-1] INFO  User_Operation - [User_Operationlog,20] - After User_Operation method: monitorFfmpegProcess
2024-08-30 09:10:10.013 [,] [scheduling-1] INFO  User_Operation - [User_Operationlog,20] - After User_Operation method: monitorFfmpegProcess
2024-08-30 09:11:14.279 [,] [redisMessageListenerContainer-2] INFO  User_Operation - [User_Operationlog,20] - After User_Operation method: getInformation
2024-08-30 09:11:14.279 [,] [redisMessageListenerContainer-1] INFO  User_Operation - [User_Operationlog,20] - After User_Operation method: getInformation
2024-08-30 09:11:18.303 [,] [redisMessageListenerContainer-4] INFO  User_Operation - [User_Operationlog,20] - After User_Operation method: getInformation
2024-08-30 09:11:18.303 [,] [redisMessageListenerContainer-3] INFO  User_Operation - [User_Operationlog,20] - After User_Operation method: getInformation
2024-08-30 09:11:26.284 [,] [redisMessageListenerContainer-6] INFO  User_Operation - [User_Operationlog,20] - After User_Operation method: getInformation
2024-08-30 09:11:26.284 [,] [redisMessageListenerContainer-5] INFO  User_Operation - [User_Operationlog,20] - After User_Operation method: getInformation
2024-08-30 09:11:30.240 [,] [redisMessageListenerContainer-7] INFO  User_Operation - [User_Operationlog,20] - After User_Operation method: getInformation
2024-08-30 09:11:30.240 [,] [redisMessageListenerContainer-8] INFO  User_Operation - [User_Operationlog,20] - After User_Operation method: getInformation
2024-08-30 09:11:42.095 [,] [redisMessageListenerContainer-9] INFO  User_Operation - [User_Operationlog,20] - After User_Operation method: getInformation
2024-08-30 09:11:42.096 [,] [redisMessageListenerContainer-10] INFO  User_Operation - [User_Operationlog,20] - After User_Operation method: getInformation
2024-08-30 09:11:50.094 [,] [redisMessageListenerContainer-11] INFO  User_Operation - [User_Operationlog,20] - After User_Operation method: getInformation
2024-08-30 09:11:50.094 [,] [redisMessageListenerContainer-12] INFO  User_Operation - [User_Operationlog,20] - After User_Operation method: getInformation
2024-08-30 09:12:05.905 [,] [redisMessageListenerContainer-14] INFO  User_Operation - [User_Operationlog,20] - After User_Operation method: getInformation
2024-08-30 09:12:05.905 [,] [redisMessageListenerContainer-13] INFO  User_Operation - [User_Operationlog,20] - After User_Operation method: getInformation
2024-08-30 09:12:22.121 [,] [redisMessageListenerContainer-15] INFO  User_Operation - [User_Operationlog,20] - After User_Operation method: getInformation
2024-08-30 09:12:22.122 [,] [redisMessageListenerContainer-16] INFO  User_Operation - [User_Operationlog,20] - After User_Operation method: getInformation
2024-08-30 09:12:58.072 [,] [redisMessageListenerContainer-17] INFO  User_Operation - [User_Operationlog,20] - After User_Operation method: getInformation
2024-08-30 09:12:58.072 [,] [redisMessageListenerContainer-18] INFO  User_Operation - [User_Operationlog,20] - After User_Operation method: getInformation
2024-08-30 09:14:24.363 [,] [SpringApplicationShutdownHook] INFO  c.z.h.HikariDataSource - [close,350] - HikariPool-1 - Shutdown initiated...
2024-08-30 09:14:24.368 [,] [SpringApplicationShutdownHook] INFO  c.z.h.HikariDataSource - [close,352] - HikariPool-1 - Shutdown completed.
2024-08-30 09:14:32.858 [,] [main] INFO  c.s.a.AIOCompanyApplication - [logStarting,55] - Starting AIOCompanyApplication using Java 1.8.0_411 on DESKTOP-0QJEBFD with PID 5132 (E:\AIO_2024.08.16\AIO - 副本 - 测试\AIO-company\target\classes started by neko in E:\AIO_2024.08.16\AIO - 副本 - 测试\AIO-company)
2024-08-30 09:14:32.892 [,] [main] INFO  c.s.a.AIOCompanyApplication - [logStartupProfileInfo,634] - No active profile set, falling back to 1 default profile: "default"
2024-08-30 09:14:34.765 [,] [main] INFO  o.a.c.h.Http11NioProtocol - [log,173] - Initializing ProtocolHandler ["http-nio-127.0.0.1-8089"]
2024-08-30 09:14:34.765 [,] [main] INFO  o.a.c.c.StandardService - [log,173] - Starting service [Tomcat]
2024-08-30 09:14:34.765 [,] [main] INFO  o.a.c.c.StandardEngine - [log,173] - Starting Servlet engine: [Apache Tomcat/9.0.68]
2024-08-30 09:14:34.876 [,] [main] INFO  o.a.c.c.C.[.[.[/] - [log,173] - Initializing Spring embedded WebApplicationContext
2024-08-30 09:14:35.048 [,] [main] INFO  o.h.j.i.u.LogHelper - [logPersistenceUnitInformation,31] - HHH000204: Processing PersistenceUnitInfo [name: default]
2024-08-30 09:14:35.082 [,] [main] INFO  o.hibernate.Version - [logVersion,44] - HHH000412: Hibernate ORM core version 5.6.12.Final
2024-08-30 09:14:35.177 [,] [main] INFO  o.h.a.common.Version - [<clinit>,56] - HCANN000001: Hibernate Commons Annotations {5.1.2.Final}
2024-08-30 09:14:35.243 [,] [main] INFO  c.z.h.HikariDataSource - [getConnection,110] - HikariPool-1 - Starting...
2024-08-30 09:14:35.341 [,] [main] INFO  c.z.h.HikariDataSource - [getConnection,123] - HikariPool-1 - Start completed.
2024-08-30 09:14:35.350 [,] [main] INFO  o.h.dialect.Dialect - [<init>,175] - HHH000400: Using dialect: org.hibernate.dialect.MySQL8Dialect
2024-08-30 09:14:35.742 [,] [main] INFO  o.h.e.t.j.p.i.JtaPlatformInitiator - [initiateService,52] - HHH000490: Using JtaPlatform implementation: [org.hibernate.engine.transaction.jta.platform.internal.NoJtaPlatform]
2024-08-30 09:14:37.617 [,] [main] INFO  User_Operation - [User_Operationlog,20] - After User_Operation method: initFFmpeg
2024-08-30 09:14:38.166 [,] [main] INFO  o.a.c.h.Http11NioProtocol - [log,173] - Starting ProtocolHandler ["http-nio-127.0.0.1-8089"]
2024-08-30 09:14:38.227 [,] [main] INFO  c.s.a.AIOCompanyApplication - [logStarted,61] - Started AIOCompanyApplication in 5.749 seconds (JVM running for 6.886)
2024-08-30 09:14:38.228 [,] [main] INFO  User_Operation - [User_Operationlog,20] - After User_Operation method: onApplicationEvent
2024-08-30 09:14:40.008 [,] [scheduling-1] INFO  User_Operation - [User_Operationlog,20] - After User_Operation method: monitorFfmpegProcess
2024-08-30 09:14:50.013 [,] [scheduling-1] INFO  User_Operation - [User_Operationlog,20] - After User_Operation method: monitorFfmpegProcess
2024-08-30 09:15:00.017 [,] [scheduling-1] INFO  User_Operation - [User_Operationlog,20] - After User_Operation method: monitorFfmpegProcess
2024-08-30 09:15:10.014 [,] [scheduling-1] INFO  User_Operation - [User_Operationlog,20] - After User_Operation method: monitorFfmpegProcess
2024-08-30 09:16:22.994 [,] [http-nio-127.0.0.1-8089-exec-1] INFO  o.a.c.c.C.[.[.[/] - [log,173] - Initializing Spring DispatcherServlet 'dispatcherServlet'
2024-08-30 09:16:23.017 [,] [http-nio-127.0.0.1-8089-exec-1] INFO  User_Operation - [User_Operationlog,20] - After User_Operation method: AIO
2024-08-30 09:16:23.023 [,] [redisMessageListenerContainer-1] INFO  User_Operation - [User_Operationlog,20] - After User_Operation method: getInformation
2024-08-30 09:16:23.023 [,] [redisMessageListenerContainer-2] INFO  User_Operation - [User_Operationlog,20] - After User_Operation method: getInformation
2024-08-30 09:16:31.094 [,] [redisMessageListenerContainer-3] INFO  User_Operation - [User_Operationlog,20] - After User_Operation method: getInformation
2024-08-30 09:16:31.094 [,] [redisMessageListenerContainer-4] INFO  User_Operation - [User_Operationlog,20] - After User_Operation method: getInformation
2024-08-30 09:16:43.027 [,] [redisMessageListenerContainer-5] INFO  User_Operation - [User_Operationlog,20] - After User_Operation method: getInformation
2024-08-30 09:16:43.028 [,] [redisMessageListenerContainer-6] INFO  User_Operation - [User_Operationlog,20] - After User_Operation method: getInformation
2024-08-30 09:16:45.988 [,] [redisMessageListenerContainer-7] INFO  User_Operation - [User_Operationlog,20] - After User_Operation method: getInformation
2024-08-30 09:16:45.989 [,] [redisMessageListenerContainer-8] INFO  User_Operation - [User_Operationlog,20] - After User_Operation method: getInformation
2024-08-30 09:17:06.223 [,] [redisMessageListenerContainer-10] INFO  User_Operation - [User_Operationlog,20] - After User_Operation method: getInformation
2024-08-30 09:17:06.223 [,] [redisMessageListenerContainer-9] INFO  User_Operation - [User_Operationlog,20] - After User_Operation method: getInformation
2024-08-30 09:17:09.267 [,] [redisMessageListenerContainer-11] INFO  User_Operation - [User_Operationlog,20] - After User_Operation method: getInformation
2024-08-30 09:17:09.267 [,] [redisMessageListenerContainer-12] INFO  User_Operation - [User_Operationlog,20] - After User_Operation method: getInformation
2024-08-30 09:17:24.461 [,] [redisMessageListenerContainer-13] INFO  User_Operation - [User_Operationlog,20] - After User_Operation method: getInformation
2024-08-30 09:17:24.461 [,] [redisMessageListenerContainer-14] INFO  User_Operation - [User_Operationlog,20] - After User_Operation method: getInformation
2024-08-30 09:17:33.557 [,] [redisMessageListenerContainer-16] INFO  User_Operation - [User_Operationlog,20] - After User_Operation method: getInformation
2024-08-30 09:17:33.557 [,] [redisMessageListenerContainer-15] INFO  User_Operation - [User_Operationlog,20] - After User_Operation method: getInformation
2024-08-30 09:18:12.591 [,] [SpringApplicationShutdownHook] INFO  c.z.h.HikariDataSource - [close,350] - HikariPool-1 - Shutdown initiated...
2024-08-30 09:18:12.596 [,] [SpringApplicationShutdownHook] INFO  c.z.h.HikariDataSource - [close,352] - HikariPool-1 - Shutdown completed.
2024-08-30 09:18:19.832 [,] [main] INFO  c.s.a.AIOCompanyApplication - [logStarting,55] - Starting AIOCompanyApplication using Java 1.8.0_411 on DESKTOP-0QJEBFD with PID 24160 (E:\AIO_2024.08.16\AIO - 副本 - 测试\AIO-company\target\classes started by neko in E:\AIO_2024.08.16\AIO - 副本 - 测试\AIO-company)
2024-08-30 09:18:19.835 [,] [main] INFO  c.s.a.AIOCompanyApplication - [logStartupProfileInfo,634] - No active profile set, falling back to 1 default profile: "default"
2024-08-30 09:18:21.293 [,] [main] INFO  o.a.c.h.Http11NioProtocol - [log,173] - Initializing ProtocolHandler ["http-nio-127.0.0.1-8089"]
2024-08-30 09:18:21.293 [,] [main] INFO  o.a.c.c.StandardService - [log,173] - Starting service [Tomcat]
2024-08-30 09:18:21.293 [,] [main] INFO  o.a.c.c.StandardEngine - [log,173] - Starting Servlet engine: [Apache Tomcat/9.0.68]
2024-08-30 09:18:21.409 [,] [main] INFO  o.a.c.c.C.[.[.[/] - [log,173] - Initializing Spring embedded WebApplicationContext
2024-08-30 09:18:21.578 [,] [main] INFO  o.h.j.i.u.LogHelper - [logPersistenceUnitInformation,31] - HHH000204: Processing PersistenceUnitInfo [name: default]
2024-08-30 09:18:21.607 [,] [main] INFO  o.hibernate.Version - [logVersion,44] - HHH000412: Hibernate ORM core version 5.6.12.Final
2024-08-30 09:18:21.694 [,] [main] INFO  o.h.a.common.Version - [<clinit>,56] - HCANN000001: Hibernate Commons Annotations {5.1.2.Final}
2024-08-30 09:18:21.750 [,] [main] INFO  c.z.h.HikariDataSource - [getConnection,110] - HikariPool-1 - Starting...
2024-08-30 09:18:21.839 [,] [main] INFO  c.z.h.HikariDataSource - [getConnection,123] - HikariPool-1 - Start completed.
2024-08-30 09:18:21.847 [,] [main] INFO  o.h.dialect.Dialect - [<init>,175] - HHH000400: Using dialect: org.hibernate.dialect.MySQL8Dialect
2024-08-30 09:18:22.245 [,] [main] INFO  o.h.e.t.j.p.i.JtaPlatformInitiator - [initiateService,52] - HHH000490: Using JtaPlatform implementation: [org.hibernate.engine.transaction.jta.platform.internal.NoJtaPlatform]
2024-08-30 09:18:24.065 [,] [main] INFO  User_Operation - [User_Operationlog,20] - After User_Operation method: initFFmpeg
2024-08-30 09:18:24.595 [,] [main] INFO  o.a.c.h.Http11NioProtocol - [log,173] - Starting ProtocolHandler ["http-nio-127.0.0.1-8089"]
2024-08-30 09:18:24.658 [,] [main] INFO  c.s.a.AIOCompanyApplication - [logStarted,61] - Started AIOCompanyApplication in 5.149 seconds (JVM running for 6.23)
2024-08-30 09:18:24.658 [,] [main] INFO  User_Operation - [User_Operationlog,20] - After User_Operation method: onApplicationEvent
2024-08-30 09:18:30.003 [,] [scheduling-1] INFO  User_Operation - [User_Operationlog,20] - After User_Operation method: monitorFfmpegProcess
2024-08-30 09:18:40.012 [,] [scheduling-1] INFO  User_Operation - [User_Operationlog,20] - After User_Operation method: monitorFfmpegProcess
2024-08-30 09:18:50.013 [,] [scheduling-1] INFO  User_Operation - [User_Operationlog,20] - After User_Operation method: monitorFfmpegProcess
2024-08-30 09:19:00.006 [,] [scheduling-1] INFO  User_Operation - [User_Operationlog,20] - After User_Operation method: monitorFfmpegProcess
2024-08-30 09:20:14.683 [,] [redisMessageListenerContainer-1] INFO  User_Operation - [User_Operationlog,20] - After User_Operation method: getInformation
2024-08-30 09:20:14.683 [,] [redisMessageListenerContainer-2] INFO  User_Operation - [User_Operationlog,20] - After User_Operation method: getInformation
2024-08-30 09:20:17.537 [,] [redisMessageListenerContainer-4] INFO  User_Operation - [User_Operationlog,20] - After User_Operation method: getInformation
2024-08-30 09:20:17.537 [,] [redisMessageListenerContainer-3] INFO  User_Operation - [User_Operationlog,20] - After User_Operation method: getInformation
2024-08-30 09:20:37.481 [,] [redisMessageListenerContainer-5] INFO  User_Operation - [User_Operationlog,20] - After User_Operation method: getInformation
2024-08-30 09:20:37.481 [,] [redisMessageListenerContainer-6] INFO  User_Operation - [User_Operationlog,20] - After User_Operation method: getInformation
2024-08-30 09:20:45.559 [,] [redisMessageListenerContainer-8] INFO  User_Operation - [User_Operationlog,20] - After User_Operation method: getInformation
2024-08-30 09:20:45.559 [,] [redisMessageListenerContainer-7] INFO  User_Operation - [User_Operationlog,20] - After User_Operation method: getInformation
2024-08-30 09:20:53.875 [,] [redisMessageListenerContainer-10] INFO  User_Operation - [User_Operationlog,20] - After User_Operation method: getInformation
2024-08-30 09:20:53.875 [,] [redisMessageListenerContainer-9] INFO  User_Operation - [User_Operationlog,20] - After User_Operation method: getInformation
2024-08-30 09:21:12.742 [,] [redisMessageListenerContainer-11] INFO  User_Operation - [User_Operationlog,20] - After User_Operation method: getInformation
2024-08-30 09:21:12.742 [,] [redisMessageListenerContainer-12] INFO  User_Operation - [User_Operationlog,20] - After User_Operation method: getInformation
2024-08-30 09:21:25.527 [,] [redisMessageListenerContainer-13] INFO  User_Operation - [User_Operationlog,20] - After User_Operation method: getInformation
2024-08-30 09:21:25.527 [,] [redisMessageListenerContainer-14] INFO  User_Operation - [User_Operationlog,20] - After User_Operation method: getInformation
2024-08-30 09:22:00.849 [,] [SpringApplicationShutdownHook] INFO  c.z.h.HikariDataSource - [close,350] - HikariPool-1 - Shutdown initiated...
2024-08-30 09:22:00.854 [,] [SpringApplicationShutdownHook] INFO  c.z.h.HikariDataSource - [close,352] - HikariPool-1 - Shutdown completed.
2024-08-30 09:23:24.436 [,] [main] INFO  c.s.a.AIOCompanyApplication - [logStarting,55] - Starting AIOCompanyApplication using Java 1.8.0_411 on DESKTOP-0QJEBFD with PID 19700 (E:\AIO_2024.08.16\AIO - 副本 - 测试\AIO-company\target\classes started by neko in E:\AIO_2024.08.16\AIO - 副本 - 测试\AIO-company)
2024-08-30 09:23:24.769 [,] [main] INFO  c.s.a.AIOCompanyApplication - [logStartupProfileInfo,634] - No active profile set, falling back to 1 default profile: "default"
2024-08-30 09:23:26.141 [,] [main] INFO  o.a.c.h.Http11NioProtocol - [log,173] - Initializing ProtocolHandler ["http-nio-127.0.0.1-8089"]
2024-08-30 09:23:26.142 [,] [main] INFO  o.a.c.c.StandardService - [log,173] - Starting service [Tomcat]
2024-08-30 09:23:26.142 [,] [main] INFO  o.a.c.c.StandardEngine - [log,173] - Starting Servlet engine: [Apache Tomcat/9.0.68]
2024-08-30 09:23:26.256 [,] [main] INFO  o.a.c.c.C.[.[.[/] - [log,173] - Initializing Spring embedded WebApplicationContext
2024-08-30 09:23:26.431 [,] [main] INFO  o.h.j.i.u.LogHelper - [logPersistenceUnitInformation,31] - HHH000204: Processing PersistenceUnitInfo [name: default]
2024-08-30 09:23:26.461 [,] [main] INFO  o.hibernate.Version - [logVersion,44] - HHH000412: Hibernate ORM core version 5.6.12.Final
2024-08-30 09:23:26.547 [,] [main] INFO  o.h.a.common.Version - [<clinit>,56] - HCANN000001: Hibernate Commons Annotations {5.1.2.Final}
2024-08-30 09:23:26.605 [,] [main] INFO  c.z.h.HikariDataSource - [getConnection,110] - HikariPool-1 - Starting...
2024-08-30 09:23:26.700 [,] [main] INFO  c.z.h.HikariDataSource - [getConnection,123] - HikariPool-1 - Start completed.
2024-08-30 09:23:26.709 [,] [main] INFO  o.h.dialect.Dialect - [<init>,175] - HHH000400: Using dialect: org.hibernate.dialect.MySQL8Dialect
2024-08-30 09:23:27.273 [,] [main] INFO  o.h.e.t.j.p.i.JtaPlatformInitiator - [initiateService,52] - HHH000490: Using JtaPlatform implementation: [org.hibernate.engine.transaction.jta.platform.internal.NoJtaPlatform]
2024-08-30 09:23:29.136 [,] [main] INFO  User_Operation - [User_Operationlog,20] - After User_Operation method: initFFmpeg
2024-08-30 09:23:29.728 [,] [main] INFO  o.a.c.h.Http11NioProtocol - [log,173] - Starting ProtocolHandler ["http-nio-127.0.0.1-8089"]
2024-08-30 09:23:29.793 [,] [main] INFO  c.s.a.AIOCompanyApplication - [logStarted,61] - Started AIOCompanyApplication in 5.669 seconds (JVM running for 6.726)
2024-08-30 09:23:29.794 [,] [main] INFO  User_Operation - [User_Operationlog,20] - After User_Operation method: onApplicationEvent
2024-08-30 09:23:30.008 [,] [scheduling-1] INFO  User_Operation - [User_Operationlog,20] - After User_Operation method: monitorFfmpegProcess
2024-08-30 09:23:40.011 [,] [scheduling-1] INFO  User_Operation - [User_Operationlog,20] - After User_Operation method: monitorFfmpegProcess
2024-08-30 09:23:50.005 [,] [scheduling-1] INFO  User_Operation - [User_Operationlog,20] - After User_Operation method: monitorFfmpegProcess
2024-08-30 09:24:00.003 [,] [scheduling-1] INFO  User_Operation - [User_Operationlog,20] - After User_Operation method: monitorFfmpegProcess
2024-08-30 09:25:00.898 [,] [redisMessageListenerContainer-2] INFO  User_Operation - [User_Operationlog,20] - After User_Operation method: getInformation
2024-08-30 09:25:00.898 [,] [redisMessageListenerContainer-1] INFO  User_Operation - [User_Operationlog,20] - After User_Operation method: getInformation
2024-08-30 09:25:15.756 [,] [redisMessageListenerContainer-3] INFO  User_Operation - [User_Operationlog,20] - After User_Operation method: getInformation
2024-08-30 09:25:15.756 [,] [redisMessageListenerContainer-4] INFO  User_Operation - [User_Operationlog,20] - After User_Operation method: getInformation
2024-08-30 09:26:02.533 [,] [SpringApplicationShutdownHook] INFO  c.z.h.HikariDataSource - [close,350] - HikariPool-1 - Shutdown initiated...
2024-08-30 09:26:02.538 [,] [SpringApplicationShutdownHook] INFO  c.z.h.HikariDataSource - [close,352] - HikariPool-1 - Shutdown completed.
2024-08-30 09:29:05.997 [,] [main] INFO  c.s.a.AIOCompanyApplication - [logStarting,55] - Starting AIOCompanyApplication using Java 1.8.0_411 on DESKTOP-0QJEBFD with PID 4772 (E:\AIO_2024.08.16\AIO - 副本 - 测试\AIO-company\target\classes started by neko in E:\AIO_2024.08.16\AIO - 副本 - 测试\AIO-company)
2024-08-30 09:29:06.011 [,] [main] INFO  c.s.a.AIOCompanyApplication - [logStartupProfileInfo,634] - No active profile set, falling back to 1 default profile: "default"
2024-08-30 09:29:07.440 [,] [main] INFO  o.a.c.h.Http11NioProtocol - [log,173] - Initializing ProtocolHandler ["http-nio-127.0.0.1-8089"]
2024-08-30 09:29:07.440 [,] [main] INFO  o.a.c.c.StandardService - [log,173] - Starting service [Tomcat]
2024-08-30 09:29:07.441 [,] [main] INFO  o.a.c.c.StandardEngine - [log,173] - Starting Servlet engine: [Apache Tomcat/9.0.68]
2024-08-30 09:29:07.556 [,] [main] INFO  o.a.c.c.C.[.[.[/] - [log,173] - Initializing Spring embedded WebApplicationContext
2024-08-30 09:29:07.717 [,] [main] INFO  o.h.j.i.u.LogHelper - [logPersistenceUnitInformation,31] - HHH000204: Processing PersistenceUnitInfo [name: default]
2024-08-30 09:29:07.746 [,] [main] INFO  o.hibernate.Version - [logVersion,44] - HHH000412: Hibernate ORM core version 5.6.12.Final
2024-08-30 09:29:07.840 [,] [main] INFO  o.h.a.common.Version - [<clinit>,56] - HCANN000001: Hibernate Commons Annotations {5.1.2.Final}
2024-08-30 09:29:07.901 [,] [main] INFO  c.z.h.HikariDataSource - [getConnection,110] - HikariPool-1 - Starting...
2024-08-30 09:29:08.005 [,] [main] INFO  c.z.h.HikariDataSource - [getConnection,123] - HikariPool-1 - Start completed.
2024-08-30 09:29:08.014 [,] [main] INFO  o.h.dialect.Dialect - [<init>,175] - HHH000400: Using dialect: org.hibernate.dialect.MySQL8Dialect
2024-08-30 09:29:08.477 [,] [main] INFO  o.h.e.t.j.p.i.JtaPlatformInitiator - [initiateService,52] - HHH000490: Using JtaPlatform implementation: [org.hibernate.engine.transaction.jta.platform.internal.NoJtaPlatform]
2024-08-30 09:29:10.323 [,] [main] INFO  User_Operation - [User_Operationlog,20] - After User_Operation method: initFFmpeg
2024-08-30 09:29:10.859 [,] [main] INFO  o.a.c.h.Http11NioProtocol - [log,173] - Starting ProtocolHandler ["http-nio-127.0.0.1-8089"]
2024-08-30 09:29:10.919 [,] [main] INFO  c.s.a.AIOCompanyApplication - [logStarted,61] - Started AIOCompanyApplication in 5.183 seconds (JVM running for 6.216)
2024-08-30 09:29:10.920 [,] [main] INFO  User_Operation - [User_Operationlog,20] - After User_Operation method: onApplicationEvent
2024-08-30 09:29:20.001 [,] [scheduling-1] INFO  User_Operation - [User_Operationlog,20] - After User_Operation method: monitorFfmpegProcess
2024-08-30 09:29:28.084 [,] [SpringApplicationShutdownHook] INFO  c.z.h.HikariDataSource - [close,350] - HikariPool-1 - Shutdown initiated...
2024-08-30 09:29:28.089 [,] [SpringApplicationShutdownHook] INFO  c.z.h.HikariDataSource - [close,352] - HikariPool-1 - Shutdown completed.
2024-08-30 09:29:34.864 [,] [main] INFO  c.s.a.AIOCompanyApplication - [logStarting,55] - Starting AIOCompanyApplication using Java 1.8.0_411 on DESKTOP-0QJEBFD with PID 8808 (E:\AIO_2024.08.16\AIO - 副本 - 测试\AIO-company\target\classes started by neko in E:\AIO_2024.08.16\AIO - 副本 - 测试\AIO-company)
2024-08-30 09:29:34.868 [,] [main] INFO  c.s.a.AIOCompanyApplication - [logStartupProfileInfo,634] - No active profile set, falling back to 1 default profile: "default"
2024-08-30 09:29:36.295 [,] [main] INFO  o.a.c.h.Http11NioProtocol - [log,173] - Initializing ProtocolHandler ["http-nio-127.0.0.1-8089"]
2024-08-30 09:29:36.296 [,] [main] INFO  o.a.c.c.StandardService - [log,173] - Starting service [Tomcat]
2024-08-30 09:29:36.296 [,] [main] INFO  o.a.c.c.StandardEngine - [log,173] - Starting Servlet engine: [Apache Tomcat/9.0.68]
2024-08-30 09:29:36.409 [,] [main] INFO  o.a.c.c.C.[.[.[/] - [log,173] - Initializing Spring embedded WebApplicationContext
2024-08-30 09:29:36.567 [,] [main] INFO  o.h.j.i.u.LogHelper - [logPersistenceUnitInformation,31] - HHH000204: Processing PersistenceUnitInfo [name: default]
2024-08-30 09:29:36.599 [,] [main] INFO  o.hibernate.Version - [logVersion,44] - HHH000412: Hibernate ORM core version 5.6.12.Final
2024-08-30 09:29:36.692 [,] [main] INFO  o.h.a.common.Version - [<clinit>,56] - HCANN000001: Hibernate Commons Annotations {5.1.2.Final}
2024-08-30 09:29:36.756 [,] [main] INFO  c.z.h.HikariDataSource - [getConnection,110] - HikariPool-1 - Starting...
2024-08-30 09:29:36.861 [,] [main] INFO  c.z.h.HikariDataSource - [getConnection,123] - HikariPool-1 - Start completed.
2024-08-30 09:29:36.870 [,] [main] INFO  o.h.dialect.Dialect - [<init>,175] - HHH000400: Using dialect: org.hibernate.dialect.MySQL8Dialect
2024-08-30 09:29:37.260 [,] [main] INFO  o.h.e.t.j.p.i.JtaPlatformInitiator - [initiateService,52] - HHH000490: Using JtaPlatform implementation: [org.hibernate.engine.transaction.jta.platform.internal.NoJtaPlatform]
2024-08-30 09:29:40.095 [,] [main] INFO  User_Operation - [User_Operationlog,20] - After User_Operation method: initFFmpeg
2024-08-30 09:29:40.687 [,] [main] INFO  o.a.c.h.Http11NioProtocol - [log,173] - Starting ProtocolHandler ["http-nio-127.0.0.1-8089"]
2024-08-30 09:29:40.757 [,] [main] INFO  c.s.a.AIOCompanyApplication - [logStarted,61] - Started AIOCompanyApplication in 6.213 seconds (JVM running for 7.244)
2024-08-30 09:29:40.757 [,] [main] INFO  User_Operation - [User_Operationlog,20] - After User_Operation method: onApplicationEvent
2024-08-30 09:29:43.964 [,] [SpringApplicationShutdownHook] INFO  c.z.h.HikariDataSource - [close,350] - HikariPool-1 - Shutdown initiated...
2024-08-30 09:29:43.969 [,] [SpringApplicationShutdownHook] INFO  c.z.h.HikariDataSource - [close,352] - HikariPool-1 - Shutdown completed.
2024-08-30 09:29:51.084 [,] [main] INFO  c.s.a.AIOCompanyApplication - [logStarting,55] - Starting AIOCompanyApplication using Java 1.8.0_411 on DESKTOP-0QJEBFD with PID 4052 (E:\AIO_2024.08.16\AIO - 副本 - 测试\AIO-company\target\classes started by neko in E:\AIO_2024.08.16\AIO - 副本 - 测试\AIO-company)
2024-08-30 09:29:51.087 [,] [main] INFO  c.s.a.AIOCompanyApplication - [logStartupProfileInfo,634] - No active profile set, falling back to 1 default profile: "default"
2024-08-30 09:29:52.495 [,] [main] INFO  o.a.c.h.Http11NioProtocol - [log,173] - Initializing ProtocolHandler ["http-nio-127.0.0.1-8089"]
2024-08-30 09:29:52.496 [,] [main] INFO  o.a.c.c.StandardService - [log,173] - Starting service [Tomcat]
2024-08-30 09:29:52.496 [,] [main] INFO  o.a.c.c.StandardEngine - [log,173] - Starting Servlet engine: [Apache Tomcat/9.0.68]
2024-08-30 09:29:52.613 [,] [main] INFO  o.a.c.c.C.[.[.[/] - [log,173] - Initializing Spring embedded WebApplicationContext
2024-08-30 09:29:52.773 [,] [main] INFO  o.h.j.i.u.LogHelper - [logPersistenceUnitInformation,31] - HHH000204: Processing PersistenceUnitInfo [name: default]
2024-08-30 09:29:52.806 [,] [main] INFO  o.hibernate.Version - [logVersion,44] - HHH000412: Hibernate ORM core version 5.6.12.Final
2024-08-30 09:29:52.900 [,] [main] INFO  o.h.a.common.Version - [<clinit>,56] - HCANN000001: Hibernate Commons Annotations {5.1.2.Final}
2024-08-30 09:29:52.963 [,] [main] INFO  c.z.h.HikariDataSource - [getConnection,110] - HikariPool-1 - Starting...
2024-08-30 09:29:53.061 [,] [main] INFO  c.z.h.HikariDataSource - [getConnection,123] - HikariPool-1 - Start completed.
2024-08-30 09:29:53.072 [,] [main] INFO  o.h.dialect.Dialect - [<init>,175] - HHH000400: Using dialect: org.hibernate.dialect.MySQL8Dialect
2024-08-30 09:29:53.471 [,] [main] INFO  o.h.e.t.j.p.i.JtaPlatformInitiator - [initiateService,52] - HHH000490: Using JtaPlatform implementation: [org.hibernate.engine.transaction.jta.platform.internal.NoJtaPlatform]
2024-08-30 09:29:55.323 [,] [main] INFO  User_Operation - [User_Operationlog,20] - After User_Operation method: initFFmpeg
2024-08-30 09:29:55.864 [,] [main] INFO  o.a.c.h.Http11NioProtocol - [log,173] - Starting ProtocolHandler ["http-nio-127.0.0.1-8089"]
2024-08-30 09:29:55.934 [,] [main] INFO  c.s.a.AIOCompanyApplication - [logStarted,61] - Started AIOCompanyApplication in 5.107 seconds (JVM running for 6.39)
2024-08-30 09:29:55.934 [,] [main] INFO  User_Operation - [User_Operationlog,20] - After User_Operation method: onApplicationEvent
2024-08-30 09:30:00.015 [,] [scheduling-1] INFO  User_Operation - [User_Operationlog,20] - After User_Operation method: monitorFfmpegProcess
2024-08-30 09:30:10.004 [,] [scheduling-1] INFO  User_Operation - [User_Operationlog,20] - After User_Operation method: monitorFfmpegProcess
2024-08-30 09:30:20.015 [,] [scheduling-1] INFO  User_Operation - [User_Operationlog,20] - After User_Operation method: monitorFfmpegProcess
2024-08-30 09:30:30.011 [,] [scheduling-1] INFO  User_Operation - [User_Operationlog,20] - After User_Operation method: monitorFfmpegProcess
2024-08-30 09:31:45.434 [,] [redisMessageListenerContainer-1] INFO  User_Operation - [User_Operationlog,20] - After User_Operation method: getInformation
2024-08-30 09:31:45.434 [,] [redisMessageListenerContainer-2] INFO  User_Operation - [User_Operationlog,20] - After User_Operation method: getInformation
2024-08-30 09:32:57.397 [,] [SpringApplicationShutdownHook] INFO  c.z.h.HikariDataSource - [close,350] - HikariPool-1 - Shutdown initiated...
2024-08-30 09:32:57.402 [,] [SpringApplicationShutdownHook] INFO  c.z.h.HikariDataSource - [close,352] - HikariPool-1 - Shutdown completed.
2024-08-30 09:33:56.909 [,] [main] INFO  c.s.a.AIOCompanyApplication - [logStarting,55] - Starting AIOCompanyApplication using Java 1.8.0_411 on DESKTOP-0QJEBFD with PID 4168 (E:\AIO_2024.08.16\AIO - 副本 - 测试\AIO-company\target\classes started by neko in E:\AIO_2024.08.16\AIO - 副本 - 测试\AIO-company)
2024-08-30 09:33:56.924 [,] [main] INFO  c.s.a.AIOCompanyApplication - [logStartupProfileInfo,634] - No active profile set, falling back to 1 default profile: "default"
2024-08-30 09:33:58.453 [,] [main] INFO  o.a.c.h.Http11NioProtocol - [log,173] - Initializing ProtocolHandler ["http-nio-127.0.0.1-8089"]
2024-08-30 09:33:58.453 [,] [main] INFO  o.a.c.c.StandardService - [log,173] - Starting service [Tomcat]
2024-08-30 09:33:58.454 [,] [main] INFO  o.a.c.c.StandardEngine - [log,173] - Starting Servlet engine: [Apache Tomcat/9.0.68]
2024-08-30 09:33:58.575 [,] [main] INFO  o.a.c.c.C.[.[.[/] - [log,173] - Initializing Spring embedded WebApplicationContext
2024-08-30 09:33:58.742 [,] [main] INFO  o.h.j.i.u.LogHelper - [logPersistenceUnitInformation,31] - HHH000204: Processing PersistenceUnitInfo [name: default]
2024-08-30 09:33:58.775 [,] [main] INFO  o.hibernate.Version - [logVersion,44] - HHH000412: Hibernate ORM core version 5.6.12.Final
2024-08-30 09:33:58.872 [,] [main] INFO  o.h.a.common.Version - [<clinit>,56] - HCANN000001: Hibernate Commons Annotations {5.1.2.Final}
2024-08-30 09:33:58.937 [,] [main] INFO  c.z.h.HikariDataSource - [getConnection,110] - HikariPool-1 - Starting...
2024-08-30 09:33:59.064 [,] [main] INFO  c.z.h.HikariDataSource - [getConnection,123] - HikariPool-1 - Start completed.
2024-08-30 09:33:59.076 [,] [main] INFO  o.h.dialect.Dialect - [<init>,175] - HHH000400: Using dialect: org.hibernate.dialect.MySQL8Dialect
2024-08-30 09:33:59.637 [,] [main] INFO  o.h.e.t.j.p.i.JtaPlatformInitiator - [initiateService,52] - HHH000490: Using JtaPlatform implementation: [org.hibernate.engine.transaction.jta.platform.internal.NoJtaPlatform]
2024-08-30 09:34:01.499 [,] [main] INFO  User_Operation - [User_Operationlog,20] - After User_Operation method: initFFmpeg
2024-08-30 09:34:02.143 [,] [main] INFO  o.a.c.h.Http11NioProtocol - [log,173] - Starting ProtocolHandler ["http-nio-127.0.0.1-8089"]
2024-08-30 09:34:02.215 [,] [main] INFO  c.s.a.AIOCompanyApplication - [logStarted,61] - Started AIOCompanyApplication in 5.644 seconds (JVM running for 6.718)
2024-08-30 09:34:02.215 [,] [main] INFO  User_Operation - [User_Operationlog,20] - After User_Operation method: onApplicationEvent
2024-08-30 09:34:10.015 [,] [scheduling-1] INFO  User_Operation - [User_Operationlog,20] - After User_Operation method: monitorFfmpegProcess
2024-08-30 09:34:20.007 [,] [scheduling-1] INFO  User_Operation - [User_Operationlog,20] - After User_Operation method: monitorFfmpegProcess
2024-08-30 09:34:30.012 [,] [scheduling-1] INFO  User_Operation - [User_Operationlog,20] - After User_Operation method: monitorFfmpegProcess
2024-08-30 09:34:40.010 [,] [scheduling-1] INFO  User_Operation - [User_Operationlog,20] - After User_Operation method: monitorFfmpegProcess
2024-08-30 09:35:39.178 [,] [redisMessageListenerContainer-1] INFO  User_Operation - [User_Operationlog,20] - After User_Operation method: getInformation
2024-08-30 09:35:39.178 [,] [redisMessageListenerContainer-2] INFO  User_Operation - [User_Operationlog,20] - After User_Operation method: getInformation
2024-08-30 09:35:47.177 [,] [redisMessageListenerContainer-3] INFO  User_Operation - [User_Operationlog,20] - After User_Operation method: getInformation
2024-08-30 09:35:47.177 [,] [redisMessageListenerContainer-4] INFO  User_Operation - [User_Operationlog,20] - After User_Operation method: getInformation
2024-08-30 09:35:50.453 [,] [redisMessageListenerContainer-6] INFO  User_Operation - [User_Operationlog,20] - After User_Operation method: getInformation
2024-08-30 09:35:50.453 [,] [redisMessageListenerContainer-5] INFO  User_Operation - [User_Operationlog,20] - After User_Operation method: getInformation
2024-08-30 09:35:54.172 [,] [redisMessageListenerContainer-8] INFO  User_Operation - [User_Operationlog,20] - After User_Operation method: getInformation
2024-08-30 09:35:54.172 [,] [redisMessageListenerContainer-7] INFO  User_Operation - [User_Operationlog,20] - After User_Operation method: getInformation
2024-08-30 09:35:57.351 [,] [redisMessageListenerContainer-9] INFO  User_Operation - [User_Operationlog,20] - After User_Operation method: getInformation
2024-08-30 09:35:57.352 [,] [redisMessageListenerContainer-10] INFO  User_Operation - [User_Operationlog,20] - After User_Operation method: getInformation
2024-08-30 09:36:18.127 [,] [redisMessageListenerContainer-11] INFO  User_Operation - [User_Operationlog,20] - After User_Operation method: getInformation
2024-08-30 09:36:18.127 [,] [redisMessageListenerContainer-12] INFO  User_Operation - [User_Operationlog,20] - After User_Operation method: getInformation
2024-08-30 09:36:23.687 [,] [redisMessageListenerContainer-13] INFO  User_Operation - [User_Operationlog,20] - After User_Operation method: getInformation
2024-08-30 09:36:23.687 [,] [redisMessageListenerContainer-14] INFO  User_Operation - [User_Operationlog,20] - After User_Operation method: getInformation
2024-08-30 09:36:43.774 [,] [redisMessageListenerContainer-16] INFO  User_Operation - [User_Operationlog,20] - After User_Operation method: getInformation
2024-08-30 09:36:43.774 [,] [redisMessageListenerContainer-15] INFO  User_Operation - [User_Operationlog,20] - After User_Operation method: getInformation
2024-08-30 09:36:51.969 [,] [redisMessageListenerContainer-17] INFO  User_Operation - [User_Operationlog,20] - After User_Operation method: getInformation
2024-08-30 09:36:51.969 [,] [redisMessageListenerContainer-18] INFO  User_Operation - [User_Operationlog,20] - After User_Operation method: getInformation
2024-08-30 09:37:07.474 [,] [redisMessageListenerContainer-20] INFO  User_Operation - [User_Operationlog,20] - After User_Operation method: getInformation
2024-08-30 09:37:07.474 [,] [redisMessageListenerContainer-19] INFO  User_Operation - [User_Operationlog,20] - After User_Operation method: getInformation
2024-08-30 09:37:55.726 [,] [redisMessageListenerContainer-21] INFO  User_Operation - [User_Operationlog,20] - After User_Operation method: getInformation
2024-08-30 09:37:55.726 [,] [redisMessageListenerContainer-22] INFO  User_Operation - [User_Operationlog,20] - After User_Operation method: getInformation
2024-08-30 09:37:59.552 [,] [redisMessageListenerContainer-23] INFO  User_Operation - [User_Operationlog,20] - After User_Operation method: getInformation
2024-08-30 09:37:59.553 [,] [redisMessageListenerContainer-24] INFO  User_Operation - [User_Operationlog,20] - After User_Operation method: getInformation
2024-08-30 09:38:15.488 [,] [redisMessageListenerContainer-26] INFO  User_Operation - [User_Operationlog,20] - After User_Operation method: getInformation
2024-08-30 09:38:15.488 [,] [redisMessageListenerContainer-25] INFO  User_Operation - [User_Operationlog,20] - After User_Operation method: getInformation
2024-08-30 09:38:19.409 [,] [redisMessageListenerContainer-28] INFO  User_Operation - [User_Operationlog,20] - After User_Operation method: getInformation
2024-08-30 09:38:19.409 [,] [redisMessageListenerContainer-27] INFO  User_Operation - [User_Operationlog,20] - After User_Operation method: getInformation
2024-08-30 09:38:31.420 [,] [redisMessageListenerContainer-30] INFO  User_Operation - [User_Operationlog,20] - After User_Operation method: getInformation
2024-08-30 09:38:31.420 [,] [redisMessageListenerContainer-29] INFO  User_Operation - [User_Operationlog,20] - After User_Operation method: getInformation
2024-08-30 09:39:07.276 [,] [redisMessageListenerContainer-32] INFO  User_Operation - [User_Operationlog,20] - After User_Operation method: getInformation
2024-08-30 09:39:07.276 [,] [redisMessageListenerContainer-31] INFO  User_Operation - [User_Operationlog,20] - After User_Operation method: getInformation
2024-08-30 09:39:15.276 [,] [redisMessageListenerContainer-33] INFO  User_Operation - [User_Operationlog,20] - After User_Operation method: getInformation
2024-08-30 09:39:15.276 [,] [redisMessageListenerContainer-34] INFO  User_Operation - [User_Operationlog,20] - After User_Operation method: getInformation
2024-08-30 09:39:18.329 [,] [redisMessageListenerContainer-35] INFO  User_Operation - [User_Operationlog,20] - After User_Operation method: getInformation
2024-08-30 09:39:18.329 [,] [redisMessageListenerContainer-36] INFO  User_Operation - [User_Operationlog,20] - After User_Operation method: getInformation
2024-08-30 09:39:19.100 [,] [redisMessageListenerContainer-37] INFO  User_Operation - [User_Operationlog,20] - After User_Operation method: getInformation
2024-08-30 09:39:19.100 [,] [redisMessageListenerContainer-38] INFO  User_Operation - [User_Operationlog,20] - After User_Operation method: getInformation
2024-08-30 09:39:21.402 [,] [redisMessageListenerContainer-39] INFO  User_Operation - [User_Operationlog,20] - After User_Operation method: getInformation
2024-08-30 09:39:21.402 [,] [redisMessageListenerContainer-40] INFO  User_Operation - [User_Operationlog,20] - After User_Operation method: getInformation
2024-08-30 09:39:22.809 [,] [redisMessageListenerContainer-41] INFO  User_Operation - [User_Operationlog,20] - After User_Operation method: getInformation
2024-08-30 09:39:22.810 [,] [redisMessageListenerContainer-42] INFO  User_Operation - [User_Operationlog,20] - After User_Operation method: getInformation
2024-08-30 09:39:25.732 [,] [redisMessageListenerContainer-43] INFO  User_Operation - [User_Operationlog,20] - After User_Operation method: getInformation
2024-08-30 09:39:25.732 [,] [redisMessageListenerContainer-44] INFO  User_Operation - [User_Operationlog,20] - After User_Operation method: getInformation
2024-08-30 09:40:05.470 [,] [SpringApplicationShutdownHook] INFO  c.z.h.HikariDataSource - [close,350] - HikariPool-1 - Shutdown initiated...
2024-08-30 09:40:05.475 [,] [SpringApplicationShutdownHook] INFO  c.z.h.HikariDataSource - [close,352] - HikariPool-1 - Shutdown completed.
2024-08-30 09:40:13.167 [,] [main] INFO  c.s.a.AIOCompanyApplication - [logStarting,55] - Starting AIOCompanyApplication using Java 1.8.0_411 on DESKTOP-0QJEBFD with PID 23580 (E:\AIO_2024.08.16\AIO - 副本 - 测试\AIO-company\target\classes started by neko in E:\AIO_2024.08.16\AIO - 副本 - 测试\AIO-company)
2024-08-30 09:40:13.170 [,] [main] INFO  c.s.a.AIOCompanyApplication - [logStartupProfileInfo,634] - No active profile set, falling back to 1 default profile: "default"
2024-08-30 09:40:14.601 [,] [main] INFO  o.a.c.h.Http11NioProtocol - [log,173] - Initializing ProtocolHandler ["http-nio-127.0.0.1-8089"]
2024-08-30 09:40:14.602 [,] [main] INFO  o.a.c.c.StandardService - [log,173] - Starting service [Tomcat]
2024-08-30 09:40:14.602 [,] [main] INFO  o.a.c.c.StandardEngine - [log,173] - Starting Servlet engine: [Apache Tomcat/9.0.68]
2024-08-30 09:40:14.717 [,] [main] INFO  o.a.c.c.C.[.[.[/] - [log,173] - Initializing Spring embedded WebApplicationContext
2024-08-30 09:40:14.876 [,] [main] INFO  o.h.j.i.u.LogHelper - [logPersistenceUnitInformation,31] - HHH000204: Processing PersistenceUnitInfo [name: default]
2024-08-30 09:40:14.904 [,] [main] INFO  o.hibernate.Version - [logVersion,44] - HHH000412: Hibernate ORM core version 5.6.12.Final
2024-08-30 09:40:14.997 [,] [main] INFO  o.h.a.common.Version - [<clinit>,56] - HCANN000001: Hibernate Commons Annotations {5.1.2.Final}
2024-08-30 09:40:15.058 [,] [main] INFO  c.z.h.HikariDataSource - [getConnection,110] - HikariPool-1 - Starting...
2024-08-30 09:40:15.148 [,] [main] INFO  c.z.h.HikariDataSource - [getConnection,123] - HikariPool-1 - Start completed.
2024-08-30 09:40:15.157 [,] [main] INFO  o.h.dialect.Dialect - [<init>,175] - HHH000400: Using dialect: org.hibernate.dialect.MySQL8Dialect
2024-08-30 09:40:15.931 [,] [main] INFO  o.h.e.t.j.p.i.JtaPlatformInitiator - [initiateService,52] - HHH000490: Using JtaPlatform implementation: [org.hibernate.engine.transaction.jta.platform.internal.NoJtaPlatform]
2024-08-30 09:40:17.852 [,] [main] INFO  User_Operation - [User_Operationlog,20] - After User_Operation method: initFFmpeg
2024-08-30 09:40:18.442 [,] [main] INFO  o.a.c.h.Http11NioProtocol - [log,173] - Starting ProtocolHandler ["http-nio-127.0.0.1-8089"]
2024-08-30 09:40:18.517 [,] [main] INFO  c.s.a.AIOCompanyApplication - [logStarted,61] - Started AIOCompanyApplication in 5.614 seconds (JVM running for 7.064)
2024-08-30 09:40:18.517 [,] [main] INFO  User_Operation - [User_Operationlog,20] - After User_Operation method: onApplicationEvent
2024-08-30 09:40:20.002 [,] [scheduling-1] INFO  User_Operation - [User_Operationlog,20] - After User_Operation method: monitorFfmpegProcess
2024-08-30 09:40:30.007 [,] [scheduling-1] INFO  User_Operation - [User_Operationlog,20] - After User_Operation method: monitorFfmpegProcess
2024-08-30 09:40:40.003 [,] [scheduling-1] INFO  User_Operation - [User_Operationlog,20] - After User_Operation method: monitorFfmpegProcess
2024-08-30 09:40:50.014 [,] [scheduling-1] INFO  User_Operation - [User_Operationlog,20] - After User_Operation method: monitorFfmpegProcess
2024-08-30 09:42:05.855 [,] [redisMessageListenerContainer-1] INFO  User_Operation - [User_Operationlog,20] - After User_Operation method: getInformation
2024-08-30 09:42:05.855 [,] [redisMessageListenerContainer-2] INFO  User_Operation - [User_Operationlog,20] - After User_Operation method: getInformation
2024-08-30 09:42:09.787 [,] [redisMessageListenerContainer-4] INFO  User_Operation - [User_Operationlog,20] - After User_Operation method: getInformation
2024-08-30 09:42:09.788 [,] [redisMessageListenerContainer-3] INFO  User_Operation - [User_Operationlog,20] - After User_Operation method: getInformation
2024-08-30 09:42:21.772 [,] [redisMessageListenerContainer-5] INFO  User_Operation - [User_Operationlog,20] - After User_Operation method: getInformation
2024-08-30 09:42:21.772 [,] [redisMessageListenerContainer-6] INFO  User_Operation - [User_Operationlog,20] - After User_Operation method: getInformation
2024-08-30 09:42:41.617 [,] [redisMessageListenerContainer-7] INFO  User_Operation - [User_Operationlog,20] - After User_Operation method: getInformation
2024-08-30 09:42:41.618 [,] [redisMessageListenerContainer-8] INFO  User_Operation - [User_Operationlog,20] - After User_Operation method: getInformation
2024-08-30 09:42:46.324 [,] [redisMessageListenerContainer-9] INFO  User_Operation - [User_Operationlog,20] - After User_Operation method: getInformation
2024-08-30 09:42:46.325 [,] [redisMessageListenerContainer-10] INFO  User_Operation - [User_Operationlog,20] - After User_Operation method: getInformation
2024-08-30 09:42:58.080 [,] [redisMessageListenerContainer-12] INFO  User_Operation - [User_Operationlog,20] - After User_Operation method: getInformation
2024-08-30 09:42:58.080 [,] [redisMessageListenerContainer-11] INFO  User_Operation - [User_Operationlog,20] - After User_Operation method: getInformation
2024-08-30 09:43:01.132 [,] [redisMessageListenerContainer-13] INFO  User_Operation - [User_Operationlog,20] - After User_Operation method: getInformation
2024-08-30 09:43:01.133 [,] [redisMessageListenerContainer-14] INFO  User_Operation - [User_Operationlog,20] - After User_Operation method: getInformation
2024-08-30 09:43:09.413 [,] [redisMessageListenerContainer-15] INFO  User_Operation - [User_Operationlog,20] - After User_Operation method: getInformation
2024-08-30 09:43:09.413 [,] [redisMessageListenerContainer-16] INFO  User_Operation - [User_Operationlog,20] - After User_Operation method: getInformation
2024-08-30 09:43:17.150 [,] [redisMessageListenerContainer-17] INFO  User_Operation - [User_Operationlog,20] - After User_Operation method: getInformation
2024-08-30 09:43:17.150 [,] [redisMessageListenerContainer-18] INFO  User_Operation - [User_Operationlog,20] - After User_Operation method: getInformation
2024-08-30 09:43:20.099 [,] [redisMessageListenerContainer-19] INFO  User_Operation - [User_Operationlog,20] - After User_Operation method: getInformation
2024-08-30 09:43:20.099 [,] [redisMessageListenerContainer-20] INFO  User_Operation - [User_Operationlog,20] - After User_Operation method: getInformation
2024-08-30 09:43:23.163 [,] [redisMessageListenerContainer-21] INFO  User_Operation - [User_Operationlog,20] - After User_Operation method: getInformation
2024-08-30 09:43:23.163 [,] [redisMessageListenerContainer-22] INFO  User_Operation - [User_Operationlog,20] - After User_Operation method: getInformation
2024-08-30 09:44:14.985 [,] [redisMessageListenerContainer-24] INFO  User_Operation - [User_Operationlog,20] - After User_Operation method: getInformation
2024-08-30 09:44:14.985 [,] [redisMessageListenerContainer-23] INFO  User_Operation - [User_Operationlog,20] - After User_Operation method: getInformation
2024-08-30 09:44:17.600 [,] [redisMessageListenerContainer-25] INFO  User_Operation - [User_Operationlog,20] - After User_Operation method: getInformation
2024-08-30 09:44:17.600 [,] [redisMessageListenerContainer-26] INFO  User_Operation - [User_Operationlog,20] - After User_Operation method: getInformation
2024-08-30 09:44:29.709 [,] [redisMessageListenerContainer-27] INFO  User_Operation - [User_Operationlog,20] - After User_Operation method: getInformation
2024-08-30 09:44:29.710 [,] [redisMessageListenerContainer-28] INFO  User_Operation - [User_Operationlog,20] - After User_Operation method: getInformation
2024-08-30 09:44:33.558 [,] [redisMessageListenerContainer-30] INFO  User_Operation - [User_Operationlog,20] - After User_Operation method: getInformation
2024-08-30 09:44:33.558 [,] [redisMessageListenerContainer-29] INFO  User_Operation - [User_Operationlog,20] - After User_Operation method: getInformation
2024-08-30 09:45:17.420 [,] [redisMessageListenerContainer-31] INFO  User_Operation - [User_Operationlog,20] - After User_Operation method: getInformation
2024-08-30 09:45:17.420 [,] [redisMessageListenerContainer-32] INFO  User_Operation - [User_Operationlog,20] - After User_Operation method: getInformation
2024-08-30 09:45:21.796 [,] [redisMessageListenerContainer-33] INFO  User_Operation - [User_Operationlog,20] - After User_Operation method: getInformation
2024-08-30 09:45:21.796 [,] [redisMessageListenerContainer-34] INFO  User_Operation - [User_Operationlog,20] - After User_Operation method: getInformation
2024-08-30 09:45:41.329 [,] [redisMessageListenerContainer-35] INFO  User_Operation - [User_Operationlog,20] - After User_Operation method: getInformation
2024-08-30 09:45:41.329 [,] [redisMessageListenerContainer-36] INFO  User_Operation - [User_Operationlog,20] - After User_Operation method: getInformation
2024-08-30 09:45:49.522 [,] [redisMessageListenerContainer-38] INFO  User_Operation - [User_Operationlog,20] - After User_Operation method: getInformation
2024-08-30 09:45:49.522 [,] [redisMessageListenerContainer-37] INFO  User_Operation - [User_Operationlog,20] - After User_Operation method: getInformation
2024-08-30 09:45:58.918 [,] [SpringApplicationShutdownHook] INFO  c.z.h.HikariDataSource - [close,350] - HikariPool-1 - Shutdown initiated...
2024-08-30 09:45:58.923 [,] [SpringApplicationShutdownHook] INFO  c.z.h.HikariDataSource - [close,352] - HikariPool-1 - Shutdown completed.
2024-08-30 09:46:06.033 [,] [main] INFO  c.s.a.AIOCompanyApplication - [logStarting,55] - Starting AIOCompanyApplication using Java 1.8.0_411 on DESKTOP-0QJEBFD with PID 10420 (E:\AIO_2024.08.16\AIO - 副本 - 测试\AIO-company\target\classes started by neko in E:\AIO_2024.08.16\AIO - 副本 - 测试\AIO-company)
2024-08-30 09:46:06.037 [,] [main] INFO  c.s.a.AIOCompanyApplication - [logStartupProfileInfo,634] - No active profile set, falling back to 1 default profile: "default"
2024-08-30 09:46:07.789 [,] [main] INFO  o.a.c.h.Http11NioProtocol - [log,173] - Initializing ProtocolHandler ["http-nio-127.0.0.1-8089"]
2024-08-30 09:46:07.789 [,] [main] INFO  o.a.c.c.StandardService - [log,173] - Starting service [Tomcat]
2024-08-30 09:46:07.789 [,] [main] INFO  o.a.c.c.StandardEngine - [log,173] - Starting Servlet engine: [Apache Tomcat/9.0.68]
2024-08-30 09:46:07.900 [,] [main] INFO  o.a.c.c.C.[.[.[/] - [log,173] - Initializing Spring embedded WebApplicationContext
2024-08-30 09:46:08.058 [,] [main] INFO  o.h.j.i.u.LogHelper - [logPersistenceUnitInformation,31] - HHH000204: Processing PersistenceUnitInfo [name: default]
2024-08-30 09:46:08.089 [,] [main] INFO  o.hibernate.Version - [logVersion,44] - HHH000412: Hibernate ORM core version 5.6.12.Final
2024-08-30 09:46:08.184 [,] [main] INFO  o.h.a.common.Version - [<clinit>,56] - HCANN000001: Hibernate Commons Annotations {5.1.2.Final}
2024-08-30 09:46:08.256 [,] [main] INFO  c.z.h.HikariDataSource - [getConnection,110] - HikariPool-1 - Starting...
2024-08-30 09:46:08.357 [,] [main] INFO  c.z.h.HikariDataSource - [getConnection,123] - HikariPool-1 - Start completed.
2024-08-30 09:46:08.366 [,] [main] INFO  o.h.dialect.Dialect - [<init>,175] - HHH000400: Using dialect: org.hibernate.dialect.MySQL8Dialect
2024-08-30 09:46:08.893 [,] [main] INFO  o.h.e.t.j.p.i.JtaPlatformInitiator - [initiateService,52] - HHH000490: Using JtaPlatform implementation: [org.hibernate.engine.transaction.jta.platform.internal.NoJtaPlatform]
2024-08-30 09:46:10.728 [,] [main] INFO  User_Operation - [User_Operationlog,20] - After User_Operation method: initFFmpeg
2024-08-30 09:46:11.387 [,] [main] INFO  o.a.c.h.Http11NioProtocol - [log,173] - Starting ProtocolHandler ["http-nio-127.0.0.1-8089"]
2024-08-30 09:46:11.445 [,] [main] INFO  c.s.a.AIOCompanyApplication - [logStarted,61] - Started AIOCompanyApplication in 5.738 seconds (JVM running for 6.873)
2024-08-30 09:46:11.446 [,] [main] INFO  User_Operation - [User_Operationlog,20] - After User_Operation method: onApplicationEvent
2024-08-30 09:46:20.016 [,] [scheduling-1] INFO  User_Operation - [User_Operationlog,20] - After User_Operation method: monitorFfmpegProcess
2024-08-30 09:46:30.006 [,] [scheduling-1] INFO  User_Operation - [User_Operationlog,20] - After User_Operation method: monitorFfmpegProcess
2024-08-30 09:46:40.012 [,] [scheduling-1] INFO  User_Operation - [User_Operationlog,20] - After User_Operation method: monitorFfmpegProcess
2024-08-30 09:46:50.005 [,] [scheduling-1] INFO  User_Operation - [User_Operationlog,20] - After User_Operation method: monitorFfmpegProcess
2024-08-30 09:47:57.975 [,] [redisMessageListenerContainer-2] INFO  User_Operation - [User_Operationlog,20] - After User_Operation method: getInformation
2024-08-30 09:47:57.975 [,] [redisMessageListenerContainer-1] INFO  User_Operation - [User_Operationlog,20] - After User_Operation method: getInformation
2024-08-30 09:48:00.483 [,] [redisMessageListenerContainer-3] INFO  User_Operation - [User_Operationlog,20] - After User_Operation method: getInformation
2024-08-30 09:48:00.484 [,] [redisMessageListenerContainer-4] INFO  User_Operation - [User_Operationlog,20] - After User_Operation method: getInformation
2024-08-30 09:48:16.433 [,] [redisMessageListenerContainer-5] INFO  User_Operation - [User_Operationlog,20] - After User_Operation method: getInformation
2024-08-30 09:48:16.433 [,] [redisMessageListenerContainer-6] INFO  User_Operation - [User_Operationlog,20] - After User_Operation method: getInformation
2024-08-30 09:48:19.409 [,] [redisMessageListenerContainer-8] INFO  User_Operation - [User_Operationlog,20] - After User_Operation method: getInformation
2024-08-30 09:48:19.409 [,] [redisMessageListenerContainer-7] INFO  User_Operation - [User_Operationlog,20] - After User_Operation method: getInformation
2024-08-30 09:48:22.789 [,] [redisMessageListenerContainer-9] INFO  User_Operation - [User_Operationlog,20] - After User_Operation method: getInformation
2024-08-30 09:48:22.789 [,] [redisMessageListenerContainer-10] INFO  User_Operation - [User_Operationlog,20] - After User_Operation method: getInformation
2024-08-30 09:48:49.266 [,] [redisMessageListenerContainer-12] INFO  User_Operation - [User_Operationlog,20] - After User_Operation method: getInformation
2024-08-30 09:48:49.266 [,] [redisMessageListenerContainer-11] INFO  User_Operation - [User_Operationlog,20] - After User_Operation method: getInformation
2024-08-30 09:49:14.514 [,] [redisMessageListenerContainer-14] INFO  User_Operation - [User_Operationlog,20] - After User_Operation method: getInformation
2024-08-30 09:49:14.514 [,] [redisMessageListenerContainer-13] INFO  User_Operation - [User_Operationlog,20] - After User_Operation method: getInformation
2024-08-30 09:49:15.661 [,] [redisMessageListenerContainer-15] INFO  User_Operation - [User_Operationlog,20] - After User_Operation method: getInformation
2024-08-30 09:49:15.662 [,] [redisMessageListenerContainer-16] INFO  User_Operation - [User_Operationlog,20] - After User_Operation method: getInformation
2024-08-30 09:49:18.737 [,] [redisMessageListenerContainer-17] INFO  User_Operation - [User_Operationlog,20] - After User_Operation method: getInformation
2024-08-30 09:49:18.738 [,] [redisMessageListenerContainer-18] INFO  User_Operation - [User_Operationlog,20] - After User_Operation method: getInformation
2024-08-30 09:49:26.674 [,] [redisMessageListenerContainer-20] INFO  User_Operation - [User_Operationlog,20] - After User_Operation method: getInformation
2024-08-30 09:49:26.674 [,] [redisMessageListenerContainer-19] INFO  User_Operation - [User_Operationlog,20] - After User_Operation method: getInformation
2024-08-30 09:49:30.723 [,] [redisMessageListenerContainer-22] INFO  User_Operation - [User_Operationlog,20] - After User_Operation method: getInformation
2024-08-30 09:49:30.723 [,] [redisMessageListenerContainer-21] INFO  User_Operation - [User_Operationlog,20] - After User_Operation method: getInformation
2024-08-30 09:50:14.454 [,] [redisMessageListenerContainer-23] INFO  User_Operation - [User_Operationlog,20] - After User_Operation method: getInformation
2024-08-30 09:50:14.454 [,] [redisMessageListenerContainer-24] INFO  User_Operation - [User_Operationlog,20] - After User_Operation method: getInformation
2024-08-30 09:50:17.491 [,] [redisMessageListenerContainer-25] INFO  User_Operation - [User_Operationlog,20] - After User_Operation method: getInformation
2024-08-30 09:50:17.492 [,] [redisMessageListenerContainer-26] INFO  User_Operation - [User_Operationlog,20] - After User_Operation method: getInformation
2024-08-30 09:50:21.498 [,] [redisMessageListenerContainer-27] INFO  User_Operation - [User_Operationlog,20] - After User_Operation method: getInformation
2024-08-30 09:50:21.498 [,] [redisMessageListenerContainer-28] INFO  User_Operation - [User_Operationlog,20] - After User_Operation method: getInformation
2024-08-30 09:50:49.683 [,] [redisMessageListenerContainer-30] INFO  User_Operation - [User_Operationlog,20] - After User_Operation method: getInformation
2024-08-30 09:50:49.683 [,] [redisMessageListenerContainer-29] INFO  User_Operation - [User_Operationlog,20] - After User_Operation method: getInformation
2024-08-30 09:50:52.540 [,] [redisMessageListenerContainer-31] INFO  User_Operation - [User_Operationlog,20] - After User_Operation method: getInformation
2024-08-30 09:50:52.540 [,] [redisMessageListenerContainer-32] INFO  User_Operation - [User_Operationlog,20] - After User_Operation method: getInformation
2024-08-30 09:51:12.561 [,] [redisMessageListenerContainer-34] INFO  User_Operation - [User_Operationlog,20] - After User_Operation method: getInformation
2024-08-30 09:51:12.561 [,] [redisMessageListenerContainer-33] INFO  User_Operation - [User_Operationlog,20] - After User_Operation method: getInformation
2024-08-30 09:51:24.578 [,] [redisMessageListenerContainer-35] INFO  User_Operation - [User_Operationlog,20] - After User_Operation method: getInformation
2024-08-30 09:51:24.579 [,] [redisMessageListenerContainer-36] INFO  User_Operation - [User_Operationlog,20] - After User_Operation method: getInformation
2024-08-30 09:51:44.734 [,] [redisMessageListenerContainer-38] INFO  User_Operation - [User_Operationlog,20] - After User_Operation method: getInformation
2024-08-30 09:51:44.734 [,] [redisMessageListenerContainer-37] INFO  User_Operation - [User_Operationlog,20] - After User_Operation method: getInformation
2024-08-30 09:51:52.470 [,] [redisMessageListenerContainer-40] INFO  User_Operation - [User_Operationlog,20] - After User_Operation method: getInformation
2024-08-30 09:51:52.470 [,] [redisMessageListenerContainer-39] INFO  User_Operation - [User_Operationlog,20] - After User_Operation method: getInformation
2024-08-30 09:51:55.534 [,] [redisMessageListenerContainer-42] INFO  User_Operation - [User_Operationlog,20] - After User_Operation method: getInformation
2024-08-30 09:51:55.534 [,] [redisMessageListenerContainer-41] INFO  User_Operation - [User_Operationlog,20] - After User_Operation method: getInformation
2024-08-30 09:52:03.475 [,] [redisMessageListenerContainer-43] INFO  User_Operation - [User_Operationlog,20] - After User_Operation method: getInformation
2024-08-30 09:52:03.475 [,] [redisMessageListenerContainer-44] INFO  User_Operation - [User_Operationlog,20] - After User_Operation method: getInformation
2024-08-30 09:52:06.993 [,] [SpringApplicationShutdownHook] INFO  c.z.h.HikariDataSource - [close,350] - HikariPool-1 - Shutdown initiated...
2024-08-30 09:52:06.998 [,] [SpringApplicationShutdownHook] INFO  c.z.h.HikariDataSource - [close,352] - HikariPool-1 - Shutdown completed.
2024-08-30 09:54:21.121 [,] [main] INFO  c.s.a.AIOCompanyApplication - [logStarting,55] - Starting AIOCompanyApplication using Java 1.8.0_411 on DESKTOP-0QJEBFD with PID 11248 (E:\AIO_2024.08.16\AIO - 副本 - 测试\AIO-company\target\classes started by neko in E:\AIO_2024.08.16\AIO - 副本 - 测试\AIO-company)
2024-08-30 09:54:21.129 [,] [main] INFO  c.s.a.AIOCompanyApplication - [logStartupProfileInfo,634] - No active profile set, falling back to 1 default profile: "default"
2024-08-30 09:54:22.622 [,] [main] INFO  o.a.c.h.Http11NioProtocol - [log,173] - Initializing ProtocolHandler ["http-nio-127.0.0.1-8089"]
2024-08-30 09:54:22.622 [,] [main] INFO  o.a.c.c.StandardService - [log,173] - Starting service [Tomcat]
2024-08-30 09:54:22.622 [,] [main] INFO  o.a.c.c.StandardEngine - [log,173] - Starting Servlet engine: [Apache Tomcat/9.0.68]
2024-08-30 09:54:22.734 [,] [main] INFO  o.a.c.c.C.[.[.[/] - [log,173] - Initializing Spring embedded WebApplicationContext
2024-08-30 09:54:22.900 [,] [main] INFO  o.h.j.i.u.LogHelper - [logPersistenceUnitInformation,31] - HHH000204: Processing PersistenceUnitInfo [name: default]
2024-08-30 09:54:22.930 [,] [main] INFO  o.hibernate.Version - [logVersion,44] - HHH000412: Hibernate ORM core version 5.6.12.Final
2024-08-30 09:54:23.019 [,] [main] INFO  o.h.a.common.Version - [<clinit>,56] - HCANN000001: Hibernate Commons Annotations {5.1.2.Final}
2024-08-30 09:54:23.082 [,] [main] INFO  c.z.h.HikariDataSource - [getConnection,110] - HikariPool-1 - Starting...
2024-08-30 09:54:23.182 [,] [main] INFO  c.z.h.HikariDataSource - [getConnection,123] - HikariPool-1 - Start completed.
2024-08-30 09:54:23.192 [,] [main] INFO  o.h.dialect.Dialect - [<init>,175] - HHH000400: Using dialect: org.hibernate.dialect.MySQL8Dialect
2024-08-30 09:54:23.627 [,] [main] INFO  o.h.e.t.j.p.i.JtaPlatformInitiator - [initiateService,52] - HHH000490: Using JtaPlatform implementation: [org.hibernate.engine.transaction.jta.platform.internal.NoJtaPlatform]
2024-08-30 09:54:25.540 [,] [main] INFO  User_Operation - [User_Operationlog,20] - After User_Operation method: initFFmpeg
2024-08-30 09:54:26.056 [,] [main] INFO  o.a.c.h.Http11NioProtocol - [log,173] - Starting ProtocolHandler ["http-nio-127.0.0.1-8089"]
2024-08-30 09:54:26.117 [,] [main] INFO  c.s.a.AIOCompanyApplication - [logStarted,61] - Started AIOCompanyApplication in 5.331 seconds (JVM running for 6.389)
2024-08-30 09:54:26.118 [,] [main] INFO  User_Operation - [User_Operationlog,20] - After User_Operation method: onApplicationEvent
2024-08-30 09:54:30.015 [,] [scheduling-1] INFO  User_Operation - [User_Operationlog,20] - After User_Operation method: monitorFfmpegProcess
2024-08-30 09:54:40.004 [,] [scheduling-1] INFO  User_Operation - [User_Operationlog,20] - After User_Operation method: monitorFfmpegProcess
2024-08-30 09:54:50.014 [,] [scheduling-1] INFO  User_Operation - [User_Operationlog,20] - After User_Operation method: monitorFfmpegProcess
2024-08-30 09:55:00.010 [,] [scheduling-1] INFO  User_Operation - [User_Operationlog,20] - After User_Operation method: monitorFfmpegProcess
2024-08-30 09:56:20.587 [,] [redisMessageListenerContainer-1] INFO  User_Operation - [User_Operationlog,20] - After User_Operation method: getInformation
2024-08-30 09:56:20.587 [,] [redisMessageListenerContainer-2] INFO  User_Operation - [User_Operationlog,20] - After User_Operation method: getInformation
2024-08-30 09:56:24.696 [,] [redisMessageListenerContainer-3] INFO  User_Operation - [User_Operationlog,20] - After User_Operation method: getInformation
2024-08-30 09:56:24.696 [,] [redisMessageListenerContainer-4] INFO  User_Operation - [User_Operationlog,20] - After User_Operation method: getInformation
2024-08-30 09:56:44.593 [,] [redisMessageListenerContainer-5] INFO  User_Operation - [User_Operationlog,20] - After User_Operation method: getInformation
2024-08-30 09:56:44.593 [,] [redisMessageListenerContainer-6] INFO  User_Operation - [User_Operationlog,20] - After User_Operation method: getInformation
2024-08-30 09:56:52.354 [,] [redisMessageListenerContainer-8] INFO  User_Operation - [User_Operationlog,20] - After User_Operation method: getInformation
2024-08-30 09:56:52.354 [,] [redisMessageListenerContainer-7] INFO  User_Operation - [User_Operationlog,20] - After User_Operation method: getInformation
2024-08-30 09:56:55.536 [,] [redisMessageListenerContainer-10] INFO  User_Operation - [User_Operationlog,20] - After User_Operation method: getInformation
2024-08-30 09:56:55.536 [,] [redisMessageListenerContainer-9] INFO  User_Operation - [User_Operationlog,20] - After User_Operation method: getInformation
2024-08-30 09:57:07.421 [,] [redisMessageListenerContainer-11] INFO  User_Operation - [User_Operationlog,20] - After User_Operation method: getInformation
2024-08-30 09:57:07.424 [,] [redisMessageListenerContainer-12] INFO  User_Operation - [User_Operationlog,20] - After User_Operation method: getInformation
2024-08-30 09:57:10.468 [,] [redisMessageListenerContainer-14] INFO  User_Operation - [User_Operationlog,20] - After User_Operation method: getInformation
2024-08-30 09:57:10.468 [,] [redisMessageListenerContainer-13] INFO  User_Operation - [User_Operationlog,20] - After User_Operation method: getInformation
2024-08-30 09:57:50.358 [,] [redisMessageListenerContainer-15] INFO  User_Operation - [User_Operationlog,20] - After User_Operation method: getInformation
2024-08-30 09:57:50.359 [,] [redisMessageListenerContainer-16] INFO  User_Operation - [User_Operationlog,20] - After User_Operation method: getInformation
2024-08-30 09:57:58.339 [,] [redisMessageListenerContainer-18] INFO  User_Operation - [User_Operationlog,20] - After User_Operation method: getInformation
2024-08-30 09:57:58.339 [,] [redisMessageListenerContainer-17] INFO  User_Operation - [User_Operationlog,20] - After User_Operation method: getInformation
2024-08-30 09:58:02.262 [,] [redisMessageListenerContainer-20] INFO  User_Operation - [User_Operationlog,20] - After User_Operation method: getInformation
2024-08-30 09:58:02.262 [,] [redisMessageListenerContainer-19] INFO  User_Operation - [User_Operationlog,20] - After User_Operation method: getInformation
2024-08-30 09:58:05.445 [,] [redisMessageListenerContainer-21] INFO  User_Operation - [User_Operationlog,20] - After User_Operation method: getInformation
2024-08-30 09:58:05.446 [,] [redisMessageListenerContainer-22] INFO  User_Operation - [User_Operationlog,20] - After User_Operation method: getInformation
2024-08-30 09:58:17.274 [,] [redisMessageListenerContainer-24] INFO  User_Operation - [User_Operationlog,20] - After User_Operation method: getInformation
2024-08-30 09:58:17.274 [,] [redisMessageListenerContainer-23] INFO  User_Operation - [User_Operationlog,20] - After User_Operation method: getInformation
2024-08-30 09:58:21.031 [,] [redisMessageListenerContainer-25] INFO  User_Operation - [User_Operationlog,20] - After User_Operation method: getInformation
2024-08-30 09:58:21.031 [,] [redisMessageListenerContainer-26] INFO  User_Operation - [User_Operationlog,20] - After User_Operation method: getInformation
2024-08-30 09:58:29.032 [,] [SpringApplicationShutdownHook] INFO  c.z.h.HikariDataSource - [close,350] - HikariPool-1 - Shutdown initiated...
2024-08-30 09:58:29.037 [,] [SpringApplicationShutdownHook] INFO  c.z.h.HikariDataSource - [close,352] - HikariPool-1 - Shutdown completed.
2024-08-30 09:58:36.268 [,] [main] INFO  c.s.a.AIOCompanyApplication - [logStarting,55] - Starting AIOCompanyApplication using Java 1.8.0_411 on DESKTOP-0QJEBFD with PID 12784 (E:\AIO_2024.08.16\AIO - 副本 - 测试\AIO-company\target\classes started by neko in E:\AIO_2024.08.16\AIO - 副本 - 测试\AIO-company)
2024-08-30 09:58:36.271 [,] [main] INFO  c.s.a.AIOCompanyApplication - [logStartupProfileInfo,634] - No active profile set, falling back to 1 default profile: "default"
2024-08-30 09:58:37.668 [,] [main] INFO  o.a.c.h.Http11NioProtocol - [log,173] - Initializing ProtocolHandler ["http-nio-127.0.0.1-8089"]
2024-08-30 09:58:37.669 [,] [main] INFO  o.a.c.c.StandardService - [log,173] - Starting service [Tomcat]
2024-08-30 09:58:37.669 [,] [main] INFO  o.a.c.c.StandardEngine - [log,173] - Starting Servlet engine: [Apache Tomcat/9.0.68]
2024-08-30 09:58:37.784 [,] [main] INFO  o.a.c.c.C.[.[.[/] - [log,173] - Initializing Spring embedded WebApplicationContext
2024-08-30 09:58:37.943 [,] [main] INFO  o.h.j.i.u.LogHelper - [logPersistenceUnitInformation,31] - HHH000204: Processing PersistenceUnitInfo [name: default]
2024-08-30 09:58:37.972 [,] [main] INFO  o.hibernate.Version - [logVersion,44] - HHH000412: Hibernate ORM core version 5.6.12.Final
2024-08-30 09:58:38.059 [,] [main] INFO  o.h.a.common.Version - [<clinit>,56] - HCANN000001: Hibernate Commons Annotations {5.1.2.Final}
2024-08-30 09:58:38.122 [,] [main] INFO  c.z.h.HikariDataSource - [getConnection,110] - HikariPool-1 - Starting...
2024-08-30 09:58:38.228 [,] [main] INFO  c.z.h.HikariDataSource - [getConnection,123] - HikariPool-1 - Start completed.
2024-08-30 09:58:38.239 [,] [main] INFO  o.h.dialect.Dialect - [<init>,175] - HHH000400: Using dialect: org.hibernate.dialect.MySQL8Dialect
2024-08-30 09:58:38.605 [,] [main] INFO  o.h.e.t.j.p.i.JtaPlatformInitiator - [initiateService,52] - HHH000490: Using JtaPlatform implementation: [org.hibernate.engine.transaction.jta.platform.internal.NoJtaPlatform]
2024-08-30 09:58:40.448 [,] [main] INFO  User_Operation - [User_Operationlog,20] - After User_Operation method: initFFmpeg
2024-08-30 09:58:40.993 [,] [main] INFO  o.a.c.h.Http11NioProtocol - [log,173] - Starting ProtocolHandler ["http-nio-127.0.0.1-8089"]
2024-08-30 09:58:41.063 [,] [main] INFO  c.s.a.AIOCompanyApplication - [logStarted,61] - Started AIOCompanyApplication in 5.111 seconds (JVM running for 6.15)
2024-08-30 09:58:41.063 [,] [main] INFO  User_Operation - [User_Operationlog,20] - After User_Operation method: onApplicationEvent
2024-08-30 09:58:50.016 [,] [scheduling-1] INFO  User_Operation - [User_Operationlog,20] - After User_Operation method: monitorFfmpegProcess
2024-08-30 09:59:00.013 [,] [scheduling-1] INFO  User_Operation - [User_Operationlog,20] - After User_Operation method: monitorFfmpegProcess
2024-08-30 09:59:10.004 [,] [scheduling-1] INFO  User_Operation - [User_Operationlog,20] - After User_Operation method: monitorFfmpegProcess
2024-08-30 09:59:19.766 [,] [redisMessageListenerContainer-1] INFO  User_Operation - [User_Operationlog,20] - After User_Operation method: getInformation
2024-08-30 09:59:19.766 [,] [redisMessageListenerContainer-2] INFO  User_Operation - [User_Operationlog,20] - After User_Operation method: getInformation
2024-08-30 10:00:14.886 [,] [redisMessageListenerContainer-3] INFO  User_Operation - [User_Operationlog,20] - After User_Operation method: getInformation
2024-08-30 10:00:14.886 [,] [redisMessageListenerContainer-4] INFO  User_Operation - [User_Operationlog,20] - After User_Operation method: getInformation
2024-08-30 10:00:18.618 [,] [redisMessageListenerContainer-6] INFO  User_Operation - [User_Operationlog,20] - After User_Operation method: getInformation
2024-08-30 10:00:18.618 [,] [redisMessageListenerContainer-5] INFO  User_Operation - [User_Operationlog,20] - After User_Operation method: getInformation
2024-08-30 10:00:48.216 [,] [SpringApplicationShutdownHook] INFO  c.z.h.HikariDataSource - [close,350] - HikariPool-1 - Shutdown initiated...
2024-08-30 10:00:48.221 [,] [SpringApplicationShutdownHook] INFO  c.z.h.HikariDataSource - [close,352] - HikariPool-1 - Shutdown completed.
2024-08-30 10:00:55.037 [,] [main] INFO  c.s.a.AIOCompanyApplication - [logStarting,55] - Starting AIOCompanyApplication using Java 1.8.0_411 on DESKTOP-0QJEBFD with PID 9696 (E:\AIO_2024.08.16\AIO - 副本 - 测试\AIO-company\target\classes started by neko in E:\AIO_2024.08.16\AIO - 副本 - 测试\AIO-company)
2024-08-30 10:00:55.164 [,] [main] INFO  c.s.a.AIOCompanyApplication - [logStartupProfileInfo,634] - No active profile set, falling back to 1 default profile: "default"
2024-08-30 10:00:56.710 [,] [main] INFO  o.a.c.h.Http11NioProtocol - [log,173] - Initializing ProtocolHandler ["http-nio-127.0.0.1-8089"]
2024-08-30 10:00:56.711 [,] [main] INFO  o.a.c.c.StandardService - [log,173] - Starting service [Tomcat]
2024-08-30 10:00:56.711 [,] [main] INFO  o.a.c.c.StandardEngine - [log,173] - Starting Servlet engine: [Apache Tomcat/9.0.68]
2024-08-30 10:00:56.824 [,] [main] INFO  o.a.c.c.C.[.[.[/] - [log,173] - Initializing Spring embedded WebApplicationContext
2024-08-30 10:00:56.988 [,] [main] INFO  o.h.j.i.u.LogHelper - [logPersistenceUnitInformation,31] - HHH000204: Processing PersistenceUnitInfo [name: default]
2024-08-30 10:00:57.020 [,] [main] INFO  o.hibernate.Version - [logVersion,44] - HHH000412: Hibernate ORM core version 5.6.12.Final
2024-08-30 10:00:57.113 [,] [main] INFO  o.h.a.common.Version - [<clinit>,56] - HCANN000001: Hibernate Commons Annotations {5.1.2.Final}
2024-08-30 10:00:57.178 [,] [main] INFO  c.z.h.HikariDataSource - [getConnection,110] - HikariPool-1 - Starting...
2024-08-30 10:00:57.311 [,] [main] INFO  c.z.h.HikariDataSource - [getConnection,123] - HikariPool-1 - Start completed.
2024-08-30 10:00:57.322 [,] [main] INFO  o.h.dialect.Dialect - [<init>,175] - HHH000400: Using dialect: org.hibernate.dialect.MySQL8Dialect
2024-08-30 10:00:57.694 [,] [main] INFO  o.h.e.t.j.p.i.JtaPlatformInitiator - [initiateService,52] - HHH000490: Using JtaPlatform implementation: [org.hibernate.engine.transaction.jta.platform.internal.NoJtaPlatform]
2024-08-30 10:00:59.941 [,] [main] INFO  User_Operation - [User_Operationlog,20] - After User_Operation method: initFFmpeg
2024-08-30 10:01:00.612 [,] [main] INFO  o.a.c.h.Http11NioProtocol - [log,173] - Starting ProtocolHandler ["http-nio-127.0.0.1-8089"]
2024-08-30 10:01:00.672 [,] [main] INFO  c.s.a.AIOCompanyApplication - [logStarted,61] - Started AIOCompanyApplication in 5.948 seconds (JVM running for 7.051)
2024-08-30 10:01:00.673 [,] [main] INFO  User_Operation - [User_Operationlog,20] - After User_Operation method: onApplicationEvent
2024-08-30 10:01:10.002 [,] [scheduling-1] INFO  User_Operation - [User_Operationlog,20] - After User_Operation method: monitorFfmpegProcess
2024-08-30 10:01:20.014 [,] [scheduling-1] INFO  User_Operation - [User_Operationlog,20] - After User_Operation method: monitorFfmpegProcess
2024-08-30 10:01:30.007 [,] [scheduling-1] INFO  User_Operation - [User_Operationlog,20] - After User_Operation method: monitorFfmpegProcess
2024-08-30 10:02:43.085 [,] [redisMessageListenerContainer-2] INFO  User_Operation - [User_Operationlog,20] - After User_Operation method: getInformation
2024-08-30 10:02:43.085 [,] [redisMessageListenerContainer-1] INFO  User_Operation - [User_Operationlog,20] - After User_Operation method: getInformation
2024-08-30 10:02:59.270 [,] [redisMessageListenerContainer-3] INFO  User_Operation - [User_Operationlog,20] - After User_Operation method: getInformation
2024-08-30 10:02:59.270 [,] [redisMessageListenerContainer-4] INFO  User_Operation - [User_Operationlog,20] - After User_Operation method: getInformation
2024-08-30 10:03:02.222 [,] [redisMessageListenerContainer-6] INFO  User_Operation - [User_Operationlog,20] - After User_Operation method: getInformation
2024-08-30 10:03:02.222 [,] [redisMessageListenerContainer-5] INFO  User_Operation - [User_Operationlog,20] - After User_Operation method: getInformation
2024-08-30 10:03:14.822 [,] [redisMessageListenerContainer-7] INFO  User_Operation - [User_Operationlog,20] - After User_Operation method: getInformation
2024-08-30 10:03:14.822 [,] [redisMessageListenerContainer-8] INFO  User_Operation - [User_Operationlog,20] - After User_Operation method: getInformation
2024-08-30 10:03:18.217 [,] [redisMessageListenerContainer-9] INFO  User_Operation - [User_Operationlog,20] - After User_Operation method: getInformation
2024-08-30 10:03:18.217 [,] [redisMessageListenerContainer-10] INFO  User_Operation - [User_Operationlog,20] - After User_Operation method: getInformation
2024-08-30 10:03:22.034 [,] [redisMessageListenerContainer-11] INFO  User_Operation - [User_Operationlog,20] - After User_Operation method: getInformation
2024-08-30 10:03:22.034 [,] [redisMessageListenerContainer-12] INFO  User_Operation - [User_Operationlog,20] - After User_Operation method: getInformation
2024-08-30 10:03:25.295 [,] [redisMessageListenerContainer-13] INFO  User_Operation - [User_Operationlog,20] - After User_Operation method: getInformation
2024-08-30 10:03:25.296 [,] [redisMessageListenerContainer-14] INFO  User_Operation - [User_Operationlog,20] - After User_Operation method: getInformation
2024-08-30 10:03:28.024 [,] [redisMessageListenerContainer-16] INFO  User_Operation - [User_Operationlog,20] - After User_Operation method: getInformation
2024-08-30 10:03:28.024 [,] [redisMessageListenerContainer-15] INFO  User_Operation - [User_Operationlog,20] - After User_Operation method: getInformation
2024-08-30 10:03:39.027 [,] [SpringApplicationShutdownHook] INFO  c.z.h.HikariDataSource - [close,350] - HikariPool-1 - Shutdown initiated...
2024-08-30 10:03:39.031 [,] [SpringApplicationShutdownHook] INFO  c.z.h.HikariDataSource - [close,352] - HikariPool-1 - Shutdown completed.
2024-08-30 10:05:28.795 [,] [main] INFO  c.s.a.AIOCompanyApplication - [logStarting,55] - Starting AIOCompanyApplication using Java 1.8.0_411 on DESKTOP-0QJEBFD with PID 20328 (E:\AIO_2024.08.16\AIO - 副本 - 测试\AIO-company\target\classes started by neko in E:\AIO_2024.08.16\AIO - 副本 - 测试\AIO-company)
2024-08-30 10:05:28.812 [,] [main] INFO  c.s.a.AIOCompanyApplication - [logStartupProfileInfo,634] - No active profile set, falling back to 1 default profile: "default"
2024-08-30 10:05:30.334 [,] [main] INFO  o.a.c.h.Http11NioProtocol - [log,173] - Initializing ProtocolHandler ["http-nio-127.0.0.1-8089"]
2024-08-30 10:05:30.334 [,] [main] INFO  o.a.c.c.StandardService - [log,173] - Starting service [Tomcat]
2024-08-30 10:05:30.334 [,] [main] INFO  o.a.c.c.StandardEngine - [log,173] - Starting Servlet engine: [Apache Tomcat/9.0.68]
2024-08-30 10:05:30.453 [,] [main] INFO  o.a.c.c.C.[.[.[/] - [log,173] - Initializing Spring embedded WebApplicationContext
2024-08-30 10:05:30.622 [,] [main] INFO  o.h.j.i.u.LogHelper - [logPersistenceUnitInformation,31] - HHH000204: Processing PersistenceUnitInfo [name: default]
2024-08-30 10:05:30.654 [,] [main] INFO  o.hibernate.Version - [logVersion,44] - HHH000412: Hibernate ORM core version 5.6.12.Final
2024-08-30 10:05:30.750 [,] [main] INFO  o.h.a.common.Version - [<clinit>,56] - HCANN000001: Hibernate Commons Annotations {5.1.2.Final}
2024-08-30 10:05:30.817 [,] [main] INFO  c.z.h.HikariDataSource - [getConnection,110] - HikariPool-1 - Starting...
2024-08-30 10:05:30.922 [,] [main] INFO  c.z.h.HikariDataSource - [getConnection,123] - HikariPool-1 - Start completed.
2024-08-30 10:05:30.932 [,] [main] INFO  o.h.dialect.Dialect - [<init>,175] - HHH000400: Using dialect: org.hibernate.dialect.MySQL8Dialect
2024-08-30 10:05:31.665 [,] [main] INFO  o.h.e.t.j.p.i.JtaPlatformInitiator - [initiateService,52] - HHH000490: Using JtaPlatform implementation: [org.hibernate.engine.transaction.jta.platform.internal.NoJtaPlatform]
2024-08-30 10:05:33.525 [,] [main] INFO  User_Operation - [User_Operationlog,20] - After User_Operation method: initFFmpeg
2024-08-30 10:05:34.070 [,] [main] INFO  o.a.c.h.Http11NioProtocol - [log,173] - Starting ProtocolHandler ["http-nio-127.0.0.1-8089"]
2024-08-30 10:05:34.138 [,] [main] INFO  c.s.a.AIOCompanyApplication - [logStarted,61] - Started AIOCompanyApplication in 5.655 seconds (JVM running for 6.719)
2024-08-30 10:05:34.139 [,] [main] INFO  User_Operation - [User_Operationlog,20] - After User_Operation method: onApplicationEvent
2024-08-30 10:05:40.008 [,] [scheduling-1] INFO  User_Operation - [User_Operationlog,20] - After User_Operation method: monitorFfmpegProcess
2024-08-30 10:05:50.006 [,] [scheduling-1] INFO  User_Operation - [User_Operationlog,20] - After User_Operation method: monitorFfmpegProcess
2024-08-30 10:06:00.002 [,] [scheduling-1] INFO  User_Operation - [User_Operationlog,20] - After User_Operation method: monitorFfmpegProcess
2024-08-30 10:06:10.006 [,] [scheduling-1] INFO  User_Operation - [User_Operationlog,20] - After User_Operation method: monitorFfmpegProcess
2024-08-30 10:06:18.122 [,] [redisMessageListenerContainer-2] INFO  User_Operation - [User_Operationlog,20] - After User_Operation method: getInformation
2024-08-30 10:06:18.122 [,] [redisMessageListenerContainer-1] INFO  User_Operation - [User_Operationlog,20] - After User_Operation method: getInformation
2024-08-30 10:08:00.407 [,] [redisMessageListenerContainer-4] INFO  User_Operation - [User_Operationlog,20] - After User_Operation method: getInformation
2024-08-30 10:08:00.407 [,] [redisMessageListenerContainer-3] INFO  User_Operation - [User_Operationlog,20] - After User_Operation method: getInformation
2024-08-30 10:08:17.965 [,] [redisMessageListenerContainer-5] INFO  User_Operation - [User_Operationlog,20] - After User_Operation method: getInformation
2024-08-30 10:08:17.966 [,] [redisMessageListenerContainer-6] INFO  User_Operation - [User_Operationlog,20] - After User_Operation method: getInformation
2024-08-30 10:08:21.460 [,] [redisMessageListenerContainer-7] INFO  User_Operation - [User_Operationlog,20] - After User_Operation method: getInformation
2024-08-30 10:08:21.460 [,] [redisMessageListenerContainer-8] INFO  User_Operation - [User_Operationlog,20] - After User_Operation method: getInformation
2024-08-30 10:08:24.514 [,] [redisMessageListenerContainer-9] INFO  User_Operation - [User_Operationlog,20] - After User_Operation method: getInformation
2024-08-30 10:08:24.514 [,] [redisMessageListenerContainer-10] INFO  User_Operation - [User_Operationlog,20] - After User_Operation method: getInformation
2024-08-30 10:09:12.089 [,] [redisMessageListenerContainer-12] INFO  User_Operation - [User_Operationlog,20] - After User_Operation method: getInformation
2024-08-30 10:09:12.089 [,] [redisMessageListenerContainer-11] INFO  User_Operation - [User_Operationlog,20] - After User_Operation method: getInformation
2024-08-30 10:09:15.038 [,] [redisMessageListenerContainer-13] INFO  User_Operation - [User_Operationlog,20] - After User_Operation method: getInformation
2024-08-30 10:09:15.039 [,] [redisMessageListenerContainer-14] INFO  User_Operation - [User_Operationlog,20] - After User_Operation method: getInformation
2024-08-30 10:09:19.195 [,] [redisMessageListenerContainer-15] INFO  User_Operation - [User_Operationlog,20] - After User_Operation method: getInformation
2024-08-30 10:09:19.195 [,] [redisMessageListenerContainer-16] INFO  User_Operation - [User_Operationlog,20] - After User_Operation method: getInformation
2024-08-30 10:09:27.166 [,] [redisMessageListenerContainer-17] INFO  User_Operation - [User_Operationlog,20] - After User_Operation method: getInformation
2024-08-30 10:09:27.166 [,] [redisMessageListenerContainer-18] INFO  User_Operation - [User_Operationlog,20] - After User_Operation method: getInformation
2024-08-30 10:09:30.110 [,] [redisMessageListenerContainer-19] INFO  User_Operation - [User_Operationlog,20] - After User_Operation method: getInformation
2024-08-30 10:09:30.111 [,] [redisMessageListenerContainer-20] INFO  User_Operation - [User_Operationlog,20] - After User_Operation method: getInformation
2024-08-30 10:10:17.819 [,] [redisMessageListenerContainer-21] INFO  User_Operation - [User_Operationlog,20] - After User_Operation method: getInformation
2024-08-30 10:10:17.819 [,] [redisMessageListenerContainer-22] INFO  User_Operation - [User_Operationlog,20] - After User_Operation method: getInformation
2024-08-30 10:11:00.704 [,] [redisMessageListenerContainer-24] INFO  User_Operation - [User_Operationlog,20] - After User_Operation method: getInformation
2024-08-30 10:11:00.704 [,] [redisMessageListenerContainer-23] INFO  User_Operation - [User_Operationlog,20] - After User_Operation method: getInformation
2024-08-30 10:11:03.103 [,] [SpringApplicationShutdownHook] INFO  c.z.h.HikariDataSource - [close,350] - HikariPool-1 - Shutdown initiated...
2024-08-30 10:11:03.108 [,] [SpringApplicationShutdownHook] INFO  c.z.h.HikariDataSource - [close,352] - HikariPool-1 - Shutdown completed.
2024-08-30 10:11:10.240 [,] [main] INFO  c.s.a.AIOCompanyApplication - [logStarting,55] - Starting AIOCompanyApplication using Java 1.8.0_411 on DESKTOP-0QJEBFD with PID 23112 (E:\AIO_2024.08.16\AIO - 副本 - 测试\AIO-company\target\classes started by neko in E:\AIO_2024.08.16\AIO - 副本 - 测试\AIO-company)
2024-08-30 10:11:10.249 [,] [main] INFO  c.s.a.AIOCompanyApplication - [logStartupProfileInfo,634] - No active profile set, falling back to 1 default profile: "default"
2024-08-30 10:11:11.726 [,] [main] INFO  o.a.c.h.Http11NioProtocol - [log,173] - Initializing ProtocolHandler ["http-nio-127.0.0.1-8089"]
2024-08-30 10:11:11.726 [,] [main] INFO  o.a.c.c.StandardService - [log,173] - Starting service [Tomcat]
2024-08-30 10:11:11.726 [,] [main] INFO  o.a.c.c.StandardEngine - [log,173] - Starting Servlet engine: [Apache Tomcat/9.0.68]
2024-08-30 10:11:11.840 [,] [main] INFO  o.a.c.c.C.[.[.[/] - [log,173] - Initializing Spring embedded WebApplicationContext
2024-08-30 10:11:11.999 [,] [main] INFO  o.h.j.i.u.LogHelper - [logPersistenceUnitInformation,31] - HHH000204: Processing PersistenceUnitInfo [name: default]
2024-08-30 10:11:12.028 [,] [main] INFO  o.hibernate.Version - [logVersion,44] - HHH000412: Hibernate ORM core version 5.6.12.Final
2024-08-30 10:11:12.116 [,] [main] INFO  o.h.a.common.Version - [<clinit>,56] - HCANN000001: Hibernate Commons Annotations {5.1.2.Final}
2024-08-30 10:11:12.184 [,] [main] INFO  c.z.h.HikariDataSource - [getConnection,110] - HikariPool-1 - Starting...
2024-08-30 10:11:12.287 [,] [main] INFO  c.z.h.HikariDataSource - [getConnection,123] - HikariPool-1 - Start completed.
2024-08-30 10:11:12.297 [,] [main] INFO  o.h.dialect.Dialect - [<init>,175] - HHH000400: Using dialect: org.hibernate.dialect.MySQL8Dialect
2024-08-30 10:11:12.660 [,] [main] INFO  o.h.e.t.j.p.i.JtaPlatformInitiator - [initiateService,52] - HHH000490: Using JtaPlatform implementation: [org.hibernate.engine.transaction.jta.platform.internal.NoJtaPlatform]
2024-08-30 10:11:14.575 [,] [main] INFO  User_Operation - [User_Operationlog,20] - After User_Operation method: initFFmpeg
2024-08-30 10:11:15.148 [,] [main] INFO  o.a.c.h.Http11NioProtocol - [log,173] - Starting ProtocolHandler ["http-nio-127.0.0.1-8089"]
2024-08-30 10:11:15.225 [,] [main] INFO  c.s.a.AIOCompanyApplication - [logStarted,61] - Started AIOCompanyApplication in 5.306 seconds (JVM running for 6.368)
2024-08-30 10:11:15.226 [,] [main] INFO  User_Operation - [User_Operationlog,20] - After User_Operation method: onApplicationEvent
2024-08-30 10:11:20.012 [,] [scheduling-1] INFO  User_Operation - [User_Operationlog,20] - After User_Operation method: monitorFfmpegProcess
2024-08-30 10:11:30.004 [,] [scheduling-1] INFO  User_Operation - [User_Operationlog,20] - After User_Operation method: monitorFfmpegProcess
2024-08-30 10:11:40.006 [,] [scheduling-1] INFO  User_Operation - [User_Operationlog,20] - After User_Operation method: monitorFfmpegProcess
2024-08-30 10:11:50.008 [,] [scheduling-1] INFO  User_Operation - [User_Operationlog,20] - After User_Operation method: monitorFfmpegProcess
2024-08-30 10:12:59.490 [,] [redisMessageListenerContainer-1] INFO  User_Operation - [User_Operationlog,20] - After User_Operation method: getInformation
2024-08-30 10:12:59.490 [,] [redisMessageListenerContainer-2] INFO  User_Operation - [User_Operationlog,20] - After User_Operation method: getInformation
2024-08-30 10:13:03.205 [,] [redisMessageListenerContainer-3] INFO  User_Operation - [User_Operationlog,20] - After User_Operation method: getInformation
2024-08-30 10:13:03.205 [,] [redisMessageListenerContainer-4] INFO  User_Operation - [User_Operationlog,20] - After User_Operation method: getInformation
2024-08-30 10:13:11.261 [,] [redisMessageListenerContainer-5] INFO  User_Operation - [User_Operationlog,20] - After User_Operation method: getInformation
2024-08-30 10:13:11.261 [,] [redisMessageListenerContainer-6] INFO  User_Operation - [User_Operationlog,20] - After User_Operation method: getInformation
2024-08-30 10:13:15.203 [,] [redisMessageListenerContainer-8] INFO  User_Operation - [User_Operationlog,20] - After User_Operation method: getInformation
2024-08-30 10:13:15.203 [,] [redisMessageListenerContainer-7] INFO  User_Operation - [User_Operationlog,20] - After User_Operation method: getInformation
2024-08-30 10:13:19.254 [,] [redisMessageListenerContainer-9] INFO  User_Operation - [User_Operationlog,20] - After User_Operation method: getInformation
2024-08-30 10:13:19.254 [,] [redisMessageListenerContainer-10] INFO  User_Operation - [User_Operationlog,20] - After User_Operation method: getInformation
2024-08-30 10:13:22.412 [,] [redisMessageListenerContainer-11] INFO  User_Operation - [User_Operationlog,20] - After User_Operation method: getInformation
2024-08-30 10:13:22.413 [,] [redisMessageListenerContainer-12] INFO  User_Operation - [User_Operationlog,20] - After User_Operation method: getInformation
2024-08-30 10:13:25.363 [,] [redisMessageListenerContainer-13] INFO  User_Operation - [User_Operationlog,20] - After User_Operation method: getInformation
2024-08-30 10:13:25.363 [,] [redisMessageListenerContainer-14] INFO  User_Operation - [User_Operationlog,20] - After User_Operation method: getInformation
2024-08-30 10:13:28.320 [,] [redisMessageListenerContainer-16] INFO  User_Operation - [User_Operationlog,20] - After User_Operation method: getInformation
2024-08-30 10:13:28.320 [,] [redisMessageListenerContainer-15] INFO  User_Operation - [User_Operationlog,20] - After User_Operation method: getInformation
2024-08-30 10:14:12.273 [,] [redisMessageListenerContainer-17] INFO  User_Operation - [User_Operationlog,20] - After User_Operation method: getInformation
2024-08-30 10:14:12.273 [,] [redisMessageListenerContainer-18] INFO  User_Operation - [User_Operationlog,20] - After User_Operation method: getInformation
2024-08-30 10:14:15.230 [,] [redisMessageListenerContainer-19] INFO  User_Operation - [User_Operationlog,20] - After User_Operation method: getInformation
2024-08-30 10:14:15.230 [,] [redisMessageListenerContainer-20] INFO  User_Operation - [User_Operationlog,20] - After User_Operation method: getInformation
2024-08-30 10:14:19.281 [,] [redisMessageListenerContainer-21] INFO  User_Operation - [User_Operationlog,20] - After User_Operation method: getInformation
2024-08-30 10:14:19.281 [,] [redisMessageListenerContainer-22] INFO  User_Operation - [User_Operationlog,20] - After User_Operation method: getInformation
2024-08-30 10:14:27.281 [,] [redisMessageListenerContainer-24] INFO  User_Operation - [User_Operationlog,20] - After User_Operation method: getInformation
2024-08-30 10:14:27.281 [,] [redisMessageListenerContainer-23] INFO  User_Operation - [User_Operationlog,20] - After User_Operation method: getInformation
2024-08-30 10:14:30.126 [,] [redisMessageListenerContainer-25] INFO  User_Operation - [User_Operationlog,20] - After User_Operation method: getInformation
2024-08-30 10:14:30.126 [,] [redisMessageListenerContainer-26] INFO  User_Operation - [User_Operationlog,20] - After User_Operation method: getInformation
2024-08-30 10:14:33.610 [,] [redisMessageListenerContainer-27] INFO  User_Operation - [User_Operationlog,20] - After User_Operation method: getInformation
2024-08-30 10:14:33.610 [,] [redisMessageListenerContainer-28] INFO  User_Operation - [User_Operationlog,20] - After User_Operation method: getInformation
2024-08-30 10:15:17.116 [,] [redisMessageListenerContainer-29] INFO  User_Operation - [User_Operationlog,20] - After User_Operation method: getInformation
2024-08-30 10:15:17.117 [,] [redisMessageListenerContainer-30] INFO  User_Operation - [User_Operationlog,20] - After User_Operation method: getInformation
2024-08-30 10:15:20.169 [,] [redisMessageListenerContainer-31] INFO  User_Operation - [User_Operationlog,20] - After User_Operation method: getInformation
2024-08-30 10:15:20.169 [,] [redisMessageListenerContainer-32] INFO  User_Operation - [User_Operationlog,20] - After User_Operation method: getInformation
2024-08-30 10:15:59.267 [,] [redisMessageListenerContainer-34] INFO  User_Operation - [User_Operationlog,20] - After User_Operation method: getInformation
2024-08-30 10:15:59.267 [,] [redisMessageListenerContainer-33] INFO  User_Operation - [User_Operationlog,20] - After User_Operation method: getInformation
2024-08-30 10:16:23.933 [,] [redisMessageListenerContainer-36] INFO  User_Operation - [User_Operationlog,20] - After User_Operation method: getInformation
2024-08-30 10:16:23.933 [,] [redisMessageListenerContainer-35] INFO  User_Operation - [User_Operationlog,20] - After User_Operation method: getInformation
2024-08-30 10:16:33.405 [,] [redisMessageListenerContainer-37] INFO  User_Operation - [User_Operationlog,20] - After User_Operation method: getInformation
2024-08-30 10:16:33.405 [,] [redisMessageListenerContainer-38] INFO  User_Operation - [User_Operationlog,20] - After User_Operation method: getInformation
2024-08-30 10:16:45.308 [,] [redisMessageListenerContainer-40] INFO  User_Operation - [User_Operationlog,20] - After User_Operation method: getInformation
2024-08-30 10:16:45.308 [,] [redisMessageListenerContainer-39] INFO  User_Operation - [User_Operationlog,20] - After User_Operation method: getInformation
2024-08-30 10:16:53.211 [,] [redisMessageListenerContainer-41] INFO  User_Operation - [User_Operationlog,20] - After User_Operation method: getInformation
2024-08-30 10:16:53.211 [,] [redisMessageListenerContainer-42] INFO  User_Operation - [User_Operationlog,20] - After User_Operation method: getInformation
2024-08-30 10:16:56.154 [,] [redisMessageListenerContainer-44] INFO  User_Operation - [User_Operationlog,20] - After User_Operation method: getInformation
2024-08-30 10:16:56.154 [,] [redisMessageListenerContainer-43] INFO  User_Operation - [User_Operationlog,20] - After User_Operation method: getInformation
2024-08-30 10:16:59.227 [,] [redisMessageListenerContainer-45] INFO  User_Operation - [User_Operationlog,20] - After User_Operation method: getInformation
2024-08-30 10:16:59.227 [,] [redisMessageListenerContainer-46] INFO  User_Operation - [User_Operationlog,20] - After User_Operation method: getInformation
2024-08-30 10:18:03.057 [,] [redisMessageListenerContainer-47] INFO  User_Operation - [User_Operationlog,20] - After User_Operation method: getInformation
2024-08-30 10:18:03.064 [,] [redisMessageListenerContainer-48] INFO  User_Operation - [User_Operationlog,20] - After User_Operation method: getInformation
2024-08-30 10:18:06.049 [,] [redisMessageListenerContainer-50] INFO  User_Operation - [User_Operationlog,20] - After User_Operation method: getInformation
2024-08-30 10:18:06.049 [,] [redisMessageListenerContainer-49] INFO  User_Operation - [User_Operationlog,20] - After User_Operation method: getInformation
2024-08-30 10:18:21.972 [,] [redisMessageListenerContainer-51] INFO  User_Operation - [User_Operationlog,20] - After User_Operation method: getInformation
2024-08-30 10:18:21.973 [,] [redisMessageListenerContainer-52] INFO  User_Operation - [User_Operationlog,20] - After User_Operation method: getInformation
2024-08-30 10:18:25.149 [,] [redisMessageListenerContainer-54] INFO  User_Operation - [User_Operationlog,20] - After User_Operation method: getInformation
2024-08-30 10:18:25.149 [,] [redisMessageListenerContainer-53] INFO  User_Operation - [User_Operationlog,20] - After User_Operation method: getInformation
2024-08-30 10:19:16.642 [,] [redisMessageListenerContainer-56] INFO  User_Operation - [User_Operationlog,20] - After User_Operation method: getInformation
2024-08-30 10:19:16.642 [,] [redisMessageListenerContainer-55] INFO  User_Operation - [User_Operationlog,20] - After User_Operation method: getInformation
2024-08-30 10:19:19.798 [,] [redisMessageListenerContainer-58] INFO  User_Operation - [User_Operationlog,20] - After User_Operation method: getInformation
2024-08-30 10:19:19.798 [,] [redisMessageListenerContainer-57] INFO  User_Operation - [User_Operationlog,20] - After User_Operation method: getInformation
2024-08-30 10:19:24.468 [,] [redisMessageListenerContainer-59] INFO  User_Operation - [User_Operationlog,20] - After User_Operation method: getInformation
2024-08-30 10:19:24.469 [,] [redisMessageListenerContainer-60] INFO  User_Operation - [User_Operationlog,20] - After User_Operation method: getInformation
2024-08-30 10:19:31.872 [,] [redisMessageListenerContainer-61] INFO  User_Operation - [User_Operationlog,20] - After User_Operation method: getInformation
2024-08-30 10:19:31.873 [,] [redisMessageListenerContainer-62] INFO  User_Operation - [User_Operationlog,20] - After User_Operation method: getInformation
2024-08-30 10:19:52.042 [,] [redisMessageListenerContainer-63] INFO  User_Operation - [User_Operationlog,20] - After User_Operation method: getInformation
2024-08-30 10:19:52.042 [,] [redisMessageListenerContainer-64] INFO  User_Operation - [User_Operationlog,20] - After User_Operation method: getInformation
2024-08-30 10:20:16.018 [,] [redisMessageListenerContainer-65] INFO  User_Operation - [User_Operationlog,20] - After User_Operation method: getInformation
2024-08-30 10:20:16.018 [,] [redisMessageListenerContainer-66] INFO  User_Operation - [User_Operationlog,20] - After User_Operation method: getInformation
2024-08-30 10:20:19.005 [,] [redisMessageListenerContainer-68] INFO  User_Operation - [User_Operationlog,20] - After User_Operation method: getInformation
2024-08-30 10:20:19.005 [,] [redisMessageListenerContainer-67] INFO  User_Operation - [User_Operationlog,20] - After User_Operation method: getInformation
2024-08-30 10:20:23.034 [,] [redisMessageListenerContainer-69] INFO  User_Operation - [User_Operationlog,20] - After User_Operation method: getInformation
2024-08-30 10:20:23.035 [,] [redisMessageListenerContainer-70] INFO  User_Operation - [User_Operationlog,20] - After User_Operation method: getInformation
2024-08-30 10:20:43.224 [,] [redisMessageListenerContainer-71] INFO  User_Operation - [User_Operationlog,20] - After User_Operation method: getInformation
2024-08-30 10:20:43.224 [,] [redisMessageListenerContainer-72] INFO  User_Operation - [User_Operationlog,20] - After User_Operation method: getInformation
2024-08-30 10:20:51.077 [,] [redisMessageListenerContainer-74] INFO  User_Operation - [User_Operationlog,20] - After User_Operation method: getInformation
2024-08-30 10:20:51.077 [,] [redisMessageListenerContainer-73] INFO  User_Operation - [User_Operationlog,20] - After User_Operation method: getInformation
2024-08-30 10:21:10.914 [,] [redisMessageListenerContainer-75] INFO  User_Operation - [User_Operationlog,20] - After User_Operation method: getInformation
2024-08-30 10:21:10.914 [,] [redisMessageListenerContainer-76] INFO  User_Operation - [User_Operationlog,20] - After User_Operation method: getInformation
2024-08-30 10:22:31.643 [,] [redisMessageListenerContainer-78] INFO  User_Operation - [User_Operationlog,20] - After User_Operation method: getInformation
2024-08-30 10:22:31.643 [,] [redisMessageListenerContainer-77] INFO  User_Operation - [User_Operationlog,20] - After User_Operation method: getInformation
2024-08-30 10:22:59.480 [,] [redisMessageListenerContainer-79] INFO  User_Operation - [User_Operationlog,20] - After User_Operation method: getInformation
2024-08-30 10:22:59.480 [,] [redisMessageListenerContainer-80] INFO  User_Operation - [User_Operationlog,20] - After User_Operation method: getInformation
2024-08-30 10:23:04.512 [,] [redisMessageListenerContainer-82] INFO  User_Operation - [User_Operationlog,20] - After User_Operation method: getInformation
2024-08-30 10:23:04.512 [,] [redisMessageListenerContainer-81] INFO  User_Operation - [User_Operationlog,20] - After User_Operation method: getInformation
2024-08-30 10:23:12.648 [,] [redisMessageListenerContainer-83] INFO  User_Operation - [User_Operationlog,20] - After User_Operation method: getInformation
2024-08-30 10:23:12.648 [,] [redisMessageListenerContainer-84] INFO  User_Operation - [User_Operationlog,20] - After User_Operation method: getInformation
2024-08-30 10:23:20.828 [,] [redisMessageListenerContainer-86] INFO  User_Operation - [User_Operationlog,20] - After User_Operation method: getInformation
2024-08-30 10:23:20.828 [,] [redisMessageListenerContainer-85] INFO  User_Operation - [User_Operationlog,20] - After User_Operation method: getInformation
2024-08-30 10:23:24.025 [,] [redisMessageListenerContainer-87] INFO  User_Operation - [User_Operationlog,20] - After User_Operation method: getInformation
2024-08-30 10:23:24.025 [,] [redisMessageListenerContainer-88] INFO  User_Operation - [User_Operationlog,20] - After User_Operation method: getInformation
2024-08-30 10:24:07.593 [,] [redisMessageListenerContainer-89] INFO  User_Operation - [User_Operationlog,20] - After User_Operation method: getInformation
2024-08-30 10:24:07.593 [,] [redisMessageListenerContainer-90] INFO  User_Operation - [User_Operationlog,20] - After User_Operation method: getInformation
2024-08-30 10:24:12.040 [,] [redisMessageListenerContainer-92] INFO  User_Operation - [User_Operationlog,20] - After User_Operation method: getInformation
2024-08-30 10:24:12.040 [,] [redisMessageListenerContainer-91] INFO  User_Operation - [User_Operationlog,20] - After User_Operation method: getInformation
2024-08-30 10:24:15.526 [,] [redisMessageListenerContainer-93] INFO  User_Operation - [User_Operationlog,20] - After User_Operation method: getInformation
2024-08-30 10:24:15.526 [,] [redisMessageListenerContainer-94] INFO  User_Operation - [User_Operationlog,20] - After User_Operation method: getInformation
2024-08-30 10:24:18.596 [,] [redisMessageListenerContainer-96] INFO  User_Operation - [User_Operationlog,20] - After User_Operation method: getInformation
2024-08-30 10:24:18.596 [,] [redisMessageListenerContainer-95] INFO  User_Operation - [User_Operationlog,20] - After User_Operation method: getInformation
2024-08-30 10:24:21.541 [,] [redisMessageListenerContainer-97] INFO  User_Operation - [User_Operationlog,20] - After User_Operation method: getInformation
2024-08-30 10:24:21.542 [,] [redisMessageListenerContainer-98] INFO  User_Operation - [User_Operationlog,20] - After User_Operation method: getInformation
2024-08-30 10:24:29.717 [,] [redisMessageListenerContainer-99] INFO  User_Operation - [User_Operationlog,20] - After User_Operation method: getInformation
2024-08-30 10:24:29.718 [,] [redisMessageListenerContainer-100] INFO  User_Operation - [User_Operationlog,20] - After User_Operation method: getInformation
2024-08-30 10:24:32.563 [,] [redisMessageListenerContainer-101] INFO  User_Operation - [User_Operationlog,20] - After User_Operation method: getInformation
2024-08-30 10:24:32.563 [,] [redisMessageListenerContainer-102] INFO  User_Operation - [User_Operationlog,20] - After User_Operation method: getInformation
2024-08-30 10:24:35.731 [,] [redisMessageListenerContainer-103] INFO  User_Operation - [User_Operationlog,20] - After User_Operation method: getInformation
2024-08-30 10:24:35.732 [,] [redisMessageListenerContainer-104] INFO  User_Operation - [User_Operationlog,20] - After User_Operation method: getInformation
2024-08-30 10:24:51.625 [,] [redisMessageListenerContainer-105] INFO  User_Operation - [User_Operationlog,20] - After User_Operation method: getInformation
2024-08-30 10:24:51.625 [,] [redisMessageListenerContainer-106] INFO  User_Operation - [User_Operationlog,20] - After User_Operation method: getInformation
2024-08-30 10:25:15.607 [,] [redisMessageListenerContainer-107] INFO  User_Operation - [User_Operationlog,20] - After User_Operation method: getInformation
2024-08-30 10:25:15.607 [,] [redisMessageListenerContainer-108] INFO  User_Operation - [User_Operationlog,20] - After User_Operation method: getInformation
2024-08-30 10:25:47.390 [,] [redisMessageListenerContainer-110] INFO  User_Operation - [User_Operationlog,20] - After User_Operation method: getInformation
2024-08-30 10:25:47.390 [,] [redisMessageListenerContainer-109] INFO  User_Operation - [User_Operationlog,20] - After User_Operation method: getInformation
2024-08-30 10:25:59.575 [,] [redisMessageListenerContainer-112] INFO  User_Operation - [User_Operationlog,20] - After User_Operation method: getInformation
2024-08-30 10:25:59.575 [,] [redisMessageListenerContainer-111] INFO  User_Operation - [User_Operationlog,20] - After User_Operation method: getInformation
2024-08-30 10:26:23.527 [,] [redisMessageListenerContainer-113] INFO  User_Operation - [User_Operationlog,20] - After User_Operation method: getInformation
2024-08-30 10:26:23.527 [,] [redisMessageListenerContainer-114] INFO  User_Operation - [User_Operationlog,20] - After User_Operation method: getInformation
2024-08-30 10:26:24.717 [,] [redisMessageListenerContainer-115] INFO  User_Operation - [User_Operationlog,20] - After User_Operation method: getInformation
2024-08-30 10:26:24.717 [,] [redisMessageListenerContainer-116] INFO  User_Operation - [User_Operationlog,20] - After User_Operation method: getInformation
2024-08-30 10:26:32.668 [,] [redisMessageListenerContainer-117] INFO  User_Operation - [User_Operationlog,20] - After User_Operation method: getInformation
2024-08-30 10:26:32.668 [,] [redisMessageListenerContainer-118] INFO  User_Operation - [User_Operationlog,20] - After User_Operation method: getInformation
2024-08-30 10:26:35.701 [,] [redisMessageListenerContainer-119] INFO  User_Operation - [User_Operationlog,20] - After User_Operation method: getInformation
2024-08-30 10:26:35.701 [,] [redisMessageListenerContainer-120] INFO  User_Operation - [User_Operationlog,20] - After User_Operation method: getInformation
2024-08-30 10:26:51.622 [,] [redisMessageListenerContainer-121] INFO  User_Operation - [User_Operationlog,20] - After User_Operation method: getInformation
2024-08-30 10:26:51.622 [,] [redisMessageListenerContainer-122] INFO  User_Operation - [User_Operationlog,20] - After User_Operation method: getInformation
2024-08-30 10:26:55.562 [,] [redisMessageListenerContainer-123] INFO  User_Operation - [User_Operationlog,20] - After User_Operation method: getInformation
2024-08-30 10:26:55.563 [,] [redisMessageListenerContainer-124] INFO  User_Operation - [User_Operationlog,20] - After User_Operation method: getInformation
2024-08-30 10:26:58.627 [,] [redisMessageListenerContainer-126] INFO  User_Operation - [User_Operationlog,20] - After User_Operation method: getInformation
2024-08-30 10:26:58.628 [,] [redisMessageListenerContainer-125] INFO  User_Operation - [User_Operationlog,20] - After User_Operation method: getInformation
2024-08-30 10:27:10.541 [,] [redisMessageListenerContainer-128] INFO  User_Operation - [User_Operationlog,20] - After User_Operation method: getInformation
2024-08-30 10:27:10.541 [,] [redisMessageListenerContainer-127] INFO  User_Operation - [User_Operationlog,20] - After User_Operation method: getInformation
2024-08-30 10:28:02.537 [,] [redisMessageListenerContainer-129] INFO  User_Operation - [User_Operationlog,20] - After User_Operation method: getInformation
2024-08-30 10:28:02.537 [,] [redisMessageListenerContainer-130] INFO  User_Operation - [User_Operationlog,20] - After User_Operation method: getInformation
2024-08-30 10:28:05.381 [,] [redisMessageListenerContainer-131] INFO  User_Operation - [User_Operationlog,20] - After User_Operation method: getInformation
2024-08-30 10:28:05.382 [,] [redisMessageListenerContainer-132] INFO  User_Operation - [User_Operationlog,20] - After User_Operation method: getInformation
2024-08-30 10:28:21.480 [,] [redisMessageListenerContainer-133] INFO  User_Operation - [User_Operationlog,20] - After User_Operation method: getInformation
2024-08-30 10:28:21.481 [,] [redisMessageListenerContainer-134] INFO  User_Operation - [User_Operationlog,20] - After User_Operation method: getInformation
2024-08-30 10:29:13.447 [,] [redisMessageListenerContainer-135] INFO  User_Operation - [User_Operationlog,20] - After User_Operation method: getInformation
2024-08-30 10:29:13.447 [,] [redisMessageListenerContainer-136] INFO  User_Operation - [User_Operationlog,20] - After User_Operation method: getInformation
2024-08-30 10:29:16.828 [,] [redisMessageListenerContainer-138] INFO  User_Operation - [User_Operationlog,20] - After User_Operation method: getInformation
2024-08-30 10:29:16.828 [,] [redisMessageListenerContainer-137] INFO  User_Operation - [User_Operationlog,20] - After User_Operation method: getInformation
2024-08-30 10:29:23.680 [,] [redisMessageListenerContainer-139] INFO  User_Operation - [User_Operationlog,20] - After User_Operation method: getInformation
2024-08-30 10:29:23.680 [,] [redisMessageListenerContainer-140] INFO  User_Operation - [User_Operationlog,20] - After User_Operation method: getInformation
2024-08-30 10:29:32.829 [,] [redisMessageListenerContainer-141] INFO  User_Operation - [User_Operationlog,20] - After User_Operation method: getInformation
2024-08-30 10:29:32.829 [,] [redisMessageListenerContainer-142] INFO  User_Operation - [User_Operationlog,20] - After User_Operation method: getInformation
2024-08-30 10:29:36.534 [,] [redisMessageListenerContainer-144] INFO  User_Operation - [User_Operationlog,20] - After User_Operation method: getInformation
2024-08-30 10:29:36.534 [,] [redisMessageListenerContainer-143] INFO  User_Operation - [User_Operationlog,20] - After User_Operation method: getInformation
2024-08-30 10:29:39.358 [,] [redisMessageListenerContainer-145] INFO  User_Operation - [User_Operationlog,20] - After User_Operation method: getInformation
2024-08-30 10:29:39.359 [,] [redisMessageListenerContainer-146] INFO  User_Operation - [User_Operationlog,20] - After User_Operation method: getInformation
2024-08-30 10:30:18.194 [,] [SpringApplicationShutdownHook] INFO  c.z.h.HikariDataSource - [close,350] - HikariPool-1 - Shutdown initiated...
2024-08-30 10:30:18.200 [,] [SpringApplicationShutdownHook] INFO  c.z.h.HikariDataSource - [close,352] - HikariPool-1 - Shutdown completed.
2024-08-30 10:30:26.010 [,] [main] INFO  c.s.a.AIOCompanyApplication - [logStarting,55] - Starting AIOCompanyApplication using Java 1.8.0_411 on DESKTOP-0QJEBFD with PID 18612 (E:\AIO_2024.08.16\AIO - 副本 - 测试\AIO-company\target\classes started by neko in E:\AIO_2024.08.16\AIO - 副本 - 测试\AIO-company)
2024-08-30 10:30:26.106 [,] [main] INFO  c.s.a.AIOCompanyApplication - [logStartupProfileInfo,634] - No active profile set, falling back to 1 default profile: "default"
2024-08-30 10:30:27.513 [,] [main] INFO  o.a.c.h.Http11NioProtocol - [log,173] - Initializing ProtocolHandler ["http-nio-127.0.0.1-8089"]
2024-08-30 10:30:27.513 [,] [main] INFO  o.a.c.c.StandardService - [log,173] - Starting service [Tomcat]
2024-08-30 10:30:27.514 [,] [main] INFO  o.a.c.c.StandardEngine - [log,173] - Starting Servlet engine: [Apache Tomcat/9.0.68]
2024-08-30 10:30:27.625 [,] [main] INFO  o.a.c.c.C.[.[.[/] - [log,173] - Initializing Spring embedded WebApplicationContext
2024-08-30 10:30:27.787 [,] [main] INFO  o.h.j.i.u.LogHelper - [logPersistenceUnitInformation,31] - HHH000204: Processing PersistenceUnitInfo [name: default]
2024-08-30 10:30:27.819 [,] [main] INFO  o.hibernate.Version - [logVersion,44] - HHH000412: Hibernate ORM core version 5.6.12.Final
2024-08-30 10:30:27.905 [,] [main] INFO  o.h.a.common.Version - [<clinit>,56] - HCANN000001: Hibernate Commons Annotations {5.1.2.Final}
2024-08-30 10:30:27.963 [,] [main] INFO  c.z.h.HikariDataSource - [getConnection,110] - HikariPool-1 - Starting...
2024-08-30 10:30:28.053 [,] [main] INFO  c.z.h.HikariDataSource - [getConnection,123] - HikariPool-1 - Start completed.
2024-08-30 10:30:28.062 [,] [main] INFO  o.h.dialect.Dialect - [<init>,175] - HHH000400: Using dialect: org.hibernate.dialect.MySQL8Dialect
2024-08-30 10:30:28.466 [,] [main] INFO  o.h.e.t.j.p.i.JtaPlatformInitiator - [initiateService,52] - HHH000490: Using JtaPlatform implementation: [org.hibernate.engine.transaction.jta.platform.internal.NoJtaPlatform]
2024-08-30 10:30:30.331 [,] [main] INFO  User_Operation - [User_Operationlog,20] - After User_Operation method: initFFmpeg
2024-08-30 10:30:30.888 [,] [main] INFO  o.a.c.h.Http11NioProtocol - [log,173] - Starting ProtocolHandler ["http-nio-127.0.0.1-8089"]
2024-08-30 10:30:30.950 [,] [main] INFO  c.s.a.AIOCompanyApplication - [logStarted,61] - Started AIOCompanyApplication in 5.255 seconds (JVM running for 6.343)
2024-08-30 10:30:30.951 [,] [main] INFO  User_Operation - [User_Operationlog,20] - After User_Operation method: onApplicationEvent
2024-08-30 10:30:40.007 [,] [scheduling-1] INFO  User_Operation - [User_Operationlog,20] - After User_Operation method: monitorFfmpegProcess
2024-08-30 10:30:50.009 [,] [scheduling-1] INFO  User_Operation - [User_Operationlog,20] - After User_Operation method: monitorFfmpegProcess
2024-08-30 10:31:00.012 [,] [scheduling-1] INFO  User_Operation - [User_Operationlog,20] - After User_Operation method: monitorFfmpegProcess
2024-08-30 10:31:10.015 [,] [scheduling-1] INFO  User_Operation - [User_Operationlog,20] - After User_Operation method: monitorFfmpegProcess
2024-08-30 10:31:10.469 [,] [http-nio-127.0.0.1-8089-exec-1] INFO  o.a.c.c.C.[.[.[/] - [log,173] - Initializing Spring DispatcherServlet 'dispatcherServlet'
2024-08-30 10:31:10.546 [,] [http-nio-127.0.0.1-8089-exec-1] INFO  User_Operation - [User_Operationlog,20] - After User_Operation method: indexWeb
2024-08-30 10:31:10.549 [,] [http-nio-127.0.0.1-8089-exec-1] INFO  User_Operation - [User_Operationlog,20] - After User_Operation method: getInformation
2024-08-30 10:31:44.517 [,] [http-nio-127.0.0.1-8089-exec-4] INFO  User_Operation - [User_Operationlog,20] - After User_Operation method: AIO
2024-08-30 10:31:44.521 [,] [http-nio-127.0.0.1-8089-exec-4] INFO  User_Operation - [User_Operationlog,20] - After User_Operation method: getFfmpegEnabled
2024-08-30 10:31:44.522 [,] [http-nio-127.0.0.1-8089-exec-4] INFO  User_Operation - [User_Operationlog,20] - After User_Operation method: indexWeb
2024-08-30 10:31:44.522 [,] [http-nio-127.0.0.1-8089-exec-4] INFO  User_Operation - [User_Operationlog,20] - After User_Operation method: getInformation
2024-08-30 10:32:32.867 [,] [redisMessageListenerContainer-2] INFO  User_Operation - [User_Operationlog,20] - After User_Operation method: getInformation
2024-08-30 10:32:32.867 [,] [redisMessageListenerContainer-1] INFO  User_Operation - [User_Operationlog,20] - After User_Operation method: getInformation
2024-08-30 10:32:57.382 [,] [redisMessageListenerContainer-4] INFO  User_Operation - [User_Operationlog,20] - After User_Operation method: getInformation
2024-08-30 10:32:57.382 [,] [redisMessageListenerContainer-3] INFO  User_Operation - [User_Operationlog,20] - After User_Operation method: getInformation
2024-08-30 10:33:02.420 [,] [redisMessageListenerContainer-5] INFO  User_Operation - [User_Operationlog,20] - After User_Operation method: getInformation
2024-08-30 10:33:02.420 [,] [redisMessageListenerContainer-6] INFO  User_Operation - [User_Operationlog,20] - After User_Operation method: getInformation
2024-08-30 10:33:05.475 [,] [redisMessageListenerContainer-7] INFO  User_Operation - [User_Operationlog,20] - After User_Operation method: getInformation
2024-08-30 10:33:05.475 [,] [redisMessageListenerContainer-8] INFO  User_Operation - [User_Operationlog,20] - After User_Operation method: getInformation
2024-08-30 10:33:17.702 [,] [redisMessageListenerContainer-9] INFO  User_Operation - [User_Operationlog,20] - After User_Operation method: getInformation
2024-08-30 10:33:17.702 [,] [redisMessageListenerContainer-10] INFO  User_Operation - [User_Operationlog,20] - After User_Operation method: getInformation
2024-08-30 10:33:21.753 [,] [redisMessageListenerContainer-12] INFO  User_Operation - [User_Operationlog,20] - After User_Operation method: getInformation
2024-08-30 10:33:21.752 [,] [redisMessageListenerContainer-11] INFO  User_Operation - [User_Operationlog,20] - After User_Operation method: getInformation
2024-08-30 10:33:24.484 [,] [redisMessageListenerContainer-13] INFO  User_Operation - [User_Operationlog,20] - After User_Operation method: getInformation
2024-08-30 10:33:24.485 [,] [redisMessageListenerContainer-14] INFO  User_Operation - [User_Operationlog,20] - After User_Operation method: getInformation
2024-08-30 10:33:27.441 [,] [redisMessageListenerContainer-15] INFO  User_Operation - [User_Operationlog,20] - After User_Operation method: getInformation
2024-08-30 10:33:27.442 [,] [redisMessageListenerContainer-16] INFO  User_Operation - [User_Operationlog,20] - After User_Operation method: getInformation
2024-08-30 10:35:35.857 [,] [SpringApplicationShutdownHook] INFO  c.z.h.HikariDataSource - [close,350] - HikariPool-1 - Shutdown initiated...
2024-08-30 10:35:35.862 [,] [SpringApplicationShutdownHook] INFO  c.z.h.HikariDataSource - [close,352] - HikariPool-1 - Shutdown completed.
2024-08-30 10:35:42.610 [,] [main] INFO  c.s.a.AIOCompanyApplication - [logStarting,55] - Starting AIOCompanyApplication using Java 1.8.0_411 on DESKTOP-0QJEBFD with PID 5996 (E:\AIO_2024.08.16\AIO - 副本 - 测试\AIO-company\target\classes started by neko in E:\AIO_2024.08.16\AIO - 副本 - 测试\AIO-company)
2024-08-30 10:35:42.613 [,] [main] INFO  c.s.a.AIOCompanyApplication - [logStartupProfileInfo,634] - No active profile set, falling back to 1 default profile: "default"
2024-08-30 10:35:43.970 [,] [main] INFO  o.a.c.h.Http11NioProtocol - [log,173] - Initializing ProtocolHandler ["http-nio-127.0.0.1-8089"]
2024-08-30 10:35:43.970 [,] [main] INFO  o.a.c.c.StandardService - [log,173] - Starting service [Tomcat]
2024-08-30 10:35:43.971 [,] [main] INFO  o.a.c.c.StandardEngine - [log,173] - Starting Servlet engine: [Apache Tomcat/9.0.68]
2024-08-30 10:35:44.077 [,] [main] INFO  o.a.c.c.C.[.[.[/] - [log,173] - Initializing Spring embedded WebApplicationContext
2024-08-30 10:35:44.233 [,] [main] INFO  o.h.j.i.u.LogHelper - [logPersistenceUnitInformation,31] - HHH000204: Processing PersistenceUnitInfo [name: default]
2024-08-30 10:35:44.261 [,] [main] INFO  o.hibernate.Version - [logVersion,44] - HHH000412: Hibernate ORM core version 5.6.12.Final
2024-08-30 10:35:44.344 [,] [main] INFO  o.h.a.common.Version - [<clinit>,56] - HCANN000001: Hibernate Commons Annotations {5.1.2.Final}
2024-08-30 10:35:44.401 [,] [main] INFO  c.z.h.HikariDataSource - [getConnection,110] - HikariPool-1 - Starting...
2024-08-30 10:35:44.488 [,] [main] INFO  c.z.h.HikariDataSource - [getConnection,123] - HikariPool-1 - Start completed.
2024-08-30 10:35:44.497 [,] [main] INFO  o.h.dialect.Dialect - [<init>,175] - HHH000400: Using dialect: org.hibernate.dialect.MySQL8Dialect
2024-08-30 10:35:44.939 [,] [main] INFO  o.h.e.t.j.p.i.JtaPlatformInitiator - [initiateService,52] - HHH000490: Using JtaPlatform implementation: [org.hibernate.engine.transaction.jta.platform.internal.NoJtaPlatform]
2024-08-30 10:35:46.677 [,] [main] INFO  User_Operation - [User_Operationlog,20] - After User_Operation method: initFFmpeg
2024-08-30 10:35:47.203 [,] [main] INFO  o.a.c.h.Http11NioProtocol - [log,173] - Starting ProtocolHandler ["http-nio-127.0.0.1-8089"]
2024-08-30 10:35:47.259 [,] [main] INFO  c.s.a.AIOCompanyApplication - [logStarted,61] - Started AIOCompanyApplication in 4.939 seconds (JVM running for 5.912)
2024-08-30 10:35:47.260 [,] [main] INFO  User_Operation - [User_Operationlog,20] - After User_Operation method: onApplicationEvent
2024-08-30 10:35:50.013 [,] [scheduling-1] INFO  User_Operation - [User_Operationlog,20] - After User_Operation method: monitorFfmpegProcess
2024-08-30 10:35:57.512 [,] [redisMessageListenerContainer-1] INFO  User_Operation - [User_Operationlog,20] - After User_Operation method: getInformation
2024-08-30 10:35:57.512 [,] [redisMessageListenerContainer-2] INFO  User_Operation - [User_Operationlog,20] - After User_Operation method: getInformation
2024-08-30 10:36:00.001 [,] [scheduling-1] INFO  User_Operation - [User_Operationlog,20] - After User_Operation method: monitorFfmpegProcess
2024-08-30 10:36:10.015 [,] [scheduling-1] INFO  User_Operation - [User_Operationlog,20] - After User_Operation method: monitorFfmpegProcess
2024-08-30 10:36:20.011 [,] [scheduling-1] INFO  User_Operation - [User_Operationlog,20] - After User_Operation method: monitorFfmpegProcess
2024-08-30 10:37:06.796 [,] [http-nio-127.0.0.1-8089-exec-1] INFO  o.a.c.c.C.[.[.[/] - [log,173] - Initializing Spring DispatcherServlet 'dispatcherServlet'
2024-08-30 10:37:06.812 [,] [http-nio-127.0.0.1-8089-exec-1] INFO  User_Operation - [User_Operationlog,20] - After User_Operation method: AIO
2024-08-30 10:37:06.820 [,] [http-nio-127.0.0.1-8089-exec-1] INFO  User_Operation - [User_Operationlog,20] - After User_Operation method: getFfmpegEnabled
2024-08-30 10:37:06.820 [,] [http-nio-127.0.0.1-8089-exec-1] INFO  User_Operation - [User_Operationlog,20] - After User_Operation method: indexWeb
2024-08-30 10:37:06.822 [,] [http-nio-127.0.0.1-8089-exec-1] INFO  User_Operation - [User_Operationlog,20] - After User_Operation method: getInformation
2024-08-30 10:40:54.406 [,] [SpringApplicationShutdownHook] INFO  c.z.h.HikariDataSource - [close,350] - HikariPool-1 - Shutdown initiated...
2024-08-30 10:40:54.412 [,] [SpringApplicationShutdownHook] INFO  c.z.h.HikariDataSource - [close,352] - HikariPool-1 - Shutdown completed.
2024-08-30 10:41:02.404 [,] [main] INFO  c.s.a.AIOCompanyApplication - [logStarting,55] - Starting AIOCompanyApplication using Java 1.8.0_411 on DESKTOP-0QJEBFD with PID 21252 (E:\AIO_2024.08.16\AIO - 副本 - 测试\AIO-company\target\classes started by neko in E:\AIO_2024.08.16\AIO - 副本 - 测试\AIO-company)
2024-08-30 10:41:02.407 [,] [main] INFO  c.s.a.AIOCompanyApplication - [logStartupProfileInfo,634] - No active profile set, falling back to 1 default profile: "default"
2024-08-30 10:41:03.824 [,] [main] INFO  o.a.c.h.Http11NioProtocol - [log,173] - Initializing ProtocolHandler ["http-nio-127.0.0.1-8089"]
2024-08-30 10:41:03.824 [,] [main] INFO  o.a.c.c.StandardService - [log,173] - Starting service [Tomcat]
2024-08-30 10:41:03.824 [,] [main] INFO  o.a.c.c.StandardEngine - [log,173] - Starting Servlet engine: [Apache Tomcat/9.0.68]
2024-08-30 10:41:03.953 [,] [main] INFO  o.a.c.c.C.[.[.[/] - [log,173] - Initializing Spring embedded WebApplicationContext
2024-08-30 10:41:04.123 [,] [main] INFO  o.h.j.i.u.LogHelper - [logPersistenceUnitInformation,31] - HHH000204: Processing PersistenceUnitInfo [name: default]
2024-08-30 10:41:04.151 [,] [main] INFO  o.hibernate.Version - [logVersion,44] - HHH000412: Hibernate ORM core version 5.6.12.Final
2024-08-30 10:41:04.235 [,] [main] INFO  o.h.a.common.Version - [<clinit>,56] - HCANN000001: Hibernate Commons Annotations {5.1.2.Final}
2024-08-30 10:41:04.293 [,] [main] INFO  c.z.h.HikariDataSource - [getConnection,110] - HikariPool-1 - Starting...
2024-08-30 10:41:04.385 [,] [main] INFO  c.z.h.HikariDataSource - [getConnection,123] - HikariPool-1 - Start completed.
2024-08-30 10:41:04.395 [,] [main] INFO  o.h.dialect.Dialect - [<init>,175] - HHH000400: Using dialect: org.hibernate.dialect.MySQL8Dialect
2024-08-30 10:41:05.251 [,] [main] INFO  o.h.e.t.j.p.i.JtaPlatformInitiator - [initiateService,52] - HHH000490: Using JtaPlatform implementation: [org.hibernate.engine.transaction.jta.platform.internal.NoJtaPlatform]
2024-08-30 10:41:07.387 [,] [main] INFO  User_Operation - [User_Operationlog,20] - After User_Operation method: initFFmpeg
2024-08-30 10:41:07.958 [,] [main] INFO  o.a.c.h.Http11NioProtocol - [log,173] - Starting ProtocolHandler ["http-nio-127.0.0.1-8089"]
2024-08-30 10:41:08.015 [,] [main] INFO  c.s.a.AIOCompanyApplication - [logStarted,61] - Started AIOCompanyApplication in 5.911 seconds (JVM running for 6.914)
2024-08-30 10:41:08.016 [,] [main] INFO  User_Operation - [User_Operationlog,20] - After User_Operation method: onApplicationEvent
2024-08-30 10:41:10.006 [,] [scheduling-1] INFO  User_Operation - [User_Operationlog,20] - After User_Operation method: monitorFfmpegProcess
2024-08-30 10:41:20.009 [,] [scheduling-1] INFO  User_Operation - [User_Operationlog,20] - After User_Operation method: monitorFfmpegProcess
2024-08-30 10:41:30.011 [,] [scheduling-1] INFO  User_Operation - [User_Operationlog,20] - After User_Operation method: monitorFfmpegProcess
2024-08-30 10:41:37.390 [,] [SpringApplicationShutdownHook] INFO  c.z.h.HikariDataSource - [close,350] - HikariPool-1 - Shutdown initiated...
2024-08-30 10:41:37.395 [,] [SpringApplicationShutdownHook] INFO  c.z.h.HikariDataSource - [close,352] - HikariPool-1 - Shutdown completed.
2024-08-30 10:41:44.263 [,] [main] INFO  c.s.a.AIOCompanyApplication - [logStarting,55] - Starting AIOCompanyApplication using Java 1.8.0_411 on DESKTOP-0QJEBFD with PID 22876 (E:\AIO_2024.08.16\AIO - 副本 - 测试\AIO-company\target\classes started by neko in E:\AIO_2024.08.16\AIO - 副本 - 测试\AIO-company)
2024-08-30 10:41:44.266 [,] [main] INFO  c.s.a.AIOCompanyApplication - [logStartupProfileInfo,634] - No active profile set, falling back to 1 default profile: "default"
2024-08-30 10:41:45.639 [,] [main] INFO  o.a.c.h.Http11NioProtocol - [log,173] - Initializing ProtocolHandler ["http-nio-127.0.0.1-8089"]
2024-08-30 10:41:45.640 [,] [main] INFO  o.a.c.c.StandardService - [log,173] - Starting service [Tomcat]
2024-08-30 10:41:45.640 [,] [main] INFO  o.a.c.c.StandardEngine - [log,173] - Starting Servlet engine: [Apache Tomcat/9.0.68]
2024-08-30 10:41:45.756 [,] [main] INFO  o.a.c.c.C.[.[.[/] - [log,173] - Initializing Spring embedded WebApplicationContext
2024-08-30 10:41:45.915 [,] [main] INFO  o.h.j.i.u.LogHelper - [logPersistenceUnitInformation,31] - HHH000204: Processing PersistenceUnitInfo [name: default]
2024-08-30 10:41:45.945 [,] [main] INFO  o.hibernate.Version - [logVersion,44] - HHH000412: Hibernate ORM core version 5.6.12.Final
2024-08-30 10:41:46.036 [,] [main] INFO  o.h.a.common.Version - [<clinit>,56] - HCANN000001: Hibernate Commons Annotations {5.1.2.Final}
2024-08-30 10:41:46.099 [,] [main] INFO  c.z.h.HikariDataSource - [getConnection,110] - HikariPool-1 - Starting...
2024-08-30 10:41:46.196 [,] [main] INFO  c.z.h.HikariDataSource - [getConnection,123] - HikariPool-1 - Start completed.
2024-08-30 10:41:46.205 [,] [main] INFO  o.h.dialect.Dialect - [<init>,175] - HHH000400: Using dialect: org.hibernate.dialect.MySQL8Dialect
2024-08-30 10:41:46.763 [,] [main] INFO  o.h.e.t.j.p.i.JtaPlatformInitiator - [initiateService,52] - HHH000490: Using JtaPlatform implementation: [org.hibernate.engine.transaction.jta.platform.internal.NoJtaPlatform]
2024-08-30 10:41:48.660 [,] [main] INFO  User_Operation - [User_Operationlog,20] - After User_Operation method: initFFmpeg
2024-08-30 10:41:49.255 [,] [main] INFO  o.a.c.h.Http11NioProtocol - [log,173] - Starting ProtocolHandler ["http-nio-127.0.0.1-8089"]
2024-08-30 10:41:49.324 [,] [main] INFO  c.s.a.AIOCompanyApplication - [logStarted,61] - Started AIOCompanyApplication in 5.365 seconds (JVM running for 6.377)
2024-08-30 10:41:49.325 [,] [main] INFO  User_Operation - [User_Operationlog,20] - After User_Operation method: onApplicationEvent
2024-08-30 10:41:50.014 [,] [scheduling-1] INFO  User_Operation - [User_Operationlog,20] - After User_Operation method: monitorFfmpegProcess
2024-08-30 10:42:00.010 [,] [scheduling-1] INFO  User_Operation - [User_Operationlog,20] - After User_Operation method: monitorFfmpegProcess
2024-08-30 10:42:10.001 [,] [scheduling-1] INFO  User_Operation - [User_Operationlog,20] - After User_Operation method: monitorFfmpegProcess
2024-08-30 10:42:20.011 [,] [scheduling-1] INFO  User_Operation - [User_Operationlog,20] - After User_Operation method: monitorFfmpegProcess
2024-08-30 10:42:41.592 [,] [http-nio-127.0.0.1-8089-exec-1] INFO  o.a.c.c.C.[.[.[/] - [log,173] - Initializing Spring DispatcherServlet 'dispatcherServlet'
2024-08-30 10:42:41.610 [,] [http-nio-127.0.0.1-8089-exec-1] INFO  User_Operation - [User_Operationlog,20] - After User_Operation method: AIO
2024-08-30 10:42:41.619 [,] [http-nio-127.0.0.1-8089-exec-1] INFO  User_Operation - [User_Operationlog,20] - After User_Operation method: getFfmpegEnabled
2024-08-30 10:42:41.620 [,] [http-nio-127.0.0.1-8089-exec-1] INFO  User_Operation - [User_Operationlog,20] - After User_Operation method: indexWeb
2024-08-30 10:42:41.622 [,] [http-nio-127.0.0.1-8089-exec-1] INFO  User_Operation - [User_Operationlog,20] - After User_Operation method: getInformation
2024-08-30 10:48:29.504 [,] [SpringApplicationShutdownHook] INFO  c.z.h.HikariDataSource - [close,350] - HikariPool-1 - Shutdown initiated...
2024-08-30 10:48:29.509 [,] [SpringApplicationShutdownHook] INFO  c.z.h.HikariDataSource - [close,352] - HikariPool-1 - Shutdown completed.
2024-08-30 10:48:36.902 [,] [main] INFO  c.s.a.AIOCompanyApplication - [logStarting,55] - Starting AIOCompanyApplication using Java 1.8.0_411 on DESKTOP-0QJEBFD with PID 7096 (E:\AIO_2024.08.16\AIO - 副本 - 测试\AIO-company\target\classes started by neko in E:\AIO_2024.08.16\AIO - 副本 - 测试\AIO-company)
2024-08-30 10:48:37.195 [,] [main] INFO  c.s.a.AIOCompanyApplication - [logStartupProfileInfo,634] - No active profile set, falling back to 1 default profile: "default"
2024-08-30 10:48:38.514 [,] [main] INFO  o.a.c.h.Http11NioProtocol - [log,173] - Initializing ProtocolHandler ["http-nio-127.0.0.1-8089"]
2024-08-30 10:48:38.514 [,] [main] INFO  o.a.c.c.StandardService - [log,173] - Starting service [Tomcat]
2024-08-30 10:48:38.514 [,] [main] INFO  o.a.c.c.StandardEngine - [log,173] - Starting Servlet engine: [Apache Tomcat/9.0.68]
2024-08-30 10:48:38.619 [,] [main] INFO  o.a.c.c.C.[.[.[/] - [log,173] - Initializing Spring embedded WebApplicationContext
2024-08-30 10:48:38.775 [,] [main] INFO  o.h.j.i.u.LogHelper - [logPersistenceUnitInformation,31] - HHH000204: Processing PersistenceUnitInfo [name: default]
2024-08-30 10:48:38.803 [,] [main] INFO  o.hibernate.Version - [logVersion,44] - HHH000412: Hibernate ORM core version 5.6.12.Final
2024-08-30 10:48:38.887 [,] [main] INFO  o.h.a.common.Version - [<clinit>,56] - HCANN000001: Hibernate Commons Annotations {5.1.2.Final}
2024-08-30 10:48:38.944 [,] [main] INFO  c.z.h.HikariDataSource - [getConnection,110] - HikariPool-1 - Starting...
2024-08-30 10:48:39.033 [,] [main] INFO  c.z.h.HikariDataSource - [getConnection,123] - HikariPool-1 - Start completed.
2024-08-30 10:48:39.041 [,] [main] INFO  o.h.dialect.Dialect - [<init>,175] - HHH000400: Using dialect: org.hibernate.dialect.MySQL8Dialect
2024-08-30 10:48:40.060 [,] [main] INFO  o.h.e.t.j.p.i.JtaPlatformInitiator - [initiateService,52] - HHH000490: Using JtaPlatform implementation: [org.hibernate.engine.transaction.jta.platform.internal.NoJtaPlatform]
2024-08-30 10:48:41.777 [,] [main] INFO  User_Operation - [User_Operationlog,20] - After User_Operation method: initFFmpeg
2024-08-30 10:48:42.300 [,] [main] INFO  o.a.c.h.Http11NioProtocol - [log,173] - Starting ProtocolHandler ["http-nio-127.0.0.1-8089"]
2024-08-30 10:48:42.356 [,] [main] INFO  c.s.a.AIOCompanyApplication - [logStarted,61] - Started AIOCompanyApplication in 5.743 seconds (JVM running for 6.744)
2024-08-30 10:48:42.356 [,] [main] INFO  User_Operation - [User_Operationlog,20] - After User_Operation method: onApplicationEvent
2024-08-30 10:48:50.005 [,] [scheduling-1] INFO  User_Operation - [User_Operationlog,20] - After User_Operation method: monitorFfmpegProcess
2024-08-30 10:49:00.012 [,] [scheduling-1] INFO  User_Operation - [User_Operationlog,20] - After User_Operation method: monitorFfmpegProcess
2024-08-30 10:49:10.006 [,] [scheduling-1] INFO  User_Operation - [User_Operationlog,20] - After User_Operation method: monitorFfmpegProcess
2024-08-30 10:49:20.006 [,] [scheduling-1] INFO  User_Operation - [User_Operationlog,20] - After User_Operation method: monitorFfmpegProcess
2024-08-30 10:51:20.983 [,] [redisMessageListenerContainer-2] INFO  User_Operation - [User_Operationlog,20] - After User_Operation method: getInformation
2024-08-30 10:51:20.983 [,] [redisMessageListenerContainer-1] INFO  User_Operation - [User_Operationlog,20] - After User_Operation method: getInformation
2024-08-30 10:52:36.980 [,] [redisMessageListenerContainer-3] INFO  User_Operation - [User_Operationlog,20] - After User_Operation method: getInformation
2024-08-30 10:52:36.980 [,] [redisMessageListenerContainer-4] INFO  User_Operation - [User_Operationlog,20] - After User_Operation method: getInformation
2024-08-30 10:53:40.831 [,] [redisMessageListenerContainer-6] INFO  User_Operation - [User_Operationlog,20] - After User_Operation method: getInformation
2024-08-30 10:53:40.831 [,] [redisMessageListenerContainer-5] INFO  User_Operation - [User_Operationlog,20] - After User_Operation method: getInformation
2024-08-30 10:55:04.828 [,] [redisMessageListenerContainer-7] INFO  User_Operation - [User_Operationlog,20] - After User_Operation method: getInformation
2024-08-30 10:55:04.829 [,] [redisMessageListenerContainer-8] INFO  User_Operation - [User_Operationlog,20] - After User_Operation method: getInformation
2024-08-30 10:56:09.425 [,] [redisMessageListenerContainer-9] INFO  User_Operation - [User_Operationlog,20] - After User_Operation method: getInformation
2024-08-30 10:56:09.425 [,] [redisMessageListenerContainer-10] INFO  User_Operation - [User_Operationlog,20] - After User_Operation method: getInformation
2024-08-30 10:57:13.542 [,] [redisMessageListenerContainer-11] INFO  User_Operation - [User_Operationlog,20] - After User_Operation method: getInformation
2024-08-30 10:57:13.542 [,] [redisMessageListenerContainer-12] INFO  User_Operation - [User_Operationlog,20] - After User_Operation method: getInformation
2024-08-30 10:58:25.000 [,] [redisMessageListenerContainer-13] INFO  User_Operation - [User_Operationlog,20] - After User_Operation method: getInformation
2024-08-30 10:58:25.000 [,] [redisMessageListenerContainer-14] INFO  User_Operation - [User_Operationlog,20] - After User_Operation method: getInformation
2024-08-30 10:58:53.009 [,] [SpringApplicationShutdownHook] INFO  c.z.h.HikariDataSource - [close,350] - HikariPool-1 - Shutdown initiated...
2024-08-30 10:58:53.014 [,] [SpringApplicationShutdownHook] INFO  c.z.h.HikariDataSource - [close,352] - HikariPool-1 - Shutdown completed.
2024-08-30 10:59:00.138 [,] [main] INFO  c.s.a.AIOCompanyApplication - [logStarting,55] - Starting AIOCompanyApplication using Java 1.8.0_411 on DESKTOP-0QJEBFD with PID 5920 (E:\AIO_2024.08.16\AIO - 副本 - 测试\AIO-company\target\classes started by neko in E:\AIO_2024.08.16\AIO - 副本 - 测试\AIO-company)
2024-08-30 10:59:00.142 [,] [main] INFO  c.s.a.AIOCompanyApplication - [logStartupProfileInfo,634] - No active profile set, falling back to 1 default profile: "default"
2024-08-30 10:59:01.610 [,] [main] INFO  o.a.c.h.Http11NioProtocol - [log,173] - Initializing ProtocolHandler ["http-nio-127.0.0.1-8089"]
2024-08-30 10:59:01.610 [,] [main] INFO  o.a.c.c.StandardService - [log,173] - Starting service [Tomcat]
2024-08-30 10:59:01.611 [,] [main] INFO  o.a.c.c.StandardEngine - [log,173] - Starting Servlet engine: [Apache Tomcat/9.0.68]
2024-08-30 10:59:01.722 [,] [main] INFO  o.a.c.c.C.[.[.[/] - [log,173] - Initializing Spring embedded WebApplicationContext
2024-08-30 10:59:01.894 [,] [main] INFO  o.h.j.i.u.LogHelper - [logPersistenceUnitInformation,31] - HHH000204: Processing PersistenceUnitInfo [name: default]
2024-08-30 10:59:01.925 [,] [main] INFO  o.hibernate.Version - [logVersion,44] - HHH000412: Hibernate ORM core version 5.6.12.Final
2024-08-30 10:59:02.020 [,] [main] INFO  o.h.a.common.Version - [<clinit>,56] - HCANN000001: Hibernate Commons Annotations {5.1.2.Final}
2024-08-30 10:59:02.081 [,] [main] INFO  c.z.h.HikariDataSource - [getConnection,110] - HikariPool-1 - Starting...
2024-08-30 10:59:02.183 [,] [main] INFO  c.z.h.HikariDataSource - [getConnection,123] - HikariPool-1 - Start completed.
2024-08-30 10:59:02.192 [,] [main] INFO  o.h.dialect.Dialect - [<init>,175] - HHH000400: Using dialect: org.hibernate.dialect.MySQL8Dialect
2024-08-30 10:59:02.600 [,] [main] INFO  o.h.e.t.j.p.i.JtaPlatformInitiator - [initiateService,52] - HHH000490: Using JtaPlatform implementation: [org.hibernate.engine.transaction.jta.platform.internal.NoJtaPlatform]
2024-08-30 10:59:04.507 [,] [main] INFO  User_Operation - [User_Operationlog,20] - After User_Operation method: initFFmpeg
2024-08-30 10:59:05.064 [,] [main] INFO  o.a.c.h.Http11NioProtocol - [log,173] - Starting ProtocolHandler ["http-nio-127.0.0.1-8089"]
2024-08-30 10:59:05.137 [,] [main] INFO  c.s.a.AIOCompanyApplication - [logStarted,61] - Started AIOCompanyApplication in 5.367 seconds (JVM running for 6.686)
2024-08-30 10:59:05.138 [,] [main] INFO  User_Operation - [User_Operationlog,20] - After User_Operation method: onApplicationEvent
2024-08-30 10:59:10.014 [,] [scheduling-1] INFO  User_Operation - [User_Operationlog,20] - After User_Operation method: monitorFfmpegProcess
2024-08-30 10:59:20.012 [,] [scheduling-1] INFO  User_Operation - [User_Operationlog,20] - After User_Operation method: monitorFfmpegProcess
2024-08-30 10:59:50.671 [,] [SpringApplicationShutdownHook] INFO  c.z.h.HikariDataSource - [close,350] - HikariPool-1 - Shutdown initiated...
2024-08-30 10:59:50.675 [,] [SpringApplicationShutdownHook] INFO  c.z.h.HikariDataSource - [close,352] - HikariPool-1 - Shutdown completed.
2024-08-30 10:59:53.890 [,] [main] INFO  c.s.a.AIOCompanyApplication - [logStarting,55] - Starting AIOCompanyApplication using Java 1.8.0_411 on DESKTOP-0QJEBFD with PID 19368 (E:\AIO_2024.08.16\AIO - 副本 - 测试\AIO-company\target\classes started by neko in E:\AIO_2024.08.16\AIO - 副本 - 测试\AIO-company)
2024-08-30 10:59:53.893 [,] [main] INFO  c.s.a.AIOCompanyApplication - [logStartupProfileInfo,634] - No active profile set, falling back to 1 default profile: "default"
2024-08-30 10:59:55.279 [,] [main] INFO  o.a.c.h.Http11NioProtocol - [log,173] - Initializing ProtocolHandler ["http-nio-127.0.0.1-8089"]
2024-08-30 10:59:55.279 [,] [main] INFO  o.a.c.c.StandardService - [log,173] - Starting service [Tomcat]
2024-08-30 10:59:55.279 [,] [main] INFO  o.a.c.c.StandardEngine - [log,173] - Starting Servlet engine: [Apache Tomcat/9.0.68]
2024-08-30 10:59:55.390 [,] [main] INFO  o.a.c.c.C.[.[.[/] - [log,173] - Initializing Spring embedded WebApplicationContext
2024-08-30 10:59:55.551 [,] [main] INFO  o.h.j.i.u.LogHelper - [logPersistenceUnitInformation,31] - HHH000204: Processing PersistenceUnitInfo [name: default]
2024-08-30 10:59:55.582 [,] [main] INFO  o.hibernate.Version - [logVersion,44] - HHH000412: Hibernate ORM core version 5.6.12.Final
2024-08-30 10:59:55.674 [,] [main] INFO  o.h.a.common.Version - [<clinit>,56] - HCANN000001: Hibernate Commons Annotations {5.1.2.Final}
2024-08-30 10:59:55.736 [,] [main] INFO  c.z.h.HikariDataSource - [getConnection,110] - HikariPool-1 - Starting...
2024-08-30 10:59:55.834 [,] [main] INFO  c.z.h.HikariDataSource - [getConnection,123] - HikariPool-1 - Start completed.
2024-08-30 10:59:55.843 [,] [main] INFO  o.h.dialect.Dialect - [<init>,175] - HHH000400: Using dialect: org.hibernate.dialect.MySQL8Dialect
2024-08-30 10:59:56.470 [,] [main] INFO  o.h.e.t.j.p.i.JtaPlatformInitiator - [initiateService,52] - HHH000490: Using JtaPlatform implementation: [org.hibernate.engine.transaction.jta.platform.internal.NoJtaPlatform]
2024-08-30 10:59:58.289 [,] [main] INFO  User_Operation - [User_Operationlog,20] - After User_Operation method: initFFmpeg
2024-08-30 10:59:58.824 [,] [main] INFO  o.a.c.h.Http11NioProtocol - [log,173] - Starting ProtocolHandler ["http-nio-127.0.0.1-8089"]
2024-08-30 10:59:58.893 [,] [main] INFO  c.s.a.AIOCompanyApplication - [logStarted,61] - Started AIOCompanyApplication in 5.297 seconds (JVM running for 6.322)
2024-08-30 10:59:58.894 [,] [main] INFO  User_Operation - [User_Operationlog,20] - After User_Operation method: onApplicationEvent
2024-08-30 11:00:00.014 [,] [scheduling-1] INFO  User_Operation - [User_Operationlog,20] - After User_Operation method: monitorFfmpegProcess
2024-08-30 11:00:23.148 [,] [redisMessageListenerContainer-1] INFO  User_Operation - [User_Operationlog,20] - After User_Operation method: getInformation
2024-08-30 11:00:23.148 [,] [redisMessageListenerContainer-2] INFO  User_Operation - [User_Operationlog,20] - After User_Operation method: getInformation
2024-08-30 11:01:01.972 [,] [SpringApplicationShutdownHook] INFO  c.z.h.HikariDataSource - [close,350] - HikariPool-1 - Shutdown initiated...
2024-08-30 11:01:01.976 [,] [SpringApplicationShutdownHook] INFO  c.z.h.HikariDataSource - [close,352] - HikariPool-1 - Shutdown completed.
2024-08-30 11:02:22.133 [,] [main] INFO  c.s.a.AIOCompanyApplication - [logStarting,55] - Starting AIOCompanyApplication using Java 1.8.0_411 on DESKTOP-0QJEBFD with PID 20984 (E:\AIO_2024.08.16\AIO - 副本 - 测试\AIO-company\target\classes started by neko in E:\AIO_2024.08.16\AIO - 副本 - 测试\AIO-company)
2024-08-30 11:02:22.143 [,] [main] INFO  c.s.a.AIOCompanyApplication - [logStartupProfileInfo,634] - No active profile set, falling back to 1 default profile: "default"
2024-08-30 11:02:23.565 [,] [main] INFO  o.a.c.h.Http11NioProtocol - [log,173] - Initializing ProtocolHandler ["http-nio-127.0.0.1-8089"]
2024-08-30 11:02:23.565 [,] [main] INFO  o.a.c.c.StandardService - [log,173] - Starting service [Tomcat]
2024-08-30 11:02:23.566 [,] [main] INFO  o.a.c.c.StandardEngine - [log,173] - Starting Servlet engine: [Apache Tomcat/9.0.68]
2024-08-30 11:02:23.674 [,] [main] INFO  o.a.c.c.C.[.[.[/] - [log,173] - Initializing Spring embedded WebApplicationContext
2024-08-30 11:02:23.834 [,] [main] INFO  o.h.j.i.u.LogHelper - [logPersistenceUnitInformation,31] - HHH000204: Processing PersistenceUnitInfo [name: default]
2024-08-30 11:02:23.863 [,] [main] INFO  o.hibernate.Version - [logVersion,44] - HHH000412: Hibernate ORM core version 5.6.12.Final
2024-08-30 11:02:23.948 [,] [main] INFO  o.h.a.common.Version - [<clinit>,56] - HCANN000001: Hibernate Commons Annotations {5.1.2.Final}
2024-08-30 11:02:24.008 [,] [main] INFO  c.z.h.HikariDataSource - [getConnection,110] - HikariPool-1 - Starting...
2024-08-30 11:02:24.111 [,] [main] INFO  c.z.h.HikariDataSource - [getConnection,123] - HikariPool-1 - Start completed.
2024-08-30 11:02:24.120 [,] [main] INFO  o.h.dialect.Dialect - [<init>,175] - HHH000400: Using dialect: org.hibernate.dialect.MySQL8Dialect
2024-08-30 11:02:24.587 [,] [main] INFO  o.h.e.t.j.p.i.JtaPlatformInitiator - [initiateService,52] - HHH000490: Using JtaPlatform implementation: [org.hibernate.engine.transaction.jta.platform.internal.NoJtaPlatform]
2024-08-30 11:02:26.508 [,] [main] INFO  User_Operation - [User_Operationlog,20] - After User_Operation method: initFFmpeg
2024-08-30 11:02:27.098 [,] [main] INFO  o.a.c.h.Http11NioProtocol - [log,173] - Starting ProtocolHandler ["http-nio-127.0.0.1-8089"]
2024-08-30 11:02:27.157 [,] [main] INFO  c.s.a.AIOCompanyApplication - [logStarted,61] - Started AIOCompanyApplication in 5.31 seconds (JVM running for 6.282)
2024-08-30 11:02:27.157 [,] [main] INFO  User_Operation - [User_Operationlog,20] - After User_Operation method: onApplicationEvent
2024-08-30 11:02:29.330 [,] [http-nio-127.0.0.1-8089-exec-1] INFO  o.a.c.c.C.[.[.[/] - [log,173] - Initializing Spring DispatcherServlet 'dispatcherServlet'
2024-08-30 11:02:29.345 [,] [http-nio-127.0.0.1-8089-exec-1] INFO  User_Operation - [User_Operationlog,20] - After User_Operation method: AIO
2024-08-30 11:02:29.354 [,] [http-nio-127.0.0.1-8089-exec-1] INFO  User_Operation - [User_Operationlog,20] - After User_Operation method: getFfmpegEnabled
2024-08-30 11:02:29.355 [,] [http-nio-127.0.0.1-8089-exec-1] INFO  User_Operation - [User_Operationlog,20] - After User_Operation method: indexWeb
2024-08-30 11:02:29.356 [,] [http-nio-127.0.0.1-8089-exec-1] INFO  User_Operation - [User_Operationlog,20] - After User_Operation method: getInformation
2024-08-30 11:02:30.007 [,] [scheduling-1] INFO  User_Operation - [User_Operationlog,20] - After User_Operation method: monitorFfmpegProcess
2024-08-30 11:03:37.739 [,] [redisMessageListenerContainer-2] INFO  User_Operation - [User_Operationlog,20] - After User_Operation method: getInformation
2024-08-30 11:03:37.739 [,] [redisMessageListenerContainer-1] INFO  User_Operation - [User_Operationlog,20] - After User_Operation method: getInformation
2024-08-30 11:04:39.031 [,] [redisMessageListenerContainer-4] INFO  User_Operation - [User_Operationlog,20] - After User_Operation method: getInformation
2024-08-30 11:04:39.031 [,] [redisMessageListenerContainer-3] INFO  User_Operation - [User_Operationlog,20] - After User_Operation method: getInformation
2024-08-30 11:05:43.341 [,] [redisMessageListenerContainer-6] INFO  User_Operation - [User_Operationlog,20] - After User_Operation method: getInformation
2024-08-30 11:05:43.341 [,] [redisMessageListenerContainer-5] INFO  User_Operation - [User_Operationlog,20] - After User_Operation method: getInformation
2024-08-30 11:06:46.801 [,] [redisMessageListenerContainer-7] INFO  User_Operation - [User_Operationlog,20] - After User_Operation method: getInformation
2024-08-30 11:06:46.801 [,] [redisMessageListenerContainer-8] INFO  User_Operation - [User_Operationlog,20] - After User_Operation method: getInformation
2024-08-30 11:07:51.234 [,] [redisMessageListenerContainer-9] INFO  User_Operation - [User_Operationlog,20] - After User_Operation method: getInformation
2024-08-30 11:07:51.235 [,] [redisMessageListenerContainer-10] INFO  User_Operation - [User_Operationlog,20] - After User_Operation method: getInformation
2024-08-30 11:08:21.111 [,] [SpringApplicationShutdownHook] INFO  c.z.h.HikariDataSource - [close,350] - HikariPool-1 - Shutdown initiated...
2024-08-30 11:08:21.116 [,] [SpringApplicationShutdownHook] INFO  c.z.h.HikariDataSource - [close,352] - HikariPool-1 - Shutdown completed.
2024-08-30 11:14:50.442 [,] [main] INFO  c.s.a.AIOCompanyApplication - [logStarting,55] - Starting AIOCompanyApplication using Java 1.8.0_411 on DESKTOP-0QJEBFD with PID 3772 (E:\AIO_2024.08.16\AIO - 副本 - 测试\AIO-company\target\classes started by neko in E:\AIO_2024.08.16\AIO - 副本 - 测试\AIO-company)
2024-08-30 11:14:50.447 [,] [main] INFO  c.s.a.AIOCompanyApplication - [logStartupProfileInfo,634] - No active profile set, falling back to 1 default profile: "default"
2024-08-30 11:14:51.875 [,] [main] INFO  o.a.c.h.Http11NioProtocol - [log,173] - Initializing ProtocolHandler ["http-nio-127.0.0.1-8089"]
2024-08-30 11:14:51.875 [,] [main] INFO  o.a.c.c.StandardService - [log,173] - Starting service [Tomcat]
2024-08-30 11:14:51.875 [,] [main] INFO  o.a.c.c.StandardEngine - [log,173] - Starting Servlet engine: [Apache Tomcat/9.0.68]
2024-08-30 11:14:51.986 [,] [main] INFO  o.a.c.c.C.[.[.[/] - [log,173] - Initializing Spring embedded WebApplicationContext
2024-08-30 11:14:52.164 [,] [main] INFO  o.h.j.i.u.LogHelper - [logPersistenceUnitInformation,31] - HHH000204: Processing PersistenceUnitInfo [name: default]
2024-08-30 11:14:52.198 [,] [main] INFO  o.hibernate.Version - [logVersion,44] - HHH000412: Hibernate ORM core version 5.6.12.Final
2024-08-30 11:14:52.291 [,] [main] INFO  o.h.a.common.Version - [<clinit>,56] - HCANN000001: Hibernate Commons Annotations {5.1.2.Final}
2024-08-30 11:14:52.354 [,] [main] INFO  c.z.h.HikariDataSource - [getConnection,110] - HikariPool-1 - Starting...
2024-08-30 11:14:52.456 [,] [main] INFO  c.z.h.HikariDataSource - [getConnection,123] - HikariPool-1 - Start completed.
2024-08-30 11:14:52.466 [,] [main] INFO  o.h.dialect.Dialect - [<init>,175] - HHH000400: Using dialect: org.hibernate.dialect.MySQL8Dialect
2024-08-30 11:14:52.859 [,] [main] INFO  o.h.e.t.j.p.i.JtaPlatformInitiator - [initiateService,52] - HHH000490: Using JtaPlatform implementation: [org.hibernate.engine.transaction.jta.platform.internal.NoJtaPlatform]
2024-08-30 11:14:54.723 [,] [main] INFO  User_Operation - [User_Operationlog,20] - After User_Operation method: initFFmpeg
2024-08-30 11:14:55.267 [,] [main] INFO  o.a.c.h.Http11NioProtocol - [log,173] - Starting ProtocolHandler ["http-nio-127.0.0.1-8089"]
2024-08-30 11:14:55.324 [,] [main] INFO  c.s.a.AIOCompanyApplication - [logStarted,61] - Started AIOCompanyApplication in 5.173 seconds (JVM running for 6.202)
2024-08-30 11:14:55.324 [,] [main] INFO  User_Operation - [User_Operationlog,20] - After User_Operation method: onApplicationEvent
2024-08-30 11:14:57.004 [,] [http-nio-127.0.0.1-8089-exec-1] INFO  o.a.c.c.C.[.[.[/] - [log,173] - Initializing Spring DispatcherServlet 'dispatcherServlet'
2024-08-30 11:14:57.021 [,] [http-nio-127.0.0.1-8089-exec-1] INFO  User_Operation - [User_Operationlog,20] - After User_Operation method: AIO
2024-08-30 11:14:57.031 [,] [http-nio-127.0.0.1-8089-exec-1] INFO  User_Operation - [User_Operationlog,20] - After User_Operation method: getFfmpegEnabled
2024-08-30 11:14:57.032 [,] [http-nio-127.0.0.1-8089-exec-1] INFO  User_Operation - [User_Operationlog,20] - After User_Operation method: indexWeb
2024-08-30 11:14:57.033 [,] [http-nio-127.0.0.1-8089-exec-1] INFO  User_Operation - [User_Operationlog,20] - After User_Operation method: getInformation
2024-08-30 11:15:00.015 [,] [scheduling-1] INFO  User_Operation - [User_Operationlog,20] - After User_Operation method: monitorFfmpegProcess
2024-08-30 11:15:36.324 [,] [SpringApplicationShutdownHook] INFO  c.z.h.HikariDataSource - [close,350] - HikariPool-1 - Shutdown initiated...
2024-08-30 11:15:36.329 [,] [SpringApplicationShutdownHook] INFO  c.z.h.HikariDataSource - [close,352] - HikariPool-1 - Shutdown completed.
2024-08-30 11:15:40.534 [,] [main] INFO  c.s.a.AIOCompanyApplication - [logStarting,55] - Starting AIOCompanyApplication using Java 1.8.0_411 on DESKTOP-0QJEBFD with PID 7460 (E:\AIO_2024.08.16\AIO - 副本 - 测试\AIO-company\target\classes started by neko in E:\AIO_2024.08.16\AIO - 副本 - 测试\AIO-company)
2024-08-30 11:15:40.537 [,] [main] INFO  c.s.a.AIOCompanyApplication - [logStartupProfileInfo,634] - No active profile set, falling back to 1 default profile: "default"
2024-08-30 11:15:42.006 [,] [main] INFO  o.a.c.h.Http11NioProtocol - [log,173] - Initializing ProtocolHandler ["http-nio-127.0.0.1-8089"]
2024-08-30 11:15:42.006 [,] [main] INFO  o.a.c.c.StandardService - [log,173] - Starting service [Tomcat]
2024-08-30 11:15:42.006 [,] [main] INFO  o.a.c.c.StandardEngine - [log,173] - Starting Servlet engine: [Apache Tomcat/9.0.68]
2024-08-30 11:15:42.116 [,] [main] INFO  o.a.c.c.C.[.[.[/] - [log,173] - Initializing Spring embedded WebApplicationContext
2024-08-30 11:15:42.283 [,] [main] INFO  o.h.j.i.u.LogHelper - [logPersistenceUnitInformation,31] - HHH000204: Processing PersistenceUnitInfo [name: default]
2024-08-30 11:15:42.312 [,] [main] INFO  o.hibernate.Version - [logVersion,44] - HHH000412: Hibernate ORM core version 5.6.12.Final
2024-08-30 11:15:42.401 [,] [main] INFO  o.h.a.common.Version - [<clinit>,56] - HCANN000001: Hibernate Commons Annotations {5.1.2.Final}
2024-08-30 11:15:42.461 [,] [main] INFO  c.z.h.HikariDataSource - [getConnection,110] - HikariPool-1 - Starting...
2024-08-30 11:15:42.552 [,] [main] INFO  c.z.h.HikariDataSource - [getConnection,123] - HikariPool-1 - Start completed.
2024-08-30 11:15:42.560 [,] [main] INFO  o.h.dialect.Dialect - [<init>,175] - HHH000400: Using dialect: org.hibernate.dialect.MySQL8Dialect
2024-08-30 11:15:42.910 [,] [main] INFO  o.h.e.t.j.p.i.JtaPlatformInitiator - [initiateService,52] - HHH000490: Using JtaPlatform implementation: [org.hibernate.engine.transaction.jta.platform.internal.NoJtaPlatform]
2024-08-30 11:15:44.741 [,] [main] INFO  User_Operation - [User_Operationlog,20] - After User_Operation method: initFFmpeg
2024-08-30 11:15:45.318 [,] [main] INFO  o.a.c.h.Http11NioProtocol - [log,173] - Starting ProtocolHandler ["http-nio-127.0.0.1-8089"]
2024-08-30 11:15:45.393 [,] [main] INFO  c.s.a.AIOCompanyApplication - [logStarted,61] - Started AIOCompanyApplication in 5.183 seconds (JVM running for 6.408)
2024-08-30 11:15:45.394 [,] [main] INFO  User_Operation - [User_Operationlog,20] - After User_Operation method: onApplicationEvent
2024-08-30 11:15:45.420 [,] [http-nio-127.0.0.1-8089-exec-1] INFO  o.a.c.c.C.[.[.[/] - [log,173] - Initializing Spring DispatcherServlet 'dispatcherServlet'
2024-08-30 11:15:45.437 [,] [http-nio-127.0.0.1-8089-exec-1] INFO  User_Operation - [User_Operationlog,20] - After User_Operation method: AIO
2024-08-30 11:15:45.486 [,] [http-nio-127.0.0.1-8089-exec-1] INFO  User_Operation - [User_Operationlog,20] - After User_Operation method: getFfmpegEnabled
2024-08-30 11:15:45.487 [,] [http-nio-127.0.0.1-8089-exec-1] INFO  User_Operation - [User_Operationlog,20] - After User_Operation method: indexWeb
2024-08-30 11:15:45.488 [,] [http-nio-127.0.0.1-8089-exec-1] INFO  User_Operation - [User_Operationlog,20] - After User_Operation method: getInformation
2024-08-30 11:15:50.006 [,] [scheduling-1] INFO  User_Operation - [User_Operationlog,20] - After User_Operation method: monitorFfmpegProcess
2024-08-30 11:16:05.276 [,] [redisMessageListenerContainer-2] INFO  User_Operation - [User_Operationlog,20] - After User_Operation method: getInformation
2024-08-30 11:16:05.276 [,] [redisMessageListenerContainer-1] INFO  User_Operation - [User_Operationlog,20] - After User_Operation method: getInformation
2024-08-30 11:16:49.509 [,] [SpringApplicationShutdownHook] INFO  c.z.h.HikariDataSource - [close,350] - HikariPool-1 - Shutdown initiated...
2024-08-30 11:16:49.513 [,] [SpringApplicationShutdownHook] INFO  c.z.h.HikariDataSource - [close,352] - HikariPool-1 - Shutdown completed.
2024-08-30 11:16:53.572 [,] [main] INFO  c.s.a.AIOCompanyApplication - [logStarting,55] - Starting AIOCompanyApplication using Java 1.8.0_411 on DESKTOP-0QJEBFD with PID 23580 (E:\AIO_2024.08.16\AIO - 副本 - 测试\AIO-company\target\classes started by neko in E:\AIO_2024.08.16\AIO - 副本 - 测试\AIO-company)
2024-08-30 11:16:53.575 [,] [main] INFO  c.s.a.AIOCompanyApplication - [logStartupProfileInfo,634] - No active profile set, falling back to 1 default profile: "default"
2024-08-30 11:16:55.034 [,] [main] INFO  o.a.c.h.Http11NioProtocol - [log,173] - Initializing ProtocolHandler ["http-nio-127.0.0.1-8089"]
2024-08-30 11:16:55.034 [,] [main] INFO  o.a.c.c.StandardService - [log,173] - Starting service [Tomcat]
2024-08-30 11:16:55.034 [,] [main] INFO  o.a.c.c.StandardEngine - [log,173] - Starting Servlet engine: [Apache Tomcat/9.0.68]
2024-08-30 11:16:55.177 [,] [main] INFO  o.a.c.c.C.[.[.[/] - [log,173] - Initializing Spring embedded WebApplicationContext
2024-08-30 11:16:55.335 [,] [main] INFO  o.h.j.i.u.LogHelper - [logPersistenceUnitInformation,31] - HHH000204: Processing PersistenceUnitInfo [name: default]
2024-08-30 11:16:55.364 [,] [main] INFO  o.hibernate.Version - [logVersion,44] - HHH000412: Hibernate ORM core version 5.6.12.Final
2024-08-30 11:16:55.457 [,] [main] INFO  o.h.a.common.Version - [<clinit>,56] - HCANN000001: Hibernate Commons Annotations {5.1.2.Final}
2024-08-30 11:16:55.517 [,] [main] INFO  c.z.h.HikariDataSource - [getConnection,110] - HikariPool-1 - Starting...
2024-08-30 11:16:55.612 [,] [main] INFO  c.z.h.HikariDataSource - [getConnection,123] - HikariPool-1 - Start completed.
2024-08-30 11:16:55.621 [,] [main] INFO  o.h.dialect.Dialect - [<init>,175] - HHH000400: Using dialect: org.hibernate.dialect.MySQL8Dialect
2024-08-30 11:16:55.982 [,] [main] INFO  o.h.e.t.j.p.i.JtaPlatformInitiator - [initiateService,52] - HHH000490: Using JtaPlatform implementation: [org.hibernate.engine.transaction.jta.platform.internal.NoJtaPlatform]
2024-08-30 11:16:57.742 [,] [main] INFO  User_Operation - [User_Operationlog,20] - After User_Operation method: initFFmpeg
2024-08-30 11:16:58.251 [,] [main] INFO  o.a.c.h.Http11NioProtocol - [log,173] - Starting ProtocolHandler ["http-nio-127.0.0.1-8089"]
2024-08-30 11:16:58.318 [,] [main] INFO  c.s.a.AIOCompanyApplication - [logStarted,61] - Started AIOCompanyApplication in 5.064 seconds (JVM running for 6.317)
2024-08-30 11:16:58.319 [,] [main] INFO  User_Operation - [User_Operationlog,20] - After User_Operation method: onApplicationEvent
2024-08-30 11:16:59.915 [,] [http-nio-127.0.0.1-8089-exec-1] INFO  o.a.c.c.C.[.[.[/] - [log,173] - Initializing Spring DispatcherServlet 'dispatcherServlet'
2024-08-30 11:16:59.933 [,] [http-nio-127.0.0.1-8089-exec-1] INFO  User_Operation - [User_Operationlog,20] - After User_Operation method: AIO
2024-08-30 11:16:59.968 [,] [http-nio-127.0.0.1-8089-exec-1] INFO  User_Operation - [User_Operationlog,20] - After User_Operation method: getFfmpegEnabled
2024-08-30 11:16:59.968 [,] [http-nio-127.0.0.1-8089-exec-1] INFO  User_Operation - [User_Operationlog,20] - After User_Operation method: indexWeb
2024-08-30 11:16:59.970 [,] [http-nio-127.0.0.1-8089-exec-1] INFO  User_Operation - [User_Operationlog,20] - After User_Operation method: getInformation
2024-08-30 11:17:00.012 [,] [scheduling-1] INFO  User_Operation - [User_Operationlog,20] - After User_Operation method: monitorFfmpegProcess
2024-08-30 11:17:09.044 [,] [redisMessageListenerContainer-1] INFO  User_Operation - [User_Operationlog,20] - After User_Operation method: getInformation
2024-08-30 11:17:09.044 [,] [redisMessageListenerContainer-2] INFO  User_Operation - [User_Operationlog,20] - After User_Operation method: getInformation
2024-08-30 11:17:40.682 [,] [SpringApplicationShutdownHook] INFO  c.z.h.HikariDataSource - [close,350] - HikariPool-1 - Shutdown initiated...
2024-08-30 11:17:40.686 [,] [SpringApplicationShutdownHook] INFO  c.z.h.HikariDataSource - [close,352] - HikariPool-1 - Shutdown completed.
2024-08-30 11:17:44.577 [,] [main] INFO  c.s.a.AIOCompanyApplication - [logStarting,55] - Starting AIOCompanyApplication using Java 1.8.0_411 on DESKTOP-0QJEBFD with PID 23108 (E:\AIO_2024.08.16\AIO - 副本 - 测试\AIO-company\target\classes started by neko in E:\AIO_2024.08.16\AIO - 副本 - 测试\AIO-company)
2024-08-30 11:17:44.580 [,] [main] INFO  c.s.a.AIOCompanyApplication - [logStartupProfileInfo,634] - No active profile set, falling back to 1 default profile: "default"
2024-08-30 11:17:45.930 [,] [main] INFO  o.a.c.h.Http11NioProtocol - [log,173] - Initializing ProtocolHandler ["http-nio-127.0.0.1-8089"]
2024-08-30 11:17:45.931 [,] [main] INFO  o.a.c.c.StandardService - [log,173] - Starting service [Tomcat]
2024-08-30 11:17:45.931 [,] [main] INFO  o.a.c.c.StandardEngine - [log,173] - Starting Servlet engine: [Apache Tomcat/9.0.68]
2024-08-30 11:17:46.038 [,] [main] INFO  o.a.c.c.C.[.[.[/] - [log,173] - Initializing Spring embedded WebApplicationContext
2024-08-30 11:17:46.192 [,] [main] INFO  o.h.j.i.u.LogHelper - [logPersistenceUnitInformation,31] - HHH000204: Processing PersistenceUnitInfo [name: default]
2024-08-30 11:17:46.220 [,] [main] INFO  o.hibernate.Version - [logVersion,44] - HHH000412: Hibernate ORM core version 5.6.12.Final
2024-08-30 11:17:46.303 [,] [main] INFO  o.h.a.common.Version - [<clinit>,56] - HCANN000001: Hibernate Commons Annotations {5.1.2.Final}
2024-08-30 11:17:46.359 [,] [main] INFO  c.z.h.HikariDataSource - [getConnection,110] - HikariPool-1 - Starting...
2024-08-30 11:17:46.446 [,] [main] INFO  c.z.h.HikariDataSource - [getConnection,123] - HikariPool-1 - Start completed.
2024-08-30 11:17:46.455 [,] [main] INFO  o.h.dialect.Dialect - [<init>,175] - HHH000400: Using dialect: org.hibernate.dialect.MySQL8Dialect
2024-08-30 11:17:46.826 [,] [main] INFO  o.h.e.t.j.p.i.JtaPlatformInitiator - [initiateService,52] - HHH000490: Using JtaPlatform implementation: [org.hibernate.engine.transaction.jta.platform.internal.NoJtaPlatform]
2024-08-30 11:17:48.551 [,] [main] INFO  User_Operation - [User_Operationlog,20] - After User_Operation method: initFFmpeg
2024-08-30 11:17:49.066 [,] [main] INFO  o.a.c.h.Http11NioProtocol - [log,173] - Starting ProtocolHandler ["http-nio-127.0.0.1-8089"]
2024-08-30 11:17:49.126 [,] [main] INFO  c.s.a.AIOCompanyApplication - [logStarted,61] - Started AIOCompanyApplication in 4.853 seconds (JVM running for 6.146)
2024-08-30 11:17:49.126 [,] [main] INFO  User_Operation - [User_Operationlog,20] - After User_Operation method: onApplicationEvent
2024-08-30 11:17:50.007 [,] [scheduling-1] INFO  User_Operation - [User_Operationlog,20] - After User_Operation method: monitorFfmpegProcess
2024-08-30 11:17:51.329 [,] [http-nio-127.0.0.1-8089-exec-1] INFO  o.a.c.c.C.[.[.[/] - [log,173] - Initializing Spring DispatcherServlet 'dispatcherServlet'
2024-08-30 11:17:51.344 [,] [http-nio-127.0.0.1-8089-exec-1] INFO  User_Operation - [User_Operationlog,20] - After User_Operation method: AIO
2024-08-30 11:17:51.353 [,] [http-nio-127.0.0.1-8089-exec-1] INFO  User_Operation - [User_Operationlog,20] - After User_Operation method: getFfmpegEnabled
2024-08-30 11:17:51.353 [,] [http-nio-127.0.0.1-8089-exec-1] INFO  User_Operation - [User_Operationlog,20] - After User_Operation method: indexWeb
2024-08-30 11:17:51.355 [,] [http-nio-127.0.0.1-8089-exec-1] INFO  User_Operation - [User_Operationlog,20] - After User_Operation method: getInformation
2024-08-30 11:18:13.645 [,] [redisMessageListenerContainer-1] INFO  User_Operation - [User_Operationlog,20] - After User_Operation method: getInformation
2024-08-30 11:18:13.645 [,] [redisMessageListenerContainer-2] INFO  User_Operation - [User_Operationlog,20] - After User_Operation method: getInformation
2024-08-30 11:19:20.945 [,] [redisMessageListenerContainer-4] INFO  User_Operation - [User_Operationlog,20] - After User_Operation method: getInformation
2024-08-30 11:19:20.945 [,] [redisMessageListenerContainer-3] INFO  User_Operation - [User_Operationlog,20] - After User_Operation method: getInformation
2024-08-30 11:20:21.658 [,] [redisMessageListenerContainer-5] INFO  User_Operation - [User_Operationlog,20] - After User_Operation method: getInformation
2024-08-30 11:20:21.658 [,] [redisMessageListenerContainer-6] INFO  User_Operation - [User_Operationlog,20] - After User_Operation method: getInformation
2024-08-30 11:20:40.702 [,] [SpringApplicationShutdownHook] INFO  c.z.h.HikariDataSource - [close,350] - HikariPool-1 - Shutdown initiated...
2024-08-30 11:20:40.707 [,] [SpringApplicationShutdownHook] INFO  c.z.h.HikariDataSource - [close,352] - HikariPool-1 - Shutdown completed.
2024-08-30 11:20:44.644 [,] [main] INFO  c.s.a.AIOCompanyApplication - [logStarting,55] - Starting AIOCompanyApplication using Java 1.8.0_411 on DESKTOP-0QJEBFD with PID 23896 (E:\AIO_2024.08.16\AIO - 副本 - 测试\AIO-company\target\classes started by neko in E:\AIO_2024.08.16\AIO - 副本 - 测试\AIO-company)
2024-08-30 11:20:44.647 [,] [main] INFO  c.s.a.AIOCompanyApplication - [logStartupProfileInfo,634] - No active profile set, falling back to 1 default profile: "default"
2024-08-30 11:20:46.000 [,] [main] INFO  o.a.c.h.Http11NioProtocol - [log,173] - Initializing ProtocolHandler ["http-nio-127.0.0.1-8089"]
2024-08-30 11:20:46.000 [,] [main] INFO  o.a.c.c.StandardService - [log,173] - Starting service [Tomcat]
2024-08-30 11:20:46.000 [,] [main] INFO  o.a.c.c.StandardEngine - [log,173] - Starting Servlet engine: [Apache Tomcat/9.0.68]
2024-08-30 11:20:46.107 [,] [main] INFO  o.a.c.c.C.[.[.[/] - [log,173] - Initializing Spring embedded WebApplicationContext
2024-08-30 11:20:46.270 [,] [main] INFO  o.h.j.i.u.LogHelper - [logPersistenceUnitInformation,31] - HHH000204: Processing PersistenceUnitInfo [name: default]
2024-08-30 11:20:46.300 [,] [main] INFO  o.hibernate.Version - [logVersion,44] - HHH000412: Hibernate ORM core version 5.6.12.Final
2024-08-30 11:20:46.389 [,] [main] INFO  o.h.a.common.Version - [<clinit>,56] - HCANN000001: Hibernate Commons Annotations {5.1.2.Final}
2024-08-30 11:20:46.448 [,] [main] INFO  c.z.h.HikariDataSource - [getConnection,110] - HikariPool-1 - Starting...
2024-08-30 11:20:46.541 [,] [main] INFO  c.z.h.HikariDataSource - [getConnection,123] - HikariPool-1 - Start completed.
2024-08-30 11:20:46.550 [,] [main] INFO  o.h.dialect.Dialect - [<init>,175] - HHH000400: Using dialect: org.hibernate.dialect.MySQL8Dialect
2024-08-30 11:20:46.914 [,] [main] INFO  o.h.e.t.j.p.i.JtaPlatformInitiator - [initiateService,52] - HHH000490: Using JtaPlatform implementation: [org.hibernate.engine.transaction.jta.platform.internal.NoJtaPlatform]
2024-08-30 11:20:48.654 [,] [main] INFO  User_Operation - [User_Operationlog,20] - After User_Operation method: initFFmpeg
2024-08-30 11:20:49.162 [,] [main] INFO  o.a.c.h.Http11NioProtocol - [log,173] - Starting ProtocolHandler ["http-nio-127.0.0.1-8089"]
2024-08-30 11:20:49.221 [,] [main] INFO  c.s.a.AIOCompanyApplication - [logStarted,61] - Started AIOCompanyApplication in 4.879 seconds (JVM running for 6.117)
2024-08-30 11:20:49.221 [,] [main] INFO  User_Operation - [User_Operationlog,20] - After User_Operation method: onApplicationEvent
2024-08-30 11:20:50.009 [,] [scheduling-1] INFO  User_Operation - [User_Operationlog,20] - After User_Operation method: monitorFfmpegProcess
2024-08-30 11:20:51.215 [,] [http-nio-127.0.0.1-8089-exec-1] INFO  o.a.c.c.C.[.[.[/] - [log,173] - Initializing Spring DispatcherServlet 'dispatcherServlet'
2024-08-30 11:20:51.232 [,] [http-nio-127.0.0.1-8089-exec-1] INFO  User_Operation - [User_Operationlog,20] - After User_Operation method: AIO
2024-08-30 11:20:51.242 [,] [http-nio-127.0.0.1-8089-exec-1] INFO  User_Operation - [User_Operationlog,20] - After User_Operation method: getFfmpegEnabled
2024-08-30 11:20:51.243 [,] [http-nio-127.0.0.1-8089-exec-1] INFO  User_Operation - [User_Operationlog,20] - After User_Operation method: indexWeb
2024-08-30 11:20:51.245 [,] [http-nio-127.0.0.1-8089-exec-1] INFO  User_Operation - [User_Operationlog,20] - After User_Operation method: getInformation
2024-08-30 11:21:26.179 [,] [redisMessageListenerContainer-2] INFO  User_Operation - [User_Operationlog,20] - After User_Operation method: getInformation
2024-08-30 11:21:26.179 [,] [redisMessageListenerContainer-1] INFO  User_Operation - [User_Operationlog,20] - After User_Operation method: getInformation
2024-08-30 11:22:20.617 [,] [SpringApplicationShutdownHook] INFO  c.z.h.HikariDataSource - [close,350] - HikariPool-1 - Shutdown initiated...
2024-08-30 11:22:20.622 [,] [SpringApplicationShutdownHook] INFO  c.z.h.HikariDataSource - [close,352] - HikariPool-1 - Shutdown completed.
2024-08-30 11:22:24.540 [,] [main] INFO  c.s.a.AIOCompanyApplication - [logStarting,55] - Starting AIOCompanyApplication using Java 1.8.0_411 on DESKTOP-0QJEBFD with PID 21192 (E:\AIO_2024.08.16\AIO - 副本 - 测试\AIO-company\target\classes started by neko in E:\AIO_2024.08.16\AIO - 副本 - 测试\AIO-company)
2024-08-30 11:22:24.544 [,] [main] INFO  c.s.a.AIOCompanyApplication - [logStartupProfileInfo,634] - No active profile set, falling back to 1 default profile: "default"
2024-08-30 11:22:25.901 [,] [main] INFO  o.a.c.h.Http11NioProtocol - [log,173] - Initializing ProtocolHandler ["http-nio-127.0.0.1-8089"]
2024-08-30 11:22:25.902 [,] [main] INFO  o.a.c.c.StandardService - [log,173] - Starting service [Tomcat]
2024-08-30 11:22:25.902 [,] [main] INFO  o.a.c.c.StandardEngine - [log,173] - Starting Servlet engine: [Apache Tomcat/9.0.68]
2024-08-30 11:22:26.017 [,] [main] INFO  o.a.c.c.C.[.[.[/] - [log,173] - Initializing Spring embedded WebApplicationContext
2024-08-30 11:22:26.178 [,] [main] INFO  o.h.j.i.u.LogHelper - [logPersistenceUnitInformation,31] - HHH000204: Processing PersistenceUnitInfo [name: default]
2024-08-30 11:22:26.208 [,] [main] INFO  o.hibernate.Version - [logVersion,44] - HHH000412: Hibernate ORM core version 5.6.12.Final
2024-08-30 11:22:26.298 [,] [main] INFO  o.h.a.common.Version - [<clinit>,56] - HCANN000001: Hibernate Commons Annotations {5.1.2.Final}
2024-08-30 11:22:26.357 [,] [main] INFO  c.z.h.HikariDataSource - [getConnection,110] - HikariPool-1 - Starting...
2024-08-30 11:22:26.450 [,] [main] INFO  c.z.h.HikariDataSource - [getConnection,123] - HikariPool-1 - Start completed.
2024-08-30 11:22:26.459 [,] [main] INFO  o.h.dialect.Dialect - [<init>,175] - HHH000400: Using dialect: org.hibernate.dialect.MySQL8Dialect
2024-08-30 11:22:26.832 [,] [main] INFO  o.h.e.t.j.p.i.JtaPlatformInitiator - [initiateService,52] - HHH000490: Using JtaPlatform implementation: [org.hibernate.engine.transaction.jta.platform.internal.NoJtaPlatform]
2024-08-30 11:22:28.555 [,] [main] INFO  User_Operation - [User_Operationlog,20] - After User_Operation method: initFFmpeg
2024-08-30 11:22:29.093 [,] [main] INFO  o.a.c.h.Http11NioProtocol - [log,173] - Starting ProtocolHandler ["http-nio-127.0.0.1-8089"]
2024-08-30 11:22:29.149 [,] [main] INFO  c.s.a.AIOCompanyApplication - [logStarted,61] - Started AIOCompanyApplication in 4.917 seconds (JVM running for 6.177)
2024-08-30 11:22:29.149 [,] [main] INFO  User_Operation - [User_Operationlog,20] - After User_Operation method: onApplicationEvent
2024-08-30 11:22:30.001 [,] [scheduling-1] INFO  User_Operation - [User_Operationlog,20] - After User_Operation method: monitorFfmpegProcess
2024-08-30 11:22:47.138 [,] [http-nio-127.0.0.1-8089-exec-1] INFO  o.a.c.c.C.[.[.[/] - [log,173] - Initializing Spring DispatcherServlet 'dispatcherServlet'
2024-08-30 11:22:47.156 [,] [http-nio-127.0.0.1-8089-exec-1] INFO  User_Operation - [User_Operationlog,20] - After User_Operation method: AIO
2024-08-30 11:22:47.180 [,] [http-nio-127.0.0.1-8089-exec-1] INFO  User_Operation - [User_Operationlog,20] - After User_Operation method: getFfmpegEnabled
2024-08-30 11:22:47.181 [,] [http-nio-127.0.0.1-8089-exec-1] INFO  User_Operation - [User_Operationlog,20] - After User_Operation method: indexWeb
2024-08-30 11:22:47.184 [,] [http-nio-127.0.0.1-8089-exec-1] INFO  User_Operation - [User_Operationlog,20] - After User_Operation method: getInformation
2024-08-30 11:23:05.935 [,] [SpringApplicationShutdownHook] INFO  c.z.h.HikariDataSource - [close,350] - HikariPool-1 - Shutdown initiated...
2024-08-30 11:23:05.939 [,] [SpringApplicationShutdownHook] INFO  c.z.h.HikariDataSource - [close,352] - HikariPool-1 - Shutdown completed.
2024-08-30 11:23:09.396 [,] [main] INFO  c.s.a.AIOCompanyApplication - [logStarting,55] - Starting AIOCompanyApplication using Java 1.8.0_411 on DESKTOP-0QJEBFD with PID 21488 (E:\AIO_2024.08.16\AIO - 副本 - 测试\AIO-company\target\classes started by neko in E:\AIO_2024.08.16\AIO - 副本 - 测试\AIO-company)
2024-08-30 11:23:09.399 [,] [main] INFO  c.s.a.AIOCompanyApplication - [logStartupProfileInfo,634] - No active profile set, falling back to 1 default profile: "default"
2024-08-30 11:23:10.826 [,] [main] INFO  o.a.c.h.Http11NioProtocol - [log,173] - Initializing ProtocolHandler ["http-nio-127.0.0.1-8089"]
2024-08-30 11:23:10.826 [,] [main] INFO  o.a.c.c.StandardService - [log,173] - Starting service [Tomcat]
2024-08-30 11:23:10.827 [,] [main] INFO  o.a.c.c.StandardEngine - [log,173] - Starting Servlet engine: [Apache Tomcat/9.0.68]
2024-08-30 11:23:10.938 [,] [main] INFO  o.a.c.c.C.[.[.[/] - [log,173] - Initializing Spring embedded WebApplicationContext
2024-08-30 11:23:11.111 [,] [main] INFO  o.h.j.i.u.LogHelper - [logPersistenceUnitInformation,31] - HHH000204: Processing PersistenceUnitInfo [name: default]
2024-08-30 11:23:11.143 [,] [main] INFO  o.hibernate.Version - [logVersion,44] - HHH000412: Hibernate ORM core version 5.6.12.Final
2024-08-30 11:23:11.235 [,] [main] INFO  o.h.a.common.Version - [<clinit>,56] - HCANN000001: Hibernate Commons Annotations {5.1.2.Final}
2024-08-30 11:23:11.296 [,] [main] INFO  c.z.h.HikariDataSource - [getConnection,110] - HikariPool-1 - Starting...
2024-08-30 11:23:11.391 [,] [main] INFO  c.z.h.HikariDataSource - [getConnection,123] - HikariPool-1 - Start completed.
2024-08-30 11:23:11.400 [,] [main] INFO  o.h.dialect.Dialect - [<init>,175] - HHH000400: Using dialect: org.hibernate.dialect.MySQL8Dialect
2024-08-30 11:23:11.756 [,] [main] INFO  o.h.e.t.j.p.i.JtaPlatformInitiator - [initiateService,52] - HHH000490: Using JtaPlatform implementation: [org.hibernate.engine.transaction.jta.platform.internal.NoJtaPlatform]
2024-08-30 11:23:13.544 [,] [main] INFO  User_Operation - [User_Operationlog,20] - After User_Operation method: initFFmpeg
2024-08-30 11:23:14.068 [,] [main] INFO  o.a.c.h.Http11NioProtocol - [log,173] - Starting ProtocolHandler ["http-nio-127.0.0.1-8089"]
2024-08-30 11:23:14.145 [,] [main] INFO  c.s.a.AIOCompanyApplication - [logStarted,61] - Started AIOCompanyApplication in 5.049 seconds (JVM running for 6.146)
2024-08-30 11:23:14.146 [,] [main] INFO  User_Operation - [User_Operationlog,20] - After User_Operation method: onApplicationEvent
2024-08-30 11:23:16.582 [,] [http-nio-127.0.0.1-8089-exec-1] INFO  o.a.c.c.C.[.[.[/] - [log,173] - Initializing Spring DispatcherServlet 'dispatcherServlet'
2024-08-30 11:23:16.598 [,] [http-nio-127.0.0.1-8089-exec-1] INFO  User_Operation - [User_Operationlog,20] - After User_Operation method: AIO
2024-08-30 11:23:16.624 [,] [http-nio-127.0.0.1-8089-exec-1] INFO  User_Operation - [User_Operationlog,20] - After User_Operation method: getFfmpegEnabled
2024-08-30 11:23:16.624 [,] [http-nio-127.0.0.1-8089-exec-1] INFO  User_Operation - [User_Operationlog,20] - After User_Operation method: indexWeb
2024-08-30 11:23:16.626 [,] [http-nio-127.0.0.1-8089-exec-1] INFO  User_Operation - [User_Operationlog,20] - After User_Operation method: getInformation
2024-08-30 11:23:20.011 [,] [scheduling-1] INFO  User_Operation - [User_Operationlog,20] - After User_Operation method: monitorFfmpegProcess
2024-08-30 11:23:40.736 [,] [redisMessageListenerContainer-2] INFO  User_Operation - [User_Operationlog,20] - After User_Operation method: getInformation
2024-08-30 11:23:40.736 [,] [redisMessageListenerContainer-1] INFO  User_Operation - [User_Operationlog,20] - After User_Operation method: getInformation
2024-08-30 11:24:50.519 [,] [redisMessageListenerContainer-3] INFO  User_Operation - [User_Operationlog,20] - After User_Operation method: getInformation
2024-08-30 11:24:50.519 [,] [redisMessageListenerContainer-4] INFO  User_Operation - [User_Operationlog,20] - After User_Operation method: getInformation
2024-08-30 11:26:22.361 [,] [redisMessageListenerContainer-5] INFO  User_Operation - [User_Operationlog,20] - After User_Operation method: getInformation
2024-08-30 11:26:22.361 [,] [redisMessageListenerContainer-6] INFO  User_Operation - [User_Operationlog,20] - After User_Operation method: getInformation
2024-08-30 11:27:36.479 [,] [redisMessageListenerContainer-7] INFO  User_Operation - [User_Operationlog,20] - After User_Operation method: getInformation
2024-08-30 11:27:36.480 [,] [redisMessageListenerContainer-8] INFO  User_Operation - [User_Operationlog,20] - After User_Operation method: getInformation
2024-08-30 11:28:36.747 [,] [redisMessageListenerContainer-10] INFO  User_Operation - [User_Operationlog,20] - After User_Operation method: getInformation
2024-08-30 11:28:36.747 [,] [redisMessageListenerContainer-9] INFO  User_Operation - [User_Operationlog,20] - After User_Operation method: getInformation
2024-08-30 11:29:50.094 [,] [redisMessageListenerContainer-12] INFO  User_Operation - [User_Operationlog,20] - After User_Operation method: getInformation
2024-08-30 11:29:50.094 [,] [redisMessageListenerContainer-11] INFO  User_Operation - [User_Operationlog,20] - After User_Operation method: getInformation
2024-08-30 11:30:54.647 [,] [redisMessageListenerContainer-13] INFO  User_Operation - [User_Operationlog,20] - After User_Operation method: getInformation
2024-08-30 11:30:54.647 [,] [redisMessageListenerContainer-14] INFO  User_Operation - [User_Operationlog,20] - After User_Operation method: getInformation
2024-08-30 11:31:58.900 [,] [redisMessageListenerContainer-15] INFO  User_Operation - [User_Operationlog,20] - After User_Operation method: getInformation
2024-08-30 11:31:58.900 [,] [redisMessageListenerContainer-16] INFO  User_Operation - [User_Operationlog,20] - After User_Operation method: getInformation
2024-08-30 11:32:21.650 [,] [SpringApplicationShutdownHook] INFO  c.z.h.HikariDataSource - [close,350] - HikariPool-1 - Shutdown initiated...
2024-08-30 11:32:21.654 [,] [SpringApplicationShutdownHook] INFO  c.z.h.HikariDataSource - [close,352] - HikariPool-1 - Shutdown completed.
2024-08-30 11:32:27.617 [,] [main] INFO  c.s.a.AIOCompanyApplication - [logStarting,55] - Starting AIOCompanyApplication using Java 1.8.0_411 on DESKTOP-0QJEBFD with PID 17056 (E:\AIO_2024.08.16\AIO - 副本 - 测试\AIO-company\target\classes started by neko in E:\AIO_2024.08.16\AIO - 副本 - 测试\AIO-company)
2024-08-30 11:32:27.687 [,] [main] INFO  c.s.a.AIOCompanyApplication - [logStartupProfileInfo,634] - No active profile set, falling back to 1 default profile: "default"
2024-08-30 11:32:29.056 [,] [main] INFO  o.a.c.h.Http11NioProtocol - [log,173] - Initializing ProtocolHandler ["http-nio-127.0.0.1-8089"]
2024-08-30 11:32:29.057 [,] [main] INFO  o.a.c.c.StandardService - [log,173] - Starting service [Tomcat]
2024-08-30 11:32:29.057 [,] [main] INFO  o.a.c.c.StandardEngine - [log,173] - Starting Servlet engine: [Apache Tomcat/9.0.68]
2024-08-30 11:32:29.172 [,] [main] INFO  o.a.c.c.C.[.[.[/] - [log,173] - Initializing Spring embedded WebApplicationContext
2024-08-30 11:32:29.337 [,] [main] INFO  o.h.j.i.u.LogHelper - [logPersistenceUnitInformation,31] - HHH000204: Processing PersistenceUnitInfo [name: default]
2024-08-30 11:32:29.368 [,] [main] INFO  o.hibernate.Version - [logVersion,44] - HHH000412: Hibernate ORM core version 5.6.12.Final
2024-08-30 11:32:29.453 [,] [main] INFO  o.h.a.common.Version - [<clinit>,56] - HCANN000001: Hibernate Commons Annotations {5.1.2.Final}
2024-08-30 11:32:29.511 [,] [main] INFO  c.z.h.HikariDataSource - [getConnection,110] - HikariPool-1 - Starting...
2024-08-30 11:32:29.831 [,] [main] INFO  c.z.h.HikariDataSource - [getConnection,123] - HikariPool-1 - Start completed.
2024-08-30 11:32:29.840 [,] [main] INFO  o.h.dialect.Dialect - [<init>,175] - HHH000400: Using dialect: org.hibernate.dialect.MySQL8Dialect
2024-08-30 11:32:30.177 [,] [main] INFO  o.h.e.t.j.p.i.JtaPlatformInitiator - [initiateService,52] - HHH000490: Using JtaPlatform implementation: [org.hibernate.engine.transaction.jta.platform.internal.NoJtaPlatform]
2024-08-30 11:32:31.962 [,] [main] INFO  User_Operation - [User_Operationlog,20] - After User_Operation method: initFFmpeg
2024-08-30 11:32:32.490 [,] [main] INFO  o.a.c.h.Http11NioProtocol - [log,173] - Starting ProtocolHandler ["http-nio-127.0.0.1-8089"]
2024-08-30 11:32:32.547 [,] [main] INFO  c.s.a.AIOCompanyApplication - [logStarted,61] - Started AIOCompanyApplication in 5.183 seconds (JVM running for 6.435)
2024-08-30 11:32:32.547 [,] [main] INFO  User_Operation - [User_Operationlog,20] - After User_Operation method: onApplicationEvent
2024-08-30 11:32:40.002 [,] [scheduling-1] INFO  User_Operation - [User_Operationlog,20] - After User_Operation method: monitorFfmpegProcess
2024-08-30 11:32:49.430 [,] [redisMessageListenerContainer-1] INFO  User_Operation - [User_Operationlog,20] - After User_Operation method: getInformation
2024-08-30 11:32:49.430 [,] [redisMessageListenerContainer-2] INFO  User_Operation - [User_Operationlog,20] - After User_Operation method: getInformation
2024-08-30 11:32:58.183 [,] [redisMessageListenerContainer-3] INFO  User_Operation - [User_Operationlog,20] - After User_Operation method: getInformation
2024-08-30 11:32:58.183 [,] [redisMessageListenerContainer-4] INFO  User_Operation - [User_Operationlog,20] - After User_Operation method: getInformation
2024-08-30 11:33:01.149 [,] [redisMessageListenerContainer-5] INFO  User_Operation - [User_Operationlog,20] - After User_Operation method: getInformation
2024-08-30 11:33:01.149 [,] [redisMessageListenerContainer-6] INFO  User_Operation - [User_Operationlog,20] - After User_Operation method: getInformation
2024-08-30 11:33:02.349 [,] [redisMessageListenerContainer-8] INFO  User_Operation - [User_Operationlog,20] - After User_Operation method: getInformation
2024-08-30 11:33:02.349 [,] [redisMessageListenerContainer-7] INFO  User_Operation - [User_Operationlog,20] - After User_Operation method: getInformation
2024-08-30 11:33:09.591 [,] [http-nio-127.0.0.1-8089-exec-1] INFO  o.a.c.c.C.[.[.[/] - [log,173] - Initializing Spring DispatcherServlet 'dispatcherServlet'
2024-08-30 11:33:09.606 [,] [http-nio-127.0.0.1-8089-exec-1] INFO  User_Operation - [User_Operationlog,20] - After User_Operation method: AIO
2024-08-30 11:33:10.589 [,] [http-nio-127.0.0.1-8089-exec-1] INFO  User_Operation - [User_Operationlog,20] - After User_Operation method: getFfmpegEnabled
2024-08-30 11:33:10.590 [,] [http-nio-127.0.0.1-8089-exec-1] INFO  User_Operation - [User_Operationlog,20] - After User_Operation method: indexWeb
2024-08-30 11:33:10.592 [,] [http-nio-127.0.0.1-8089-exec-1] INFO  User_Operation - [User_Operationlog,20] - After User_Operation method: getInformation
2024-08-30 11:33:46.166 [,] [SpringApplicationShutdownHook] INFO  c.z.h.HikariDataSource - [close,350] - HikariPool-1 - Shutdown initiated...
2024-08-30 11:33:46.170 [,] [SpringApplicationShutdownHook] INFO  c.z.h.HikariDataSource - [close,352] - HikariPool-1 - Shutdown completed.
2024-08-30 15:49:34.665 [,] [main] INFO  c.s.a.AIOCompanyApplication - [logStarting,55] - Starting AIOCompanyApplication using Java 1.8.0_411 on DESKTOP-0QJEBFD with PID 3624 (E:\AIO_2024.08.16\AIO - 副本 - 测试\AIO-company\target\classes started by neko in E:\AIO_2024.08.16\AIO - 副本 - 测试\AIO-company)
2024-08-30 15:49:34.685 [,] [main] INFO  c.s.a.AIOCompanyApplication - [logStartupProfileInfo,634] - No active profile set, falling back to 1 default profile: "default"
2024-08-30 15:49:36.102 [,] [main] INFO  o.a.c.h.Http11NioProtocol - [log,173] - Initializing ProtocolHandler ["http-nio-127.0.0.1-8089"]
2024-08-30 15:49:36.102 [,] [main] INFO  o.a.c.c.StandardService - [log,173] - Starting service [Tomcat]
2024-08-30 15:49:36.102 [,] [main] INFO  o.a.c.c.StandardEngine - [log,173] - Starting Servlet engine: [Apache Tomcat/9.0.68]
2024-08-30 15:49:36.209 [,] [main] INFO  o.a.c.c.C.[.[.[/] - [log,173] - Initializing Spring embedded WebApplicationContext
2024-08-30 15:49:36.369 [,] [main] INFO  o.h.j.i.u.LogHelper - [logPersistenceUnitInformation,31] - HHH000204: Processing PersistenceUnitInfo [name: default]
2024-08-30 15:49:36.399 [,] [main] INFO  o.hibernate.Version - [logVersion,44] - HHH000412: Hibernate ORM core version 5.6.12.Final
2024-08-30 15:49:36.502 [,] [main] INFO  o.h.a.common.Version - [<clinit>,56] - HCANN000001: Hibernate Commons Annotations {5.1.2.Final}
2024-08-30 15:49:36.567 [,] [main] INFO  c.z.h.HikariDataSource - [getConnection,110] - HikariPool-1 - Starting...
2024-08-30 15:49:36.661 [,] [main] INFO  c.z.h.HikariDataSource - [getConnection,123] - HikariPool-1 - Start completed.
2024-08-30 15:49:36.670 [,] [main] INFO  o.h.dialect.Dialect - [<init>,175] - HHH000400: Using dialect: org.hibernate.dialect.MySQL8Dialect
2024-08-30 15:49:37.052 [,] [main] INFO  o.h.e.t.j.p.i.JtaPlatformInitiator - [initiateService,52] - HHH000490: Using JtaPlatform implementation: [org.hibernate.engine.transaction.jta.platform.internal.NoJtaPlatform]
2024-08-30 15:49:38.877 [,] [main] INFO  User_Operation - [User_Operationlog,20] - After User_Operation method: initFFmpeg
2024-08-30 15:49:39.417 [,] [main] INFO  o.a.c.h.Http11NioProtocol - [log,173] - Starting ProtocolHandler ["http-nio-127.0.0.1-8089"]
2024-08-30 15:49:39.473 [,] [main] INFO  c.s.a.AIOCompanyApplication - [logStarted,61] - Started AIOCompanyApplication in 5.102 seconds (JVM running for 6.133)
2024-08-30 15:49:39.473 [,] [main] INFO  User_Operation - [User_Operationlog,20] - After User_Operation method: onApplicationEvent
2024-08-30 15:49:40.012 [,] [scheduling-1] INFO  User_Operation - [User_Operationlog,20] - After User_Operation method: monitorFfmpegProcess
2024-08-30 15:49:50.006 [,] [scheduling-1] INFO  User_Operation - [User_Operationlog,20] - After User_Operation method: monitorFfmpegProcess
2024-08-30 15:49:58.036 [,] [http-nio-127.0.0.1-8089-exec-1] INFO  o.a.c.c.C.[.[.[/] - [log,173] - Initializing Spring DispatcherServlet 'dispatcherServlet'
2024-08-30 15:49:58.057 [,] [http-nio-127.0.0.1-8089-exec-1] INFO  User_Operation - [User_Operationlog,20] - After User_Operation method: AIO
2024-08-30 15:49:58.071 [,] [http-nio-127.0.0.1-8089-exec-1] INFO  User_Operation - [User_Operationlog,20] - After User_Operation method: getFfmpegEnabled
2024-08-30 15:49:58.072 [,] [http-nio-127.0.0.1-8089-exec-1] INFO  User_Operation - [User_Operationlog,20] - After User_Operation method: indexWeb
2024-08-30 15:49:58.074 [,] [http-nio-127.0.0.1-8089-exec-1] INFO  User_Operation - [User_Operationlog,20] - After User_Operation method: getInformation
2024-08-30 15:50:08.253 [,] [redisMessageListenerContainer-1] INFO  User_Operation - [User_Operationlog,20] - After User_Operation method: getInformation
2024-08-30 15:50:08.253 [,] [redisMessageListenerContainer-2] INFO  User_Operation - [User_Operationlog,20] - After User_Operation method: getInformation
2024-08-30 15:50:40.796 [,] [redisMessageListenerContainer-3] INFO  User_Operation - [User_Operationlog,20] - After User_Operation method: getInformation
2024-08-30 15:50:40.796 [,] [redisMessageListenerContainer-4] INFO  User_Operation - [User_Operationlog,20] - After User_Operation method: getInformation
2024-08-30 15:51:08.898 [,] [redisMessageListenerContainer-5] INFO  User_Operation - [User_Operationlog,20] - After User_Operation method: getInformation
2024-08-30 15:51:08.899 [,] [redisMessageListenerContainer-6] INFO  User_Operation - [User_Operationlog,20] - After User_Operation method: getInformation
2024-08-30 15:51:12.764 [,] [redisMessageListenerContainer-7] INFO  User_Operation - [User_Operationlog,20] - After User_Operation method: getInformation
2024-08-30 15:51:12.765 [,] [redisMessageListenerContainer-8] INFO  User_Operation - [User_Operationlog,20] - After User_Operation method: getInformation
2024-08-30 15:51:17.019 [,] [redisMessageListenerContainer-9] INFO  User_Operation - [User_Operationlog,20] - After User_Operation method: getInformation
2024-08-30 15:51:17.019 [,] [redisMessageListenerContainer-10] INFO  User_Operation - [User_Operationlog,20] - After User_Operation method: getInformation
2024-08-30 15:51:21.075 [,] [redisMessageListenerContainer-12] INFO  User_Operation - [User_Operationlog,20] - After User_Operation method: getInformation
2024-08-30 15:51:21.075 [,] [redisMessageListenerContainer-11] INFO  User_Operation - [User_Operationlog,20] - After User_Operation method: getInformation
2024-08-30 15:51:39.863 [,] [SpringApplicationShutdownHook] INFO  c.z.h.HikariDataSource - [close,350] - HikariPool-1 - Shutdown initiated...
2024-08-30 15:51:39.872 [,] [SpringApplicationShutdownHook] INFO  c.z.h.HikariDataSource - [close,352] - HikariPool-1 - Shutdown completed.
2024-08-30 15:53:18.654 [,] [main] INFO  c.s.a.AIOCompanyApplication - [logStarting,55] - Starting AIOCompanyApplication using Java 1.8.0_411 on DESKTOP-0QJEBFD with PID 18312 (E:\AIO_2024.08.16\AIO - 副本 - 测试\AIO-company\target\classes started by neko in E:\AIO_2024.08.16\AIO - 副本 - 测试\AIO-company)
2024-08-30 15:53:18.661 [,] [main] INFO  c.s.a.AIOCompanyApplication - [logStartupProfileInfo,634] - No active profile set, falling back to 1 default profile: "default"
2024-08-30 15:53:20.056 [,] [main] INFO  o.a.c.h.Http11NioProtocol - [log,173] - Initializing ProtocolHandler ["http-nio-127.0.0.1-8089"]
2024-08-30 15:53:20.056 [,] [main] INFO  o.a.c.c.StandardService - [log,173] - Starting service [Tomcat]
2024-08-30 15:53:20.056 [,] [main] INFO  o.a.c.c.StandardEngine - [log,173] - Starting Servlet engine: [Apache Tomcat/9.0.68]
2024-08-30 15:53:20.164 [,] [main] INFO  o.a.c.c.C.[.[.[/] - [log,173] - Initializing Spring embedded WebApplicationContext
2024-08-30 15:53:20.343 [,] [main] INFO  o.h.j.i.u.LogHelper - [logPersistenceUnitInformation,31] - HHH000204: Processing PersistenceUnitInfo [name: default]
2024-08-30 15:53:20.371 [,] [main] INFO  o.hibernate.Version - [logVersion,44] - HHH000412: Hibernate ORM core version 5.6.12.Final
2024-08-30 15:53:20.454 [,] [main] INFO  o.h.a.common.Version - [<clinit>,56] - HCANN000001: Hibernate Commons Annotations {5.1.2.Final}
2024-08-30 15:53:20.518 [,] [main] INFO  c.z.h.HikariDataSource - [getConnection,110] - HikariPool-1 - Starting...
2024-08-30 15:53:20.616 [,] [main] INFO  c.z.h.HikariDataSource - [getConnection,123] - HikariPool-1 - Start completed.
2024-08-30 15:53:20.625 [,] [main] INFO  o.h.dialect.Dialect - [<init>,175] - HHH000400: Using dialect: org.hibernate.dialect.MySQL8Dialect
2024-08-30 15:53:21.044 [,] [main] INFO  o.h.e.t.j.p.i.JtaPlatformInitiator - [initiateService,52] - HHH000490: Using JtaPlatform implementation: [org.hibernate.engine.transaction.jta.platform.internal.NoJtaPlatform]
2024-08-30 15:53:22.761 [,] [main] INFO  User_Operation - [User_Operationlog,20] - After User_Operation method: initFFmpeg
2024-08-30 15:53:23.291 [,] [main] INFO  o.a.c.h.Http11NioProtocol - [log,173] - Starting ProtocolHandler ["http-nio-127.0.0.1-8089"]
2024-08-30 15:53:23.350 [,] [main] INFO  c.s.a.AIOCompanyApplication - [logStarted,61] - Started AIOCompanyApplication in 5.001 seconds (JVM running for 6.138)
2024-08-30 15:53:23.350 [,] [main] INFO  User_Operation - [User_Operationlog,20] - After User_Operation method: onApplicationEvent
2024-08-30 15:53:24.923 [,] [http-nio-127.0.0.1-8089-exec-1] INFO  o.a.c.c.C.[.[.[/] - [log,173] - Initializing Spring DispatcherServlet 'dispatcherServlet'
2024-08-30 15:53:24.941 [,] [http-nio-127.0.0.1-8089-exec-1] INFO  User_Operation - [User_Operationlog,20] - After User_Operation method: AIO
2024-08-30 15:53:24.949 [,] [http-nio-127.0.0.1-8089-exec-1] INFO  User_Operation - [User_Operationlog,20] - After User_Operation method: getFfmpegEnabled
2024-08-30 15:53:24.950 [,] [http-nio-127.0.0.1-8089-exec-1] INFO  User_Operation - [User_Operationlog,20] - After User_Operation method: indexWeb
2024-08-30 15:53:24.952 [,] [http-nio-127.0.0.1-8089-exec-1] INFO  User_Operation - [User_Operationlog,20] - After User_Operation method: getInformation
2024-08-30 15:53:30.013 [,] [scheduling-1] INFO  User_Operation - [User_Operationlog,20] - After User_Operation method: monitorFfmpegProcess
2024-08-30 15:53:41.548 [,] [SpringApplicationShutdownHook] INFO  c.z.h.HikariDataSource - [close,350] - HikariPool-1 - Shutdown initiated...
2024-08-30 15:53:41.552 [,] [SpringApplicationShutdownHook] INFO  c.z.h.HikariDataSource - [close,352] - HikariPool-1 - Shutdown completed.
2024-08-30 15:56:27.121 [,] [main] INFO  c.s.a.AIOCompanyApplication - [logStarting,55] - Starting AIOCompanyApplication using Java 1.8.0_411 on DESKTOP-0QJEBFD with PID 22940 (E:\AIO_2024.08.16\AIO - 副本 - 测试\AIO-company\target\classes started by neko in E:\AIO_2024.08.16\AIO - 副本 - 测试\AIO-company)
2024-08-30 15:56:27.137 [,] [main] INFO  c.s.a.AIOCompanyApplication - [logStartupProfileInfo,634] - No active profile set, falling back to 1 default profile: "default"
2024-08-30 15:56:28.553 [,] [main] INFO  o.a.c.h.Http11NioProtocol - [log,173] - Initializing ProtocolHandler ["http-nio-127.0.0.1-8089"]
2024-08-30 15:56:28.553 [,] [main] INFO  o.a.c.c.StandardService - [log,173] - Starting service [Tomcat]
2024-08-30 15:56:28.553 [,] [main] INFO  o.a.c.c.StandardEngine - [log,173] - Starting Servlet engine: [Apache Tomcat/9.0.68]
2024-08-30 15:56:28.660 [,] [main] INFO  o.a.c.c.C.[.[.[/] - [log,173] - Initializing Spring embedded WebApplicationContext
2024-08-30 15:56:28.823 [,] [main] INFO  o.h.j.i.u.LogHelper - [logPersistenceUnitInformation,31] - HHH000204: Processing PersistenceUnitInfo [name: default]
2024-08-30 15:56:28.855 [,] [main] INFO  o.hibernate.Version - [logVersion,44] - HHH000412: Hibernate ORM core version 5.6.12.Final
2024-08-30 15:56:28.952 [,] [main] INFO  o.h.a.common.Version - [<clinit>,56] - HCANN000001: Hibernate Commons Annotations {5.1.2.Final}
2024-08-30 15:56:29.013 [,] [main] INFO  c.z.h.HikariDataSource - [getConnection,110] - HikariPool-1 - Starting...
2024-08-30 15:56:29.117 [,] [main] INFO  c.z.h.HikariDataSource - [getConnection,123] - HikariPool-1 - Start completed.
2024-08-30 15:56:29.127 [,] [main] INFO  o.h.dialect.Dialect - [<init>,175] - HHH000400: Using dialect: org.hibernate.dialect.MySQL8Dialect
2024-08-30 15:56:29.521 [,] [main] INFO  o.h.e.t.j.p.i.JtaPlatformInitiator - [initiateService,52] - HHH000490: Using JtaPlatform implementation: [org.hibernate.engine.transaction.jta.platform.internal.NoJtaPlatform]
2024-08-30 15:56:31.312 [,] [main] INFO  User_Operation - [User_Operationlog,20] - After User_Operation method: initFFmpeg
2024-08-30 15:56:31.840 [,] [main] INFO  o.a.c.h.Http11NioProtocol - [log,173] - Starting ProtocolHandler ["http-nio-127.0.0.1-8089"]
2024-08-30 15:56:31.907 [,] [main] INFO  c.s.a.AIOCompanyApplication - [logStarted,61] - Started AIOCompanyApplication in 5.083 seconds (JVM running for 6.173)
2024-08-30 15:56:31.907 [,] [main] INFO  User_Operation - [User_Operationlog,20] - After User_Operation method: onApplicationEvent
2024-08-30 15:56:33.711 [,] [http-nio-127.0.0.1-8089-exec-1] INFO  o.a.c.c.C.[.[.[/] - [log,173] - Initializing Spring DispatcherServlet 'dispatcherServlet'
2024-08-30 15:56:33.728 [,] [http-nio-127.0.0.1-8089-exec-1] INFO  User_Operation - [User_Operationlog,20] - After User_Operation method: AIO
2024-08-30 15:56:33.737 [,] [http-nio-127.0.0.1-8089-exec-1] INFO  User_Operation - [User_Operationlog,20] - After User_Operation method: getFfmpegEnabled
2024-08-30 15:56:33.738 [,] [http-nio-127.0.0.1-8089-exec-1] INFO  User_Operation - [User_Operationlog,20] - After User_Operation method: indexWeb
2024-08-30 15:56:33.740 [,] [http-nio-127.0.0.1-8089-exec-1] INFO  User_Operation - [User_Operationlog,20] - After User_Operation method: getInformation
2024-08-30 15:56:40.004 [,] [scheduling-1] INFO  User_Operation - [User_Operationlog,20] - After User_Operation method: monitorFfmpegProcess
2024-08-30 15:56:43.359 [,] [redisMessageListenerContainer-1] INFO  User_Operation - [User_Operationlog,20] - After User_Operation method: getInformation
2024-08-30 15:56:43.359 [,] [redisMessageListenerContainer-2] INFO  User_Operation - [User_Operationlog,20] - After User_Operation method: getInformation
2024-08-30 15:56:48.242 [,] [SpringApplicationShutdownHook] INFO  c.z.h.HikariDataSource - [close,350] - HikariPool-1 - Shutdown initiated...
2024-08-30 15:56:48.247 [,] [SpringApplicationShutdownHook] INFO  c.z.h.HikariDataSource - [close,352] - HikariPool-1 - Shutdown completed.
2024-08-30 15:57:19.004 [,] [main] INFO  c.s.a.AIOCompanyApplication - [logStarting,55] - Starting AIOCompanyApplication using Java 1.8.0_411 on DESKTOP-0QJEBFD with PID 20576 (E:\AIO_2024.08.16\AIO - 副本 - 测试\AIO-company\target\classes started by neko in E:\AIO_2024.08.16\AIO - 副本 - 测试\AIO-company)
2024-08-30 15:57:19.016 [,] [main] INFO  c.s.a.AIOCompanyApplication - [logStartupProfileInfo,634] - No active profile set, falling back to 1 default profile: "default"
2024-08-30 15:57:20.489 [,] [main] INFO  o.a.c.h.Http11NioProtocol - [log,173] - Initializing ProtocolHandler ["http-nio-127.0.0.1-8089"]
2024-08-30 15:57:20.489 [,] [main] INFO  o.a.c.c.StandardService - [log,173] - Starting service [Tomcat]
2024-08-30 15:57:20.489 [,] [main] INFO  o.a.c.c.StandardEngine - [log,173] - Starting Servlet engine: [Apache Tomcat/9.0.68]
2024-08-30 15:57:20.600 [,] [main] INFO  o.a.c.c.C.[.[.[/] - [log,173] - Initializing Spring embedded WebApplicationContext
2024-08-30 15:57:20.761 [,] [main] INFO  o.h.j.i.u.LogHelper - [logPersistenceUnitInformation,31] - HHH000204: Processing PersistenceUnitInfo [name: default]
2024-08-30 15:57:20.792 [,] [main] INFO  o.hibernate.Version - [logVersion,44] - HHH000412: Hibernate ORM core version 5.6.12.Final
2024-08-30 15:57:20.886 [,] [main] INFO  o.h.a.common.Version - [<clinit>,56] - HCANN000001: Hibernate Commons Annotations {5.1.2.Final}
2024-08-30 15:57:20.945 [,] [main] INFO  c.z.h.HikariDataSource - [getConnection,110] - HikariPool-1 - Starting...
2024-08-30 15:57:21.040 [,] [main] INFO  c.z.h.HikariDataSource - [getConnection,123] - HikariPool-1 - Start completed.
2024-08-30 15:57:21.049 [,] [main] INFO  o.h.dialect.Dialect - [<init>,175] - HHH000400: Using dialect: org.hibernate.dialect.MySQL8Dialect
2024-08-30 15:57:21.401 [,] [main] INFO  o.h.e.t.j.p.i.JtaPlatformInitiator - [initiateService,52] - HHH000490: Using JtaPlatform implementation: [org.hibernate.engine.transaction.jta.platform.internal.NoJtaPlatform]
2024-08-30 15:57:23.174 [,] [main] INFO  User_Operation - [User_Operationlog,20] - After User_Operation method: initFFmpeg
2024-08-30 15:57:23.703 [,] [main] INFO  o.a.c.h.Http11NioProtocol - [log,173] - Starting ProtocolHandler ["http-nio-127.0.0.1-8089"]
2024-08-30 15:57:23.760 [,] [main] INFO  c.s.a.AIOCompanyApplication - [logStarted,61] - Started AIOCompanyApplication in 5.049 seconds (JVM running for 6.068)
2024-08-30 15:57:23.760 [,] [main] INFO  User_Operation - [User_Operationlog,20] - After User_Operation method: onApplicationEvent
2024-08-30 15:57:25.030 [,] [http-nio-127.0.0.1-8089-exec-1] INFO  o.a.c.c.C.[.[.[/] - [log,173] - Initializing Spring DispatcherServlet 'dispatcherServlet'
2024-08-30 15:57:25.047 [,] [http-nio-127.0.0.1-8089-exec-1] INFO  User_Operation - [User_Operationlog,20] - After User_Operation method: AIO
2024-08-30 15:57:25.056 [,] [http-nio-127.0.0.1-8089-exec-1] INFO  User_Operation - [User_Operationlog,20] - After User_Operation method: getFfmpegEnabled
2024-08-30 15:57:25.056 [,] [http-nio-127.0.0.1-8089-exec-1] INFO  User_Operation - [User_Operationlog,20] - After User_Operation method: indexWeb
2024-08-30 15:57:25.058 [,] [http-nio-127.0.0.1-8089-exec-1] INFO  User_Operation - [User_Operationlog,20] - After User_Operation method: getInformation
2024-08-30 15:57:30.002 [,] [scheduling-1] INFO  User_Operation - [User_Operationlog,20] - After User_Operation method: monitorFfmpegProcess
2024-08-30 15:57:35.902 [,] [redisMessageListenerContainer-1] INFO  User_Operation - [User_Operationlog,20] - After User_Operation method: getInformation
2024-08-30 15:57:35.902 [,] [redisMessageListenerContainer-2] INFO  User_Operation - [User_Operationlog,20] - After User_Operation method: getInformation
2024-08-30 15:57:39.393 [,] [SpringApplicationShutdownHook] INFO  c.z.h.HikariDataSource - [close,350] - HikariPool-1 - Shutdown initiated...
2024-08-30 15:57:39.398 [,] [SpringApplicationShutdownHook] INFO  c.z.h.HikariDataSource - [close,352] - HikariPool-1 - Shutdown completed.
2024-08-30 16:04:10.588 [,] [main] INFO  c.s.a.AIOCompanyApplication - [logStarting,55] - Starting AIOCompanyApplication using Java 1.8.0_411 on DESKTOP-0QJEBFD with PID 9368 (E:\AIO_2024.08.16\AIO - 副本 - 测试\AIO-company\target\classes started by neko in E:\AIO_2024.08.16\AIO - 副本 - 测试\AIO-company)
2024-08-30 16:04:10.610 [,] [main] INFO  c.s.a.AIOCompanyApplication - [logStartupProfileInfo,634] - No active profile set, falling back to 1 default profile: "default"
2024-08-30 16:04:12.009 [,] [main] INFO  o.a.c.h.Http11NioProtocol - [log,173] - Initializing ProtocolHandler ["http-nio-127.0.0.1-8089"]
2024-08-30 16:04:12.010 [,] [main] INFO  o.a.c.c.StandardService - [log,173] - Starting service [Tomcat]
2024-08-30 16:04:12.010 [,] [main] INFO  o.a.c.c.StandardEngine - [log,173] - Starting Servlet engine: [Apache Tomcat/9.0.68]
2024-08-30 16:04:12.117 [,] [main] INFO  o.a.c.c.C.[.[.[/] - [log,173] - Initializing Spring embedded WebApplicationContext
2024-08-30 16:04:12.277 [,] [main] INFO  o.h.j.i.u.LogHelper - [logPersistenceUnitInformation,31] - HHH000204: Processing PersistenceUnitInfo [name: default]
2024-08-30 16:04:12.307 [,] [main] INFO  o.hibernate.Version - [logVersion,44] - HHH000412: Hibernate ORM core version 5.6.12.Final
2024-08-30 16:04:12.395 [,] [main] INFO  o.h.a.common.Version - [<clinit>,56] - HCANN000001: Hibernate Commons Annotations {5.1.2.Final}
2024-08-30 16:04:12.454 [,] [main] INFO  c.z.h.HikariDataSource - [getConnection,110] - HikariPool-1 - Starting...
2024-08-30 16:04:12.550 [,] [main] INFO  c.z.h.HikariDataSource - [getConnection,123] - HikariPool-1 - Start completed.
2024-08-30 16:04:12.559 [,] [main] INFO  o.h.dialect.Dialect - [<init>,175] - HHH000400: Using dialect: org.hibernate.dialect.MySQL8Dialect
2024-08-30 16:04:12.913 [,] [main] INFO  o.h.e.t.j.p.i.JtaPlatformInitiator - [initiateService,52] - HHH000490: Using JtaPlatform implementation: [org.hibernate.engine.transaction.jta.platform.internal.NoJtaPlatform]
2024-08-30 16:04:14.724 [,] [main] INFO  User_Operation - [User_Operationlog,20] - After User_Operation method: initFFmpeg
2024-08-30 16:04:15.323 [,] [main] INFO  o.a.c.h.Http11NioProtocol - [log,173] - Starting ProtocolHandler ["http-nio-127.0.0.1-8089"]
2024-08-30 16:04:15.383 [,] [main] INFO  c.s.a.AIOCompanyApplication - [logStarted,61] - Started AIOCompanyApplication in 5.111 seconds (JVM running for 6.024)
2024-08-30 16:04:15.383 [,] [main] INFO  User_Operation - [User_Operationlog,20] - After User_Operation method: onApplicationEvent
2024-08-30 16:04:19.754 [,] [http-nio-127.0.0.1-8089-exec-1] INFO  o.a.c.c.C.[.[.[/] - [log,173] - Initializing Spring DispatcherServlet 'dispatcherServlet'
2024-08-30 16:04:19.772 [,] [http-nio-127.0.0.1-8089-exec-1] INFO  User_Operation - [User_Operationlog,20] - After User_Operation method: AIO
2024-08-30 16:04:19.783 [,] [http-nio-127.0.0.1-8089-exec-1] INFO  User_Operation - [User_Operationlog,20] - After User_Operation method: getFfmpegEnabled
2024-08-30 16:04:19.784 [,] [http-nio-127.0.0.1-8089-exec-1] INFO  User_Operation - [User_Operationlog,20] - After User_Operation method: indexWeb
2024-08-30 16:04:19.786 [,] [http-nio-127.0.0.1-8089-exec-1] INFO  User_Operation - [User_Operationlog,20] - After User_Operation method: getInformation
2024-08-30 16:04:20.007 [,] [scheduling-1] INFO  User_Operation - [User_Operationlog,20] - After User_Operation method: monitorFfmpegProcess
2024-08-30 16:04:28.987 [,] [SpringApplicationShutdownHook] INFO  c.z.h.HikariDataSource - [close,350] - HikariPool-1 - Shutdown initiated...
2024-08-30 16:04:28.991 [,] [SpringApplicationShutdownHook] INFO  c.z.h.HikariDataSource - [close,352] - HikariPool-1 - Shutdown completed.
2024-08-30 16:05:26.670 [,] [main] INFO  c.s.a.AIOCompanyApplication - [logStarting,55] - Starting AIOCompanyApplication using Java 1.8.0_411 on DESKTOP-0QJEBFD with PID 20148 (E:\AIO_2024.08.16\AIO - 副本 - 测试\AIO-company\target\classes started by neko in E:\AIO_2024.08.16\AIO - 副本 - 测试\AIO-company)
2024-08-30 16:05:26.682 [,] [main] INFO  c.s.a.AIOCompanyApplication - [logStartupProfileInfo,634] - No active profile set, falling back to 1 default profile: "default"
2024-08-30 16:05:28.034 [,] [main] INFO  o.a.c.h.Http11NioProtocol - [log,173] - Initializing ProtocolHandler ["http-nio-127.0.0.1-8089"]
2024-08-30 16:05:28.034 [,] [main] INFO  o.a.c.c.StandardService - [log,173] - Starting service [Tomcat]
2024-08-30 16:05:28.035 [,] [main] INFO  o.a.c.c.StandardEngine - [log,173] - Starting Servlet engine: [Apache Tomcat/9.0.68]
2024-08-30 16:05:28.139 [,] [main] INFO  o.a.c.c.C.[.[.[/] - [log,173] - Initializing Spring embedded WebApplicationContext
2024-08-30 16:05:28.307 [,] [main] INFO  o.h.j.i.u.LogHelper - [logPersistenceUnitInformation,31] - HHH000204: Processing PersistenceUnitInfo [name: default]
2024-08-30 16:05:28.338 [,] [main] INFO  o.hibernate.Version - [logVersion,44] - HHH000412: Hibernate ORM core version 5.6.12.Final
2024-08-30 16:05:28.431 [,] [main] INFO  o.h.a.common.Version - [<clinit>,56] - HCANN000001: Hibernate Commons Annotations {5.1.2.Final}
2024-08-30 16:05:28.493 [,] [main] INFO  c.z.h.HikariDataSource - [getConnection,110] - HikariPool-1 - Starting...
2024-08-30 16:05:28.601 [,] [main] INFO  c.z.h.HikariDataSource - [getConnection,123] - HikariPool-1 - Start completed.
2024-08-30 16:05:28.610 [,] [main] INFO  o.h.dialect.Dialect - [<init>,175] - HHH000400: Using dialect: org.hibernate.dialect.MySQL8Dialect
2024-08-30 16:05:28.976 [,] [main] INFO  o.h.e.t.j.p.i.JtaPlatformInitiator - [initiateService,52] - HHH000490: Using JtaPlatform implementation: [org.hibernate.engine.transaction.jta.platform.internal.NoJtaPlatform]
2024-08-30 16:05:30.728 [,] [main] INFO  User_Operation - [User_Operationlog,20] - After User_Operation method: initFFmpeg
2024-08-30 16:05:31.248 [,] [main] INFO  o.a.c.h.Http11NioProtocol - [log,173] - Starting ProtocolHandler ["http-nio-127.0.0.1-8089"]
2024-08-30 16:05:31.306 [,] [main] INFO  c.s.a.AIOCompanyApplication - [logStarted,61] - Started AIOCompanyApplication in 4.914 seconds (JVM running for 5.863)
2024-08-30 16:05:31.306 [,] [main] INFO  User_Operation - [User_Operationlog,20] - After User_Operation method: onApplicationEvent
2024-08-30 16:05:32.661 [,] [http-nio-127.0.0.1-8089-exec-1] INFO  o.a.c.c.C.[.[.[/] - [log,173] - Initializing Spring DispatcherServlet 'dispatcherServlet'
2024-08-30 16:05:32.677 [,] [http-nio-127.0.0.1-8089-exec-1] INFO  User_Operation - [User_Operationlog,20] - After User_Operation method: AIO
2024-08-30 16:05:32.714 [,] [http-nio-127.0.0.1-8089-exec-1] INFO  User_Operation - [User_Operationlog,20] - After User_Operation method: getFfmpegEnabled
2024-08-30 16:05:32.715 [,] [http-nio-127.0.0.1-8089-exec-1] INFO  User_Operation - [User_Operationlog,20] - After User_Operation method: indexWeb
2024-08-30 16:05:32.717 [,] [http-nio-127.0.0.1-8089-exec-1] INFO  User_Operation - [User_Operationlog,20] - After User_Operation method: getInformation
2024-08-30 16:05:40.007 [,] [scheduling-1] INFO  User_Operation - [User_Operationlog,20] - After User_Operation method: monitorFfmpegProcess
2024-08-30 16:06:09.360 [,] [SpringApplicationShutdownHook] INFO  c.z.h.HikariDataSource - [close,350] - HikariPool-1 - Shutdown initiated...
2024-08-30 16:06:09.364 [,] [SpringApplicationShutdownHook] INFO  c.z.h.HikariDataSource - [close,352] - HikariPool-1 - Shutdown completed.
2024-08-30 16:08:23.916 [,] [main] INFO  c.s.a.AIOCompanyApplication - [logStarting,55] - Starting AIOCompanyApplication using Java 1.8.0_411 on DESKTOP-0QJEBFD with PID 18240 (E:\AIO_2024.08.16\AIO - 副本 - 测试\AIO-company\target\classes started by neko in E:\AIO_2024.08.16\AIO - 副本 - 测试\AIO-company)
2024-08-30 16:08:23.954 [,] [main] INFO  c.s.a.AIOCompanyApplication - [logStartupProfileInfo,634] - No active profile set, falling back to 1 default profile: "default"
2024-08-30 16:08:25.661 [,] [main] INFO  o.a.c.h.Http11NioProtocol - [log,173] - Initializing ProtocolHandler ["http-nio-127.0.0.1-8089"]
2024-08-30 16:08:25.661 [,] [main] INFO  o.a.c.c.StandardService - [log,173] - Starting service [Tomcat]
2024-08-30 16:08:25.661 [,] [main] INFO  o.a.c.c.StandardEngine - [log,173] - Starting Servlet engine: [Apache Tomcat/9.0.68]
2024-08-30 16:08:25.780 [,] [main] INFO  o.a.c.c.C.[.[.[/] - [log,173] - Initializing Spring embedded WebApplicationContext
2024-08-30 16:08:25.959 [,] [main] INFO  o.h.j.i.u.LogHelper - [logPersistenceUnitInformation,31] - HHH000204: Processing PersistenceUnitInfo [name: default]
2024-08-30 16:08:25.989 [,] [main] INFO  o.hibernate.Version - [logVersion,44] - HHH000412: Hibernate ORM core version 5.6.12.Final
2024-08-30 16:08:26.082 [,] [main] INFO  o.h.a.common.Version - [<clinit>,56] - HCANN000001: Hibernate Commons Annotations {5.1.2.Final}
2024-08-30 16:08:26.146 [,] [main] INFO  c.z.h.HikariDataSource - [getConnection,110] - HikariPool-1 - Starting...
2024-08-30 16:08:26.251 [,] [main] INFO  c.z.h.HikariDataSource - [getConnection,123] - HikariPool-1 - Start completed.
2024-08-30 16:08:26.260 [,] [main] INFO  o.h.dialect.Dialect - [<init>,175] - HHH000400: Using dialect: org.hibernate.dialect.MySQL8Dialect
2024-08-30 16:08:26.656 [,] [main] INFO  o.h.e.t.j.p.i.JtaPlatformInitiator - [initiateService,52] - HHH000490: Using JtaPlatform implementation: [org.hibernate.engine.transaction.jta.platform.internal.NoJtaPlatform]
2024-08-30 16:08:28.527 [,] [main] INFO  User_Operation - [User_Operationlog,20] - After User_Operation method: initFFmpeg
2024-08-30 16:08:29.083 [,] [main] INFO  o.a.c.h.Http11NioProtocol - [log,173] - Starting ProtocolHandler ["http-nio-127.0.0.1-8089"]
2024-08-30 16:08:29.144 [,] [main] INFO  c.s.a.AIOCompanyApplication - [logStarted,61] - Started AIOCompanyApplication in 5.533 seconds (JVM running for 6.592)
2024-08-30 16:08:29.144 [,] [main] INFO  User_Operation - [User_Operationlog,20] - After User_Operation method: onApplicationEvent
2024-08-30 16:08:30.001 [,] [scheduling-1] INFO  User_Operation - [User_Operationlog,20] - After User_Operation method: monitorFfmpegProcess
2024-08-30 16:08:31.745 [,] [http-nio-127.0.0.1-8089-exec-1] INFO  o.a.c.c.C.[.[.[/] - [log,173] - Initializing Spring DispatcherServlet 'dispatcherServlet'
2024-08-30 16:08:31.761 [,] [http-nio-127.0.0.1-8089-exec-1] INFO  User_Operation - [User_Operationlog,20] - After User_Operation method: AIO
2024-08-30 16:08:31.803 [,] [http-nio-127.0.0.1-8089-exec-1] INFO  User_Operation - [User_Operationlog,20] - After User_Operation method: getFfmpegEnabled
2024-08-30 16:08:31.803 [,] [http-nio-127.0.0.1-8089-exec-1] INFO  User_Operation - [User_Operationlog,20] - After User_Operation method: indexWeb
2024-08-30 16:08:31.805 [,] [http-nio-127.0.0.1-8089-exec-1] INFO  User_Operation - [User_Operationlog,20] - After User_Operation method: getInformation
2024-08-30 16:09:06.300 [,] [redisMessageListenerContainer-1] INFO  User_Operation - [User_Operationlog,20] - After User_Operation method: getInformation
2024-08-30 16:09:06.300 [,] [redisMessageListenerContainer-2] INFO  User_Operation - [User_Operationlog,20] - After User_Operation method: getInformation
2024-08-30 16:09:07.506 [,] [redisMessageListenerContainer-3] INFO  User_Operation - [User_Operationlog,20] - After User_Operation method: getInformation
2024-08-30 16:09:07.506 [,] [redisMessageListenerContainer-4] INFO  User_Operation - [User_Operationlog,20] - After User_Operation method: getInformation
2024-08-30 16:09:10.365 [,] [redisMessageListenerContainer-5] INFO  User_Operation - [User_Operationlog,20] - After User_Operation method: getInformation
2024-08-30 16:09:10.365 [,] [redisMessageListenerContainer-6] INFO  User_Operation - [User_Operationlog,20] - After User_Operation method: getInformation
2024-08-30 16:14:14.184 [,] [main] INFO  c.s.a.AIOCompanyApplication - [logStarting,55] - Starting AIOCompanyApplication using Java 1.8.0_411 on DESKTOP-0QJEBFD with PID 24144 (E:\AIO_2024.08.16\AIO - 副本 - 测试\AIO-company\target\classes started by neko in E:\AIO_2024.08.16\AIO - 副本 - 测试\AIO-company)
2024-08-30 16:14:14.196 [,] [main] INFO  c.s.a.AIOCompanyApplication - [logStartupProfileInfo,634] - No active profile set, falling back to 1 default profile: "default"
2024-08-30 16:14:15.586 [,] [main] INFO  o.a.c.h.Http11NioProtocol - [log,173] - Initializing ProtocolHandler ["http-nio-127.0.0.1-8089"]
2024-08-30 16:14:15.586 [,] [main] INFO  o.a.c.c.StandardService - [log,173] - Starting service [Tomcat]
2024-08-30 16:14:15.586 [,] [main] INFO  o.a.c.c.StandardEngine - [log,173] - Starting Servlet engine: [Apache Tomcat/9.0.68]
2024-08-30 16:14:15.701 [,] [main] INFO  o.a.c.c.C.[.[.[/] - [log,173] - Initializing Spring embedded WebApplicationContext
2024-08-30 16:14:15.859 [,] [main] INFO  o.h.j.i.u.LogHelper - [logPersistenceUnitInformation,31] - HHH000204: Processing PersistenceUnitInfo [name: default]
2024-08-30 16:14:15.894 [,] [main] INFO  o.hibernate.Version - [logVersion,44] - HHH000412: Hibernate ORM core version 5.6.12.Final
2024-08-30 16:14:15.984 [,] [main] INFO  o.h.a.common.Version - [<clinit>,56] - HCANN000001: Hibernate Commons Annotations {5.1.2.Final}
2024-08-30 16:14:16.045 [,] [main] INFO  c.z.h.HikariDataSource - [getConnection,110] - HikariPool-1 - Starting...
2024-08-30 16:14:16.152 [,] [main] INFO  c.z.h.HikariDataSource - [getConnection,123] - HikariPool-1 - Start completed.
2024-08-30 16:14:16.161 [,] [main] INFO  o.h.dialect.Dialect - [<init>,175] - HHH000400: Using dialect: org.hibernate.dialect.MySQL8Dialect
2024-08-30 16:14:16.521 [,] [main] INFO  o.h.e.t.j.p.i.JtaPlatformInitiator - [initiateService,52] - HHH000490: Using JtaPlatform implementation: [org.hibernate.engine.transaction.jta.platform.internal.NoJtaPlatform]
2024-08-30 16:14:18.286 [,] [main] INFO  User_Operation - [User_Operationlog,20] - After User_Operation method: initFFmpeg
2024-08-30 16:14:18.842 [,] [main] INFO  o.a.c.h.Http11NioProtocol - [log,173] - Starting ProtocolHandler ["http-nio-127.0.0.1-8089"]
2024-08-30 16:14:18.900 [,] [main] INFO  c.s.a.AIOCompanyApplication - [logStarted,61] - Started AIOCompanyApplication in 5.024 seconds (JVM running for 6.053)
2024-08-30 16:14:18.901 [,] [main] INFO  User_Operation - [User_Operationlog,20] - After User_Operation method: onApplicationEvent
2024-08-30 16:14:20.007 [,] [scheduling-1] INFO  User_Operation - [User_Operationlog,20] - After User_Operation method: monitorFfmpegProcess
2024-08-30 16:14:28.202 [,] [http-nio-127.0.0.1-8089-exec-1] INFO  o.a.c.c.C.[.[.[/] - [log,173] - Initializing Spring DispatcherServlet 'dispatcherServlet'
2024-08-30 16:14:28.218 [,] [http-nio-127.0.0.1-8089-exec-1] INFO  User_Operation - [User_Operationlog,20] - After User_Operation method: AIO
2024-08-30 16:14:28.228 [,] [http-nio-127.0.0.1-8089-exec-1] INFO  User_Operation - [User_Operationlog,20] - After User_Operation method: getFfmpegEnabled
2024-08-30 16:14:28.229 [,] [http-nio-127.0.0.1-8089-exec-1] INFO  User_Operation - [User_Operationlog,20] - After User_Operation method: indexWeb
2024-08-30 16:14:28.230 [,] [http-nio-127.0.0.1-8089-exec-1] INFO  User_Operation - [User_Operationlog,20] - After User_Operation method: getInformation
2024-08-30 16:14:43.547 [,] [redisMessageListenerContainer-1] INFO  User_Operation - [User_Operationlog,20] - After User_Operation method: getInformation
2024-08-30 16:14:43.547 [,] [redisMessageListenerContainer-2] INFO  User_Operation - [User_Operationlog,20] - After User_Operation method: getInformation
2024-08-30 16:14:48.813 [,] [SpringApplicationShutdownHook] INFO  c.z.h.HikariDataSource - [close,350] - HikariPool-1 - Shutdown initiated...
2024-08-30 16:14:48.819 [,] [SpringApplicationShutdownHook] INFO  c.z.h.HikariDataSource - [close,352] - HikariPool-1 - Shutdown completed.
2024-08-30 16:21:12.668 [,] [main] INFO  c.s.a.AIOCompanyApplication - [logStarting,55] - Starting AIOCompanyApplication using Java 1.8.0_411 on DESKTOP-0QJEBFD with PID 3024 (E:\AIO_2024.08.16\AIO - 副本 - 测试\AIO-company\target\classes started by neko in E:\AIO_2024.08.16\AIO - 副本 - 测试\AIO-company)
2024-08-30 16:21:12.694 [,] [main] INFO  c.s.a.AIOCompanyApplication - [logStartupProfileInfo,634] - No active profile set, falling back to 1 default profile: "default"
2024-08-30 16:21:14.174 [,] [main] INFO  o.a.c.h.Http11NioProtocol - [log,173] - Initializing ProtocolHandler ["http-nio-127.0.0.1-8089"]
2024-08-30 16:21:14.174 [,] [main] INFO  o.a.c.c.StandardService - [log,173] - Starting service [Tomcat]
2024-08-30 16:21:14.174 [,] [main] INFO  o.a.c.c.StandardEngine - [log,173] - Starting Servlet engine: [Apache Tomcat/9.0.68]
2024-08-30 16:21:14.290 [,] [main] INFO  o.a.c.c.C.[.[.[/] - [log,173] - Initializing Spring embedded WebApplicationContext
2024-08-30 16:21:14.457 [,] [main] INFO  o.h.j.i.u.LogHelper - [logPersistenceUnitInformation,31] - HHH000204: Processing PersistenceUnitInfo [name: default]
2024-08-30 16:21:14.485 [,] [main] INFO  o.hibernate.Version - [logVersion,44] - HHH000412: Hibernate ORM core version 5.6.12.Final
2024-08-30 16:21:14.577 [,] [main] INFO  o.h.a.common.Version - [<clinit>,56] - HCANN000001: Hibernate Commons Annotations {5.1.2.Final}
2024-08-30 16:21:14.642 [,] [main] INFO  c.z.h.HikariDataSource - [getConnection,110] - HikariPool-1 - Starting...
2024-08-30 16:21:14.740 [,] [main] INFO  c.z.h.HikariDataSource - [getConnection,123] - HikariPool-1 - Start completed.
2024-08-30 16:21:14.749 [,] [main] INFO  o.h.dialect.Dialect - [<init>,175] - HHH000400: Using dialect: org.hibernate.dialect.MySQL8Dialect
2024-08-30 16:21:15.098 [,] [main] INFO  o.h.e.t.j.p.i.JtaPlatformInitiator - [initiateService,52] - HHH000490: Using JtaPlatform implementation: [org.hibernate.engine.transaction.jta.platform.internal.NoJtaPlatform]
2024-08-30 16:21:16.933 [,] [main] INFO  User_Operation - [User_Operationlog,20] - After User_Operation method: initFFmpeg
2024-08-30 16:21:17.475 [,] [main] INFO  o.a.c.h.Http11NioProtocol - [log,173] - Starting ProtocolHandler ["http-nio-127.0.0.1-8089"]
2024-08-30 16:21:17.535 [,] [main] INFO  c.s.a.AIOCompanyApplication - [logStarted,61] - Started AIOCompanyApplication in 5.178 seconds (JVM running for 6.135)
2024-08-30 16:21:17.536 [,] [main] INFO  User_Operation - [User_Operationlog,20] - After User_Operation method: onApplicationEvent
2024-08-30 16:21:20.003 [,] [scheduling-1] INFO  User_Operation - [User_Operationlog,20] - After User_Operation method: monitorFfmpegProcess
2024-08-30 16:21:25.781 [,] [http-nio-127.0.0.1-8089-exec-1] INFO  o.a.c.c.C.[.[.[/] - [log,173] - Initializing Spring DispatcherServlet 'dispatcherServlet'
2024-08-30 16:21:25.797 [,] [http-nio-127.0.0.1-8089-exec-1] INFO  User_Operation - [User_Operationlog,20] - After User_Operation method: AIO
2024-08-30 16:21:25.806 [,] [http-nio-127.0.0.1-8089-exec-1] INFO  User_Operation - [User_Operationlog,20] - After User_Operation method: getFfmpegEnabled
2024-08-30 16:21:25.806 [,] [http-nio-127.0.0.1-8089-exec-1] INFO  User_Operation - [User_Operationlog,20] - After User_Operation method: indexWeb
2024-08-30 16:21:25.808 [,] [http-nio-127.0.0.1-8089-exec-1] INFO  User_Operation - [User_Operationlog,20] - After User_Operation method: getInformation
2024-08-30 16:21:37.889 [,] [redisMessageListenerContainer-2] INFO  User_Operation - [User_Operationlog,20] - After User_Operation method: getInformation
2024-08-30 16:21:37.889 [,] [redisMessageListenerContainer-1] INFO  User_Operation - [User_Operationlog,20] - After User_Operation method: getInformation
2024-08-30 16:21:38.785 [,] [SpringApplicationShutdownHook] INFO  c.z.h.HikariDataSource - [close,350] - HikariPool-1 - Shutdown initiated...
2024-08-30 16:21:38.789 [,] [SpringApplicationShutdownHook] INFO  c.z.h.HikariDataSource - [close,352] - HikariPool-1 - Shutdown completed.
2024-08-30 16:22:11.017 [,] [main] INFO  c.s.a.AIOCompanyApplication - [logStarting,55] - Starting AIOCompanyApplication using Java 1.8.0_411 on DESKTOP-0QJEBFD with PID 20388 (E:\AIO_2024.08.16\AIO - 副本 - 测试\AIO-company\target\classes started by neko in E:\AIO_2024.08.16\AIO - 副本 - 测试\AIO-company)
2024-08-30 16:22:11.028 [,] [main] INFO  c.s.a.AIOCompanyApplication - [logStartupProfileInfo,634] - No active profile set, falling back to 1 default profile: "default"
2024-08-30 16:22:12.370 [,] [main] INFO  o.a.c.h.Http11NioProtocol - [log,173] - Initializing ProtocolHandler ["http-nio-127.0.0.1-8089"]
2024-08-30 16:22:12.371 [,] [main] INFO  o.a.c.c.StandardService - [log,173] - Starting service [Tomcat]
2024-08-30 16:22:12.371 [,] [main] INFO  o.a.c.c.StandardEngine - [log,173] - Starting Servlet engine: [Apache Tomcat/9.0.68]
2024-08-30 16:22:12.474 [,] [main] INFO  o.a.c.c.C.[.[.[/] - [log,173] - Initializing Spring embedded WebApplicationContext
2024-08-30 16:22:12.631 [,] [main] INFO  o.h.j.i.u.LogHelper - [logPersistenceUnitInformation,31] - HHH000204: Processing PersistenceUnitInfo [name: default]
2024-08-30 16:22:12.667 [,] [main] INFO  o.hibernate.Version - [logVersion,44] - HHH000412: Hibernate ORM core version 5.6.12.Final
2024-08-30 16:22:12.759 [,] [main] INFO  o.h.a.common.Version - [<clinit>,56] - HCANN000001: Hibernate Commons Annotations {5.1.2.Final}
2024-08-30 16:22:12.820 [,] [main] INFO  c.z.h.HikariDataSource - [getConnection,110] - HikariPool-1 - Starting...
2024-08-30 16:22:12.929 [,] [main] INFO  c.z.h.HikariDataSource - [getConnection,123] - HikariPool-1 - Start completed.
2024-08-30 16:22:12.938 [,] [main] INFO  o.h.dialect.Dialect - [<init>,175] - HHH000400: Using dialect: org.hibernate.dialect.MySQL8Dialect
2024-08-30 16:22:13.284 [,] [main] INFO  o.h.e.t.j.p.i.JtaPlatformInitiator - [initiateService,52] - HHH000490: Using JtaPlatform implementation: [org.hibernate.engine.transaction.jta.platform.internal.NoJtaPlatform]
2024-08-30 16:22:15.067 [,] [main] INFO  User_Operation - [User_Operationlog,20] - After User_Operation method: initFFmpeg
2024-08-30 16:22:15.608 [,] [main] INFO  o.a.c.h.Http11NioProtocol - [log,173] - Starting ProtocolHandler ["http-nio-127.0.0.1-8089"]
2024-08-30 16:22:15.667 [,] [main] INFO  c.s.a.AIOCompanyApplication - [logStarted,61] - Started AIOCompanyApplication in 4.924 seconds (JVM running for 5.833)
2024-08-30 16:22:15.667 [,] [main] INFO  User_Operation - [User_Operationlog,20] - After User_Operation method: onApplicationEvent
2024-08-30 16:22:20.010 [,] [scheduling-1] INFO  User_Operation - [User_Operationlog,20] - After User_Operation method: monitorFfmpegProcess
2024-08-30 16:22:24.114 [,] [http-nio-127.0.0.1-8089-exec-1] INFO  o.a.c.c.C.[.[.[/] - [log,173] - Initializing Spring DispatcherServlet 'dispatcherServlet'
2024-08-30 16:22:24.140 [,] [http-nio-127.0.0.1-8089-exec-1] INFO  User_Operation - [User_Operationlog,20] - After User_Operation method: AIO
2024-08-30 16:22:24.148 [,] [http-nio-127.0.0.1-8089-exec-1] INFO  User_Operation - [User_Operationlog,20] - After User_Operation method: getFfmpegEnabled
2024-08-30 16:22:24.149 [,] [http-nio-127.0.0.1-8089-exec-1] INFO  User_Operation - [User_Operationlog,20] - After User_Operation method: indexWeb
2024-08-30 16:22:24.151 [,] [http-nio-127.0.0.1-8089-exec-1] INFO  User_Operation - [User_Operationlog,20] - After User_Operation method: getInformation
2024-08-30 16:22:36.180 [,] [redisMessageListenerContainer-1] INFO  User_Operation - [User_Operationlog,20] - After User_Operation method: getInformation
2024-08-30 16:22:36.181 [,] [redisMessageListenerContainer-2] INFO  User_Operation - [User_Operationlog,20] - After User_Operation method: getInformation
2024-08-30 16:22:39.402 [,] [SpringApplicationShutdownHook] INFO  c.z.h.HikariDataSource - [close,350] - HikariPool-1 - Shutdown initiated...
2024-08-30 16:22:39.406 [,] [SpringApplicationShutdownHook] INFO  c.z.h.HikariDataSource - [close,352] - HikariPool-1 - Shutdown completed.
2024-08-30 16:23:35.416 [,] [main] INFO  c.s.a.AIOCompanyApplication - [logStarting,55] - Starting AIOCompanyApplication using Java 1.8.0_411 on DESKTOP-0QJEBFD with PID 20656 (E:\AIO_2024.08.16\AIO - 副本 - 测试\AIO-company\target\classes started by neko in E:\AIO_2024.08.16\AIO - 副本 - 测试\AIO-company)
2024-08-30 16:23:35.436 [,] [main] INFO  c.s.a.AIOCompanyApplication - [logStartupProfileInfo,634] - No active profile set, falling back to 1 default profile: "default"
2024-08-30 16:23:36.813 [,] [main] INFO  o.a.c.h.Http11NioProtocol - [log,173] - Initializing ProtocolHandler ["http-nio-127.0.0.1-8089"]
2024-08-30 16:23:36.814 [,] [main] INFO  o.a.c.c.StandardService - [log,173] - Starting service [Tomcat]
2024-08-30 16:23:36.814 [,] [main] INFO  o.a.c.c.StandardEngine - [log,173] - Starting Servlet engine: [Apache Tomcat/9.0.68]
2024-08-30 16:23:36.931 [,] [main] INFO  o.a.c.c.C.[.[.[/] - [log,173] - Initializing Spring embedded WebApplicationContext
2024-08-30 16:23:37.096 [,] [main] INFO  o.h.j.i.u.LogHelper - [logPersistenceUnitInformation,31] - HHH000204: Processing PersistenceUnitInfo [name: default]
2024-08-30 16:23:37.123 [,] [main] INFO  o.hibernate.Version - [logVersion,44] - HHH000412: Hibernate ORM core version 5.6.12.Final
2024-08-30 16:23:37.217 [,] [main] INFO  o.h.a.common.Version - [<clinit>,56] - HCANN000001: Hibernate Commons Annotations {5.1.2.Final}
2024-08-30 16:23:37.276 [,] [main] INFO  c.z.h.HikariDataSource - [getConnection,110] - HikariPool-1 - Starting...
2024-08-30 16:23:37.368 [,] [main] INFO  c.z.h.HikariDataSource - [getConnection,123] - HikariPool-1 - Start completed.
2024-08-30 16:23:37.376 [,] [main] INFO  o.h.dialect.Dialect - [<init>,175] - HHH000400: Using dialect: org.hibernate.dialect.MySQL8Dialect
2024-08-30 16:23:37.746 [,] [main] INFO  o.h.e.t.j.p.i.JtaPlatformInitiator - [initiateService,52] - HHH000490: Using JtaPlatform implementation: [org.hibernate.engine.transaction.jta.platform.internal.NoJtaPlatform]
2024-08-30 16:23:39.569 [,] [main] INFO  User_Operation - [User_Operationlog,20] - After User_Operation method: initFFmpeg
2024-08-30 16:23:40.090 [,] [main] INFO  o.a.c.h.Http11NioProtocol - [log,173] - Starting ProtocolHandler ["http-nio-127.0.0.1-8089"]
2024-08-30 16:23:40.150 [,] [main] INFO  c.s.a.AIOCompanyApplication - [logStarted,61] - Started AIOCompanyApplication in 5.034 seconds (JVM running for 5.981)
2024-08-30 16:23:40.151 [,] [main] INFO  User_Operation - [User_Operationlog,20] - After User_Operation method: onApplicationEvent
2024-08-30 16:23:45.324 [,] [http-nio-127.0.0.1-8089-exec-1] INFO  o.a.c.c.C.[.[.[/] - [log,173] - Initializing Spring DispatcherServlet 'dispatcherServlet'
2024-08-30 16:23:45.341 [,] [http-nio-127.0.0.1-8089-exec-1] INFO  User_Operation - [User_Operationlog,20] - After User_Operation method: AIO
2024-08-30 16:23:45.352 [,] [http-nio-127.0.0.1-8089-exec-1] INFO  User_Operation - [User_Operationlog,20] - After User_Operation method: getFfmpegEnabled
2024-08-30 16:23:45.353 [,] [http-nio-127.0.0.1-8089-exec-1] INFO  User_Operation - [User_Operationlog,20] - After User_Operation method: indexWeb
2024-08-30 16:23:45.354 [,] [http-nio-127.0.0.1-8089-exec-1] INFO  User_Operation - [User_Operationlog,20] - After User_Operation method: getInformation
2024-08-30 16:23:50.015 [,] [scheduling-1] INFO  User_Operation - [User_Operationlog,20] - After User_Operation method: monitorFfmpegProcess
2024-08-30 16:23:54.320 [,] [redisMessageListenerContainer-1] INFO  User_Operation - [User_Operationlog,20] - After User_Operation method: getInformation
2024-08-30 16:23:54.320 [,] [redisMessageListenerContainer-2] INFO  User_Operation - [User_Operationlog,20] - After User_Operation method: getInformation
2024-08-30 16:24:02.080 [,] [redisMessageListenerContainer-3] INFO  User_Operation - [User_Operationlog,20] - After User_Operation method: getInformation
2024-08-30 16:24:02.080 [,] [redisMessageListenerContainer-4] INFO  User_Operation - [User_Operationlog,20] - After User_Operation method: getInformation
2024-08-30 16:24:04.262 [,] [SpringApplicationShutdownHook] INFO  c.z.h.HikariDataSource - [close,350] - HikariPool-1 - Shutdown initiated...
2024-08-30 16:24:04.266 [,] [SpringApplicationShutdownHook] INFO  c.z.h.HikariDataSource - [close,352] - HikariPool-1 - Shutdown completed.
2024-08-30 16:29:54.367 [,] [main] INFO  c.s.a.AIOCompanyApplication - [logStarting,55] - Starting AIOCompanyApplication using Java 1.8.0_411 on DESKTOP-0QJEBFD with PID 21680 (E:\AIO_2024.08.16\AIO - 副本 - 测试\AIO-company\target\classes started by neko in E:\AIO_2024.08.16\AIO - 副本 - 测试\AIO-company)
2024-08-30 16:29:54.384 [,] [main] INFO  c.s.a.AIOCompanyApplication - [logStartupProfileInfo,634] - No active profile set, falling back to 1 default profile: "default"
2024-08-30 16:29:55.818 [,] [main] INFO  o.a.c.h.Http11NioProtocol - [log,173] - Initializing ProtocolHandler ["http-nio-127.0.0.1-8089"]
2024-08-30 16:29:55.818 [,] [main] INFO  o.a.c.c.StandardService - [log,173] - Starting service [Tomcat]
2024-08-30 16:29:55.818 [,] [main] INFO  o.a.c.c.StandardEngine - [log,173] - Starting Servlet engine: [Apache Tomcat/9.0.68]
2024-08-30 16:29:55.941 [,] [main] INFO  o.a.c.c.C.[.[.[/] - [log,173] - Initializing Spring embedded WebApplicationContext
2024-08-30 16:29:56.113 [,] [main] INFO  o.h.j.i.u.LogHelper - [logPersistenceUnitInformation,31] - HHH000204: Processing PersistenceUnitInfo [name: default]
2024-08-30 16:29:56.146 [,] [main] INFO  o.hibernate.Version - [logVersion,44] - HHH000412: Hibernate ORM core version 5.6.12.Final
2024-08-30 16:29:56.234 [,] [main] INFO  o.h.a.common.Version - [<clinit>,56] - HCANN000001: Hibernate Commons Annotations {5.1.2.Final}
2024-08-30 16:29:56.292 [,] [main] INFO  c.z.h.HikariDataSource - [getConnection,110] - HikariPool-1 - Starting...
2024-08-30 16:29:56.389 [,] [main] INFO  c.z.h.HikariDataSource - [getConnection,123] - HikariPool-1 - Start completed.
2024-08-30 16:29:56.398 [,] [main] INFO  o.h.dialect.Dialect - [<init>,175] - HHH000400: Using dialect: org.hibernate.dialect.MySQL8Dialect
2024-08-30 16:29:56.748 [,] [main] INFO  o.h.e.t.j.p.i.JtaPlatformInitiator - [initiateService,52] - HHH000490: Using JtaPlatform implementation: [org.hibernate.engine.transaction.jta.platform.internal.NoJtaPlatform]
2024-08-30 16:29:58.504 [,] [main] INFO  User_Operation - [User_Operationlog,20] - After User_Operation method: initFFmpeg
2024-08-30 16:29:59.035 [,] [main] INFO  o.a.c.h.Http11NioProtocol - [log,173] - Starting ProtocolHandler ["http-nio-127.0.0.1-8089"]
2024-08-30 16:29:59.094 [,] [main] INFO  c.s.a.AIOCompanyApplication - [logStarted,61] - Started AIOCompanyApplication in 5.01 seconds (JVM running for 5.926)
2024-08-30 16:29:59.094 [,] [main] INFO  User_Operation - [User_Operationlog,20] - After User_Operation method: onApplicationEvent
2024-08-30 16:30:00.014 [,] [scheduling-1] INFO  User_Operation - [User_Operationlog,20] - After User_Operation method: monitorFfmpegProcess
2024-08-30 16:30:00.387 [,] [http-nio-127.0.0.1-8089-exec-1] INFO  o.a.c.c.C.[.[.[/] - [log,173] - Initializing Spring DispatcherServlet 'dispatcherServlet'
2024-08-30 16:30:00.403 [,] [http-nio-127.0.0.1-8089-exec-1] INFO  User_Operation - [User_Operationlog,20] - After User_Operation method: AIO
2024-08-30 16:30:00.412 [,] [http-nio-127.0.0.1-8089-exec-1] INFO  User_Operation - [User_Operationlog,20] - After User_Operation method: getFfmpegEnabled
2024-08-30 16:30:00.413 [,] [http-nio-127.0.0.1-8089-exec-1] INFO  User_Operation - [User_Operationlog,20] - After User_Operation method: indexWeb
2024-08-30 16:30:00.415 [,] [http-nio-127.0.0.1-8089-exec-1] INFO  User_Operation - [User_Operationlog,20] - After User_Operation method: getInformation
2024-08-30 16:30:10.531 [,] [redisMessageListenerContainer-1] INFO  User_Operation - [User_Operationlog,20] - After User_Operation method: getInformation
2024-08-30 16:30:10.531 [,] [redisMessageListenerContainer-2] INFO  User_Operation - [User_Operationlog,20] - After User_Operation method: getInformation
2024-08-30 16:30:41.780 [,] [redisMessageListenerContainer-3] INFO  User_Operation - [User_Operationlog,20] - After User_Operation method: getInformation
2024-08-30 16:30:41.780 [,] [redisMessageListenerContainer-4] INFO  User_Operation - [User_Operationlog,20] - After User_Operation method: getInformation
2024-08-30 16:30:53.488 [,] [redisMessageListenerContainer-6] INFO  User_Operation - [User_Operationlog,20] - After User_Operation method: getInformation
2024-08-30 16:30:53.488 [,] [redisMessageListenerContainer-5] INFO  User_Operation - [User_Operationlog,20] - After User_Operation method: getInformation
2024-08-30 16:30:57.543 [,] [redisMessageListenerContainer-8] INFO  User_Operation - [User_Operationlog,20] - After User_Operation method: getInformation
2024-08-30 16:30:57.543 [,] [redisMessageListenerContainer-7] INFO  User_Operation - [User_Operationlog,20] - After User_Operation method: getInformation
2024-08-30 16:31:05.710 [,] [redisMessageListenerContainer-10] INFO  User_Operation - [User_Operationlog,20] - After User_Operation method: getInformation
2024-08-30 16:31:05.710 [,] [redisMessageListenerContainer-9] INFO  User_Operation - [User_Operationlog,20] - After User_Operation method: getInformation
2024-08-30 16:31:08.756 [,] [redisMessageListenerContainer-12] INFO  User_Operation - [User_Operationlog,20] - After User_Operation method: getInformation
2024-08-30 16:31:08.756 [,] [redisMessageListenerContainer-11] INFO  User_Operation - [User_Operationlog,20] - After User_Operation method: getInformation
2024-08-30 16:31:13.286 [,] [redisMessageListenerContainer-13] INFO  User_Operation - [User_Operationlog,20] - After User_Operation method: getInformation
2024-08-30 16:31:13.287 [,] [redisMessageListenerContainer-14] INFO  User_Operation - [User_Operationlog,20] - After User_Operation method: getInformation
2024-08-30 16:31:16.352 [,] [redisMessageListenerContainer-15] INFO  User_Operation - [User_Operationlog,20] - After User_Operation method: getInformation
2024-08-30 16:31:16.352 [,] [redisMessageListenerContainer-16] INFO  User_Operation - [User_Operationlog,20] - After User_Operation method: getInformation
2024-08-30 16:31:20.939 [,] [redisMessageListenerContainer-17] INFO  User_Operation - [User_Operationlog,20] - After User_Operation method: getInformation
2024-08-30 16:31:20.939 [,] [redisMessageListenerContainer-18] INFO  User_Operation - [User_Operationlog,20] - After User_Operation method: getInformation
2024-08-30 16:31:24.704 [,] [redisMessageListenerContainer-20] INFO  User_Operation - [User_Operationlog,20] - After User_Operation method: getInformation
2024-08-30 16:31:24.704 [,] [redisMessageListenerContainer-19] INFO  User_Operation - [User_Operationlog,20] - After User_Operation method: getInformation
2024-08-30 16:31:36.892 [,] [redisMessageListenerContainer-21] INFO  User_Operation - [User_Operationlog,20] - After User_Operation method: getInformation
2024-08-30 16:31:36.893 [,] [redisMessageListenerContainer-22] INFO  User_Operation - [User_Operationlog,20] - After User_Operation method: getInformation
2024-08-30 16:31:39.764 [,] [redisMessageListenerContainer-23] INFO  User_Operation - [User_Operationlog,20] - After User_Operation method: getInformation
2024-08-30 16:31:39.764 [,] [redisMessageListenerContainer-24] INFO  User_Operation - [User_Operationlog,20] - After User_Operation method: getInformation
2024-08-30 16:31:42.942 [,] [redisMessageListenerContainer-25] INFO  User_Operation - [User_Operationlog,20] - After User_Operation method: getInformation
2024-08-30 16:31:42.942 [,] [redisMessageListenerContainer-26] INFO  User_Operation - [User_Operationlog,20] - After User_Operation method: getInformation
2024-08-30 16:31:51.153 [,] [redisMessageListenerContainer-27] INFO  User_Operation - [User_Operationlog,20] - After User_Operation method: getInformation
2024-08-30 16:31:51.153 [,] [redisMessageListenerContainer-28] INFO  User_Operation - [User_Operationlog,20] - After User_Operation method: getInformation
2024-08-30 16:31:59.283 [,] [redisMessageListenerContainer-30] INFO  User_Operation - [User_Operationlog,20] - After User_Operation method: getInformation
2024-08-30 16:31:59.283 [,] [redisMessageListenerContainer-29] INFO  User_Operation - [User_Operationlog,20] - After User_Operation method: getInformation
2024-08-30 16:32:02.341 [,] [redisMessageListenerContainer-31] INFO  User_Operation - [User_Operationlog,20] - After User_Operation method: getInformation
2024-08-30 16:32:02.342 [,] [redisMessageListenerContainer-32] INFO  User_Operation - [User_Operationlog,20] - After User_Operation method: getInformation
2024-08-30 16:32:05.209 [,] [redisMessageListenerContainer-33] INFO  User_Operation - [User_Operationlog,20] - After User_Operation method: getInformation
2024-08-30 16:32:05.209 [,] [redisMessageListenerContainer-34] INFO  User_Operation - [User_Operationlog,20] - After User_Operation method: getInformation
2024-08-30 16:32:13.546 [,] [redisMessageListenerContainer-35] INFO  User_Operation - [User_Operationlog,20] - After User_Operation method: getInformation
2024-08-30 16:32:13.546 [,] [redisMessageListenerContainer-36] INFO  User_Operation - [User_Operationlog,20] - After User_Operation method: getInformation
2024-08-30 16:32:37.447 [,] [redisMessageListenerContainer-37] INFO  User_Operation - [User_Operationlog,20] - After User_Operation method: getInformation
2024-08-30 16:32:37.447 [,] [redisMessageListenerContainer-38] INFO  User_Operation - [User_Operationlog,20] - After User_Operation method: getInformation
2024-08-30 16:32:49.528 [,] [redisMessageListenerContainer-39] INFO  User_Operation - [User_Operationlog,20] - After User_Operation method: getInformation
2024-08-30 16:32:49.528 [,] [redisMessageListenerContainer-40] INFO  User_Operation - [User_Operationlog,20] - After User_Operation method: getInformation
2024-08-30 16:32:52.834 [,] [redisMessageListenerContainer-42] INFO  User_Operation - [User_Operationlog,20] - After User_Operation method: getInformation
2024-08-30 16:32:52.834 [,] [redisMessageListenerContainer-41] INFO  User_Operation - [User_Operationlog,20] - After User_Operation method: getInformation
2024-08-30 16:32:56.784 [,] [redisMessageListenerContainer-44] INFO  User_Operation - [User_Operationlog,20] - After User_Operation method: getInformation
2024-08-30 16:32:56.784 [,] [redisMessageListenerContainer-43] INFO  User_Operation - [User_Operationlog,20] - After User_Operation method: getInformation
2024-08-30 16:33:00.923 [,] [redisMessageListenerContainer-45] INFO  User_Operation - [User_Operationlog,20] - After User_Operation method: getInformation
2024-08-30 16:33:00.923 [,] [redisMessageListenerContainer-46] INFO  User_Operation - [User_Operationlog,20] - After User_Operation method: getInformation
2024-08-30 16:33:08.747 [,] [redisMessageListenerContainer-47] INFO  User_Operation - [User_Operationlog,20] - After User_Operation method: getInformation
2024-08-30 16:33:08.747 [,] [redisMessageListenerContainer-48] INFO  User_Operation - [User_Operationlog,20] - After User_Operation method: getInformation
2024-08-30 16:33:11.161 [,] [redisMessageListenerContainer-49] INFO  User_Operation - [User_Operationlog,20] - After User_Operation method: getInformation
2024-08-30 16:33:11.161 [,] [redisMessageListenerContainer-50] INFO  User_Operation - [User_Operationlog,20] - After User_Operation method: getInformation
2024-08-30 16:33:11.724 [,] [redisMessageListenerContainer-51] INFO  User_Operation - [User_Operationlog,20] - After User_Operation method: getInformation
2024-08-30 16:33:11.725 [,] [redisMessageListenerContainer-52] INFO  User_Operation - [User_Operationlog,20] - After User_Operation method: getInformation
2024-08-30 16:33:14.674 [,] [redisMessageListenerContainer-53] INFO  User_Operation - [User_Operationlog,20] - After User_Operation method: getInformation
2024-08-30 16:33:14.674 [,] [redisMessageListenerContainer-54] INFO  User_Operation - [User_Operationlog,20] - After User_Operation method: getInformation
2024-08-30 16:33:15.959 [,] [redisMessageListenerContainer-55] INFO  User_Operation - [User_Operationlog,20] - After User_Operation method: getInformation
2024-08-30 16:33:15.959 [,] [redisMessageListenerContainer-56] INFO  User_Operation - [User_Operationlog,20] - After User_Operation method: getInformation
2024-08-30 16:33:18.493 [,] [SpringApplicationShutdownHook] INFO  c.z.h.HikariDataSource - [close,350] - HikariPool-1 - Shutdown initiated...
2024-08-30 16:33:18.497 [,] [SpringApplicationShutdownHook] INFO  c.z.h.HikariDataSource - [close,352] - HikariPool-1 - Shutdown completed.
2024-08-30 16:34:43.091 [,] [main] INFO  c.s.a.AIOCompanyApplication - [logStarting,55] - Starting AIOCompanyApplication using Java 1.8.0_411 on DESKTOP-0QJEBFD with PID 9972 (E:\AIO_2024.08.16\AIO - 副本 - 测试\AIO-company\target\classes started by neko in E:\AIO_2024.08.16\AIO - 副本 - 测试\AIO-company)
2024-08-30 16:34:43.124 [,] [main] INFO  c.s.a.AIOCompanyApplication - [logStartupProfileInfo,634] - No active profile set, falling back to 1 default profile: "default"
2024-08-30 16:34:44.484 [,] [main] INFO  o.a.c.h.Http11NioProtocol - [log,173] - Initializing ProtocolHandler ["http-nio-127.0.0.1-8089"]
2024-08-30 16:34:44.485 [,] [main] INFO  o.a.c.c.StandardService - [log,173] - Starting service [Tomcat]
2024-08-30 16:34:44.485 [,] [main] INFO  o.a.c.c.StandardEngine - [log,173] - Starting Servlet engine: [Apache Tomcat/9.0.68]
2024-08-30 16:34:44.604 [,] [main] INFO  o.a.c.c.C.[.[.[/] - [log,173] - Initializing Spring embedded WebApplicationContext
2024-08-30 16:34:44.765 [,] [main] INFO  o.h.j.i.u.LogHelper - [logPersistenceUnitInformation,31] - HHH000204: Processing PersistenceUnitInfo [name: default]
2024-08-30 16:34:44.794 [,] [main] INFO  o.hibernate.Version - [logVersion,44] - HHH000412: Hibernate ORM core version 5.6.12.Final
2024-08-30 16:34:44.888 [,] [main] INFO  o.h.a.common.Version - [<clinit>,56] - HCANN000001: Hibernate Commons Annotations {5.1.2.Final}
2024-08-30 16:34:44.946 [,] [main] INFO  c.z.h.HikariDataSource - [getConnection,110] - HikariPool-1 - Starting...
2024-08-30 16:34:45.036 [,] [main] INFO  c.z.h.HikariDataSource - [getConnection,123] - HikariPool-1 - Start completed.
2024-08-30 16:34:45.045 [,] [main] INFO  o.h.dialect.Dialect - [<init>,175] - HHH000400: Using dialect: org.hibernate.dialect.MySQL8Dialect
2024-08-30 16:34:46.136 [,] [main] INFO  o.h.e.t.j.p.i.JtaPlatformInitiator - [initiateService,52] - HHH000490: Using JtaPlatform implementation: [org.hibernate.engine.transaction.jta.platform.internal.NoJtaPlatform]
2024-08-30 16:34:47.897 [,] [main] INFO  User_Operation - [User_Operationlog,20] - After User_Operation method: initFFmpeg
2024-08-30 16:34:48.428 [,] [main] INFO  o.a.c.h.Http11NioProtocol - [log,173] - Starting ProtocolHandler ["http-nio-127.0.0.1-8089"]
2024-08-30 16:34:48.485 [,] [main] INFO  c.s.a.AIOCompanyApplication - [logStarted,61] - Started AIOCompanyApplication in 5.696 seconds (JVM running for 6.707)
2024-08-30 16:34:48.485 [,] [main] INFO  User_Operation - [User_Operationlog,20] - After User_Operation method: onApplicationEvent
2024-08-30 16:34:50.014 [,] [scheduling-1] INFO  User_Operation - [User_Operationlog,20] - After User_Operation method: monitorFfmpegProcess
2024-08-30 16:34:52.249 [,] [http-nio-127.0.0.1-8089-exec-1] INFO  o.a.c.c.C.[.[.[/] - [log,173] - Initializing Spring DispatcherServlet 'dispatcherServlet'
2024-08-30 16:34:52.267 [,] [http-nio-127.0.0.1-8089-exec-1] INFO  User_Operation - [User_Operationlog,20] - After User_Operation method: AIO
2024-08-30 16:34:52.277 [,] [http-nio-127.0.0.1-8089-exec-1] INFO  User_Operation - [User_Operationlog,20] - After User_Operation method: getFfmpegEnabled
2024-08-30 16:34:52.278 [,] [http-nio-127.0.0.1-8089-exec-1] INFO  User_Operation - [User_Operationlog,20] - After User_Operation method: indexWeb
2024-08-30 16:34:52.280 [,] [http-nio-127.0.0.1-8089-exec-1] INFO  User_Operation - [User_Operationlog,20] - After User_Operation method: getInformation
2024-08-30 16:35:08.167 [,] [redisMessageListenerContainer-1] INFO  User_Operation - [User_Operationlog,20] - After User_Operation method: getInformation
2024-08-30 16:35:08.167 [,] [redisMessageListenerContainer-2] INFO  User_Operation - [User_Operationlog,20] - After User_Operation method: getInformation
2024-08-30 16:35:11.217 [,] [redisMessageListenerContainer-3] INFO  User_Operation - [User_Operationlog,20] - After User_Operation method: getInformation
2024-08-30 16:35:11.218 [,] [redisMessageListenerContainer-4] INFO  User_Operation - [User_Operationlog,20] - After User_Operation method: getInformation
2024-08-30 16:35:33.072 [,] [redisMessageListenerContainer-5] INFO  User_Operation - [User_Operationlog,20] - After User_Operation method: getInformation
2024-08-30 16:35:33.073 [,] [redisMessageListenerContainer-6] INFO  User_Operation - [User_Operationlog,20] - After User_Operation method: getInformation
2024-08-30 16:35:57.003 [,] [redisMessageListenerContainer-7] INFO  User_Operation - [User_Operationlog,20] - After User_Operation method: getInformation
2024-08-30 16:35:57.004 [,] [redisMessageListenerContainer-8] INFO  User_Operation - [User_Operationlog,20] - After User_Operation method: getInformation
2024-08-30 16:35:58.346 [,] [SpringApplicationShutdownHook] INFO  c.z.h.HikariDataSource - [close,350] - HikariPool-1 - Shutdown initiated...
2024-08-30 16:35:58.351 [,] [SpringApplicationShutdownHook] INFO  c.z.h.HikariDataSource - [close,352] - HikariPool-1 - Shutdown completed.
2024-08-30 16:36:59.243 [,] [main] INFO  c.s.a.AIOCompanyApplication - [logStarting,55] - Starting AIOCompanyApplication using Java 1.8.0_411 on DESKTOP-0QJEBFD with PID 23292 (E:\AIO_2024.08.16\AIO - 副本 - 测试\AIO-company\target\classes started by neko in E:\AIO_2024.08.16\AIO - 副本 - 测试\AIO-company)
2024-08-30 16:36:59.261 [,] [main] INFO  c.s.a.AIOCompanyApplication - [logStartupProfileInfo,634] - No active profile set, falling back to 1 default profile: "default"
2024-08-30 16:37:00.641 [,] [main] INFO  o.a.c.h.Http11NioProtocol - [log,173] - Initializing ProtocolHandler ["http-nio-127.0.0.1-8089"]
2024-08-30 16:37:00.641 [,] [main] INFO  o.a.c.c.StandardService - [log,173] - Starting service [Tomcat]
2024-08-30 16:37:00.641 [,] [main] INFO  o.a.c.c.StandardEngine - [log,173] - Starting Servlet engine: [Apache Tomcat/9.0.68]
2024-08-30 16:37:00.750 [,] [main] INFO  o.a.c.c.C.[.[.[/] - [log,173] - Initializing Spring embedded WebApplicationContext
2024-08-30 16:37:00.914 [,] [main] INFO  o.h.j.i.u.LogHelper - [logPersistenceUnitInformation,31] - HHH000204: Processing PersistenceUnitInfo [name: default]
2024-08-30 16:37:00.943 [,] [main] INFO  o.hibernate.Version - [logVersion,44] - HHH000412: Hibernate ORM core version 5.6.12.Final
2024-08-30 16:37:01.029 [,] [main] INFO  o.h.a.common.Version - [<clinit>,56] - HCANN000001: Hibernate Commons Annotations {5.1.2.Final}
2024-08-30 16:37:01.088 [,] [main] INFO  c.z.h.HikariDataSource - [getConnection,110] - HikariPool-1 - Starting...
2024-08-30 16:37:01.178 [,] [main] INFO  c.z.h.HikariDataSource - [getConnection,123] - HikariPool-1 - Start completed.
2024-08-30 16:37:01.187 [,] [main] INFO  o.h.dialect.Dialect - [<init>,175] - HHH000400: Using dialect: org.hibernate.dialect.MySQL8Dialect
2024-08-30 16:37:01.528 [,] [main] INFO  o.h.e.t.j.p.i.JtaPlatformInitiator - [initiateService,52] - HHH000490: Using JtaPlatform implementation: [org.hibernate.engine.transaction.jta.platform.internal.NoJtaPlatform]
2024-08-30 16:37:03.334 [,] [main] INFO  User_Operation - [User_Operationlog,20] - After User_Operation method: initFFmpeg
2024-08-30 16:37:03.883 [,] [main] INFO  o.a.c.h.Http11NioProtocol - [log,173] - Starting ProtocolHandler ["http-nio-127.0.0.1-8089"]
2024-08-30 16:37:03.951 [,] [main] INFO  c.s.a.AIOCompanyApplication - [logStarted,61] - Started AIOCompanyApplication in 4.997 seconds (JVM running for 5.928)
2024-08-30 16:37:03.952 [,] [main] INFO  User_Operation - [User_Operationlog,20] - After User_Operation method: onApplicationEvent
2024-08-30 16:37:10.000 [,] [scheduling-1] INFO  User_Operation - [User_Operationlog,20] - After User_Operation method: monitorFfmpegProcess
2024-08-30 16:37:12.862 [,] [http-nio-127.0.0.1-8089-exec-1] INFO  o.a.c.c.C.[.[.[/] - [log,173] - Initializing Spring DispatcherServlet 'dispatcherServlet'
2024-08-30 16:37:12.878 [,] [http-nio-127.0.0.1-8089-exec-1] INFO  User_Operation - [User_Operationlog,20] - After User_Operation method: AIO
2024-08-30 16:37:12.887 [,] [http-nio-127.0.0.1-8089-exec-1] INFO  User_Operation - [User_Operationlog,20] - After User_Operation method: getFfmpegEnabled
2024-08-30 16:37:12.887 [,] [http-nio-127.0.0.1-8089-exec-1] INFO  User_Operation - [User_Operationlog,20] - After User_Operation method: indexWeb
2024-08-30 16:37:12.889 [,] [http-nio-127.0.0.1-8089-exec-1] INFO  User_Operation - [User_Operationlog,20] - After User_Operation method: getInformation
2024-08-30 16:37:20.108 [,] [redisMessageListenerContainer-2] INFO  User_Operation - [User_Operationlog,20] - After User_Operation method: getInformation
2024-08-30 16:37:20.108 [,] [redisMessageListenerContainer-1] INFO  User_Operation - [User_Operationlog,20] - After User_Operation method: getInformation
2024-08-30 16:37:50.441 [,] [redisMessageListenerContainer-3] INFO  User_Operation - [User_Operationlog,20] - After User_Operation method: getInformation
2024-08-30 16:37:50.441 [,] [redisMessageListenerContainer-4] INFO  User_Operation - [User_Operationlog,20] - After User_Operation method: getInformation
2024-08-30 16:37:54.270 [,] [redisMessageListenerContainer-6] INFO  User_Operation - [User_Operationlog,20] - After User_Operation method: getInformation
2024-08-30 16:37:54.270 [,] [redisMessageListenerContainer-5] INFO  User_Operation - [User_Operationlog,20] - After User_Operation method: getInformation
2024-08-30 16:37:58.201 [,] [redisMessageListenerContainer-7] INFO  User_Operation - [User_Operationlog,20] - After User_Operation method: getInformation
2024-08-30 16:37:58.201 [,] [redisMessageListenerContainer-8] INFO  User_Operation - [User_Operationlog,20] - After User_Operation method: getInformation
2024-08-30 16:38:02.139 [,] [redisMessageListenerContainer-9] INFO  User_Operation - [User_Operationlog,20] - After User_Operation method: getInformation
2024-08-30 16:38:02.140 [,] [redisMessageListenerContainer-10] INFO  User_Operation - [User_Operationlog,20] - After User_Operation method: getInformation
2024-08-30 16:38:05.319 [,] [redisMessageListenerContainer-12] INFO  User_Operation - [User_Operationlog,20] - After User_Operation method: getInformation
2024-08-30 16:38:05.319 [,] [redisMessageListenerContainer-11] INFO  User_Operation - [User_Operationlog,20] - After User_Operation method: getInformation
2024-08-30 16:38:09.579 [,] [redisMessageListenerContainer-14] INFO  User_Operation - [User_Operationlog,20] - After User_Operation method: getInformation
2024-08-30 16:38:09.579 [,] [redisMessageListenerContainer-13] INFO  User_Operation - [User_Operationlog,20] - After User_Operation method: getInformation
2024-08-30 16:38:12.540 [,] [redisMessageListenerContainer-15] INFO  User_Operation - [User_Operationlog,20] - After User_Operation method: getInformation
2024-08-30 16:38:12.540 [,] [redisMessageListenerContainer-16] INFO  User_Operation - [User_Operationlog,20] - After User_Operation method: getInformation
2024-08-30 16:39:04.618 [,] [redisMessageListenerContainer-17] INFO  User_Operation - [User_Operationlog,20] - After User_Operation method: getInformation
2024-08-30 16:39:04.618 [,] [redisMessageListenerContainer-18] INFO  User_Operation - [User_Operationlog,20] - After User_Operation method: getInformation
2024-08-30 16:39:07.797 [,] [redisMessageListenerContainer-19] INFO  User_Operation - [User_Operationlog,20] - After User_Operation method: getInformation
2024-08-30 16:39:07.797 [,] [redisMessageListenerContainer-20] INFO  User_Operation - [User_Operationlog,20] - After User_Operation method: getInformation
2024-08-30 16:39:11.951 [,] [redisMessageListenerContainer-22] INFO  User_Operation - [User_Operationlog,20] - After User_Operation method: getInformation
2024-08-30 16:39:11.951 [,] [redisMessageListenerContainer-21] INFO  User_Operation - [User_Operationlog,20] - After User_Operation method: getInformation
2024-08-30 16:39:15.032 [,] [redisMessageListenerContainer-23] INFO  User_Operation - [User_Operationlog,20] - After User_Operation method: getInformation
2024-08-30 16:39:15.032 [,] [redisMessageListenerContainer-24] INFO  User_Operation - [User_Operationlog,20] - After User_Operation method: getInformation
2024-08-30 16:39:18.118 [,] [redisMessageListenerContainer-25] INFO  User_Operation - [User_Operationlog,20] - After User_Operation method: getInformation
2024-08-30 16:39:18.118 [,] [redisMessageListenerContainer-26] INFO  User_Operation - [User_Operationlog,20] - After User_Operation method: getInformation
2024-08-30 16:39:46.449 [,] [redisMessageListenerContainer-27] INFO  User_Operation - [User_Operationlog,20] - After User_Operation method: getInformation
2024-08-30 16:39:46.450 [,] [redisMessageListenerContainer-28] INFO  User_Operation - [User_Operationlog,20] - After User_Operation method: getInformation
2024-08-30 16:40:09.790 [,] [redisMessageListenerContainer-30] INFO  User_Operation - [User_Operationlog,20] - After User_Operation method: getInformation
2024-08-30 16:40:09.790 [,] [redisMessageListenerContainer-29] INFO  User_Operation - [User_Operationlog,20] - After User_Operation method: getInformation
2024-08-30 16:40:12.736 [,] [redisMessageListenerContainer-31] INFO  User_Operation - [User_Operationlog,20] - After User_Operation method: getInformation
2024-08-30 16:40:12.736 [,] [redisMessageListenerContainer-32] INFO  User_Operation - [User_Operationlog,20] - After User_Operation method: getInformation
2024-08-30 16:40:20.623 [,] [redisMessageListenerContainer-34] INFO  User_Operation - [User_Operationlog,20] - After User_Operation method: getInformation
2024-08-30 16:40:20.623 [,] [redisMessageListenerContainer-33] INFO  User_Operation - [User_Operationlog,20] - After User_Operation method: getInformation
2024-08-30 16:40:22.337 [,] [SpringApplicationShutdownHook] INFO  c.z.h.HikariDataSource - [close,350] - HikariPool-1 - Shutdown initiated...
2024-08-30 16:40:22.341 [,] [SpringApplicationShutdownHook] INFO  c.z.h.HikariDataSource - [close,352] - HikariPool-1 - Shutdown completed.
2024-08-30 16:40:26.016 [,] [main] INFO  c.s.a.AIOCompanyApplication - [logStarting,55] - Starting AIOCompanyApplication using Java 1.8.0_411 on DESKTOP-0QJEBFD with PID 24476 (E:\AIO_2024.08.16\AIO - 副本 - 测试\AIO-company\target\classes started by neko in E:\AIO_2024.08.16\AIO - 副本 - 测试\AIO-company)
2024-08-30 16:40:26.019 [,] [main] INFO  c.s.a.AIOCompanyApplication - [logStartupProfileInfo,634] - No active profile set, falling back to 1 default profile: "default"
2024-08-30 16:40:27.406 [,] [main] INFO  o.a.c.h.Http11NioProtocol - [log,173] - Initializing ProtocolHandler ["http-nio-127.0.0.1-8089"]
2024-08-30 16:40:27.407 [,] [main] INFO  o.a.c.c.StandardService - [log,173] - Starting service [Tomcat]
2024-08-30 16:40:27.407 [,] [main] INFO  o.a.c.c.StandardEngine - [log,173] - Starting Servlet engine: [Apache Tomcat/9.0.68]
2024-08-30 16:40:27.520 [,] [main] INFO  o.a.c.c.C.[.[.[/] - [log,173] - Initializing Spring embedded WebApplicationContext
2024-08-30 16:40:27.677 [,] [main] INFO  o.h.j.i.u.LogHelper - [logPersistenceUnitInformation,31] - HHH000204: Processing PersistenceUnitInfo [name: default]
2024-08-30 16:40:27.706 [,] [main] INFO  o.hibernate.Version - [logVersion,44] - HHH000412: Hibernate ORM core version 5.6.12.Final
2024-08-30 16:40:27.790 [,] [main] INFO  o.h.a.common.Version - [<clinit>,56] - HCANN000001: Hibernate Commons Annotations {5.1.2.Final}
2024-08-30 16:40:27.848 [,] [main] INFO  c.z.h.HikariDataSource - [getConnection,110] - HikariPool-1 - Starting...
2024-08-30 16:40:27.938 [,] [main] INFO  c.z.h.HikariDataSource - [getConnection,123] - HikariPool-1 - Start completed.
2024-08-30 16:40:27.946 [,] [main] INFO  o.h.dialect.Dialect - [<init>,175] - HHH000400: Using dialect: org.hibernate.dialect.MySQL8Dialect
2024-08-30 16:40:28.310 [,] [main] INFO  o.h.e.t.j.p.i.JtaPlatformInitiator - [initiateService,52] - HHH000490: Using JtaPlatform implementation: [org.hibernate.engine.transaction.jta.platform.internal.NoJtaPlatform]
2024-08-30 16:40:30.061 [,] [main] INFO  User_Operation - [User_Operationlog,20] - After User_Operation method: initFFmpeg
2024-08-30 16:40:30.585 [,] [main] INFO  o.a.c.h.Http11NioProtocol - [log,173] - Starting ProtocolHandler ["http-nio-127.0.0.1-8089"]
2024-08-30 16:40:30.643 [,] [main] INFO  c.s.a.AIOCompanyApplication - [logStarted,61] - Started AIOCompanyApplication in 4.935 seconds (JVM running for 5.987)
2024-08-30 16:40:30.643 [,] [main] INFO  User_Operation - [User_Operationlog,20] - After User_Operation method: onApplicationEvent
2024-08-30 16:40:32.786 [,] [http-nio-127.0.0.1-8089-exec-1] INFO  o.a.c.c.C.[.[.[/] - [log,173] - Initializing Spring DispatcherServlet 'dispatcherServlet'
2024-08-30 16:40:32.802 [,] [http-nio-127.0.0.1-8089-exec-1] INFO  User_Operation - [User_Operationlog,20] - After User_Operation method: AIO
2024-08-30 16:40:32.810 [,] [http-nio-127.0.0.1-8089-exec-1] INFO  User_Operation - [User_Operationlog,20] - After User_Operation method: getFfmpegEnabled
2024-08-30 16:40:32.811 [,] [http-nio-127.0.0.1-8089-exec-1] INFO  User_Operation - [User_Operationlog,20] - After User_Operation method: indexWeb
2024-08-30 16:40:32.812 [,] [http-nio-127.0.0.1-8089-exec-1] INFO  User_Operation - [User_Operationlog,20] - After User_Operation method: getInformation
2024-08-30 16:40:40.005 [,] [scheduling-1] INFO  User_Operation - [User_Operationlog,20] - After User_Operation method: monitorFfmpegProcess
2024-08-30 16:40:57.026 [,] [redisMessageListenerContainer-2] INFO  User_Operation - [User_Operationlog,20] - After User_Operation method: getInformation
2024-08-30 16:40:57.026 [,] [redisMessageListenerContainer-1] INFO  User_Operation - [User_Operationlog,20] - After User_Operation method: getInformation
2024-08-30 16:41:09.320 [,] [redisMessageListenerContainer-3] INFO  User_Operation - [User_Operationlog,20] - After User_Operation method: getInformation
2024-08-30 16:41:09.320 [,] [redisMessageListenerContainer-4] INFO  User_Operation - [User_Operationlog,20] - After User_Operation method: getInformation
2024-08-30 16:41:13.347 [,] [redisMessageListenerContainer-5] INFO  User_Operation - [User_Operationlog,20] - After User_Operation method: getInformation
2024-08-30 16:41:13.347 [,] [redisMessageListenerContainer-6] INFO  User_Operation - [User_Operationlog,20] - After User_Operation method: getInformation
2024-08-30 16:41:17.057 [,] [redisMessageListenerContainer-7] INFO  User_Operation - [User_Operationlog,20] - After User_Operation method: getInformation
2024-08-30 16:41:17.057 [,] [redisMessageListenerContainer-8] INFO  User_Operation - [User_Operationlog,20] - After User_Operation method: getInformation
2024-08-30 16:41:20.211 [,] [redisMessageListenerContainer-9] INFO  User_Operation - [User_Operationlog,20] - After User_Operation method: getInformation
2024-08-30 16:41:20.212 [,] [redisMessageListenerContainer-10] INFO  User_Operation - [User_Operationlog,20] - After User_Operation method: getInformation
2024-08-30 16:41:36.376 [,] [redisMessageListenerContainer-11] INFO  User_Operation - [User_Operationlog,20] - After User_Operation method: getInformation
2024-08-30 16:41:36.376 [,] [redisMessageListenerContainer-12] INFO  User_Operation - [User_Operationlog,20] - After User_Operation method: getInformation
2024-08-30 16:41:43.917 [,] [redisMessageListenerContainer-14] INFO  User_Operation - [User_Operationlog,20] - After User_Operation method: getInformation
2024-08-30 16:41:43.917 [,] [redisMessageListenerContainer-13] INFO  User_Operation - [User_Operationlog,20] - After User_Operation method: getInformation
2024-08-30 16:41:59.755 [,] [redisMessageListenerContainer-16] INFO  User_Operation - [User_Operationlog,20] - After User_Operation method: getInformation
2024-08-30 16:41:59.754 [,] [redisMessageListenerContainer-15] INFO  User_Operation - [User_Operationlog,20] - After User_Operation method: getInformation
2024-08-30 16:42:03.045 [,] [redisMessageListenerContainer-18] INFO  User_Operation - [User_Operationlog,20] - After User_Operation method: getInformation
2024-08-30 16:42:03.045 [,] [redisMessageListenerContainer-17] INFO  User_Operation - [User_Operationlog,20] - After User_Operation method: getInformation
2024-08-30 16:42:06.208 [,] [redisMessageListenerContainer-20] INFO  User_Operation - [User_Operationlog,20] - After User_Operation method: getInformation
2024-08-30 16:42:06.208 [,] [redisMessageListenerContainer-19] INFO  User_Operation - [User_Operationlog,20] - After User_Operation method: getInformation
2024-08-30 16:42:21.806 [,] [redisMessageListenerContainer-22] INFO  User_Operation - [User_Operationlog,20] - After User_Operation method: getInformation
2024-08-30 16:42:21.807 [,] [redisMessageListenerContainer-21] INFO  User_Operation - [User_Operationlog,20] - After User_Operation method: getInformation
2024-08-30 16:42:24.700 [,] [redisMessageListenerContainer-23] INFO  User_Operation - [User_Operationlog,20] - After User_Operation method: getInformation
2024-08-30 16:42:24.701 [,] [redisMessageListenerContainer-24] INFO  User_Operation - [User_Operationlog,20] - After User_Operation method: getInformation
2024-08-30 16:42:32.689 [,] [redisMessageListenerContainer-25] INFO  User_Operation - [User_Operationlog,20] - After User_Operation method: getInformation
2024-08-30 16:42:32.689 [,] [redisMessageListenerContainer-26] INFO  User_Operation - [User_Operationlog,20] - After User_Operation method: getInformation
2024-08-30 16:42:33.055 [,] [SpringApplicationShutdownHook] INFO  c.z.h.HikariDataSource - [close,350] - HikariPool-1 - Shutdown initiated...
2024-08-30 16:42:33.059 [,] [SpringApplicationShutdownHook] INFO  c.z.h.HikariDataSource - [close,352] - HikariPool-1 - Shutdown completed.
2024-08-30 16:42:36.436 [,] [main] INFO  c.s.a.AIOCompanyApplication - [logStarting,55] - Starting AIOCompanyApplication using Java 1.8.0_411 on DESKTOP-0QJEBFD with PID 11688 (E:\AIO_2024.08.16\AIO - 副本 - 测试\AIO-company\target\classes started by neko in E:\AIO_2024.08.16\AIO - 副本 - 测试\AIO-company)
2024-08-30 16:42:36.582 [,] [main] INFO  c.s.a.AIOCompanyApplication - [logStartupProfileInfo,634] - No active profile set, falling back to 1 default profile: "default"
2024-08-30 16:42:38.001 [,] [main] INFO  o.a.c.h.Http11NioProtocol - [log,173] - Initializing ProtocolHandler ["http-nio-127.0.0.1-8089"]
2024-08-30 16:42:38.001 [,] [main] INFO  o.a.c.c.StandardService - [log,173] - Starting service [Tomcat]
2024-08-30 16:42:38.002 [,] [main] INFO  o.a.c.c.StandardEngine - [log,173] - Starting Servlet engine: [Apache Tomcat/9.0.68]
2024-08-30 16:42:38.119 [,] [main] INFO  o.a.c.c.C.[.[.[/] - [log,173] - Initializing Spring embedded WebApplicationContext
2024-08-30 16:42:38.278 [,] [main] INFO  o.h.j.i.u.LogHelper - [logPersistenceUnitInformation,31] - HHH000204: Processing PersistenceUnitInfo [name: default]
2024-08-30 16:42:38.306 [,] [main] INFO  o.hibernate.Version - [logVersion,44] - HHH000412: Hibernate ORM core version 5.6.12.Final
2024-08-30 16:42:38.394 [,] [main] INFO  o.h.a.common.Version - [<clinit>,56] - HCANN000001: Hibernate Commons Annotations {5.1.2.Final}
2024-08-30 16:42:38.453 [,] [main] INFO  c.z.h.HikariDataSource - [getConnection,110] - HikariPool-1 - Starting...
2024-08-30 16:42:38.548 [,] [main] INFO  c.z.h.HikariDataSource - [getConnection,123] - HikariPool-1 - Start completed.
2024-08-30 16:42:38.556 [,] [main] INFO  o.h.dialect.Dialect - [<init>,175] - HHH000400: Using dialect: org.hibernate.dialect.MySQL8Dialect
2024-08-30 16:42:38.910 [,] [main] INFO  o.h.e.t.j.p.i.JtaPlatformInitiator - [initiateService,52] - HHH000490: Using JtaPlatform implementation: [org.hibernate.engine.transaction.jta.platform.internal.NoJtaPlatform]
2024-08-30 16:42:40.721 [,] [main] INFO  User_Operation - [User_Operationlog,20] - After User_Operation method: initFFmpeg
2024-08-30 16:42:41.264 [,] [main] INFO  o.a.c.h.Http11NioProtocol - [log,173] - Starting ProtocolHandler ["http-nio-127.0.0.1-8089"]
2024-08-30 16:42:41.322 [,] [main] INFO  c.s.a.AIOCompanyApplication - [logStarted,61] - Started AIOCompanyApplication in 5.193 seconds (JVM running for 6.226)
2024-08-30 16:42:41.323 [,] [main] INFO  User_Operation - [User_Operationlog,20] - After User_Operation method: onApplicationEvent
2024-08-30 16:42:50.006 [,] [scheduling-1] INFO  User_Operation - [User_Operationlog,20] - After User_Operation method: monitorFfmpegProcess
2024-08-30 16:42:53.301 [,] [redisMessageListenerContainer-1] INFO  User_Operation - [User_Operationlog,20] - After User_Operation method: getInformation
2024-08-30 16:42:53.301 [,] [redisMessageListenerContainer-2] INFO  User_Operation - [User_Operationlog,20] - After User_Operation method: getInformation
2024-08-30 16:43:01.081 [,] [redisMessageListenerContainer-3] INFO  User_Operation - [User_Operationlog,20] - After User_Operation method: getInformation
2024-08-30 16:43:01.081 [,] [redisMessageListenerContainer-4] INFO  User_Operation - [User_Operationlog,20] - After User_Operation method: getInformation
2024-08-30 16:43:08.452 [,] [http-nio-127.0.0.1-8089-exec-1] INFO  o.a.c.c.C.[.[.[/] - [log,173] - Initializing Spring DispatcherServlet 'dispatcherServlet'
2024-08-30 16:43:08.469 [,] [http-nio-127.0.0.1-8089-exec-1] INFO  User_Operation - [User_Operationlog,20] - After User_Operation method: AIO
2024-08-30 16:43:08.478 [,] [http-nio-127.0.0.1-8089-exec-1] INFO  User_Operation - [User_Operationlog,20] - After User_Operation method: getFfmpegEnabled
2024-08-30 16:43:08.479 [,] [http-nio-127.0.0.1-8089-exec-1] INFO  User_Operation - [User_Operationlog,20] - After User_Operation method: indexWeb
2024-08-30 16:43:08.480 [,] [http-nio-127.0.0.1-8089-exec-1] INFO  User_Operation - [User_Operationlog,20] - After User_Operation method: getInformation
2024-08-30 16:43:10.829 [,] [redisMessageListenerContainer-6] INFO  User_Operation - [User_Operationlog,20] - After User_Operation method: getInformation
2024-08-30 16:43:10.829 [,] [redisMessageListenerContainer-5] INFO  User_Operation - [User_Operationlog,20] - After User_Operation method: getInformation
2024-08-30 16:43:14.436 [,] [redisMessageListenerContainer-8] INFO  User_Operation - [User_Operationlog,20] - After User_Operation method: getInformation
2024-08-30 16:43:14.438 [,] [redisMessageListenerContainer-7] INFO  User_Operation - [User_Operationlog,20] - After User_Operation method: getInformation
2024-08-30 16:43:56.955 [,] [redisMessageListenerContainer-9] INFO  User_Operation - [User_Operationlog,20] - After User_Operation method: getInformation
2024-08-30 16:43:56.956 [,] [redisMessageListenerContainer-10] INFO  User_Operation - [User_Operationlog,20] - After User_Operation method: getInformation
2024-08-30 16:44:05.917 [,] [redisMessageListenerContainer-12] INFO  User_Operation - [User_Operationlog,20] - After User_Operation method: getInformation
2024-08-30 16:44:05.917 [,] [redisMessageListenerContainer-11] INFO  User_Operation - [User_Operationlog,20] - After User_Operation method: getInformation
2024-08-30 16:44:10.711 [,] [redisMessageListenerContainer-13] INFO  User_Operation - [User_Operationlog,20] - After User_Operation method: getInformation
2024-08-30 16:44:10.711 [,] [redisMessageListenerContainer-14] INFO  User_Operation - [User_Operationlog,20] - After User_Operation method: getInformation
2024-08-30 16:44:15.377 [,] [SpringApplicationShutdownHook] INFO  c.z.h.HikariDataSource - [close,350] - HikariPool-1 - Shutdown initiated...
2024-08-30 16:44:15.382 [,] [SpringApplicationShutdownHook] INFO  c.z.h.HikariDataSource - [close,352] - HikariPool-1 - Shutdown completed.
2024-08-30 16:45:16.891 [,] [main] INFO  c.s.a.AIOCompanyApplication - [logStarting,55] - Starting AIOCompanyApplication using Java 1.8.0_411 on DESKTOP-0QJEBFD with PID 2384 (E:\AIO_2024.08.16\AIO - 副本 - 测试\AIO-company\target\classes started by neko in E:\AIO_2024.08.16\AIO - 副本 - 测试\AIO-company)
2024-08-30 16:45:17.235 [,] [main] INFO  c.s.a.AIOCompanyApplication - [logStartupProfileInfo,634] - No active profile set, falling back to 1 default profile: "default"
2024-08-30 16:45:18.714 [,] [main] INFO  o.a.c.h.Http11NioProtocol - [log,173] - Initializing ProtocolHandler ["http-nio-127.0.0.1-8089"]
2024-08-30 16:45:18.715 [,] [main] INFO  o.a.c.c.StandardService - [log,173] - Starting service [Tomcat]
2024-08-30 16:45:18.715 [,] [main] INFO  o.a.c.c.StandardEngine - [log,173] - Starting Servlet engine: [Apache Tomcat/9.0.68]
2024-08-30 16:45:18.837 [,] [main] INFO  o.a.c.c.C.[.[.[/] - [log,173] - Initializing Spring embedded WebApplicationContext
2024-08-30 16:45:19.007 [,] [main] INFO  o.h.j.i.u.LogHelper - [logPersistenceUnitInformation,31] - HHH000204: Processing PersistenceUnitInfo [name: default]
2024-08-30 16:45:19.036 [,] [main] INFO  o.hibernate.Version - [logVersion,44] - HHH000412: Hibernate ORM core version 5.6.12.Final
2024-08-30 16:45:19.124 [,] [main] INFO  o.h.a.common.Version - [<clinit>,56] - HCANN000001: Hibernate Commons Annotations {5.1.2.Final}
2024-08-30 16:45:19.185 [,] [main] INFO  c.z.h.HikariDataSource - [getConnection,110] - HikariPool-1 - Starting...
2024-08-30 16:45:19.287 [,] [main] INFO  c.z.h.HikariDataSource - [getConnection,123] - HikariPool-1 - Start completed.
2024-08-30 16:45:19.297 [,] [main] INFO  o.h.dialect.Dialect - [<init>,175] - HHH000400: Using dialect: org.hibernate.dialect.MySQL8Dialect
2024-08-30 16:45:19.725 [,] [main] INFO  o.h.e.t.j.p.i.JtaPlatformInitiator - [initiateService,52] - HHH000490: Using JtaPlatform implementation: [org.hibernate.engine.transaction.jta.platform.internal.NoJtaPlatform]
2024-08-30 16:45:21.640 [,] [main] INFO  User_Operation - [User_Operationlog,20] - After User_Operation method: initFFmpeg
2024-08-30 16:45:22.203 [,] [main] INFO  o.a.c.h.Http11NioProtocol - [log,173] - Starting ProtocolHandler ["http-nio-127.0.0.1-8089"]
2024-08-30 16:45:22.264 [,] [main] INFO  c.s.a.AIOCompanyApplication - [logStarted,61] - Started AIOCompanyApplication in 5.696 seconds (JVM running for 6.833)
2024-08-30 16:45:22.265 [,] [main] INFO  User_Operation - [User_Operationlog,20] - After User_Operation method: onApplicationEvent
2024-08-30 16:45:27.163 [,] [http-nio-127.0.0.1-8089-exec-1] INFO  o.a.c.c.C.[.[.[/] - [log,173] - Initializing Spring DispatcherServlet 'dispatcherServlet'
2024-08-30 16:45:27.180 [,] [http-nio-127.0.0.1-8089-exec-1] INFO  User_Operation - [User_Operationlog,20] - After User_Operation method: AIO
2024-08-30 16:45:27.190 [,] [http-nio-127.0.0.1-8089-exec-1] INFO  User_Operation - [User_Operationlog,20] - After User_Operation method: getFfmpegEnabled
2024-08-30 16:45:27.191 [,] [http-nio-127.0.0.1-8089-exec-1] INFO  User_Operation - [User_Operationlog,20] - After User_Operation method: indexWeb
2024-08-30 16:45:27.193 [,] [http-nio-127.0.0.1-8089-exec-1] INFO  User_Operation - [User_Operationlog,20] - After User_Operation method: getInformation
2024-08-30 16:45:30.012 [,] [scheduling-1] INFO  User_Operation - [User_Operationlog,20] - After User_Operation method: monitorFfmpegProcess
2024-08-30 16:45:47.118 [,] [redisMessageListenerContainer-1] INFO  User_Operation - [User_Operationlog,20] - After User_Operation method: getInformation
2024-08-30 16:45:47.118 [,] [redisMessageListenerContainer-2] INFO  User_Operation - [User_Operationlog,20] - After User_Operation method: getInformation
2024-08-30 16:45:52.906 [,] [redisMessageListenerContainer-4] INFO  User_Operation - [User_Operationlog,20] - After User_Operation method: getInformation
2024-08-30 16:45:52.906 [,] [redisMessageListenerContainer-3] INFO  User_Operation - [User_Operationlog,20] - After User_Operation method: getInformation
2024-08-30 16:46:08.887 [,] [redisMessageListenerContainer-5] INFO  User_Operation - [User_Operationlog,20] - After User_Operation method: getInformation
2024-08-30 16:46:08.887 [,] [redisMessageListenerContainer-6] INFO  User_Operation - [User_Operationlog,20] - After User_Operation method: getInformation
2024-08-30 16:46:11.937 [,] [redisMessageListenerContainer-7] INFO  User_Operation - [User_Operationlog,20] - After User_Operation method: getInformation
2024-08-30 16:46:11.937 [,] [redisMessageListenerContainer-8] INFO  User_Operation - [User_Operationlog,20] - After User_Operation method: getInformation
2024-08-30 16:46:16.315 [,] [redisMessageListenerContainer-9] INFO  User_Operation - [User_Operationlog,20] - After User_Operation method: getInformation
2024-08-30 16:46:16.315 [,] [redisMessageListenerContainer-10] INFO  User_Operation - [User_Operationlog,20] - After User_Operation method: getInformation
2024-08-30 16:46:24.298 [,] [redisMessageListenerContainer-11] INFO  User_Operation - [User_Operationlog,20] - After User_Operation method: getInformation
2024-08-30 16:46:24.298 [,] [redisMessageListenerContainer-12] INFO  User_Operation - [User_Operationlog,20] - After User_Operation method: getInformation
2024-08-30 16:46:32.452 [,] [redisMessageListenerContainer-13] INFO  User_Operation - [User_Operationlog,20] - After User_Operation method: getInformation
2024-08-30 16:46:32.452 [,] [redisMessageListenerContainer-14] INFO  User_Operation - [User_Operationlog,20] - After User_Operation method: getInformation
2024-08-30 16:46:36.290 [,] [redisMessageListenerContainer-16] INFO  User_Operation - [User_Operationlog,20] - After User_Operation method: getInformation
2024-08-30 16:46:36.290 [,] [redisMessageListenerContainer-15] INFO  User_Operation - [User_Operationlog,20] - After User_Operation method: getInformation
2024-08-30 16:46:39.259 [,] [redisMessageListenerContainer-17] INFO  User_Operation - [User_Operationlog,20] - After User_Operation method: getInformation
2024-08-30 16:46:39.259 [,] [redisMessageListenerContainer-18] INFO  User_Operation - [User_Operationlog,20] - After User_Operation method: getInformation
2024-08-30 16:46:51.884 [,] [redisMessageListenerContainer-19] INFO  User_Operation - [User_Operationlog,20] - After User_Operation method: getInformation
2024-08-30 16:46:51.897 [,] [redisMessageListenerContainer-20] INFO  User_Operation - [User_Operationlog,20] - After User_Operation method: getInformation
2024-08-30 16:46:55.809 [,] [redisMessageListenerContainer-21] INFO  User_Operation - [User_Operationlog,20] - After User_Operation method: getInformation
2024-08-30 16:46:55.810 [,] [redisMessageListenerContainer-22] INFO  User_Operation - [User_Operationlog,20] - After User_Operation method: getInformation
2024-08-30 16:46:59.652 [,] [redisMessageListenerContainer-23] INFO  User_Operation - [User_Operationlog,20] - After User_Operation method: getInformation
2024-08-30 16:46:59.652 [,] [redisMessageListenerContainer-24] INFO  User_Operation - [User_Operationlog,20] - After User_Operation method: getInformation
2024-08-30 16:47:05.788 [,] [redisMessageListenerContainer-25] INFO  User_Operation - [User_Operationlog,20] - After User_Operation method: getInformation
2024-08-30 16:47:05.788 [,] [redisMessageListenerContainer-26] INFO  User_Operation - [User_Operationlog,20] - After User_Operation method: getInformation
2024-08-30 16:47:35.990 [,] [redisMessageListenerContainer-28] INFO  User_Operation - [User_Operationlog,20] - After User_Operation method: getInformation
2024-08-30 16:47:35.990 [,] [redisMessageListenerContainer-27] INFO  User_Operation - [User_Operationlog,20] - After User_Operation method: getInformation
2024-08-30 16:47:48.987 [,] [redisMessageListenerContainer-29] INFO  User_Operation - [User_Operationlog,20] - After User_Operation method: getInformation
2024-08-30 16:47:48.988 [,] [redisMessageListenerContainer-30] INFO  User_Operation - [User_Operationlog,20] - After User_Operation method: getInformation
2024-08-30 16:47:51.725 [,] [redisMessageListenerContainer-31] INFO  User_Operation - [User_Operationlog,20] - After User_Operation method: getInformation
2024-08-30 16:47:51.725 [,] [redisMessageListenerContainer-32] INFO  User_Operation - [User_Operationlog,20] - After User_Operation method: getInformation
2024-08-30 16:48:04.638 [,] [redisMessageListenerContainer-34] INFO  User_Operation - [User_Operationlog,20] - After User_Operation method: getInformation
2024-08-30 16:48:04.638 [,] [redisMessageListenerContainer-33] INFO  User_Operation - [User_Operationlog,20] - After User_Operation method: getInformation
2024-08-30 16:48:08.146 [,] [redisMessageListenerContainer-36] INFO  User_Operation - [User_Operationlog,20] - After User_Operation method: getInformation
2024-08-30 16:48:08.145 [,] [redisMessageListenerContainer-35] INFO  User_Operation - [User_Operationlog,20] - After User_Operation method: getInformation
2024-08-30 16:48:12.203 [,] [redisMessageListenerContainer-37] INFO  User_Operation - [User_Operationlog,20] - After User_Operation method: getInformation
2024-08-30 16:48:12.203 [,] [redisMessageListenerContainer-38] INFO  User_Operation - [User_Operationlog,20] - After User_Operation method: getInformation
2024-08-30 16:48:15.266 [,] [redisMessageListenerContainer-39] INFO  User_Operation - [User_Operationlog,20] - After User_Operation method: getInformation
2024-08-30 16:48:15.267 [,] [redisMessageListenerContainer-40] INFO  User_Operation - [User_Operationlog,20] - After User_Operation method: getInformation
2024-08-30 16:49:03.051 [,] [redisMessageListenerContainer-41] INFO  User_Operation - [User_Operationlog,20] - After User_Operation method: getInformation
2024-08-30 16:49:03.051 [,] [redisMessageListenerContainer-42] INFO  User_Operation - [User_Operationlog,20] - After User_Operation method: getInformation
2024-08-30 16:49:07.218 [,] [redisMessageListenerContainer-43] INFO  User_Operation - [User_Operationlog,20] - After User_Operation method: getInformation
2024-08-30 16:49:07.218 [,] [redisMessageListenerContainer-44] INFO  User_Operation - [User_Operationlog,20] - After User_Operation method: getInformation
2024-08-30 16:49:10.077 [,] [redisMessageListenerContainer-45] INFO  User_Operation - [User_Operationlog,20] - After User_Operation method: getInformation
2024-08-30 16:49:10.077 [,] [redisMessageListenerContainer-46] INFO  User_Operation - [User_Operationlog,20] - After User_Operation method: getInformation
2024-08-30 16:49:13.042 [,] [redisMessageListenerContainer-47] INFO  User_Operation - [User_Operationlog,20] - After User_Operation method: getInformation
2024-08-30 16:49:13.042 [,] [redisMessageListenerContainer-48] INFO  User_Operation - [User_Operationlog,20] - After User_Operation method: getInformation
2024-08-30 16:49:25.659 [,] [redisMessageListenerContainer-50] INFO  User_Operation - [User_Operationlog,20] - After User_Operation method: getInformation
2024-08-30 16:49:25.658 [,] [redisMessageListenerContainer-49] INFO  User_Operation - [User_Operationlog,20] - After User_Operation method: getInformation
2024-08-30 16:49:28.402 [,] [redisMessageListenerContainer-51] INFO  User_Operation - [User_Operationlog,20] - After User_Operation method: getInformation
2024-08-30 16:49:28.402 [,] [redisMessageListenerContainer-52] INFO  User_Operation - [User_Operationlog,20] - After User_Operation method: getInformation
2024-08-30 16:49:44.617 [,] [redisMessageListenerContainer-53] INFO  User_Operation - [User_Operationlog,20] - After User_Operation method: getInformation
2024-08-30 16:49:44.617 [,] [redisMessageListenerContainer-54] INFO  User_Operation - [User_Operationlog,20] - After User_Operation method: getInformation
2024-08-30 16:49:47.812 [,] [redisMessageListenerContainer-55] INFO  User_Operation - [User_Operationlog,20] - After User_Operation method: getInformation
2024-08-30 16:49:47.812 [,] [redisMessageListenerContainer-56] INFO  User_Operation - [User_Operationlog,20] - After User_Operation method: getInformation
2024-08-30 16:49:56.043 [,] [redisMessageListenerContainer-58] INFO  User_Operation - [User_Operationlog,20] - After User_Operation method: getInformation
2024-08-30 16:49:56.043 [,] [redisMessageListenerContainer-57] INFO  User_Operation - [User_Operationlog,20] - After User_Operation method: getInformation
2024-08-30 16:50:07.663 [,] [http-nio-127.0.0.1-8089-exec-9] INFO  User_Operation - [User_Operationlog,20] - After User_Operation method: AIO
2024-08-30 16:50:07.666 [,] [http-nio-127.0.0.1-8089-exec-9] INFO  User_Operation - [User_Operationlog,20] - After User_Operation method: getFfmpegEnabled
2024-08-30 16:50:07.666 [,] [http-nio-127.0.0.1-8089-exec-9] INFO  User_Operation - [User_Operationlog,20] - After User_Operation method: indexWeb
2024-08-30 16:50:07.666 [,] [http-nio-127.0.0.1-8089-exec-9] INFO  User_Operation - [User_Operationlog,20] - After User_Operation method: getInformation
2024-08-30 16:50:08.714 [,] [redisMessageListenerContainer-60] INFO  User_Operation - [User_Operationlog,20] - After User_Operation method: getInformation
2024-08-30 16:50:08.714 [,] [redisMessageListenerContainer-59] INFO  User_Operation - [User_Operationlog,20] - After User_Operation method: getInformation
2024-08-30 16:50:32.457 [,] [redisMessageListenerContainer-62] INFO  User_Operation - [User_Operationlog,20] - After User_Operation method: getInformation
2024-08-30 16:50:32.457 [,] [redisMessageListenerContainer-61] INFO  User_Operation - [User_Operationlog,20] - After User_Operation method: getInformation
2024-08-30 16:50:35.735 [,] [redisMessageListenerContainer-63] INFO  User_Operation - [User_Operationlog,20] - After User_Operation method: getInformation
2024-08-30 16:50:35.735 [,] [redisMessageListenerContainer-64] INFO  User_Operation - [User_Operationlog,20] - After User_Operation method: getInformation
2024-08-30 16:50:40.353 [,] [redisMessageListenerContainer-65] INFO  User_Operation - [User_Operationlog,20] - After User_Operation method: getInformation
2024-08-30 16:50:40.353 [,] [redisMessageListenerContainer-66] INFO  User_Operation - [User_Operationlog,20] - After User_Operation method: getInformation
2024-08-30 16:50:49.303 [,] [redisMessageListenerContainer-67] INFO  User_Operation - [User_Operationlog,20] - After User_Operation method: getInformation
2024-08-30 16:50:49.303 [,] [redisMessageListenerContainer-68] INFO  User_Operation - [User_Operationlog,20] - After User_Operation method: getInformation
2024-08-30 16:50:53.235 [,] [redisMessageListenerContainer-70] INFO  User_Operation - [User_Operationlog,20] - After User_Operation method: getInformation
2024-08-30 16:50:53.235 [,] [redisMessageListenerContainer-69] INFO  User_Operation - [User_Operationlog,20] - After User_Operation method: getInformation
2024-08-30 16:51:09.355 [,] [redisMessageListenerContainer-71] INFO  User_Operation - [User_Operationlog,20] - After User_Operation method: getInformation
2024-08-30 16:51:09.356 [,] [redisMessageListenerContainer-72] INFO  User_Operation - [User_Operationlog,20] - After User_Operation method: getInformation
2024-08-30 16:51:17.464 [,] [redisMessageListenerContainer-73] INFO  User_Operation - [User_Operationlog,20] - After User_Operation method: getInformation
2024-08-30 16:51:17.464 [,] [redisMessageListenerContainer-74] INFO  User_Operation - [User_Operationlog,20] - After User_Operation method: getInformation
2024-08-30 16:51:20.306 [,] [redisMessageListenerContainer-75] INFO  User_Operation - [User_Operationlog,20] - After User_Operation method: getInformation
2024-08-30 16:51:20.306 [,] [redisMessageListenerContainer-76] INFO  User_Operation - [User_Operationlog,20] - After User_Operation method: getInformation
2024-08-30 16:51:23.358 [,] [redisMessageListenerContainer-77] INFO  User_Operation - [User_Operationlog,20] - After User_Operation method: getInformation
2024-08-30 16:51:23.359 [,] [redisMessageListenerContainer-78] INFO  User_Operation - [User_Operationlog,20] - After User_Operation method: getInformation
2024-08-30 16:51:35.574 [,] [redisMessageListenerContainer-79] INFO  User_Operation - [User_Operationlog,20] - After User_Operation method: getInformation
2024-08-30 16:51:35.574 [,] [redisMessageListenerContainer-80] INFO  User_Operation - [User_Operationlog,20] - After User_Operation method: getInformation
2024-08-30 16:51:59.364 [,] [redisMessageListenerContainer-82] INFO  User_Operation - [User_Operationlog,20] - After User_Operation method: getInformation
2024-08-30 16:51:59.363 [,] [redisMessageListenerContainer-81] INFO  User_Operation - [User_Operationlog,20] - After User_Operation method: getInformation
2024-08-30 16:52:07.315 [,] [redisMessageListenerContainer-84] INFO  User_Operation - [User_Operationlog,20] - After User_Operation method: getInformation
2024-08-30 16:52:07.315 [,] [redisMessageListenerContainer-83] INFO  User_Operation - [User_Operationlog,20] - After User_Operation method: getInformation
2024-08-30 16:52:19.304 [,] [redisMessageListenerContainer-86] INFO  User_Operation - [User_Operationlog,20] - After User_Operation method: getInformation
2024-08-30 16:52:19.304 [,] [redisMessageListenerContainer-85] INFO  User_Operation - [User_Operationlog,20] - After User_Operation method: getInformation
2024-08-30 16:52:23.226 [,] [redisMessageListenerContainer-88] INFO  User_Operation - [User_Operationlog,20] - After User_Operation method: getInformation
2024-08-30 16:52:23.226 [,] [redisMessageListenerContainer-87] INFO  User_Operation - [User_Operationlog,20] - After User_Operation method: getInformation
2024-08-30 16:52:50.861 [,] [redisMessageListenerContainer-89] INFO  User_Operation - [User_Operationlog,20] - After User_Operation method: getInformation
2024-08-30 16:52:50.862 [,] [redisMessageListenerContainer-90] INFO  User_Operation - [User_Operationlog,20] - After User_Operation method: getInformation
2024-08-30 16:52:52.398 [,] [redisMessageListenerContainer-91] INFO  User_Operation - [User_Operationlog,20] - After User_Operation method: getInformation
2024-08-30 16:52:52.398 [,] [redisMessageListenerContainer-92] INFO  User_Operation - [User_Operationlog,20] - After User_Operation method: getInformation
2024-08-30 16:52:53.821 [,] [redisMessageListenerContainer-94] INFO  User_Operation - [User_Operationlog,20] - After User_Operation method: getInformation
2024-08-30 16:52:53.821 [,] [redisMessageListenerContainer-93] INFO  User_Operation - [User_Operationlog,20] - After User_Operation method: getInformation
2024-08-30 16:53:02.255 [,] [redisMessageListenerContainer-95] INFO  User_Operation - [User_Operationlog,20] - After User_Operation method: getInformation
2024-08-30 16:53:02.256 [,] [redisMessageListenerContainer-96] INFO  User_Operation - [User_Operationlog,20] - After User_Operation method: getInformation
2024-08-30 16:53:10.224 [,] [redisMessageListenerContainer-98] INFO  User_Operation - [User_Operationlog,20] - After User_Operation method: getInformation
2024-08-30 16:53:10.224 [,] [redisMessageListenerContainer-97] INFO  User_Operation - [User_Operationlog,20] - After User_Operation method: getInformation
2024-08-30 16:53:13.491 [,] [redisMessageListenerContainer-99] INFO  User_Operation - [User_Operationlog,20] - After User_Operation method: getInformation
2024-08-30 16:53:13.491 [,] [redisMessageListenerContainer-100] INFO  User_Operation - [User_Operationlog,20] - After User_Operation method: getInformation
2024-08-30 16:53:19.324 [,] [SpringApplicationShutdownHook] INFO  c.z.h.HikariDataSource - [close,350] - HikariPool-1 - Shutdown initiated...
2024-08-30 16:53:19.328 [,] [SpringApplicationShutdownHook] INFO  c.z.h.HikariDataSource - [close,352] - HikariPool-1 - Shutdown completed.
2024-08-30 16:53:23.377 [,] [main] INFO  c.s.a.AIOCompanyApplication - [logStarting,55] - Starting AIOCompanyApplication using Java 1.8.0_411 on DESKTOP-0QJEBFD with PID 4236 (E:\AIO_2024.08.16\AIO - 副本 - 测试\AIO-company\target\classes started by neko in E:\AIO_2024.08.16\AIO - 副本 - 测试\AIO-company)
2024-08-30 16:53:23.380 [,] [main] INFO  c.s.a.AIOCompanyApplication - [logStartupProfileInfo,634] - No active profile set, falling back to 1 default profile: "default"
2024-08-30 16:53:24.823 [,] [main] INFO  o.a.c.h.Http11NioProtocol - [log,173] - Initializing ProtocolHandler ["http-nio-127.0.0.1-8089"]
2024-08-30 16:53:24.824 [,] [main] INFO  o.a.c.c.StandardService - [log,173] - Starting service [Tomcat]
2024-08-30 16:53:24.824 [,] [main] INFO  o.a.c.c.StandardEngine - [log,173] - Starting Servlet engine: [Apache Tomcat/9.0.68]
2024-08-30 16:53:24.940 [,] [main] INFO  o.a.c.c.C.[.[.[/] - [log,173] - Initializing Spring embedded WebApplicationContext
2024-08-30 16:53:25.103 [,] [main] INFO  o.h.j.i.u.LogHelper - [logPersistenceUnitInformation,31] - HHH000204: Processing PersistenceUnitInfo [name: default]
2024-08-30 16:53:25.137 [,] [main] INFO  o.hibernate.Version - [logVersion,44] - HHH000412: Hibernate ORM core version 5.6.12.Final
2024-08-30 16:53:25.226 [,] [main] INFO  o.h.a.common.Version - [<clinit>,56] - HCANN000001: Hibernate Commons Annotations {5.1.2.Final}
2024-08-30 16:53:25.289 [,] [main] INFO  c.z.h.HikariDataSource - [getConnection,110] - HikariPool-1 - Starting...
2024-08-30 16:53:25.390 [,] [main] INFO  c.z.h.HikariDataSource - [getConnection,123] - HikariPool-1 - Start completed.
2024-08-30 16:53:25.399 [,] [main] INFO  o.h.dialect.Dialect - [<init>,175] - HHH000400: Using dialect: org.hibernate.dialect.MySQL8Dialect
2024-08-30 16:53:25.967 [,] [main] INFO  o.h.e.t.j.p.i.JtaPlatformInitiator - [initiateService,52] - HHH000490: Using JtaPlatform implementation: [org.hibernate.engine.transaction.jta.platform.internal.NoJtaPlatform]
2024-08-30 16:53:27.849 [,] [main] INFO  User_Operation - [User_Operationlog,20] - After User_Operation method: initFFmpeg
2024-08-30 16:53:28.409 [,] [main] INFO  o.a.c.h.Http11NioProtocol - [log,173] - Starting ProtocolHandler ["http-nio-127.0.0.1-8089"]
2024-08-30 16:53:28.472 [,] [main] INFO  c.s.a.AIOCompanyApplication - [logStarted,61] - Started AIOCompanyApplication in 5.452 seconds (JVM running for 6.771)
2024-08-30 16:53:28.472 [,] [main] INFO  User_Operation - [User_Operationlog,20] - After User_Operation method: onApplicationEvent
2024-08-30 16:53:30.009 [,] [scheduling-1] INFO  User_Operation - [User_Operationlog,20] - After User_Operation method: monitorFfmpegProcess
2024-08-30 16:53:40.436 [,] [redisMessageListenerContainer-2] INFO  User_Operation - [User_Operationlog,20] - After User_Operation method: getInformation
2024-08-30 16:53:40.436 [,] [redisMessageListenerContainer-1] INFO  User_Operation - [User_Operationlog,20] - After User_Operation method: getInformation
2024-08-30 16:53:52.341 [,] [SpringApplicationShutdownHook] INFO  c.z.h.HikariDataSource - [close,350] - HikariPool-1 - Shutdown initiated...
2024-08-30 16:53:52.346 [,] [SpringApplicationShutdownHook] INFO  c.z.h.HikariDataSource - [close,352] - HikariPool-1 - Shutdown completed.
2024-08-30 16:53:56.537 [,] [main] INFO  c.s.a.AIOCompanyApplication - [logStarting,55] - Starting AIOCompanyApplication using Java 1.8.0_411 on DESKTOP-0QJEBFD with PID 18600 (E:\AIO_2024.08.16\AIO - 副本 - 测试\AIO-company\target\classes started by neko in E:\AIO_2024.08.16\AIO - 副本 - 测试\AIO-company)
2024-08-30 16:53:56.540 [,] [main] INFO  c.s.a.AIOCompanyApplication - [logStartupProfileInfo,634] - No active profile set, falling back to 1 default profile: "default"
2024-08-30 16:53:57.971 [,] [main] INFO  o.a.c.h.Http11NioProtocol - [log,173] - Initializing ProtocolHandler ["http-nio-127.0.0.1-8089"]
2024-08-30 16:53:57.972 [,] [main] INFO  o.a.c.c.StandardService - [log,173] - Starting service [Tomcat]
2024-08-30 16:53:57.972 [,] [main] INFO  o.a.c.c.StandardEngine - [log,173] - Starting Servlet engine: [Apache Tomcat/9.0.68]
2024-08-30 16:53:58.080 [,] [main] INFO  o.a.c.c.C.[.[.[/] - [log,173] - Initializing Spring embedded WebApplicationContext
2024-08-30 16:53:58.238 [,] [main] INFO  o.h.j.i.u.LogHelper - [logPersistenceUnitInformation,31] - HHH000204: Processing PersistenceUnitInfo [name: default]
2024-08-30 16:53:58.266 [,] [main] INFO  o.hibernate.Version - [logVersion,44] - HHH000412: Hibernate ORM core version 5.6.12.Final
2024-08-30 16:53:58.352 [,] [main] INFO  o.h.a.common.Version - [<clinit>,56] - HCANN000001: Hibernate Commons Annotations {5.1.2.Final}
2024-08-30 16:53:58.413 [,] [main] INFO  c.z.h.HikariDataSource - [getConnection,110] - HikariPool-1 - Starting...
2024-08-30 16:53:58.508 [,] [main] INFO  c.z.h.HikariDataSource - [getConnection,123] - HikariPool-1 - Start completed.
2024-08-30 16:53:58.517 [,] [main] INFO  o.h.dialect.Dialect - [<init>,175] - HHH000400: Using dialect: org.hibernate.dialect.MySQL8Dialect
2024-08-30 16:53:58.877 [,] [main] INFO  o.h.e.t.j.p.i.JtaPlatformInitiator - [initiateService,52] - HHH000490: Using JtaPlatform implementation: [org.hibernate.engine.transaction.jta.platform.internal.NoJtaPlatform]
2024-08-30 16:54:00.664 [,] [main] INFO  User_Operation - [User_Operationlog,20] - After User_Operation method: initFFmpeg
2024-08-30 16:54:01.201 [,] [main] INFO  o.a.c.h.Http11NioProtocol - [log,173] - Starting ProtocolHandler ["http-nio-127.0.0.1-8089"]
2024-08-30 16:54:01.262 [,] [main] INFO  c.s.a.AIOCompanyApplication - [logStarted,61] - Started AIOCompanyApplication in 5.041 seconds (JVM running for 6.437)
2024-08-30 16:54:01.262 [,] [main] INFO  User_Operation - [User_Operationlog,20] - After User_Operation method: onApplicationEvent
2024-08-30 16:54:04.297 [,] [http-nio-127.0.0.1-8089-exec-1] INFO  o.a.c.c.C.[.[.[/] - [log,173] - Initializing Spring DispatcherServlet 'dispatcherServlet'
2024-08-30 16:54:04.315 [,] [http-nio-127.0.0.1-8089-exec-1] INFO  User_Operation - [User_Operationlog,20] - After User_Operation method: AIO
2024-08-30 16:54:04.325 [,] [http-nio-127.0.0.1-8089-exec-1] INFO  User_Operation - [User_Operationlog,20] - After User_Operation method: getFfmpegEnabled
2024-08-30 16:54:04.325 [,] [http-nio-127.0.0.1-8089-exec-1] INFO  User_Operation - [User_Operationlog,20] - After User_Operation method: indexWeb
2024-08-30 16:54:04.327 [,] [http-nio-127.0.0.1-8089-exec-1] INFO  User_Operation - [User_Operationlog,20] - After User_Operation method: getInformation
2024-08-30 16:54:10.009 [,] [scheduling-1] INFO  User_Operation - [User_Operationlog,20] - After User_Operation method: monitorFfmpegProcess
2024-08-30 16:54:14.524 [,] [redisMessageListenerContainer-2] INFO  User_Operation - [User_Operationlog,20] - After User_Operation method: getInformation
2024-08-30 16:54:14.525 [,] [redisMessageListenerContainer-1] INFO  User_Operation - [User_Operationlog,20] - After User_Operation method: getInformation
2024-08-30 16:54:19.581 [,] [redisMessageListenerContainer-3] INFO  User_Operation - [User_Operationlog,20] - After User_Operation method: getInformation
2024-08-30 16:54:19.581 [,] [redisMessageListenerContainer-4] INFO  User_Operation - [User_Operationlog,20] - After User_Operation method: getInformation
2024-08-30 16:54:23.940 [,] [redisMessageListenerContainer-6] INFO  User_Operation - [User_Operationlog,20] - After User_Operation method: getInformation
2024-08-30 16:54:23.940 [,] [redisMessageListenerContainer-5] INFO  User_Operation - [User_Operationlog,20] - After User_Operation method: getInformation
2024-08-30 16:54:26.457 [,] [redisMessageListenerContainer-7] INFO  User_Operation - [User_Operationlog,20] - After User_Operation method: getInformation
2024-08-30 16:54:26.458 [,] [redisMessageListenerContainer-8] INFO  User_Operation - [User_Operationlog,20] - After User_Operation method: getInformation
2024-08-30 16:54:48.425 [,] [redisMessageListenerContainer-9] INFO  User_Operation - [User_Operationlog,20] - After User_Operation method: getInformation
2024-08-30 16:54:48.425 [,] [redisMessageListenerContainer-10] INFO  User_Operation - [User_Operationlog,20] - After User_Operation method: getInformation
2024-08-30 16:54:51.505 [,] [redisMessageListenerContainer-11] INFO  User_Operation - [User_Operationlog,20] - After User_Operation method: getInformation
2024-08-30 16:54:51.505 [,] [redisMessageListenerContainer-12] INFO  User_Operation - [User_Operationlog,20] - After User_Operation method: getInformation
2024-08-30 16:54:53.803 [,] [SpringApplicationShutdownHook] INFO  c.z.h.HikariDataSource - [close,350] - HikariPool-1 - Shutdown initiated...
2024-08-30 16:54:53.807 [,] [SpringApplicationShutdownHook] INFO  c.z.h.HikariDataSource - [close,352] - HikariPool-1 - Shutdown completed.
2024-08-30 16:55:38.487 [,] [main] INFO  c.s.a.AIOCompanyApplication - [logStarting,55] - Starting AIOCompanyApplication using Java 1.8.0_411 on DESKTOP-0QJEBFD with PID 23692 (E:\AIO_2024.08.16\AIO - 副本 - 测试\AIO-company\target\classes started by neko in E:\AIO_2024.08.16\AIO - 副本 - 测试\AIO-company)
2024-08-30 16:55:39.077 [,] [main] INFO  c.s.a.AIOCompanyApplication - [logStartupProfileInfo,634] - No active profile set, falling back to 1 default profile: "default"
2024-08-30 16:55:40.881 [,] [main] INFO  o.a.c.h.Http11NioProtocol - [log,173] - Initializing ProtocolHandler ["http-nio-127.0.0.1-8089"]
2024-08-30 16:55:40.882 [,] [main] INFO  o.a.c.c.StandardService - [log,173] - Starting service [Tomcat]
2024-08-30 16:55:40.882 [,] [main] INFO  o.a.c.c.StandardEngine - [log,173] - Starting Servlet engine: [Apache Tomcat/9.0.68]
2024-08-30 16:55:40.998 [,] [main] INFO  o.a.c.c.C.[.[.[/] - [log,173] - Initializing Spring embedded WebApplicationContext
2024-08-30 16:55:41.164 [,] [main] INFO  o.h.j.i.u.LogHelper - [logPersistenceUnitInformation,31] - HHH000204: Processing PersistenceUnitInfo [name: default]
2024-08-30 16:55:41.194 [,] [main] INFO  o.hibernate.Version - [logVersion,44] - HHH000412: Hibernate ORM core version 5.6.12.Final
2024-08-30 16:55:41.285 [,] [main] INFO  o.h.a.common.Version - [<clinit>,56] - HCANN000001: Hibernate Commons Annotations {5.1.2.Final}
2024-08-30 16:55:41.375 [,] [main] INFO  c.z.h.HikariDataSource - [getConnection,110] - HikariPool-1 - Starting...
2024-08-30 16:55:41.480 [,] [main] INFO  c.z.h.HikariDataSource - [getConnection,123] - HikariPool-1 - Start completed.
2024-08-30 16:55:41.490 [,] [main] INFO  o.h.dialect.Dialect - [<init>,175] - HHH000400: Using dialect: org.hibernate.dialect.MySQL8Dialect
2024-08-30 16:55:42.023 [,] [main] INFO  o.h.e.t.j.p.i.JtaPlatformInitiator - [initiateService,52] - HHH000490: Using JtaPlatform implementation: [org.hibernate.engine.transaction.jta.platform.internal.NoJtaPlatform]
2024-08-30 16:55:43.809 [,] [main] INFO  User_Operation - [User_Operationlog,20] - After User_Operation method: initFFmpeg
2024-08-30 16:55:44.356 [,] [main] INFO  o.a.c.h.Http11NioProtocol - [log,173] - Starting ProtocolHandler ["http-nio-127.0.0.1-8089"]
2024-08-30 16:55:44.412 [,] [main] INFO  c.s.a.AIOCompanyApplication - [logStarted,61] - Started AIOCompanyApplication in 6.26 seconds (JVM running for 7.441)
2024-08-30 16:55:44.413 [,] [main] INFO  User_Operation - [User_Operationlog,20] - After User_Operation method: onApplicationEvent
2024-08-30 16:55:50.001 [,] [scheduling-1] INFO  User_Operation - [User_Operationlog,20] - After User_Operation method: monitorFfmpegProcess
2024-08-30 16:55:53.566 [,] [http-nio-127.0.0.1-8089-exec-1] INFO  o.a.c.c.C.[.[.[/] - [log,173] - Initializing Spring DispatcherServlet 'dispatcherServlet'
2024-08-30 16:55:53.591 [,] [http-nio-127.0.0.1-8089-exec-1] INFO  User_Operation - [User_Operationlog,20] - After User_Operation method: AIO
2024-08-30 16:55:53.603 [,] [http-nio-127.0.0.1-8089-exec-1] INFO  User_Operation - [User_Operationlog,20] - After User_Operation method: getFfmpegEnabled
2024-08-30 16:55:53.604 [,] [http-nio-127.0.0.1-8089-exec-1] INFO  User_Operation - [User_Operationlog,20] - After User_Operation method: indexWeb
2024-08-30 16:55:53.606 [,] [http-nio-127.0.0.1-8089-exec-1] INFO  User_Operation - [User_Operationlog,20] - After User_Operation method: getInformation
2024-08-30 16:56:13.234 [,] [redisMessageListenerContainer-2] INFO  User_Operation - [User_Operationlog,20] - After User_Operation method: getInformation
2024-08-30 16:56:13.234 [,] [redisMessageListenerContainer-1] INFO  User_Operation - [User_Operationlog,20] - After User_Operation method: getInformation
2024-08-30 16:56:17.262 [,] [redisMessageListenerContainer-3] INFO  User_Operation - [User_Operationlog,20] - After User_Operation method: getInformation
2024-08-30 16:56:17.262 [,] [redisMessageListenerContainer-4] INFO  User_Operation - [User_Operationlog,20] - After User_Operation method: getInformation
2024-08-30 16:56:20.448 [,] [redisMessageListenerContainer-5] INFO  User_Operation - [User_Operationlog,20] - After User_Operation method: getInformation
2024-08-30 16:56:20.448 [,] [redisMessageListenerContainer-6] INFO  User_Operation - [User_Operationlog,20] - After User_Operation method: getInformation
2024-08-30 16:56:23.297 [,] [redisMessageListenerContainer-7] INFO  User_Operation - [User_Operationlog,20] - After User_Operation method: getInformation
2024-08-30 16:56:23.297 [,] [redisMessageListenerContainer-8] INFO  User_Operation - [User_Operationlog,20] - After User_Operation method: getInformation
2024-08-30 16:56:37.486 [,] [redisMessageListenerContainer-9] INFO  User_Operation - [User_Operationlog,20] - After User_Operation method: getInformation
2024-08-30 16:56:37.486 [,] [redisMessageListenerContainer-10] INFO  User_Operation - [User_Operationlog,20] - After User_Operation method: getInformation
2024-08-30 16:56:40.344 [,] [redisMessageListenerContainer-11] INFO  User_Operation - [User_Operationlog,20] - After User_Operation method: getInformation
2024-08-30 16:56:40.344 [,] [redisMessageListenerContainer-12] INFO  User_Operation - [User_Operationlog,20] - After User_Operation method: getInformation
2024-08-30 16:56:43.427 [,] [redisMessageListenerContainer-13] INFO  User_Operation - [User_Operationlog,20] - After User_Operation method: getInformation
2024-08-30 16:56:43.428 [,] [redisMessageListenerContainer-14] INFO  User_Operation - [User_Operationlog,20] - After User_Operation method: getInformation
2024-08-30 16:57:00.816 [,] [redisMessageListenerContainer-15] INFO  User_Operation - [User_Operationlog,20] - After User_Operation method: getInformation
2024-08-30 16:57:00.816 [,] [redisMessageListenerContainer-16] INFO  User_Operation - [User_Operationlog,20] - After User_Operation method: getInformation
2024-08-30 16:57:03.865 [,] [redisMessageListenerContainer-17] INFO  User_Operation - [User_Operationlog,20] - After User_Operation method: getInformation
2024-08-30 16:57:03.865 [,] [redisMessageListenerContainer-18] INFO  User_Operation - [User_Operationlog,20] - After User_Operation method: getInformation
2024-08-30 16:57:14.702 [,] [redisMessageListenerContainer-19] INFO  User_Operation - [User_Operationlog,20] - After User_Operation method: getInformation
2024-08-30 16:57:14.702 [,] [redisMessageListenerContainer-20] INFO  User_Operation - [User_Operationlog,20] - After User_Operation method: getInformation
2024-08-30 16:57:20.177 [,] [redisMessageListenerContainer-21] INFO  User_Operation - [User_Operationlog,20] - After User_Operation method: getInformation
2024-08-30 16:57:20.177 [,] [redisMessageListenerContainer-22] INFO  User_Operation - [User_Operationlog,20] - After User_Operation method: getInformation
2024-08-30 16:57:44.908 [,] [redisMessageListenerContainer-24] INFO  User_Operation - [User_Operationlog,20] - After User_Operation method: getInformation
2024-08-30 16:57:44.908 [,] [redisMessageListenerContainer-23] INFO  User_Operation - [User_Operationlog,20] - After User_Operation method: getInformation
2024-08-30 16:57:51.904 [,] [redisMessageListenerContainer-26] INFO  User_Operation - [User_Operationlog,20] - After User_Operation method: getInformation
2024-08-30 16:57:51.904 [,] [redisMessageListenerContainer-25] INFO  User_Operation - [User_Operationlog,20] - After User_Operation method: getInformation
2024-08-30 16:57:53.112 [,] [redisMessageListenerContainer-27] INFO  User_Operation - [User_Operationlog,20] - After User_Operation method: getInformation
2024-08-30 16:57:53.112 [,] [redisMessageListenerContainer-28] INFO  User_Operation - [User_Operationlog,20] - After User_Operation method: getInformation
2024-08-30 16:57:57.047 [,] [redisMessageListenerContainer-30] INFO  User_Operation - [User_Operationlog,20] - After User_Operation method: getInformation
2024-08-30 16:57:57.047 [,] [redisMessageListenerContainer-29] INFO  User_Operation - [User_Operationlog,20] - After User_Operation method: getInformation
2024-08-30 16:57:59.900 [,] [redisMessageListenerContainer-32] INFO  User_Operation - [User_Operationlog,20] - After User_Operation method: getInformation
2024-08-30 16:57:59.900 [,] [redisMessageListenerContainer-31] INFO  User_Operation - [User_Operationlog,20] - After User_Operation method: getInformation
2024-08-30 16:58:12.382 [,] [redisMessageListenerContainer-33] INFO  User_Operation - [User_Operationlog,20] - After User_Operation method: getInformation
2024-08-30 16:58:12.382 [,] [redisMessageListenerContainer-34] INFO  User_Operation - [User_Operationlog,20] - After User_Operation method: getInformation
2024-08-30 16:58:15.340 [,] [redisMessageListenerContainer-35] INFO  User_Operation - [User_Operationlog,20] - After User_Operation method: getInformation
2024-08-30 16:58:15.341 [,] [redisMessageListenerContainer-36] INFO  User_Operation - [User_Operationlog,20] - After User_Operation method: getInformation
2024-08-30 16:58:59.845 [,] [redisMessageListenerContainer-38] INFO  User_Operation - [User_Operationlog,20] - After User_Operation method: getInformation
2024-08-30 16:58:59.845 [,] [redisMessageListenerContainer-37] INFO  User_Operation - [User_Operationlog,20] - After User_Operation method: getInformation
2024-08-30 16:59:03.780 [,] [redisMessageListenerContainer-39] INFO  User_Operation - [User_Operationlog,20] - After User_Operation method: getInformation
2024-08-30 16:59:03.780 [,] [redisMessageListenerContainer-40] INFO  User_Operation - [User_Operationlog,20] - After User_Operation method: getInformation
2024-08-30 16:59:07.835 [,] [redisMessageListenerContainer-41] INFO  User_Operation - [User_Operationlog,20] - After User_Operation method: getInformation
2024-08-30 16:59:07.836 [,] [redisMessageListenerContainer-42] INFO  User_Operation - [User_Operationlog,20] - After User_Operation method: getInformation
2024-08-30 16:59:12.199 [,] [redisMessageListenerContainer-43] INFO  User_Operation - [User_Operationlog,20] - After User_Operation method: getInformation
2024-08-30 16:59:12.200 [,] [redisMessageListenerContainer-44] INFO  User_Operation - [User_Operationlog,20] - After User_Operation method: getInformation
2024-08-30 16:59:14.924 [,] [redisMessageListenerContainer-46] INFO  User_Operation - [User_Operationlog,20] - After User_Operation method: getInformation
2024-08-30 16:59:14.924 [,] [redisMessageListenerContainer-45] INFO  User_Operation - [User_Operationlog,20] - After User_Operation method: getInformation
2024-08-30 16:59:17.861 [,] [redisMessageListenerContainer-47] INFO  User_Operation - [User_Operationlog,20] - After User_Operation method: getInformation
2024-08-30 16:59:17.861 [,] [redisMessageListenerContainer-48] INFO  User_Operation - [User_Operationlog,20] - After User_Operation method: getInformation
2024-08-30 16:59:20.808 [,] [redisMessageListenerContainer-49] INFO  User_Operation - [User_Operationlog,20] - After User_Operation method: getInformation
2024-08-30 16:59:20.809 [,] [redisMessageListenerContainer-50] INFO  User_Operation - [User_Operationlog,20] - After User_Operation method: getInformation
2024-08-30 16:59:23.969 [,] [redisMessageListenerContainer-51] INFO  User_Operation - [User_Operationlog,20] - After User_Operation method: getInformation
2024-08-30 16:59:23.969 [,] [redisMessageListenerContainer-52] INFO  User_Operation - [User_Operationlog,20] - After User_Operation method: getInformation
2024-08-30 16:59:26.810 [,] [redisMessageListenerContainer-54] INFO  User_Operation - [User_Operationlog,20] - After User_Operation method: getInformation
2024-08-30 16:59:26.810 [,] [redisMessageListenerContainer-53] INFO  User_Operation - [User_Operationlog,20] - After User_Operation method: getInformation
2024-08-30 17:00:10.956 [,] [redisMessageListenerContainer-55] INFO  User_Operation - [User_Operationlog,20] - After User_Operation method: getInformation
2024-08-30 17:00:10.956 [,] [redisMessageListenerContainer-56] INFO  User_Operation - [User_Operationlog,20] - After User_Operation method: getInformation
2024-08-30 17:00:13.893 [,] [redisMessageListenerContainer-58] INFO  User_Operation - [User_Operationlog,20] - After User_Operation method: getInformation
2024-08-30 17:00:13.893 [,] [redisMessageListenerContainer-57] INFO  User_Operation - [User_Operationlog,20] - After User_Operation method: getInformation
2024-08-30 17:00:20.029 [,] [redisMessageListenerContainer-59] INFO  User_Operation - [User_Operationlog,20] - After User_Operation method: getInformation
2024-08-30 17:00:20.030 [,] [redisMessageListenerContainer-60] INFO  User_Operation - [User_Operationlog,20] - After User_Operation method: getInformation
2024-08-30 17:00:57.953 [,] [redisMessageListenerContainer-62] INFO  User_Operation - [User_Operationlog,20] - After User_Operation method: getInformation
2024-08-30 17:00:57.953 [,] [redisMessageListenerContainer-61] INFO  User_Operation - [User_Operationlog,20] - After User_Operation method: getInformation
2024-08-30 17:01:18.707 [,] [redisMessageListenerContainer-63] INFO  User_Operation - [User_Operationlog,20] - After User_Operation method: getInformation
2024-08-30 17:01:18.707 [,] [redisMessageListenerContainer-64] INFO  User_Operation - [User_Operationlog,20] - After User_Operation method: getInformation
2024-08-30 17:01:21.997 [,] [redisMessageListenerContainer-66] INFO  User_Operation - [User_Operationlog,20] - After User_Operation method: getInformation
2024-08-30 17:01:21.997 [,] [redisMessageListenerContainer-65] INFO  User_Operation - [User_Operationlog,20] - After User_Operation method: getInformation
2024-08-30 17:01:24.617 [,] [redisMessageListenerContainer-67] INFO  User_Operation - [User_Operationlog,20] - After User_Operation method: getInformation
2024-08-30 17:01:24.618 [,] [redisMessageListenerContainer-68] INFO  User_Operation - [User_Operationlog,20] - After User_Operation method: getInformation
2024-08-30 17:01:44.585 [,] [redisMessageListenerContainer-70] INFO  User_Operation - [User_Operationlog,20] - After User_Operation method: getInformation
2024-08-30 17:01:44.585 [,] [redisMessageListenerContainer-69] INFO  User_Operation - [User_Operationlog,20] - After User_Operation method: getInformation
2024-08-30 17:02:00.777 [,] [redisMessageListenerContainer-71] INFO  User_Operation - [User_Operationlog,20] - After User_Operation method: getInformation
2024-08-30 17:02:00.777 [,] [redisMessageListenerContainer-72] INFO  User_Operation - [User_Operationlog,20] - After User_Operation method: getInformation
2024-08-30 17:02:03.523 [,] [redisMessageListenerContainer-73] INFO  User_Operation - [User_Operationlog,20] - After User_Operation method: getInformation
2024-08-30 17:02:03.523 [,] [redisMessageListenerContainer-74] INFO  User_Operation - [User_Operationlog,20] - After User_Operation method: getInformation
2024-08-30 17:02:06.633 [,] [redisMessageListenerContainer-76] INFO  User_Operation - [User_Operationlog,20] - After User_Operation method: getInformation
2024-08-30 17:02:06.633 [,] [redisMessageListenerContainer-75] INFO  User_Operation - [User_Operationlog,20] - After User_Operation method: getInformation
2024-08-30 17:02:22.502 [,] [redisMessageListenerContainer-77] INFO  User_Operation - [User_Operationlog,20] - After User_Operation method: getInformation
2024-08-30 17:02:22.505 [,] [redisMessageListenerContainer-78] INFO  User_Operation - [User_Operationlog,20] - After User_Operation method: getInformation
2024-08-30 17:02:25.685 [,] [redisMessageListenerContainer-80] INFO  User_Operation - [User_Operationlog,20] - After User_Operation method: getInformation
2024-08-30 17:02:25.686 [,] [redisMessageListenerContainer-79] INFO  User_Operation - [User_Operationlog,20] - After User_Operation method: getInformation
2024-08-30 17:02:31.664 [,] [SpringApplicationShutdownHook] INFO  c.z.h.HikariDataSource - [close,350] - HikariPool-1 - Shutdown initiated...
2024-08-30 17:02:31.670 [,] [SpringApplicationShutdownHook] INFO  c.z.h.HikariDataSource - [close,352] - HikariPool-1 - Shutdown completed.
2024-08-30 17:02:39.437 [,] [main] INFO  c.s.a.AIOCompanyApplication - [logStarting,55] - Starting AIOCompanyApplication using Java 1.8.0_411 on DESKTOP-0QJEBFD with PID 2468 (E:\AIO_2024.08.16\AIO - 副本 - 测试\AIO-company\target\classes started by neko in E:\AIO_2024.08.16\AIO - 副本 - 测试\AIO-company)
2024-08-30 17:02:39.451 [,] [main] INFO  c.s.a.AIOCompanyApplication - [logStartupProfileInfo,634] - No active profile set, falling back to 1 default profile: "default"
2024-08-30 17:02:40.973 [,] [main] INFO  o.a.c.h.Http11NioProtocol - [log,173] - Initializing ProtocolHandler ["http-nio-127.0.0.1-8089"]
2024-08-30 17:02:40.974 [,] [main] INFO  o.a.c.c.StandardService - [log,173] - Starting service [Tomcat]
2024-08-30 17:02:40.974 [,] [main] INFO  o.a.c.c.StandardEngine - [log,173] - Starting Servlet engine: [Apache Tomcat/9.0.68]
2024-08-30 17:02:41.106 [,] [main] INFO  o.a.c.c.C.[.[.[/] - [log,173] - Initializing Spring embedded WebApplicationContext
2024-08-30 17:02:41.285 [,] [main] INFO  o.h.j.i.u.LogHelper - [logPersistenceUnitInformation,31] - HHH000204: Processing PersistenceUnitInfo [name: default]
2024-08-30 17:02:41.315 [,] [main] INFO  o.hibernate.Version - [logVersion,44] - HHH000412: Hibernate ORM core version 5.6.12.Final
2024-08-30 17:02:41.404 [,] [main] INFO  o.h.a.common.Version - [<clinit>,56] - HCANN000001: Hibernate Commons Annotations {5.1.2.Final}
2024-08-30 17:02:41.469 [,] [main] INFO  c.z.h.HikariDataSource - [getConnection,110] - HikariPool-1 - Starting...
2024-08-30 17:02:41.589 [,] [main] INFO  c.z.h.HikariDataSource - [getConnection,123] - HikariPool-1 - Start completed.
2024-08-30 17:02:41.598 [,] [main] INFO  o.h.dialect.Dialect - [<init>,175] - HHH000400: Using dialect: org.hibernate.dialect.MySQL8Dialect
2024-08-30 17:02:42.224 [,] [main] INFO  o.h.e.t.j.p.i.JtaPlatformInitiator - [initiateService,52] - HHH000490: Using JtaPlatform implementation: [org.hibernate.engine.transaction.jta.platform.internal.NoJtaPlatform]
2024-08-30 17:02:44.162 [,] [main] INFO  User_Operation - [User_Operationlog,20] - After User_Operation method: initFFmpeg
2024-08-30 17:02:44.735 [,] [main] INFO  o.a.c.h.Http11NioProtocol - [log,173] - Starting ProtocolHandler ["http-nio-127.0.0.1-8089"]
2024-08-30 17:02:44.813 [,] [main] INFO  c.s.a.AIOCompanyApplication - [logStarted,61] - Started AIOCompanyApplication in 5.712 seconds (JVM running for 6.862)
2024-08-30 17:02:44.813 [,] [main] INFO  User_Operation - [User_Operationlog,20] - After User_Operation method: onApplicationEvent
2024-08-30 17:02:50.016 [,] [scheduling-1] INFO  User_Operation - [User_Operationlog,20] - After User_Operation method: monitorFfmpegProcess
2024-08-30 17:02:52.978 [,] [http-nio-127.0.0.1-8089-exec-1] INFO  o.a.c.c.C.[.[.[/] - [log,173] - Initializing Spring DispatcherServlet 'dispatcherServlet'
2024-08-30 17:02:52.994 [,] [http-nio-127.0.0.1-8089-exec-1] INFO  User_Operation - [User_Operationlog,20] - After User_Operation method: AIO
2024-08-30 17:02:53.002 [,] [http-nio-127.0.0.1-8089-exec-1] INFO  User_Operation - [User_Operationlog,20] - After User_Operation method: getFfmpegEnabled
2024-08-30 17:02:53.002 [,] [http-nio-127.0.0.1-8089-exec-1] INFO  User_Operation - [User_Operationlog,20] - After User_Operation method: indexWeb
2024-08-30 17:02:53.004 [,] [http-nio-127.0.0.1-8089-exec-1] INFO  User_Operation - [User_Operationlog,20] - After User_Operation method: getInformation
2024-08-30 17:02:58.577 [,] [redisMessageListenerContainer-2] INFO  User_Operation - [User_Operationlog,20] - After User_Operation method: getInformation
2024-08-30 17:02:58.577 [,] [redisMessageListenerContainer-1] INFO  User_Operation - [User_Operationlog,20] - After User_Operation method: getInformation
2024-08-30 17:03:01.731 [,] [redisMessageListenerContainer-3] INFO  User_Operation - [User_Operationlog,20] - After User_Operation method: getInformation
2024-08-30 17:03:01.731 [,] [redisMessageListenerContainer-4] INFO  User_Operation - [User_Operationlog,20] - After User_Operation method: getInformation
2024-08-30 17:03:09.356 [,] [redisMessageListenerContainer-6] INFO  User_Operation - [User_Operationlog,20] - After User_Operation method: getInformation
2024-08-30 17:03:09.356 [,] [redisMessageListenerContainer-5] INFO  User_Operation - [User_Operationlog,20] - After User_Operation method: getInformation
2024-08-30 17:03:12.399 [,] [redisMessageListenerContainer-8] INFO  User_Operation - [User_Operationlog,20] - After User_Operation method: getInformation
2024-08-30 17:03:12.399 [,] [redisMessageListenerContainer-7] INFO  User_Operation - [User_Operationlog,20] - After User_Operation method: getInformation
2024-08-30 17:03:57.761 [,] [redisMessageListenerContainer-9] INFO  User_Operation - [User_Operationlog,20] - After User_Operation method: getInformation
2024-08-30 17:03:57.761 [,] [redisMessageListenerContainer-10] INFO  User_Operation - [User_Operationlog,20] - After User_Operation method: getInformation
2024-08-30 17:04:02.571 [,] [redisMessageListenerContainer-12] INFO  User_Operation - [User_Operationlog,20] - After User_Operation method: getInformation
2024-08-30 17:04:02.571 [,] [redisMessageListenerContainer-11] INFO  User_Operation - [User_Operationlog,20] - After User_Operation method: getInformation
2024-08-30 17:04:07.898 [,] [redisMessageListenerContainer-14] INFO  User_Operation - [User_Operationlog,20] - After User_Operation method: getInformation
2024-08-30 17:04:07.898 [,] [redisMessageListenerContainer-13] INFO  User_Operation - [User_Operationlog,20] - After User_Operation method: getInformation
2024-08-30 17:04:10.937 [,] [redisMessageListenerContainer-15] INFO  User_Operation - [User_Operationlog,20] - After User_Operation method: getInformation
2024-08-30 17:04:10.937 [,] [redisMessageListenerContainer-16] INFO  User_Operation - [User_Operationlog,20] - After User_Operation method: getInformation
2024-08-30 17:04:14.761 [,] [redisMessageListenerContainer-17] INFO  User_Operation - [User_Operationlog,20] - After User_Operation method: getInformation
2024-08-30 17:04:14.762 [,] [redisMessageListenerContainer-18] INFO  User_Operation - [User_Operationlog,20] - After User_Operation method: getInformation
2024-08-30 17:04:22.627 [,] [redisMessageListenerContainer-20] INFO  User_Operation - [User_Operationlog,20] - After User_Operation method: getInformation
2024-08-30 17:04:22.627 [,] [redisMessageListenerContainer-19] INFO  User_Operation - [User_Operationlog,20] - After User_Operation method: getInformation
2024-08-30 17:04:54.583 [,] [redisMessageListenerContainer-21] INFO  User_Operation - [User_Operationlog,20] - After User_Operation method: getInformation
2024-08-30 17:04:54.583 [,] [redisMessageListenerContainer-22] INFO  User_Operation - [User_Operationlog,20] - After User_Operation method: getInformation
2024-08-30 17:06:29.325 [,] [redisMessageListenerContainer-24] INFO  User_Operation - [User_Operationlog,20] - After User_Operation method: getInformation
2024-08-30 17:06:29.325 [,] [redisMessageListenerContainer-23] INFO  User_Operation - [User_Operationlog,20] - After User_Operation method: getInformation
2024-08-30 17:07:02.742 [,] [redisMessageListenerContainer-25] INFO  User_Operation - [User_Operationlog,20] - After User_Operation method: getInformation
2024-08-30 17:07:02.743 [,] [redisMessageListenerContainer-26] INFO  User_Operation - [User_Operationlog,20] - After User_Operation method: getInformation
2024-08-30 17:07:32.808 [,] [redisMessageListenerContainer-27] INFO  User_Operation - [User_Operationlog,20] - After User_Operation method: getInformation
2024-08-30 17:07:32.809 [,] [redisMessageListenerContainer-28] INFO  User_Operation - [User_Operationlog,20] - After User_Operation method: getInformation
2024-08-30 17:08:52.515 [,] [redisMessageListenerContainer-30] INFO  User_Operation - [User_Operationlog,20] - After User_Operation method: getInformation
2024-08-30 17:08:52.515 [,] [redisMessageListenerContainer-29] INFO  User_Operation - [User_Operationlog,20] - After User_Operation method: getInformation
2024-08-30 17:10:00.312 [,] [redisMessageListenerContainer-32] INFO  User_Operation - [User_Operationlog,20] - After User_Operation method: getInformation
2024-08-30 17:10:00.312 [,] [redisMessageListenerContainer-31] INFO  User_Operation - [User_Operationlog,20] - After User_Operation method: getInformation
2024-08-30 17:11:04.718 [,] [redisMessageListenerContainer-34] INFO  User_Operation - [User_Operationlog,20] - After User_Operation method: getInformation
2024-08-30 17:11:04.718 [,] [redisMessageListenerContainer-33] INFO  User_Operation - [User_Operationlog,20] - After User_Operation method: getInformation
2024-08-30 17:12:08.286 [,] [redisMessageListenerContainer-36] INFO  User_Operation - [User_Operationlog,20] - After User_Operation method: getInformation
2024-08-30 17:12:08.285 [,] [redisMessageListenerContainer-35] INFO  User_Operation - [User_Operationlog,20] - After User_Operation method: getInformation
2024-08-30 17:13:16.508 [,] [redisMessageListenerContainer-38] INFO  User_Operation - [User_Operationlog,20] - After User_Operation method: getInformation
2024-08-30 17:13:16.508 [,] [redisMessageListenerContainer-37] INFO  User_Operation - [User_Operationlog,20] - After User_Operation method: getInformation
2024-08-30 17:14:28.609 [,] [redisMessageListenerContainer-40] INFO  User_Operation - [User_Operationlog,20] - After User_Operation method: getInformation
2024-08-30 17:14:28.609 [,] [redisMessageListenerContainer-39] INFO  User_Operation - [User_Operationlog,20] - After User_Operation method: getInformation
2024-08-30 17:15:50.431 [,] [redisMessageListenerContainer-42] INFO  User_Operation - [User_Operationlog,20] - After User_Operation method: getInformation
2024-08-30 17:15:50.431 [,] [redisMessageListenerContainer-41] INFO  User_Operation - [User_Operationlog,20] - After User_Operation method: getInformation
2024-08-30 17:16:58.297 [,] [redisMessageListenerContainer-44] INFO  User_Operation - [User_Operationlog,20] - After User_Operation method: getInformation
2024-08-30 17:16:58.297 [,] [redisMessageListenerContainer-43] INFO  User_Operation - [User_Operationlog,20] - After User_Operation method: getInformation
2024-08-30 17:17:21.140 [,] [SpringApplicationShutdownHook] INFO  c.z.h.HikariDataSource - [close,350] - HikariPool-1 - Shutdown initiated...
2024-08-30 17:17:21.148 [,] [SpringApplicationShutdownHook] INFO  c.z.h.HikariDataSource - [close,352] - HikariPool-1 - Shutdown completed.
2024-08-30 17:17:29.033 [,] [main] INFO  c.s.a.AIOCompanyApplication - [logStarting,55] - Starting AIOCompanyApplication using Java 1.8.0_411 on DESKTOP-0QJEBFD with PID 19460 (E:\AIO_2024.08.16\AIO - 副本 - 测试\AIO-company\target\classes started by neko in E:\AIO_2024.08.16\AIO - 副本 - 测试\AIO-company)
2024-08-30 17:17:30.070 [,] [main] INFO  c.s.a.AIOCompanyApplication - [logStartupProfileInfo,634] - No active profile set, falling back to 1 default profile: "default"
2024-08-30 17:17:31.486 [,] [main] INFO  o.a.c.h.Http11NioProtocol - [log,173] - Initializing ProtocolHandler ["http-nio-127.0.0.1-8089"]
2024-08-30 17:17:31.486 [,] [main] INFO  o.a.c.c.StandardService - [log,173] - Starting service [Tomcat]
2024-08-30 17:17:31.486 [,] [main] INFO  o.a.c.c.StandardEngine - [log,173] - Starting Servlet engine: [Apache Tomcat/9.0.68]
2024-08-30 17:17:31.600 [,] [main] INFO  o.a.c.c.C.[.[.[/] - [log,173] - Initializing Spring embedded WebApplicationContext
2024-08-30 17:17:31.779 [,] [main] INFO  o.h.j.i.u.LogHelper - [logPersistenceUnitInformation,31] - HHH000204: Processing PersistenceUnitInfo [name: default]
2024-08-30 17:17:31.812 [,] [main] INFO  o.hibernate.Version - [logVersion,44] - HHH000412: Hibernate ORM core version 5.6.12.Final
2024-08-30 17:17:31.910 [,] [main] INFO  o.h.a.common.Version - [<clinit>,56] - HCANN000001: Hibernate Commons Annotations {5.1.2.Final}
2024-08-30 17:17:31.975 [,] [main] INFO  c.z.h.HikariDataSource - [getConnection,110] - HikariPool-1 - Starting...
2024-08-30 17:17:32.340 [,] [main] INFO  c.z.h.HikariDataSource - [getConnection,123] - HikariPool-1 - Start completed.
2024-08-30 17:17:32.349 [,] [main] INFO  o.h.dialect.Dialect - [<init>,175] - HHH000400: Using dialect: org.hibernate.dialect.MySQL8Dialect
2024-08-30 17:17:32.759 [,] [main] INFO  o.h.e.t.j.p.i.JtaPlatformInitiator - [initiateService,52] - HHH000490: Using JtaPlatform implementation: [org.hibernate.engine.transaction.jta.platform.internal.NoJtaPlatform]
2024-08-30 17:17:34.673 [,] [main] INFO  User_Operation - [User_Operationlog,20] - After User_Operation method: initFFmpeg
2024-08-30 17:17:35.298 [,] [main] INFO  o.a.c.h.Http11NioProtocol - [log,173] - Starting ProtocolHandler ["http-nio-127.0.0.1-8089"]
2024-08-30 17:17:35.366 [,] [main] INFO  c.s.a.AIOCompanyApplication - [logStarted,61] - Started AIOCompanyApplication in 6.659 seconds (JVM running for 7.749)
2024-08-30 17:17:35.367 [,] [main] INFO  User_Operation - [User_Operationlog,20] - After User_Operation method: onApplicationEvent
2024-08-30 17:17:36.543 [,] [http-nio-127.0.0.1-8089-exec-1] INFO  o.a.c.c.C.[.[.[/] - [log,173] - Initializing Spring DispatcherServlet 'dispatcherServlet'
2024-08-30 17:17:36.559 [,] [http-nio-127.0.0.1-8089-exec-1] INFO  User_Operation - [User_Operationlog,20] - After User_Operation method: AIO
2024-08-30 17:17:36.568 [,] [http-nio-127.0.0.1-8089-exec-1] INFO  User_Operation - [User_Operationlog,20] - After User_Operation method: getFfmpegEnabled
2024-08-30 17:17:36.569 [,] [http-nio-127.0.0.1-8089-exec-1] INFO  User_Operation - [User_Operationlog,20] - After User_Operation method: indexWeb
2024-08-30 17:17:36.570 [,] [http-nio-127.0.0.1-8089-exec-1] INFO  User_Operation - [User_Operationlog,20] - After User_Operation method: getInformation
2024-08-30 17:17:40.003 [,] [scheduling-1] INFO  User_Operation - [User_Operationlog,20] - After User_Operation method: monitorFfmpegProcess
2024-08-30 17:18:14.025 [,] [redisMessageListenerContainer-2] INFO  User_Operation - [User_Operationlog,20] - After User_Operation method: getInformation
2024-08-30 17:18:14.025 [,] [redisMessageListenerContainer-1] INFO  User_Operation - [User_Operationlog,20] - After User_Operation method: getInformation
2024-08-30 17:19:21.454 [,] [redisMessageListenerContainer-4] INFO  User_Operation - [User_Operationlog,20] - After User_Operation method: getInformation
2024-08-30 17:19:21.454 [,] [redisMessageListenerContainer-3] INFO  User_Operation - [User_Operationlog,20] - After User_Operation method: getInformation
2024-08-30 17:20:25.334 [,] [redisMessageListenerContainer-6] INFO  User_Operation - [User_Operationlog,20] - After User_Operation method: getInformation
2024-08-30 17:20:25.334 [,] [redisMessageListenerContainer-5] INFO  User_Operation - [User_Operationlog,20] - After User_Operation method: getInformation
2024-08-30 17:21:31.649 [,] [redisMessageListenerContainer-8] INFO  User_Operation - [User_Operationlog,20] - After User_Operation method: getInformation
2024-08-30 17:21:31.649 [,] [redisMessageListenerContainer-7] INFO  User_Operation - [User_Operationlog,20] - After User_Operation method: getInformation
2024-08-30 17:22:39.325 [,] [redisMessageListenerContainer-9] INFO  User_Operation - [User_Operationlog,20] - After User_Operation method: getInformation
2024-08-30 17:22:39.325 [,] [redisMessageListenerContainer-10] INFO  User_Operation - [User_Operationlog,20] - After User_Operation method: getInformation
2024-08-30 17:23:43.281 [,] [redisMessageListenerContainer-12] INFO  User_Operation - [User_Operationlog,20] - After User_Operation method: getInformation
2024-08-30 17:23:43.280 [,] [redisMessageListenerContainer-11] INFO  User_Operation - [User_Operationlog,20] - After User_Operation method: getInformation
2024-08-30 17:24:51.498 [,] [redisMessageListenerContainer-14] INFO  User_Operation - [User_Operationlog,20] - After User_Operation method: getInformation
2024-08-30 17:24:51.498 [,] [redisMessageListenerContainer-13] INFO  User_Operation - [User_Operationlog,20] - After User_Operation method: getInformation
2024-08-30 17:25:55.563 [,] [redisMessageListenerContainer-16] INFO  User_Operation - [User_Operationlog,20] - After User_Operation method: getInformation
2024-08-30 17:25:55.564 [,] [redisMessageListenerContainer-15] INFO  User_Operation - [User_Operationlog,20] - After User_Operation method: getInformation
2024-08-30 17:27:03.609 [,] [redisMessageListenerContainer-18] INFO  User_Operation - [User_Operationlog,20] - After User_Operation method: getInformation
2024-08-30 17:27:03.609 [,] [redisMessageListenerContainer-17] INFO  User_Operation - [User_Operationlog,20] - After User_Operation method: getInformation
2024-08-30 17:27:45.230 [,] [SpringApplicationShutdownHook] INFO  c.z.h.HikariDataSource - [close,350] - HikariPool-1 - Shutdown initiated...
2024-08-30 17:27:45.238 [,] [SpringApplicationShutdownHook] INFO  c.z.h.HikariDataSource - [close,352] - HikariPool-1 - Shutdown completed.
2024-08-30 17:27:52.870 [,] [main] INFO  c.s.a.AIOCompanyApplication - [logStarting,55] - Starting AIOCompanyApplication using Java 1.8.0_411 on DESKTOP-0QJEBFD with PID 4236 (E:\AIO_2024.08.16\AIO - 副本 - 测试\AIO-company\target\classes started by neko in E:\AIO_2024.08.16\AIO - 副本 - 测试\AIO-company)
2024-08-30 17:27:52.874 [,] [main] INFO  c.s.a.AIOCompanyApplication - [logStartupProfileInfo,634] - No active profile set, falling back to 1 default profile: "default"
2024-08-30 17:27:54.388 [,] [main] INFO  o.a.c.h.Http11NioProtocol - [log,173] - Initializing ProtocolHandler ["http-nio-127.0.0.1-8089"]
2024-08-30 17:27:54.389 [,] [main] INFO  o.a.c.c.StandardService - [log,173] - Starting service [Tomcat]
2024-08-30 17:27:54.389 [,] [main] INFO  o.a.c.c.StandardEngine - [log,173] - Starting Servlet engine: [Apache Tomcat/9.0.68]
2024-08-30 17:27:54.502 [,] [main] INFO  o.a.c.c.C.[.[.[/] - [log,173] - Initializing Spring embedded WebApplicationContext
2024-08-30 17:27:54.679 [,] [main] INFO  o.h.j.i.u.LogHelper - [logPersistenceUnitInformation,31] - HHH000204: Processing PersistenceUnitInfo [name: default]
2024-08-30 17:27:54.710 [,] [main] INFO  o.hibernate.Version - [logVersion,44] - HHH000412: Hibernate ORM core version 5.6.12.Final
2024-08-30 17:27:54.804 [,] [main] INFO  o.h.a.common.Version - [<clinit>,56] - HCANN000001: Hibernate Commons Annotations {5.1.2.Final}
2024-08-30 17:27:54.866 [,] [main] INFO  c.z.h.HikariDataSource - [getConnection,110] - HikariPool-1 - Starting...
2024-08-30 17:27:54.988 [,] [main] INFO  c.z.h.HikariDataSource - [getConnection,123] - HikariPool-1 - Start completed.
2024-08-30 17:27:55.000 [,] [main] INFO  o.h.dialect.Dialect - [<init>,175] - HHH000400: Using dialect: org.hibernate.dialect.MySQL8Dialect
2024-08-30 17:27:55.456 [,] [main] INFO  o.h.e.t.j.p.i.JtaPlatformInitiator - [initiateService,52] - HHH000490: Using JtaPlatform implementation: [org.hibernate.engine.transaction.jta.platform.internal.NoJtaPlatform]
2024-08-30 17:27:57.391 [,] [main] INFO  User_Operation - [User_Operationlog,20] - After User_Operation method: initFFmpeg
2024-08-30 17:27:57.975 [,] [main] INFO  o.a.c.h.Http11NioProtocol - [log,173] - Starting ProtocolHandler ["http-nio-127.0.0.1-8089"]
2024-08-30 17:27:58.069 [,] [main] INFO  c.s.a.AIOCompanyApplication - [logStarted,61] - Started AIOCompanyApplication in 5.512 seconds (JVM running for 6.691)
2024-08-30 17:27:58.070 [,] [main] INFO  User_Operation - [User_Operationlog,20] - After User_Operation method: onApplicationEvent
2024-08-30 17:28:00.013 [,] [scheduling-1] INFO  User_Operation - [User_Operationlog,20] - After User_Operation method: monitorFfmpegProcess
2024-08-30 17:28:01.344 [,] [http-nio-127.0.0.1-8089-exec-1] INFO  o.a.c.c.C.[.[.[/] - [log,173] - Initializing Spring DispatcherServlet 'dispatcherServlet'
2024-08-30 17:28:01.364 [,] [http-nio-127.0.0.1-8089-exec-1] INFO  User_Operation - [User_Operationlog,20] - After User_Operation method: AIO
2024-08-30 17:28:01.376 [,] [http-nio-127.0.0.1-8089-exec-1] INFO  User_Operation - [User_Operationlog,20] - After User_Operation method: getFfmpegEnabled
2024-08-30 17:28:01.376 [,] [http-nio-127.0.0.1-8089-exec-1] INFO  User_Operation - [User_Operationlog,20] - After User_Operation method: indexWeb
2024-08-30 17:28:01.378 [,] [http-nio-127.0.0.1-8089-exec-1] INFO  User_Operation - [User_Operationlog,20] - After User_Operation method: getInformation
2024-08-30 17:28:11.713 [,] [redisMessageListenerContainer-1] INFO  User_Operation - [User_Operationlog,20] - After User_Operation method: getInformation
2024-08-30 17:28:11.713 [,] [redisMessageListenerContainer-2] INFO  User_Operation - [User_Operationlog,20] - After User_Operation method: getInformation
2024-08-30 17:28:59.757 [,] [SpringApplicationShutdownHook] INFO  c.z.h.HikariDataSource - [close,350] - HikariPool-1 - Shutdown initiated...
2024-08-30 17:28:59.764 [,] [SpringApplicationShutdownHook] INFO  c.z.h.HikariDataSource - [close,352] - HikariPool-1 - Shutdown completed.
2024-08-30 17:29:04.293 [,] [main] INFO  c.s.a.AIOCompanyApplication - [logStarting,55] - Starting AIOCompanyApplication using Java 1.8.0_411 on DESKTOP-0QJEBFD with PID 12804 (E:\AIO_2024.08.16\AIO - 副本 - 测试\AIO-company\target\classes started by neko in E:\AIO_2024.08.16\AIO - 副本 - 测试\AIO-company)
2024-08-30 17:29:04.296 [,] [main] INFO  c.s.a.AIOCompanyApplication - [logStartupProfileInfo,634] - No active profile set, falling back to 1 default profile: "default"
2024-08-30 17:29:05.795 [,] [main] INFO  o.a.c.h.Http11NioProtocol - [log,173] - Initializing ProtocolHandler ["http-nio-127.0.0.1-8089"]
2024-08-30 17:29:05.796 [,] [main] INFO  o.a.c.c.StandardService - [log,173] - Starting service [Tomcat]
2024-08-30 17:29:05.796 [,] [main] INFO  o.a.c.c.StandardEngine - [log,173] - Starting Servlet engine: [Apache Tomcat/9.0.68]
2024-08-30 17:29:05.910 [,] [main] INFO  o.a.c.c.C.[.[.[/] - [log,173] - Initializing Spring embedded WebApplicationContext
2024-08-30 17:29:06.100 [,] [main] INFO  o.h.j.i.u.LogHelper - [logPersistenceUnitInformation,31] - HHH000204: Processing PersistenceUnitInfo [name: default]
2024-08-30 17:29:06.133 [,] [main] INFO  o.hibernate.Version - [logVersion,44] - HHH000412: Hibernate ORM core version 5.6.12.Final
2024-08-30 17:29:06.227 [,] [main] INFO  o.h.a.common.Version - [<clinit>,56] - HCANN000001: Hibernate Commons Annotations {5.1.2.Final}
2024-08-30 17:29:06.290 [,] [main] INFO  c.z.h.HikariDataSource - [getConnection,110] - HikariPool-1 - Starting...
2024-08-30 17:29:06.390 [,] [main] INFO  c.z.h.HikariDataSource - [getConnection,123] - HikariPool-1 - Start completed.
2024-08-30 17:29:06.400 [,] [main] INFO  o.h.dialect.Dialect - [<init>,175] - HHH000400: Using dialect: org.hibernate.dialect.MySQL8Dialect
2024-08-30 17:29:06.787 [,] [main] INFO  o.h.e.t.j.p.i.JtaPlatformInitiator - [initiateService,52] - HHH000490: Using JtaPlatform implementation: [org.hibernate.engine.transaction.jta.platform.internal.NoJtaPlatform]
2024-08-30 17:29:08.688 [,] [main] INFO  User_Operation - [User_Operationlog,20] - After User_Operation method: initFFmpeg
2024-08-30 17:29:09.257 [,] [main] INFO  o.a.c.h.Http11NioProtocol - [log,173] - Starting ProtocolHandler ["http-nio-127.0.0.1-8089"]
2024-08-30 17:29:09.316 [,] [main] INFO  c.s.a.AIOCompanyApplication - [logStarted,61] - Started AIOCompanyApplication in 5.392 seconds (JVM running for 6.495)
2024-08-30 17:29:09.317 [,] [main] INFO  User_Operation - [User_Operationlog,20] - After User_Operation method: onApplicationEvent
2024-08-30 17:29:10.010 [,] [scheduling-1] INFO  User_Operation - [User_Operationlog,20] - After User_Operation method: monitorFfmpegProcess
2024-08-30 17:29:12.428 [,] [http-nio-127.0.0.1-8089-exec-1] INFO  o.a.c.c.C.[.[.[/] - [log,173] - Initializing Spring DispatcherServlet 'dispatcherServlet'
2024-08-30 17:29:12.445 [,] [http-nio-127.0.0.1-8089-exec-1] INFO  User_Operation - [User_Operationlog,20] - After User_Operation method: AIO
2024-08-30 17:29:12.454 [,] [http-nio-127.0.0.1-8089-exec-1] INFO  User_Operation - [User_Operationlog,20] - After User_Operation method: getFfmpegEnabled
2024-08-30 17:29:12.455 [,] [http-nio-127.0.0.1-8089-exec-1] INFO  User_Operation - [User_Operationlog,20] - After User_Operation method: indexWeb
2024-08-30 17:29:12.457 [,] [http-nio-127.0.0.1-8089-exec-1] INFO  User_Operation - [User_Operationlog,20] - After User_Operation method: getInformation
2024-08-30 17:29:20.016 [,] [scheduling-1] INFO  User_Operation - [User_Operationlog,20] - After User_Operation method: monitorFfmpegProcess
2024-08-30 17:29:21.618 [,] [redisMessageListenerContainer-2] INFO  User_Operation - [User_Operationlog,20] - After User_Operation method: getInformation
2024-08-30 17:29:21.618 [,] [redisMessageListenerContainer-1] INFO  User_Operation - [User_Operationlog,20] - After User_Operation method: getInformation
2024-08-30 17:30:55.840 [,] [redisMessageListenerContainer-3] INFO  User_Operation - [User_Operationlog,20] - After User_Operation method: getInformation
2024-08-30 17:30:55.840 [,] [redisMessageListenerContainer-4] INFO  User_Operation - [User_Operationlog,20] - After User_Operation method: getInformation
2024-08-30 17:32:03.649 [,] [redisMessageListenerContainer-5] INFO  User_Operation - [User_Operationlog,20] - After User_Operation method: getInformation
2024-08-30 17:32:03.649 [,] [redisMessageListenerContainer-6] INFO  User_Operation - [User_Operationlog,20] - After User_Operation method: getInformation
2024-08-30 17:32:58.290 [,] [SpringApplicationShutdownHook] INFO  c.z.h.HikariDataSource - [close,350] - HikariPool-1 - Shutdown initiated...
2024-08-30 17:32:58.298 [,] [SpringApplicationShutdownHook] INFO  c.z.h.HikariDataSource - [close,352] - HikariPool-1 - Shutdown completed.
2024-08-30 17:33:07.030 [,] [main] INFO  c.s.a.AIOCompanyApplication - [logStarting,55] - Starting AIOCompanyApplication using Java 1.8.0_411 on DESKTOP-0QJEBFD with PID 21584 (E:\AIO_2024.08.16\AIO - 副本 - 测试\AIO-company\target\classes started by neko in E:\AIO_2024.08.16\AIO - 副本 - 测试\AIO-company)
2024-08-30 17:33:07.034 [,] [main] INFO  c.s.a.AIOCompanyApplication - [logStartupProfileInfo,634] - No active profile set, falling back to 1 default profile: "default"
2024-08-30 17:33:08.513 [,] [main] INFO  o.a.c.h.Http11NioProtocol - [log,173] - Initializing ProtocolHandler ["http-nio-127.0.0.1-8089"]
2024-08-30 17:33:08.513 [,] [main] INFO  o.a.c.c.StandardService - [log,173] - Starting service [Tomcat]
2024-08-30 17:33:08.513 [,] [main] INFO  o.a.c.c.StandardEngine - [log,173] - Starting Servlet engine: [Apache Tomcat/9.0.68]
2024-08-30 17:33:08.639 [,] [main] INFO  o.a.c.c.C.[.[.[/] - [log,173] - Initializing Spring embedded WebApplicationContext
2024-08-30 17:33:08.807 [,] [main] INFO  o.h.j.i.u.LogHelper - [logPersistenceUnitInformation,31] - HHH000204: Processing PersistenceUnitInfo [name: default]
2024-08-30 17:33:08.839 [,] [main] INFO  o.hibernate.Version - [logVersion,44] - HHH000412: Hibernate ORM core version 5.6.12.Final
2024-08-30 17:33:08.931 [,] [main] INFO  o.h.a.common.Version - [<clinit>,56] - HCANN000001: Hibernate Commons Annotations {5.1.2.Final}
2024-08-30 17:33:09.003 [,] [main] INFO  c.z.h.HikariDataSource - [getConnection,110] - HikariPool-1 - Starting...
2024-08-30 17:33:09.125 [,] [main] INFO  c.z.h.HikariDataSource - [getConnection,123] - HikariPool-1 - Start completed.
2024-08-30 17:33:09.135 [,] [main] INFO  o.h.dialect.Dialect - [<init>,175] - HHH000400: Using dialect: org.hibernate.dialect.MySQL8Dialect
2024-08-30 17:33:09.529 [,] [main] INFO  o.h.e.t.j.p.i.JtaPlatformInitiator - [initiateService,52] - HHH000490: Using JtaPlatform implementation: [org.hibernate.engine.transaction.jta.platform.internal.NoJtaPlatform]
2024-08-30 17:33:11.509 [,] [main] INFO  User_Operation - [User_Operationlog,20] - After User_Operation method: initFFmpeg
2024-08-30 17:33:12.107 [,] [main] INFO  o.a.c.h.Http11NioProtocol - [log,173] - Starting ProtocolHandler ["http-nio-127.0.0.1-8089"]
2024-08-30 17:33:12.164 [,] [http-nio-127.0.0.1-8089-exec-1] INFO  o.a.c.c.C.[.[.[/] - [log,173] - Initializing Spring DispatcherServlet 'dispatcherServlet'
2024-08-30 17:33:12.174 [,] [main] INFO  c.s.a.AIOCompanyApplication - [logStarted,61] - Started AIOCompanyApplication in 5.465 seconds (JVM running for 6.562)
2024-08-30 17:33:12.175 [,] [main] INFO  User_Operation - [User_Operationlog,20] - After User_Operation method: onApplicationEvent
2024-08-30 17:33:12.181 [,] [http-nio-127.0.0.1-8089-exec-1] INFO  User_Operation - [User_Operationlog,20] - After User_Operation method: AIO
2024-08-30 17:33:12.223 [,] [http-nio-127.0.0.1-8089-exec-1] INFO  User_Operation - [User_Operationlog,20] - After User_Operation method: getFfmpegEnabled
2024-08-30 17:33:12.223 [,] [http-nio-127.0.0.1-8089-exec-1] INFO  User_Operation - [User_Operationlog,20] - After User_Operation method: indexWeb
2024-08-30 17:33:12.225 [,] [http-nio-127.0.0.1-8089-exec-1] INFO  User_Operation - [User_Operationlog,20] - After User_Operation method: getInformation
2024-08-30 17:33:13.591 [,] [http-nio-127.0.0.1-8089-exec-3] INFO  User_Operation - [User_Operationlog,20] - After User_Operation method: AIO
2024-08-30 17:33:13.593 [,] [http-nio-127.0.0.1-8089-exec-3] INFO  User_Operation - [User_Operationlog,20] - After User_Operation method: getFfmpegEnabled
2024-08-30 17:33:13.593 [,] [http-nio-127.0.0.1-8089-exec-3] INFO  User_Operation - [User_Operationlog,20] - After User_Operation method: indexWeb
2024-08-30 17:33:13.593 [,] [http-nio-127.0.0.1-8089-exec-3] INFO  User_Operation - [User_Operationlog,20] - After User_Operation method: getInformation
2024-08-30 17:33:20.000 [,] [scheduling-1] INFO  User_Operation - [User_Operationlog,20] - After User_Operation method: monitorFfmpegProcess
2024-08-30 17:33:31.843 [,] [SpringApplicationShutdownHook] INFO  c.z.h.HikariDataSource - [close,350] - HikariPool-1 - Shutdown initiated...
2024-08-30 17:33:31.849 [,] [SpringApplicationShutdownHook] INFO  c.z.h.HikariDataSource - [close,352] - HikariPool-1 - Shutdown completed.
