2023-04-06 14:14:32.972 [,] [Thread-10] ERROR c.s.a.d.v.f.c.FaceController - [callFaceAI,143] - 发送POST请求出现异常！
java.net.ConnectException: Connection refused: connect
	at java.net.DualStackPlainSocketImpl.connect0(Native Method)
	at java.net.DualStackPlainSocketImpl.socketConnect(DualStackPlainSocketImpl.java:75)
	at java.net.AbstractPlainSocketImpl.doConnect(AbstractPlainSocketImpl.java:476)
	at java.net.AbstractPlainSocketImpl.connectToAddress(AbstractPlainSocketImpl.java:218)
	at java.net.AbstractPlainSocketImpl.connect(AbstractPlainSocketImpl.java:200)
	at java.net.PlainSocketImpl.connect(PlainSocketImpl.java:162)
	at java.net.SocksSocketImpl.connect(SocksSocketImpl.java:394)
	at java.net.Socket.connect(Socket.java:606)
	at java.net.Socket.connect(Socket.java:555)
	at sun.net.NetworkClient.doConnect(NetworkClient.java:180)
	at sun.net.www.http.HttpClient.openServer(HttpClient.java:499)
	at sun.net.www.http.HttpClient.openServer(HttpClient.java:594)
	at sun.net.www.http.HttpClient.<init>(HttpClient.java:278)
	at sun.net.www.http.HttpClient.New(HttpClient.java:375)
	at sun.net.www.http.HttpClient.New(HttpClient.java:393)
	at sun.net.www.protocol.http.HttpURLConnection.getNewHttpClient(HttpURLConnection.java:1240)
	at sun.net.www.protocol.http.HttpURLConnection.plainConnect0(HttpURLConnection.java:1167)
	at sun.net.www.protocol.http.HttpURLConnection.plainConnect(HttpURLConnection.java:1061)
	at sun.net.www.protocol.http.HttpURLConnection.connect(HttpURLConnection.java:995)
	at sun.net.www.protocol.http.HttpURLConnection.getOutputStream0(HttpURLConnection.java:1354)
	at sun.net.www.protocol.http.HttpURLConnection.getOutputStream(HttpURLConnection.java:1329)
	at com.shark.aio.data.video.controller.VideoController.callFaceAI(FaceController.java:61)
	at com.shark.aio.base.controller.InitFFmpeg$1.onFileCreate(InitFFmpeg.java:79)
	at org.apache.commons.io.monitor.FileAlterationObserver.doCreate(FileAlterationObserver.java:379)
	at org.apache.commons.io.monitor.FileAlterationObserver.checkAndNotify(FileAlterationObserver.java:345)
	at org.apache.commons.io.monitor.FileAlterationObserver.checkAndNotify(FileAlterationObserver.java:304)
	at org.apache.commons.io.monitor.FileAlterationMonitor.run(FileAlterationMonitor.java:182)
	at java.lang.Thread.run(Thread.java:750)
2023-04-06 14:14:35.548 [,] [Thread-10] ERROR c.s.a.d.v.f.c.FaceController - [callFaceAI,143] - 发送POST请求出现异常！
java.net.ConnectException: Connection refused: connect
	at java.net.DualStackPlainSocketImpl.connect0(Native Method)
	at java.net.DualStackPlainSocketImpl.socketConnect(DualStackPlainSocketImpl.java:75)
	at java.net.AbstractPlainSocketImpl.doConnect(AbstractPlainSocketImpl.java:476)
	at java.net.AbstractPlainSocketImpl.connectToAddress(AbstractPlainSocketImpl.java:218)
	at java.net.AbstractPlainSocketImpl.connect(AbstractPlainSocketImpl.java:200)
	at java.net.PlainSocketImpl.connect(PlainSocketImpl.java:162)
	at java.net.SocksSocketImpl.connect(SocksSocketImpl.java:394)
	at java.net.Socket.connect(Socket.java:606)
	at java.net.Socket.connect(Socket.java:555)
	at sun.net.NetworkClient.doConnect(NetworkClient.java:180)
	at sun.net.www.http.HttpClient.openServer(HttpClient.java:499)
	at sun.net.www.http.HttpClient.openServer(HttpClient.java:594)
	at sun.net.www.http.HttpClient.<init>(HttpClient.java:278)
	at sun.net.www.http.HttpClient.New(HttpClient.java:375)
	at sun.net.www.http.HttpClient.New(HttpClient.java:393)
	at sun.net.www.protocol.http.HttpURLConnection.getNewHttpClient(HttpURLConnection.java:1240)
	at sun.net.www.protocol.http.HttpURLConnection.plainConnect0(HttpURLConnection.java:1167)
	at sun.net.www.protocol.http.HttpURLConnection.plainConnect(HttpURLConnection.java:1061)
	at sun.net.www.protocol.http.HttpURLConnection.connect(HttpURLConnection.java:995)
	at sun.net.www.protocol.http.HttpURLConnection.getOutputStream0(HttpURLConnection.java:1354)
	at sun.net.www.protocol.http.HttpURLConnection.getOutputStream(HttpURLConnection.java:1329)
	at com.shark.aio.data.video.controller.VideoController.callFaceAI(FaceController.java:61)
	at com.shark.aio.base.controller.InitFFmpeg$1.onFileCreate(InitFFmpeg.java:79)
	at org.apache.commons.io.monitor.FileAlterationObserver.doCreate(FileAlterationObserver.java:379)
	at org.apache.commons.io.monitor.FileAlterationObserver.checkAndNotify(FileAlterationObserver.java:345)
	at org.apache.commons.io.monitor.FileAlterationObserver.checkAndNotify(FileAlterationObserver.java:304)
	at org.apache.commons.io.monitor.FileAlterationMonitor.run(FileAlterationMonitor.java:182)
	at java.lang.Thread.run(Thread.java:750)
2023-04-06 14:14:37.588 [,] [Thread-10] ERROR c.s.a.d.v.f.c.FaceController - [callFaceAI,143] - 发送POST请求出现异常！
java.net.ConnectException: Connection refused: connect
	at java.net.DualStackPlainSocketImpl.connect0(Native Method)
	at java.net.DualStackPlainSocketImpl.socketConnect(DualStackPlainSocketImpl.java:75)
	at java.net.AbstractPlainSocketImpl.doConnect(AbstractPlainSocketImpl.java:476)
	at java.net.AbstractPlainSocketImpl.connectToAddress(AbstractPlainSocketImpl.java:218)
	at java.net.AbstractPlainSocketImpl.connect(AbstractPlainSocketImpl.java:200)
	at java.net.PlainSocketImpl.connect(PlainSocketImpl.java:162)
	at java.net.SocksSocketImpl.connect(SocksSocketImpl.java:394)
	at java.net.Socket.connect(Socket.java:606)
	at java.net.Socket.connect(Socket.java:555)
	at sun.net.NetworkClient.doConnect(NetworkClient.java:180)
	at sun.net.www.http.HttpClient.openServer(HttpClient.java:499)
	at sun.net.www.http.HttpClient.openServer(HttpClient.java:594)
	at sun.net.www.http.HttpClient.<init>(HttpClient.java:278)
	at sun.net.www.http.HttpClient.New(HttpClient.java:375)
	at sun.net.www.http.HttpClient.New(HttpClient.java:393)
	at sun.net.www.protocol.http.HttpURLConnection.getNewHttpClient(HttpURLConnection.java:1240)
	at sun.net.www.protocol.http.HttpURLConnection.plainConnect0(HttpURLConnection.java:1167)
	at sun.net.www.protocol.http.HttpURLConnection.plainConnect(HttpURLConnection.java:1061)
	at sun.net.www.protocol.http.HttpURLConnection.connect(HttpURLConnection.java:995)
	at sun.net.www.protocol.http.HttpURLConnection.getOutputStream0(HttpURLConnection.java:1354)
	at sun.net.www.protocol.http.HttpURLConnection.getOutputStream(HttpURLConnection.java:1329)
	at com.shark.aio.data.video.controller.VideoController.callFaceAI(FaceController.java:61)
	at com.shark.aio.base.controller.InitFFmpeg$1.onFileCreate(InitFFmpeg.java:79)
	at org.apache.commons.io.monitor.FileAlterationObserver.doCreate(FileAlterationObserver.java:379)
	at org.apache.commons.io.monitor.FileAlterationObserver.checkAndNotify(FileAlterationObserver.java:345)
	at org.apache.commons.io.monitor.FileAlterationObserver.checkAndNotify(FileAlterationObserver.java:304)
	at org.apache.commons.io.monitor.FileAlterationMonitor.run(FileAlterationMonitor.java:182)
	at java.lang.Thread.run(Thread.java:750)
2023-04-06 14:14:39.610 [,] [Thread-10] ERROR c.s.a.d.v.f.c.FaceController - [callFaceAI,143] - 发送POST请求出现异常！
java.net.ConnectException: Connection refused: connect
	at java.net.DualStackPlainSocketImpl.connect0(Native Method)
	at java.net.DualStackPlainSocketImpl.socketConnect(DualStackPlainSocketImpl.java:75)
	at java.net.AbstractPlainSocketImpl.doConnect(AbstractPlainSocketImpl.java:476)
	at java.net.AbstractPlainSocketImpl.connectToAddress(AbstractPlainSocketImpl.java:218)
	at java.net.AbstractPlainSocketImpl.connect(AbstractPlainSocketImpl.java:200)
	at java.net.PlainSocketImpl.connect(PlainSocketImpl.java:162)
	at java.net.SocksSocketImpl.connect(SocksSocketImpl.java:394)
	at java.net.Socket.connect(Socket.java:606)
	at java.net.Socket.connect(Socket.java:555)
	at sun.net.NetworkClient.doConnect(NetworkClient.java:180)
	at sun.net.www.http.HttpClient.openServer(HttpClient.java:499)
	at sun.net.www.http.HttpClient.openServer(HttpClient.java:594)
	at sun.net.www.http.HttpClient.<init>(HttpClient.java:278)
	at sun.net.www.http.HttpClient.New(HttpClient.java:375)
	at sun.net.www.http.HttpClient.New(HttpClient.java:393)
	at sun.net.www.protocol.http.HttpURLConnection.getNewHttpClient(HttpURLConnection.java:1240)
	at sun.net.www.protocol.http.HttpURLConnection.plainConnect0(HttpURLConnection.java:1167)
	at sun.net.www.protocol.http.HttpURLConnection.plainConnect(HttpURLConnection.java:1061)
	at sun.net.www.protocol.http.HttpURLConnection.connect(HttpURLConnection.java:995)
	at sun.net.www.protocol.http.HttpURLConnection.getOutputStream0(HttpURLConnection.java:1354)
	at sun.net.www.protocol.http.HttpURLConnection.getOutputStream(HttpURLConnection.java:1329)
	at com.shark.aio.data.video.controller.VideoController.callFaceAI(FaceController.java:61)
	at com.shark.aio.base.controller.InitFFmpeg$1.onFileCreate(InitFFmpeg.java:79)
	at org.apache.commons.io.monitor.FileAlterationObserver.doCreate(FileAlterationObserver.java:379)
	at org.apache.commons.io.monitor.FileAlterationObserver.checkAndNotify(FileAlterationObserver.java:345)
	at org.apache.commons.io.monitor.FileAlterationObserver.checkAndNotify(FileAlterationObserver.java:304)
	at org.apache.commons.io.monitor.FileAlterationMonitor.run(FileAlterationMonitor.java:182)
	at java.lang.Thread.run(Thread.java:750)
2023-04-06 14:14:42.188 [,] [Thread-10] ERROR c.s.a.d.v.f.c.FaceController - [callFaceAI,143] - 发送POST请求出现异常！
java.net.ConnectException: Connection refused: connect
	at java.net.DualStackPlainSocketImpl.connect0(Native Method)
	at java.net.DualStackPlainSocketImpl.socketConnect(DualStackPlainSocketImpl.java:75)
	at java.net.AbstractPlainSocketImpl.doConnect(AbstractPlainSocketImpl.java:476)
	at java.net.AbstractPlainSocketImpl.connectToAddress(AbstractPlainSocketImpl.java:218)
	at java.net.AbstractPlainSocketImpl.connect(AbstractPlainSocketImpl.java:200)
	at java.net.PlainSocketImpl.connect(PlainSocketImpl.java:162)
	at java.net.SocksSocketImpl.connect(SocksSocketImpl.java:394)
	at java.net.Socket.connect(Socket.java:606)
	at java.net.Socket.connect(Socket.java:555)
	at sun.net.NetworkClient.doConnect(NetworkClient.java:180)
	at sun.net.www.http.HttpClient.openServer(HttpClient.java:499)
	at sun.net.www.http.HttpClient.openServer(HttpClient.java:594)
	at sun.net.www.http.HttpClient.<init>(HttpClient.java:278)
	at sun.net.www.http.HttpClient.New(HttpClient.java:375)
	at sun.net.www.http.HttpClient.New(HttpClient.java:393)
	at sun.net.www.protocol.http.HttpURLConnection.getNewHttpClient(HttpURLConnection.java:1240)
	at sun.net.www.protocol.http.HttpURLConnection.plainConnect0(HttpURLConnection.java:1167)
	at sun.net.www.protocol.http.HttpURLConnection.plainConnect(HttpURLConnection.java:1061)
	at sun.net.www.protocol.http.HttpURLConnection.connect(HttpURLConnection.java:995)
	at sun.net.www.protocol.http.HttpURLConnection.getOutputStream0(HttpURLConnection.java:1354)
	at sun.net.www.protocol.http.HttpURLConnection.getOutputStream(HttpURLConnection.java:1329)
	at com.shark.aio.data.video.controller.VideoController.callFaceAI(FaceController.java:61)
	at com.shark.aio.base.controller.InitFFmpeg$1.onFileCreate(InitFFmpeg.java:79)
	at org.apache.commons.io.monitor.FileAlterationObserver.doCreate(FileAlterationObserver.java:379)
	at org.apache.commons.io.monitor.FileAlterationObserver.checkAndNotify(FileAlterationObserver.java:345)
	at org.apache.commons.io.monitor.FileAlterationObserver.checkAndNotify(FileAlterationObserver.java:304)
	at org.apache.commons.io.monitor.FileAlterationMonitor.run(FileAlterationMonitor.java:182)
	at java.lang.Thread.run(Thread.java:750)
2023-04-06 14:14:44.203 [,] [Thread-10] ERROR c.s.a.d.v.f.c.FaceController - [callFaceAI,143] - 发送POST请求出现异常！
java.net.ConnectException: Connection refused: connect
	at java.net.DualStackPlainSocketImpl.connect0(Native Method)
	at java.net.DualStackPlainSocketImpl.socketConnect(DualStackPlainSocketImpl.java:75)
	at java.net.AbstractPlainSocketImpl.doConnect(AbstractPlainSocketImpl.java:476)
	at java.net.AbstractPlainSocketImpl.connectToAddress(AbstractPlainSocketImpl.java:218)
	at java.net.AbstractPlainSocketImpl.connect(AbstractPlainSocketImpl.java:200)
	at java.net.PlainSocketImpl.connect(PlainSocketImpl.java:162)
	at java.net.SocksSocketImpl.connect(SocksSocketImpl.java:394)
	at java.net.Socket.connect(Socket.java:606)
	at java.net.Socket.connect(Socket.java:555)
	at sun.net.NetworkClient.doConnect(NetworkClient.java:180)
	at sun.net.www.http.HttpClient.openServer(HttpClient.java:499)
	at sun.net.www.http.HttpClient.openServer(HttpClient.java:594)
	at sun.net.www.http.HttpClient.<init>(HttpClient.java:278)
	at sun.net.www.http.HttpClient.New(HttpClient.java:375)
	at sun.net.www.http.HttpClient.New(HttpClient.java:393)
	at sun.net.www.protocol.http.HttpURLConnection.getNewHttpClient(HttpURLConnection.java:1240)
	at sun.net.www.protocol.http.HttpURLConnection.plainConnect0(HttpURLConnection.java:1167)
	at sun.net.www.protocol.http.HttpURLConnection.plainConnect(HttpURLConnection.java:1061)
	at sun.net.www.protocol.http.HttpURLConnection.connect(HttpURLConnection.java:995)
	at sun.net.www.protocol.http.HttpURLConnection.getOutputStream0(HttpURLConnection.java:1354)
	at sun.net.www.protocol.http.HttpURLConnection.getOutputStream(HttpURLConnection.java:1329)
	at com.shark.aio.data.video.controller.VideoController.callFaceAI(FaceController.java:61)
	at com.shark.aio.base.controller.InitFFmpeg$1.onFileCreate(InitFFmpeg.java:79)
	at org.apache.commons.io.monitor.FileAlterationObserver.doCreate(FileAlterationObserver.java:379)
	at org.apache.commons.io.monitor.FileAlterationObserver.checkAndNotify(FileAlterationObserver.java:345)
	at org.apache.commons.io.monitor.FileAlterationObserver.checkAndNotify(FileAlterationObserver.java:304)
	at org.apache.commons.io.monitor.FileAlterationMonitor.run(FileAlterationMonitor.java:182)
	at java.lang.Thread.run(Thread.java:750)
2023-04-06 14:14:46.246 [,] [Thread-10] ERROR c.s.a.d.v.f.c.FaceController - [callFaceAI,143] - 发送POST请求出现异常！
java.net.ConnectException: Connection refused: connect
	at java.net.DualStackPlainSocketImpl.connect0(Native Method)
	at java.net.DualStackPlainSocketImpl.socketConnect(DualStackPlainSocketImpl.java:75)
	at java.net.AbstractPlainSocketImpl.doConnect(AbstractPlainSocketImpl.java:476)
	at java.net.AbstractPlainSocketImpl.connectToAddress(AbstractPlainSocketImpl.java:218)
	at java.net.AbstractPlainSocketImpl.connect(AbstractPlainSocketImpl.java:200)
	at java.net.PlainSocketImpl.connect(PlainSocketImpl.java:162)
	at java.net.SocksSocketImpl.connect(SocksSocketImpl.java:394)
	at java.net.Socket.connect(Socket.java:606)
	at java.net.Socket.connect(Socket.java:555)
	at sun.net.NetworkClient.doConnect(NetworkClient.java:180)
	at sun.net.www.http.HttpClient.openServer(HttpClient.java:499)
	at sun.net.www.http.HttpClient.openServer(HttpClient.java:594)
	at sun.net.www.http.HttpClient.<init>(HttpClient.java:278)
	at sun.net.www.http.HttpClient.New(HttpClient.java:375)
	at sun.net.www.http.HttpClient.New(HttpClient.java:393)
	at sun.net.www.protocol.http.HttpURLConnection.getNewHttpClient(HttpURLConnection.java:1240)
	at sun.net.www.protocol.http.HttpURLConnection.plainConnect0(HttpURLConnection.java:1167)
	at sun.net.www.protocol.http.HttpURLConnection.plainConnect(HttpURLConnection.java:1061)
	at sun.net.www.protocol.http.HttpURLConnection.connect(HttpURLConnection.java:995)
	at sun.net.www.protocol.http.HttpURLConnection.getOutputStream0(HttpURLConnection.java:1354)
	at sun.net.www.protocol.http.HttpURLConnection.getOutputStream(HttpURLConnection.java:1329)
	at com.shark.aio.data.video.controller.VideoController.callFaceAI(FaceController.java:61)
	at com.shark.aio.base.controller.InitFFmpeg$1.onFileCreate(InitFFmpeg.java:79)
	at org.apache.commons.io.monitor.FileAlterationObserver.doCreate(FileAlterationObserver.java:379)
	at org.apache.commons.io.monitor.FileAlterationObserver.checkAndNotify(FileAlterationObserver.java:345)
	at org.apache.commons.io.monitor.FileAlterationObserver.checkAndNotify(FileAlterationObserver.java:304)
	at org.apache.commons.io.monitor.FileAlterationMonitor.run(FileAlterationMonitor.java:182)
	at java.lang.Thread.run(Thread.java:750)
2023-04-06 14:14:48.276 [,] [Thread-10] ERROR c.s.a.d.v.f.c.FaceController - [callFaceAI,143] - 发送POST请求出现异常！
java.net.ConnectException: Connection refused: connect
	at java.net.DualStackPlainSocketImpl.connect0(Native Method)
	at java.net.DualStackPlainSocketImpl.socketConnect(DualStackPlainSocketImpl.java:75)
	at java.net.AbstractPlainSocketImpl.doConnect(AbstractPlainSocketImpl.java:476)
	at java.net.AbstractPlainSocketImpl.connectToAddress(AbstractPlainSocketImpl.java:218)
	at java.net.AbstractPlainSocketImpl.connect(AbstractPlainSocketImpl.java:200)
	at java.net.PlainSocketImpl.connect(PlainSocketImpl.java:162)
	at java.net.SocksSocketImpl.connect(SocksSocketImpl.java:394)
	at java.net.Socket.connect(Socket.java:606)
	at java.net.Socket.connect(Socket.java:555)
	at sun.net.NetworkClient.doConnect(NetworkClient.java:180)
	at sun.net.www.http.HttpClient.openServer(HttpClient.java:499)
	at sun.net.www.http.HttpClient.openServer(HttpClient.java:594)
	at sun.net.www.http.HttpClient.<init>(HttpClient.java:278)
	at sun.net.www.http.HttpClient.New(HttpClient.java:375)
	at sun.net.www.http.HttpClient.New(HttpClient.java:393)
	at sun.net.www.protocol.http.HttpURLConnection.getNewHttpClient(HttpURLConnection.java:1240)
	at sun.net.www.protocol.http.HttpURLConnection.plainConnect0(HttpURLConnection.java:1167)
	at sun.net.www.protocol.http.HttpURLConnection.plainConnect(HttpURLConnection.java:1061)
	at sun.net.www.protocol.http.HttpURLConnection.connect(HttpURLConnection.java:995)
	at sun.net.www.protocol.http.HttpURLConnection.getOutputStream0(HttpURLConnection.java:1354)
	at sun.net.www.protocol.http.HttpURLConnection.getOutputStream(HttpURLConnection.java:1329)
	at com.shark.aio.data.video.controller.VideoController.callFaceAI(FaceController.java:61)
	at com.shark.aio.base.controller.InitFFmpeg$1.onFileCreate(InitFFmpeg.java:79)
	at org.apache.commons.io.monitor.FileAlterationObserver.doCreate(FileAlterationObserver.java:379)
	at org.apache.commons.io.monitor.FileAlterationObserver.checkAndNotify(FileAlterationObserver.java:345)
	at org.apache.commons.io.monitor.FileAlterationObserver.checkAndNotify(FileAlterationObserver.java:304)
	at org.apache.commons.io.monitor.FileAlterationMonitor.run(FileAlterationMonitor.java:182)
	at java.lang.Thread.run(Thread.java:750)
2023-04-06 14:14:50.282 [,] [Thread-10] ERROR c.s.a.d.v.f.c.FaceController - [callFaceAI,143] - 发送POST请求出现异常！
java.net.ConnectException: Connection refused: connect
	at java.net.DualStackPlainSocketImpl.connect0(Native Method)
	at java.net.DualStackPlainSocketImpl.socketConnect(DualStackPlainSocketImpl.java:75)
	at java.net.AbstractPlainSocketImpl.doConnect(AbstractPlainSocketImpl.java:476)
	at java.net.AbstractPlainSocketImpl.connectToAddress(AbstractPlainSocketImpl.java:218)
	at java.net.AbstractPlainSocketImpl.connect(AbstractPlainSocketImpl.java:200)
	at java.net.PlainSocketImpl.connect(PlainSocketImpl.java:162)
	at java.net.SocksSocketImpl.connect(SocksSocketImpl.java:394)
	at java.net.Socket.connect(Socket.java:606)
	at java.net.Socket.connect(Socket.java:555)
	at sun.net.NetworkClient.doConnect(NetworkClient.java:180)
	at sun.net.www.http.HttpClient.openServer(HttpClient.java:499)
	at sun.net.www.http.HttpClient.openServer(HttpClient.java:594)
	at sun.net.www.http.HttpClient.<init>(HttpClient.java:278)
	at sun.net.www.http.HttpClient.New(HttpClient.java:375)
	at sun.net.www.http.HttpClient.New(HttpClient.java:393)
	at sun.net.www.protocol.http.HttpURLConnection.getNewHttpClient(HttpURLConnection.java:1240)
	at sun.net.www.protocol.http.HttpURLConnection.plainConnect0(HttpURLConnection.java:1167)
	at sun.net.www.protocol.http.HttpURLConnection.plainConnect(HttpURLConnection.java:1061)
	at sun.net.www.protocol.http.HttpURLConnection.connect(HttpURLConnection.java:995)
	at sun.net.www.protocol.http.HttpURLConnection.getOutputStream0(HttpURLConnection.java:1354)
	at sun.net.www.protocol.http.HttpURLConnection.getOutputStream(HttpURLConnection.java:1329)
	at com.shark.aio.data.video.controller.VideoController.callFaceAI(FaceController.java:61)
	at com.shark.aio.base.controller.InitFFmpeg$1.onFileCreate(InitFFmpeg.java:79)
	at org.apache.commons.io.monitor.FileAlterationObserver.doCreate(FileAlterationObserver.java:379)
	at org.apache.commons.io.monitor.FileAlterationObserver.checkAndNotify(FileAlterationObserver.java:345)
	at org.apache.commons.io.monitor.FileAlterationObserver.checkAndNotify(FileAlterationObserver.java:304)
	at org.apache.commons.io.monitor.FileAlterationMonitor.run(FileAlterationMonitor.java:182)
	at java.lang.Thread.run(Thread.java:750)
2023-04-06 14:14:52.320 [,] [Thread-10] ERROR c.s.a.d.v.f.c.FaceController - [callFaceAI,143] - 发送POST请求出现异常！
java.net.ConnectException: Connection refused: connect
	at java.net.DualStackPlainSocketImpl.connect0(Native Method)
	at java.net.DualStackPlainSocketImpl.socketConnect(DualStackPlainSocketImpl.java:75)
	at java.net.AbstractPlainSocketImpl.doConnect(AbstractPlainSocketImpl.java:476)
	at java.net.AbstractPlainSocketImpl.connectToAddress(AbstractPlainSocketImpl.java:218)
	at java.net.AbstractPlainSocketImpl.connect(AbstractPlainSocketImpl.java:200)
	at java.net.PlainSocketImpl.connect(PlainSocketImpl.java:162)
	at java.net.SocksSocketImpl.connect(SocksSocketImpl.java:394)
	at java.net.Socket.connect(Socket.java:606)
	at java.net.Socket.connect(Socket.java:555)
	at sun.net.NetworkClient.doConnect(NetworkClient.java:180)
	at sun.net.www.http.HttpClient.openServer(HttpClient.java:499)
	at sun.net.www.http.HttpClient.openServer(HttpClient.java:594)
	at sun.net.www.http.HttpClient.<init>(HttpClient.java:278)
	at sun.net.www.http.HttpClient.New(HttpClient.java:375)
	at sun.net.www.http.HttpClient.New(HttpClient.java:393)
	at sun.net.www.protocol.http.HttpURLConnection.getNewHttpClient(HttpURLConnection.java:1240)
	at sun.net.www.protocol.http.HttpURLConnection.plainConnect0(HttpURLConnection.java:1167)
	at sun.net.www.protocol.http.HttpURLConnection.plainConnect(HttpURLConnection.java:1061)
	at sun.net.www.protocol.http.HttpURLConnection.connect(HttpURLConnection.java:995)
	at sun.net.www.protocol.http.HttpURLConnection.getOutputStream0(HttpURLConnection.java:1354)
	at sun.net.www.protocol.http.HttpURLConnection.getOutputStream(HttpURLConnection.java:1329)
	at com.shark.aio.data.video.controller.VideoController.callFaceAI(FaceController.java:61)
	at com.shark.aio.base.controller.InitFFmpeg$1.onFileCreate(InitFFmpeg.java:79)
	at org.apache.commons.io.monitor.FileAlterationObserver.doCreate(FileAlterationObserver.java:379)
	at org.apache.commons.io.monitor.FileAlterationObserver.checkAndNotify(FileAlterationObserver.java:345)
	at org.apache.commons.io.monitor.FileAlterationObserver.checkAndNotify(FileAlterationObserver.java:304)
	at org.apache.commons.io.monitor.FileAlterationMonitor.run(FileAlterationMonitor.java:182)
	at java.lang.Thread.run(Thread.java:750)
2023-04-06 14:14:54.363 [,] [Thread-10] ERROR c.s.a.d.v.f.c.FaceController - [callFaceAI,143] - 发送POST请求出现异常！
java.net.ConnectException: Connection refused: connect
	at java.net.DualStackPlainSocketImpl.connect0(Native Method)
	at java.net.DualStackPlainSocketImpl.socketConnect(DualStackPlainSocketImpl.java:75)
	at java.net.AbstractPlainSocketImpl.doConnect(AbstractPlainSocketImpl.java:476)
	at java.net.AbstractPlainSocketImpl.connectToAddress(AbstractPlainSocketImpl.java:218)
	at java.net.AbstractPlainSocketImpl.connect(AbstractPlainSocketImpl.java:200)
	at java.net.PlainSocketImpl.connect(PlainSocketImpl.java:162)
	at java.net.SocksSocketImpl.connect(SocksSocketImpl.java:394)
	at java.net.Socket.connect(Socket.java:606)
	at java.net.Socket.connect(Socket.java:555)
	at sun.net.NetworkClient.doConnect(NetworkClient.java:180)
	at sun.net.www.http.HttpClient.openServer(HttpClient.java:499)
	at sun.net.www.http.HttpClient.openServer(HttpClient.java:594)
	at sun.net.www.http.HttpClient.<init>(HttpClient.java:278)
	at sun.net.www.http.HttpClient.New(HttpClient.java:375)
	at sun.net.www.http.HttpClient.New(HttpClient.java:393)
	at sun.net.www.protocol.http.HttpURLConnection.getNewHttpClient(HttpURLConnection.java:1240)
	at sun.net.www.protocol.http.HttpURLConnection.plainConnect0(HttpURLConnection.java:1167)
	at sun.net.www.protocol.http.HttpURLConnection.plainConnect(HttpURLConnection.java:1061)
	at sun.net.www.protocol.http.HttpURLConnection.connect(HttpURLConnection.java:995)
	at sun.net.www.protocol.http.HttpURLConnection.getOutputStream0(HttpURLConnection.java:1354)
	at sun.net.www.protocol.http.HttpURLConnection.getOutputStream(HttpURLConnection.java:1329)
	at com.shark.aio.data.video.controller.VideoController.callFaceAI(FaceController.java:61)
	at com.shark.aio.base.controller.InitFFmpeg$1.onFileCreate(InitFFmpeg.java:79)
	at org.apache.commons.io.monitor.FileAlterationObserver.doCreate(FileAlterationObserver.java:379)
	at org.apache.commons.io.monitor.FileAlterationObserver.checkAndNotify(FileAlterationObserver.java:345)
	at org.apache.commons.io.monitor.FileAlterationObserver.checkAndNotify(FileAlterationObserver.java:304)
	at org.apache.commons.io.monitor.FileAlterationMonitor.run(FileAlterationMonitor.java:182)
	at java.lang.Thread.run(Thread.java:750)
2023-04-06 14:14:56.924 [,] [Thread-10] ERROR c.s.a.d.v.f.c.FaceController - [callFaceAI,143] - 发送POST请求出现异常！
java.net.ConnectException: Connection refused: connect
	at java.net.DualStackPlainSocketImpl.connect0(Native Method)
	at java.net.DualStackPlainSocketImpl.socketConnect(DualStackPlainSocketImpl.java:75)
	at java.net.AbstractPlainSocketImpl.doConnect(AbstractPlainSocketImpl.java:476)
	at java.net.AbstractPlainSocketImpl.connectToAddress(AbstractPlainSocketImpl.java:218)
	at java.net.AbstractPlainSocketImpl.connect(AbstractPlainSocketImpl.java:200)
	at java.net.PlainSocketImpl.connect(PlainSocketImpl.java:162)
	at java.net.SocksSocketImpl.connect(SocksSocketImpl.java:394)
	at java.net.Socket.connect(Socket.java:606)
	at java.net.Socket.connect(Socket.java:555)
	at sun.net.NetworkClient.doConnect(NetworkClient.java:180)
	at sun.net.www.http.HttpClient.openServer(HttpClient.java:499)
	at sun.net.www.http.HttpClient.openServer(HttpClient.java:594)
	at sun.net.www.http.HttpClient.<init>(HttpClient.java:278)
	at sun.net.www.http.HttpClient.New(HttpClient.java:375)
	at sun.net.www.http.HttpClient.New(HttpClient.java:393)
	at sun.net.www.protocol.http.HttpURLConnection.getNewHttpClient(HttpURLConnection.java:1240)
	at sun.net.www.protocol.http.HttpURLConnection.plainConnect0(HttpURLConnection.java:1167)
	at sun.net.www.protocol.http.HttpURLConnection.plainConnect(HttpURLConnection.java:1061)
	at sun.net.www.protocol.http.HttpURLConnection.connect(HttpURLConnection.java:995)
	at sun.net.www.protocol.http.HttpURLConnection.getOutputStream0(HttpURLConnection.java:1354)
	at sun.net.www.protocol.http.HttpURLConnection.getOutputStream(HttpURLConnection.java:1329)
	at com.shark.aio.data.video.controller.VideoController.callFaceAI(FaceController.java:61)
	at com.shark.aio.base.controller.InitFFmpeg$1.onFileCreate(InitFFmpeg.java:79)
	at org.apache.commons.io.monitor.FileAlterationObserver.doCreate(FileAlterationObserver.java:379)
	at org.apache.commons.io.monitor.FileAlterationObserver.checkAndNotify(FileAlterationObserver.java:345)
	at org.apache.commons.io.monitor.FileAlterationObserver.checkAndNotify(FileAlterationObserver.java:304)
	at org.apache.commons.io.monitor.FileAlterationMonitor.run(FileAlterationMonitor.java:182)
	at java.lang.Thread.run(Thread.java:750)
2023-04-06 14:14:58.953 [,] [Thread-10] ERROR c.s.a.d.v.f.c.FaceController - [callFaceAI,143] - 发送POST请求出现异常！
java.net.ConnectException: Connection refused: connect
	at java.net.DualStackPlainSocketImpl.connect0(Native Method)
	at java.net.DualStackPlainSocketImpl.socketConnect(DualStackPlainSocketImpl.java:75)
	at java.net.AbstractPlainSocketImpl.doConnect(AbstractPlainSocketImpl.java:476)
	at java.net.AbstractPlainSocketImpl.connectToAddress(AbstractPlainSocketImpl.java:218)
	at java.net.AbstractPlainSocketImpl.connect(AbstractPlainSocketImpl.java:200)
	at java.net.PlainSocketImpl.connect(PlainSocketImpl.java:162)
	at java.net.SocksSocketImpl.connect(SocksSocketImpl.java:394)
	at java.net.Socket.connect(Socket.java:606)
	at java.net.Socket.connect(Socket.java:555)
	at sun.net.NetworkClient.doConnect(NetworkClient.java:180)
	at sun.net.www.http.HttpClient.openServer(HttpClient.java:499)
	at sun.net.www.http.HttpClient.openServer(HttpClient.java:594)
	at sun.net.www.http.HttpClient.<init>(HttpClient.java:278)
	at sun.net.www.http.HttpClient.New(HttpClient.java:375)
	at sun.net.www.http.HttpClient.New(HttpClient.java:393)
	at sun.net.www.protocol.http.HttpURLConnection.getNewHttpClient(HttpURLConnection.java:1240)
	at sun.net.www.protocol.http.HttpURLConnection.plainConnect0(HttpURLConnection.java:1167)
	at sun.net.www.protocol.http.HttpURLConnection.plainConnect(HttpURLConnection.java:1061)
	at sun.net.www.protocol.http.HttpURLConnection.connect(HttpURLConnection.java:995)
	at sun.net.www.protocol.http.HttpURLConnection.getOutputStream0(HttpURLConnection.java:1354)
	at sun.net.www.protocol.http.HttpURLConnection.getOutputStream(HttpURLConnection.java:1329)
	at com.shark.aio.data.video.controller.VideoController.callFaceAI(FaceController.java:61)
	at com.shark.aio.base.controller.InitFFmpeg$1.onFileCreate(InitFFmpeg.java:79)
	at org.apache.commons.io.monitor.FileAlterationObserver.doCreate(FileAlterationObserver.java:379)
	at org.apache.commons.io.monitor.FileAlterationObserver.checkAndNotify(FileAlterationObserver.java:345)
	at org.apache.commons.io.monitor.FileAlterationObserver.checkAndNotify(FileAlterationObserver.java:304)
	at org.apache.commons.io.monitor.FileAlterationMonitor.run(FileAlterationMonitor.java:182)
	at java.lang.Thread.run(Thread.java:750)
2023-04-06 14:15:00.981 [,] [Thread-10] ERROR c.s.a.d.v.f.c.FaceController - [callFaceAI,143] - 发送POST请求出现异常！
java.net.ConnectException: Connection refused: connect
	at java.net.DualStackPlainSocketImpl.connect0(Native Method)
	at java.net.DualStackPlainSocketImpl.socketConnect(DualStackPlainSocketImpl.java:75)
	at java.net.AbstractPlainSocketImpl.doConnect(AbstractPlainSocketImpl.java:476)
	at java.net.AbstractPlainSocketImpl.connectToAddress(AbstractPlainSocketImpl.java:218)
	at java.net.AbstractPlainSocketImpl.connect(AbstractPlainSocketImpl.java:200)
	at java.net.PlainSocketImpl.connect(PlainSocketImpl.java:162)
	at java.net.SocksSocketImpl.connect(SocksSocketImpl.java:394)
	at java.net.Socket.connect(Socket.java:606)
	at java.net.Socket.connect(Socket.java:555)
	at sun.net.NetworkClient.doConnect(NetworkClient.java:180)
	at sun.net.www.http.HttpClient.openServer(HttpClient.java:499)
	at sun.net.www.http.HttpClient.openServer(HttpClient.java:594)
	at sun.net.www.http.HttpClient.<init>(HttpClient.java:278)
	at sun.net.www.http.HttpClient.New(HttpClient.java:375)
	at sun.net.www.http.HttpClient.New(HttpClient.java:393)
	at sun.net.www.protocol.http.HttpURLConnection.getNewHttpClient(HttpURLConnection.java:1240)
	at sun.net.www.protocol.http.HttpURLConnection.plainConnect0(HttpURLConnection.java:1167)
	at sun.net.www.protocol.http.HttpURLConnection.plainConnect(HttpURLConnection.java:1061)
	at sun.net.www.protocol.http.HttpURLConnection.connect(HttpURLConnection.java:995)
	at sun.net.www.protocol.http.HttpURLConnection.getOutputStream0(HttpURLConnection.java:1354)
	at sun.net.www.protocol.http.HttpURLConnection.getOutputStream(HttpURLConnection.java:1329)
	at com.shark.aio.data.video.controller.VideoController.callFaceAI(FaceController.java:61)
	at com.shark.aio.base.controller.InitFFmpeg$1.onFileCreate(InitFFmpeg.java:79)
	at org.apache.commons.io.monitor.FileAlterationObserver.doCreate(FileAlterationObserver.java:379)
	at org.apache.commons.io.monitor.FileAlterationObserver.checkAndNotify(FileAlterationObserver.java:345)
	at org.apache.commons.io.monitor.FileAlterationObserver.checkAndNotify(FileAlterationObserver.java:304)
	at org.apache.commons.io.monitor.FileAlterationMonitor.run(FileAlterationMonitor.java:182)
	at java.lang.Thread.run(Thread.java:750)
2023-04-06 14:15:03.018 [,] [Thread-10] ERROR c.s.a.d.v.f.c.FaceController - [callFaceAI,143] - 发送POST请求出现异常！
java.net.ConnectException: Connection refused: connect
	at java.net.DualStackPlainSocketImpl.connect0(Native Method)
	at java.net.DualStackPlainSocketImpl.socketConnect(DualStackPlainSocketImpl.java:75)
	at java.net.AbstractPlainSocketImpl.doConnect(AbstractPlainSocketImpl.java:476)
	at java.net.AbstractPlainSocketImpl.connectToAddress(AbstractPlainSocketImpl.java:218)
	at java.net.AbstractPlainSocketImpl.connect(AbstractPlainSocketImpl.java:200)
	at java.net.PlainSocketImpl.connect(PlainSocketImpl.java:162)
	at java.net.SocksSocketImpl.connect(SocksSocketImpl.java:394)
	at java.net.Socket.connect(Socket.java:606)
	at java.net.Socket.connect(Socket.java:555)
	at sun.net.NetworkClient.doConnect(NetworkClient.java:180)
	at sun.net.www.http.HttpClient.openServer(HttpClient.java:499)
	at sun.net.www.http.HttpClient.openServer(HttpClient.java:594)
	at sun.net.www.http.HttpClient.<init>(HttpClient.java:278)
	at sun.net.www.http.HttpClient.New(HttpClient.java:375)
	at sun.net.www.http.HttpClient.New(HttpClient.java:393)
	at sun.net.www.protocol.http.HttpURLConnection.getNewHttpClient(HttpURLConnection.java:1240)
	at sun.net.www.protocol.http.HttpURLConnection.plainConnect0(HttpURLConnection.java:1167)
	at sun.net.www.protocol.http.HttpURLConnection.plainConnect(HttpURLConnection.java:1061)
	at sun.net.www.protocol.http.HttpURLConnection.connect(HttpURLConnection.java:995)
	at sun.net.www.protocol.http.HttpURLConnection.getOutputStream0(HttpURLConnection.java:1354)
	at sun.net.www.protocol.http.HttpURLConnection.getOutputStream(HttpURLConnection.java:1329)
	at com.shark.aio.data.video.controller.VideoController.callFaceAI(FaceController.java:61)
	at com.shark.aio.base.controller.InitFFmpeg$1.onFileCreate(InitFFmpeg.java:79)
	at org.apache.commons.io.monitor.FileAlterationObserver.doCreate(FileAlterationObserver.java:379)
	at org.apache.commons.io.monitor.FileAlterationObserver.checkAndNotify(FileAlterationObserver.java:345)
	at org.apache.commons.io.monitor.FileAlterationObserver.checkAndNotify(FileAlterationObserver.java:304)
	at org.apache.commons.io.monitor.FileAlterationMonitor.run(FileAlterationMonitor.java:182)
	at java.lang.Thread.run(Thread.java:750)
2023-04-06 14:15:05.052 [,] [Thread-10] ERROR c.s.a.d.v.f.c.FaceController - [callFaceAI,143] - 发送POST请求出现异常！
java.net.ConnectException: Connection refused: connect
	at java.net.DualStackPlainSocketImpl.connect0(Native Method)
	at java.net.DualStackPlainSocketImpl.socketConnect(DualStackPlainSocketImpl.java:75)
	at java.net.AbstractPlainSocketImpl.doConnect(AbstractPlainSocketImpl.java:476)
	at java.net.AbstractPlainSocketImpl.connectToAddress(AbstractPlainSocketImpl.java:218)
	at java.net.AbstractPlainSocketImpl.connect(AbstractPlainSocketImpl.java:200)
	at java.net.PlainSocketImpl.connect(PlainSocketImpl.java:162)
	at java.net.SocksSocketImpl.connect(SocksSocketImpl.java:394)
	at java.net.Socket.connect(Socket.java:606)
	at java.net.Socket.connect(Socket.java:555)
	at sun.net.NetworkClient.doConnect(NetworkClient.java:180)
	at sun.net.www.http.HttpClient.openServer(HttpClient.java:499)
	at sun.net.www.http.HttpClient.openServer(HttpClient.java:594)
	at sun.net.www.http.HttpClient.<init>(HttpClient.java:278)
	at sun.net.www.http.HttpClient.New(HttpClient.java:375)
	at sun.net.www.http.HttpClient.New(HttpClient.java:393)
	at sun.net.www.protocol.http.HttpURLConnection.getNewHttpClient(HttpURLConnection.java:1240)
	at sun.net.www.protocol.http.HttpURLConnection.plainConnect0(HttpURLConnection.java:1167)
	at sun.net.www.protocol.http.HttpURLConnection.plainConnect(HttpURLConnection.java:1061)
	at sun.net.www.protocol.http.HttpURLConnection.connect(HttpURLConnection.java:995)
	at sun.net.www.protocol.http.HttpURLConnection.getOutputStream0(HttpURLConnection.java:1354)
	at sun.net.www.protocol.http.HttpURLConnection.getOutputStream(HttpURLConnection.java:1329)
	at com.shark.aio.data.video.controller.VideoController.callFaceAI(FaceController.java:61)
	at com.shark.aio.base.controller.InitFFmpeg$1.onFileCreate(InitFFmpeg.java:79)
	at org.apache.commons.io.monitor.FileAlterationObserver.doCreate(FileAlterationObserver.java:379)
	at org.apache.commons.io.monitor.FileAlterationObserver.checkAndNotify(FileAlterationObserver.java:345)
	at org.apache.commons.io.monitor.FileAlterationObserver.checkAndNotify(FileAlterationObserver.java:304)
	at org.apache.commons.io.monitor.FileAlterationMonitor.run(FileAlterationMonitor.java:182)
	at java.lang.Thread.run(Thread.java:750)
2023-04-06 14:15:07.097 [,] [Thread-10] ERROR c.s.a.d.v.f.c.FaceController - [callFaceAI,143] - 发送POST请求出现异常！
java.net.ConnectException: Connection refused: connect
	at java.net.DualStackPlainSocketImpl.connect0(Native Method)
	at java.net.DualStackPlainSocketImpl.socketConnect(DualStackPlainSocketImpl.java:75)
	at java.net.AbstractPlainSocketImpl.doConnect(AbstractPlainSocketImpl.java:476)
	at java.net.AbstractPlainSocketImpl.connectToAddress(AbstractPlainSocketImpl.java:218)
	at java.net.AbstractPlainSocketImpl.connect(AbstractPlainSocketImpl.java:200)
	at java.net.PlainSocketImpl.connect(PlainSocketImpl.java:162)
	at java.net.SocksSocketImpl.connect(SocksSocketImpl.java:394)
	at java.net.Socket.connect(Socket.java:606)
	at java.net.Socket.connect(Socket.java:555)
	at sun.net.NetworkClient.doConnect(NetworkClient.java:180)
	at sun.net.www.http.HttpClient.openServer(HttpClient.java:499)
	at sun.net.www.http.HttpClient.openServer(HttpClient.java:594)
	at sun.net.www.http.HttpClient.<init>(HttpClient.java:278)
	at sun.net.www.http.HttpClient.New(HttpClient.java:375)
	at sun.net.www.http.HttpClient.New(HttpClient.java:393)
	at sun.net.www.protocol.http.HttpURLConnection.getNewHttpClient(HttpURLConnection.java:1240)
	at sun.net.www.protocol.http.HttpURLConnection.plainConnect0(HttpURLConnection.java:1167)
	at sun.net.www.protocol.http.HttpURLConnection.plainConnect(HttpURLConnection.java:1061)
	at sun.net.www.protocol.http.HttpURLConnection.connect(HttpURLConnection.java:995)
	at sun.net.www.protocol.http.HttpURLConnection.getOutputStream0(HttpURLConnection.java:1354)
	at sun.net.www.protocol.http.HttpURLConnection.getOutputStream(HttpURLConnection.java:1329)
	at com.shark.aio.data.video.controller.VideoController.callFaceAI(FaceController.java:61)
	at com.shark.aio.base.controller.InitFFmpeg$1.onFileCreate(InitFFmpeg.java:79)
	at org.apache.commons.io.monitor.FileAlterationObserver.doCreate(FileAlterationObserver.java:379)
	at org.apache.commons.io.monitor.FileAlterationObserver.checkAndNotify(FileAlterationObserver.java:345)
	at org.apache.commons.io.monitor.FileAlterationObserver.checkAndNotify(FileAlterationObserver.java:304)
	at org.apache.commons.io.monitor.FileAlterationMonitor.run(FileAlterationMonitor.java:182)
	at java.lang.Thread.run(Thread.java:750)
2023-04-06 14:15:09.126 [,] [Thread-10] ERROR c.s.a.d.v.f.c.FaceController - [callFaceAI,143] - 发送POST请求出现异常！
java.net.ConnectException: Connection refused: connect
	at java.net.DualStackPlainSocketImpl.connect0(Native Method)
	at java.net.DualStackPlainSocketImpl.socketConnect(DualStackPlainSocketImpl.java:75)
	at java.net.AbstractPlainSocketImpl.doConnect(AbstractPlainSocketImpl.java:476)
	at java.net.AbstractPlainSocketImpl.connectToAddress(AbstractPlainSocketImpl.java:218)
	at java.net.AbstractPlainSocketImpl.connect(AbstractPlainSocketImpl.java:200)
	at java.net.PlainSocketImpl.connect(PlainSocketImpl.java:162)
	at java.net.SocksSocketImpl.connect(SocksSocketImpl.java:394)
	at java.net.Socket.connect(Socket.java:606)
	at java.net.Socket.connect(Socket.java:555)
	at sun.net.NetworkClient.doConnect(NetworkClient.java:180)
	at sun.net.www.http.HttpClient.openServer(HttpClient.java:499)
	at sun.net.www.http.HttpClient.openServer(HttpClient.java:594)
	at sun.net.www.http.HttpClient.<init>(HttpClient.java:278)
	at sun.net.www.http.HttpClient.New(HttpClient.java:375)
	at sun.net.www.http.HttpClient.New(HttpClient.java:393)
	at sun.net.www.protocol.http.HttpURLConnection.getNewHttpClient(HttpURLConnection.java:1240)
	at sun.net.www.protocol.http.HttpURLConnection.plainConnect0(HttpURLConnection.java:1167)
	at sun.net.www.protocol.http.HttpURLConnection.plainConnect(HttpURLConnection.java:1061)
	at sun.net.www.protocol.http.HttpURLConnection.connect(HttpURLConnection.java:995)
	at sun.net.www.protocol.http.HttpURLConnection.getOutputStream0(HttpURLConnection.java:1354)
	at sun.net.www.protocol.http.HttpURLConnection.getOutputStream(HttpURLConnection.java:1329)
	at com.shark.aio.data.video.controller.VideoController.callFaceAI(FaceController.java:61)
	at com.shark.aio.base.controller.InitFFmpeg$1.onFileCreate(InitFFmpeg.java:79)
	at org.apache.commons.io.monitor.FileAlterationObserver.doCreate(FileAlterationObserver.java:379)
	at org.apache.commons.io.monitor.FileAlterationObserver.checkAndNotify(FileAlterationObserver.java:345)
	at org.apache.commons.io.monitor.FileAlterationObserver.checkAndNotify(FileAlterationObserver.java:304)
	at org.apache.commons.io.monitor.FileAlterationMonitor.run(FileAlterationMonitor.java:182)
	at java.lang.Thread.run(Thread.java:750)
2023-04-06 14:15:11.167 [,] [Thread-10] ERROR c.s.a.d.v.f.c.FaceController - [callFaceAI,143] - 发送POST请求出现异常！
java.net.ConnectException: Connection refused: connect
	at java.net.DualStackPlainSocketImpl.connect0(Native Method)
	at java.net.DualStackPlainSocketImpl.socketConnect(DualStackPlainSocketImpl.java:75)
	at java.net.AbstractPlainSocketImpl.doConnect(AbstractPlainSocketImpl.java:476)
	at java.net.AbstractPlainSocketImpl.connectToAddress(AbstractPlainSocketImpl.java:218)
	at java.net.AbstractPlainSocketImpl.connect(AbstractPlainSocketImpl.java:200)
	at java.net.PlainSocketImpl.connect(PlainSocketImpl.java:162)
	at java.net.SocksSocketImpl.connect(SocksSocketImpl.java:394)
	at java.net.Socket.connect(Socket.java:606)
	at java.net.Socket.connect(Socket.java:555)
	at sun.net.NetworkClient.doConnect(NetworkClient.java:180)
	at sun.net.www.http.HttpClient.openServer(HttpClient.java:499)
	at sun.net.www.http.HttpClient.openServer(HttpClient.java:594)
	at sun.net.www.http.HttpClient.<init>(HttpClient.java:278)
	at sun.net.www.http.HttpClient.New(HttpClient.java:375)
	at sun.net.www.http.HttpClient.New(HttpClient.java:393)
	at sun.net.www.protocol.http.HttpURLConnection.getNewHttpClient(HttpURLConnection.java:1240)
	at sun.net.www.protocol.http.HttpURLConnection.plainConnect0(HttpURLConnection.java:1167)
	at sun.net.www.protocol.http.HttpURLConnection.plainConnect(HttpURLConnection.java:1061)
	at sun.net.www.protocol.http.HttpURLConnection.connect(HttpURLConnection.java:995)
	at sun.net.www.protocol.http.HttpURLConnection.getOutputStream0(HttpURLConnection.java:1354)
	at sun.net.www.protocol.http.HttpURLConnection.getOutputStream(HttpURLConnection.java:1329)
	at com.shark.aio.data.video.controller.VideoController.callFaceAI(FaceController.java:61)
	at com.shark.aio.base.controller.InitFFmpeg$1.onFileCreate(InitFFmpeg.java:79)
	at org.apache.commons.io.monitor.FileAlterationObserver.doCreate(FileAlterationObserver.java:379)
	at org.apache.commons.io.monitor.FileAlterationObserver.checkAndNotify(FileAlterationObserver.java:345)
	at org.apache.commons.io.monitor.FileAlterationObserver.checkAndNotify(FileAlterationObserver.java:304)
	at org.apache.commons.io.monitor.FileAlterationMonitor.run(FileAlterationMonitor.java:182)
	at java.lang.Thread.run(Thread.java:750)
2023-04-06 14:15:13.220 [,] [Thread-10] ERROR c.s.a.d.v.f.c.FaceController - [callFaceAI,143] - 发送POST请求出现异常！
java.net.ConnectException: Connection refused: connect
	at java.net.DualStackPlainSocketImpl.connect0(Native Method)
	at java.net.DualStackPlainSocketImpl.socketConnect(DualStackPlainSocketImpl.java:75)
	at java.net.AbstractPlainSocketImpl.doConnect(AbstractPlainSocketImpl.java:476)
	at java.net.AbstractPlainSocketImpl.connectToAddress(AbstractPlainSocketImpl.java:218)
	at java.net.AbstractPlainSocketImpl.connect(AbstractPlainSocketImpl.java:200)
	at java.net.PlainSocketImpl.connect(PlainSocketImpl.java:162)
	at java.net.SocksSocketImpl.connect(SocksSocketImpl.java:394)
	at java.net.Socket.connect(Socket.java:606)
	at java.net.Socket.connect(Socket.java:555)
	at sun.net.NetworkClient.doConnect(NetworkClient.java:180)
	at sun.net.www.http.HttpClient.openServer(HttpClient.java:499)
	at sun.net.www.http.HttpClient.openServer(HttpClient.java:594)
	at sun.net.www.http.HttpClient.<init>(HttpClient.java:278)
	at sun.net.www.http.HttpClient.New(HttpClient.java:375)
	at sun.net.www.http.HttpClient.New(HttpClient.java:393)
	at sun.net.www.protocol.http.HttpURLConnection.getNewHttpClient(HttpURLConnection.java:1240)
	at sun.net.www.protocol.http.HttpURLConnection.plainConnect0(HttpURLConnection.java:1167)
	at sun.net.www.protocol.http.HttpURLConnection.plainConnect(HttpURLConnection.java:1061)
	at sun.net.www.protocol.http.HttpURLConnection.connect(HttpURLConnection.java:995)
	at sun.net.www.protocol.http.HttpURLConnection.getOutputStream0(HttpURLConnection.java:1354)
	at sun.net.www.protocol.http.HttpURLConnection.getOutputStream(HttpURLConnection.java:1329)
	at com.shark.aio.data.video.controller.VideoController.callFaceAI(FaceController.java:61)
	at com.shark.aio.base.controller.InitFFmpeg$1.onFileCreate(InitFFmpeg.java:79)
	at org.apache.commons.io.monitor.FileAlterationObserver.doCreate(FileAlterationObserver.java:379)
	at org.apache.commons.io.monitor.FileAlterationObserver.checkAndNotify(FileAlterationObserver.java:345)
	at org.apache.commons.io.monitor.FileAlterationObserver.checkAndNotify(FileAlterationObserver.java:304)
	at org.apache.commons.io.monitor.FileAlterationMonitor.run(FileAlterationMonitor.java:182)
	at java.lang.Thread.run(Thread.java:750)
2023-04-06 14:15:15.263 [,] [Thread-10] ERROR c.s.a.d.v.f.c.FaceController - [callFaceAI,143] - 发送POST请求出现异常！
java.net.ConnectException: Connection refused: connect
	at java.net.DualStackPlainSocketImpl.connect0(Native Method)
	at java.net.DualStackPlainSocketImpl.socketConnect(DualStackPlainSocketImpl.java:75)
	at java.net.AbstractPlainSocketImpl.doConnect(AbstractPlainSocketImpl.java:476)
	at java.net.AbstractPlainSocketImpl.connectToAddress(AbstractPlainSocketImpl.java:218)
	at java.net.AbstractPlainSocketImpl.connect(AbstractPlainSocketImpl.java:200)
	at java.net.PlainSocketImpl.connect(PlainSocketImpl.java:162)
	at java.net.SocksSocketImpl.connect(SocksSocketImpl.java:394)
	at java.net.Socket.connect(Socket.java:606)
	at java.net.Socket.connect(Socket.java:555)
	at sun.net.NetworkClient.doConnect(NetworkClient.java:180)
	at sun.net.www.http.HttpClient.openServer(HttpClient.java:499)
	at sun.net.www.http.HttpClient.openServer(HttpClient.java:594)
	at sun.net.www.http.HttpClient.<init>(HttpClient.java:278)
	at sun.net.www.http.HttpClient.New(HttpClient.java:375)
	at sun.net.www.http.HttpClient.New(HttpClient.java:393)
	at sun.net.www.protocol.http.HttpURLConnection.getNewHttpClient(HttpURLConnection.java:1240)
	at sun.net.www.protocol.http.HttpURLConnection.plainConnect0(HttpURLConnection.java:1167)
	at sun.net.www.protocol.http.HttpURLConnection.plainConnect(HttpURLConnection.java:1061)
	at sun.net.www.protocol.http.HttpURLConnection.connect(HttpURLConnection.java:995)
	at sun.net.www.protocol.http.HttpURLConnection.getOutputStream0(HttpURLConnection.java:1354)
	at sun.net.www.protocol.http.HttpURLConnection.getOutputStream(HttpURLConnection.java:1329)
	at com.shark.aio.data.video.controller.VideoController.callFaceAI(FaceController.java:61)
	at com.shark.aio.base.controller.InitFFmpeg$1.onFileCreate(InitFFmpeg.java:79)
	at org.apache.commons.io.monitor.FileAlterationObserver.doCreate(FileAlterationObserver.java:379)
	at org.apache.commons.io.monitor.FileAlterationObserver.checkAndNotify(FileAlterationObserver.java:345)
	at org.apache.commons.io.monitor.FileAlterationObserver.checkAndNotify(FileAlterationObserver.java:304)
	at org.apache.commons.io.monitor.FileAlterationMonitor.run(FileAlterationMonitor.java:182)
	at java.lang.Thread.run(Thread.java:750)
2023-04-06 14:15:17.319 [,] [Thread-10] ERROR c.s.a.d.v.f.c.FaceController - [callFaceAI,143] - 发送POST请求出现异常！
java.net.ConnectException: Connection refused: connect
	at java.net.DualStackPlainSocketImpl.connect0(Native Method)
	at java.net.DualStackPlainSocketImpl.socketConnect(DualStackPlainSocketImpl.java:75)
	at java.net.AbstractPlainSocketImpl.doConnect(AbstractPlainSocketImpl.java:476)
	at java.net.AbstractPlainSocketImpl.connectToAddress(AbstractPlainSocketImpl.java:218)
	at java.net.AbstractPlainSocketImpl.connect(AbstractPlainSocketImpl.java:200)
	at java.net.PlainSocketImpl.connect(PlainSocketImpl.java:162)
	at java.net.SocksSocketImpl.connect(SocksSocketImpl.java:394)
	at java.net.Socket.connect(Socket.java:606)
	at java.net.Socket.connect(Socket.java:555)
	at sun.net.NetworkClient.doConnect(NetworkClient.java:180)
	at sun.net.www.http.HttpClient.openServer(HttpClient.java:499)
	at sun.net.www.http.HttpClient.openServer(HttpClient.java:594)
	at sun.net.www.http.HttpClient.<init>(HttpClient.java:278)
	at sun.net.www.http.HttpClient.New(HttpClient.java:375)
	at sun.net.www.http.HttpClient.New(HttpClient.java:393)
	at sun.net.www.protocol.http.HttpURLConnection.getNewHttpClient(HttpURLConnection.java:1240)
	at sun.net.www.protocol.http.HttpURLConnection.plainConnect0(HttpURLConnection.java:1167)
	at sun.net.www.protocol.http.HttpURLConnection.plainConnect(HttpURLConnection.java:1061)
	at sun.net.www.protocol.http.HttpURLConnection.connect(HttpURLConnection.java:995)
	at sun.net.www.protocol.http.HttpURLConnection.getOutputStream0(HttpURLConnection.java:1354)
	at sun.net.www.protocol.http.HttpURLConnection.getOutputStream(HttpURLConnection.java:1329)
	at com.shark.aio.data.video.controller.VideoController.callFaceAI(FaceController.java:61)
	at com.shark.aio.base.controller.InitFFmpeg$1.onFileCreate(InitFFmpeg.java:79)
	at org.apache.commons.io.monitor.FileAlterationObserver.doCreate(FileAlterationObserver.java:379)
	at org.apache.commons.io.monitor.FileAlterationObserver.checkAndNotify(FileAlterationObserver.java:345)
	at org.apache.commons.io.monitor.FileAlterationObserver.checkAndNotify(FileAlterationObserver.java:304)
	at org.apache.commons.io.monitor.FileAlterationMonitor.run(FileAlterationMonitor.java:182)
	at java.lang.Thread.run(Thread.java:750)
2023-04-06 14:15:19.375 [,] [Thread-10] ERROR c.s.a.d.v.f.c.FaceController - [callFaceAI,143] - 发送POST请求出现异常！
java.net.ConnectException: Connection refused: connect
	at java.net.DualStackPlainSocketImpl.connect0(Native Method)
	at java.net.DualStackPlainSocketImpl.socketConnect(DualStackPlainSocketImpl.java:75)
	at java.net.AbstractPlainSocketImpl.doConnect(AbstractPlainSocketImpl.java:476)
	at java.net.AbstractPlainSocketImpl.connectToAddress(AbstractPlainSocketImpl.java:218)
	at java.net.AbstractPlainSocketImpl.connect(AbstractPlainSocketImpl.java:200)
	at java.net.PlainSocketImpl.connect(PlainSocketImpl.java:162)
	at java.net.SocksSocketImpl.connect(SocksSocketImpl.java:394)
	at java.net.Socket.connect(Socket.java:606)
	at java.net.Socket.connect(Socket.java:555)
	at sun.net.NetworkClient.doConnect(NetworkClient.java:180)
	at sun.net.www.http.HttpClient.openServer(HttpClient.java:499)
	at sun.net.www.http.HttpClient.openServer(HttpClient.java:594)
	at sun.net.www.http.HttpClient.<init>(HttpClient.java:278)
	at sun.net.www.http.HttpClient.New(HttpClient.java:375)
	at sun.net.www.http.HttpClient.New(HttpClient.java:393)
	at sun.net.www.protocol.http.HttpURLConnection.getNewHttpClient(HttpURLConnection.java:1240)
	at sun.net.www.protocol.http.HttpURLConnection.plainConnect0(HttpURLConnection.java:1167)
	at sun.net.www.protocol.http.HttpURLConnection.plainConnect(HttpURLConnection.java:1061)
	at sun.net.www.protocol.http.HttpURLConnection.connect(HttpURLConnection.java:995)
	at sun.net.www.protocol.http.HttpURLConnection.getOutputStream0(HttpURLConnection.java:1354)
	at sun.net.www.protocol.http.HttpURLConnection.getOutputStream(HttpURLConnection.java:1329)
	at com.shark.aio.data.video.controller.VideoController.callFaceAI(FaceController.java:61)
	at com.shark.aio.base.controller.InitFFmpeg$1.onFileCreate(InitFFmpeg.java:79)
	at org.apache.commons.io.monitor.FileAlterationObserver.doCreate(FileAlterationObserver.java:379)
	at org.apache.commons.io.monitor.FileAlterationObserver.checkAndNotify(FileAlterationObserver.java:345)
	at org.apache.commons.io.monitor.FileAlterationObserver.checkAndNotify(FileAlterationObserver.java:304)
	at org.apache.commons.io.monitor.FileAlterationMonitor.run(FileAlterationMonitor.java:182)
	at java.lang.Thread.run(Thread.java:750)
2023-04-06 14:15:21.408 [,] [Thread-10] ERROR c.s.a.d.v.f.c.FaceController - [callFaceAI,143] - 发送POST请求出现异常！
java.net.ConnectException: Connection refused: connect
	at java.net.DualStackPlainSocketImpl.connect0(Native Method)
	at java.net.DualStackPlainSocketImpl.socketConnect(DualStackPlainSocketImpl.java:75)
	at java.net.AbstractPlainSocketImpl.doConnect(AbstractPlainSocketImpl.java:476)
	at java.net.AbstractPlainSocketImpl.connectToAddress(AbstractPlainSocketImpl.java:218)
	at java.net.AbstractPlainSocketImpl.connect(AbstractPlainSocketImpl.java:200)
	at java.net.PlainSocketImpl.connect(PlainSocketImpl.java:162)
	at java.net.SocksSocketImpl.connect(SocksSocketImpl.java:394)
	at java.net.Socket.connect(Socket.java:606)
	at java.net.Socket.connect(Socket.java:555)
	at sun.net.NetworkClient.doConnect(NetworkClient.java:180)
	at sun.net.www.http.HttpClient.openServer(HttpClient.java:499)
	at sun.net.www.http.HttpClient.openServer(HttpClient.java:594)
	at sun.net.www.http.HttpClient.<init>(HttpClient.java:278)
	at sun.net.www.http.HttpClient.New(HttpClient.java:375)
	at sun.net.www.http.HttpClient.New(HttpClient.java:393)
	at sun.net.www.protocol.http.HttpURLConnection.getNewHttpClient(HttpURLConnection.java:1240)
	at sun.net.www.protocol.http.HttpURLConnection.plainConnect0(HttpURLConnection.java:1167)
	at sun.net.www.protocol.http.HttpURLConnection.plainConnect(HttpURLConnection.java:1061)
	at sun.net.www.protocol.http.HttpURLConnection.connect(HttpURLConnection.java:995)
	at sun.net.www.protocol.http.HttpURLConnection.getOutputStream0(HttpURLConnection.java:1354)
	at sun.net.www.protocol.http.HttpURLConnection.getOutputStream(HttpURLConnection.java:1329)
	at com.shark.aio.data.video.controller.VideoController.callFaceAI(FaceController.java:61)
	at com.shark.aio.base.controller.InitFFmpeg$1.onFileCreate(InitFFmpeg.java:79)
	at org.apache.commons.io.monitor.FileAlterationObserver.doCreate(FileAlterationObserver.java:379)
	at org.apache.commons.io.monitor.FileAlterationObserver.checkAndNotify(FileAlterationObserver.java:345)
	at org.apache.commons.io.monitor.FileAlterationObserver.checkAndNotify(FileAlterationObserver.java:304)
	at org.apache.commons.io.monitor.FileAlterationMonitor.run(FileAlterationMonitor.java:182)
	at java.lang.Thread.run(Thread.java:750)
2023-04-06 14:15:23.436 [,] [Thread-10] ERROR c.s.a.d.v.f.c.FaceController - [callFaceAI,143] - 发送POST请求出现异常！
java.net.ConnectException: Connection refused: connect
	at java.net.DualStackPlainSocketImpl.connect0(Native Method)
	at java.net.DualStackPlainSocketImpl.socketConnect(DualStackPlainSocketImpl.java:75)
	at java.net.AbstractPlainSocketImpl.doConnect(AbstractPlainSocketImpl.java:476)
	at java.net.AbstractPlainSocketImpl.connectToAddress(AbstractPlainSocketImpl.java:218)
	at java.net.AbstractPlainSocketImpl.connect(AbstractPlainSocketImpl.java:200)
	at java.net.PlainSocketImpl.connect(PlainSocketImpl.java:162)
	at java.net.SocksSocketImpl.connect(SocksSocketImpl.java:394)
	at java.net.Socket.connect(Socket.java:606)
	at java.net.Socket.connect(Socket.java:555)
	at sun.net.NetworkClient.doConnect(NetworkClient.java:180)
	at sun.net.www.http.HttpClient.openServer(HttpClient.java:499)
	at sun.net.www.http.HttpClient.openServer(HttpClient.java:594)
	at sun.net.www.http.HttpClient.<init>(HttpClient.java:278)
	at sun.net.www.http.HttpClient.New(HttpClient.java:375)
	at sun.net.www.http.HttpClient.New(HttpClient.java:393)
	at sun.net.www.protocol.http.HttpURLConnection.getNewHttpClient(HttpURLConnection.java:1240)
	at sun.net.www.protocol.http.HttpURLConnection.plainConnect0(HttpURLConnection.java:1167)
	at sun.net.www.protocol.http.HttpURLConnection.plainConnect(HttpURLConnection.java:1061)
	at sun.net.www.protocol.http.HttpURLConnection.connect(HttpURLConnection.java:995)
	at sun.net.www.protocol.http.HttpURLConnection.getOutputStream0(HttpURLConnection.java:1354)
	at sun.net.www.protocol.http.HttpURLConnection.getOutputStream(HttpURLConnection.java:1329)
	at com.shark.aio.data.video.controller.VideoController.callFaceAI(FaceController.java:61)
	at com.shark.aio.base.controller.InitFFmpeg$1.onFileCreate(InitFFmpeg.java:79)
	at org.apache.commons.io.monitor.FileAlterationObserver.doCreate(FileAlterationObserver.java:379)
	at org.apache.commons.io.monitor.FileAlterationObserver.checkAndNotify(FileAlterationObserver.java:345)
	at org.apache.commons.io.monitor.FileAlterationObserver.checkAndNotify(FileAlterationObserver.java:304)
	at org.apache.commons.io.monitor.FileAlterationMonitor.run(FileAlterationMonitor.java:182)
	at java.lang.Thread.run(Thread.java:750)
2023-04-06 14:15:26.006 [,] [Thread-10] ERROR c.s.a.d.v.f.c.FaceController - [callFaceAI,143] - 发送POST请求出现异常！
java.net.ConnectException: Connection refused: connect
	at java.net.DualStackPlainSocketImpl.connect0(Native Method)
	at java.net.DualStackPlainSocketImpl.socketConnect(DualStackPlainSocketImpl.java:75)
	at java.net.AbstractPlainSocketImpl.doConnect(AbstractPlainSocketImpl.java:476)
	at java.net.AbstractPlainSocketImpl.connectToAddress(AbstractPlainSocketImpl.java:218)
	at java.net.AbstractPlainSocketImpl.connect(AbstractPlainSocketImpl.java:200)
	at java.net.PlainSocketImpl.connect(PlainSocketImpl.java:162)
	at java.net.SocksSocketImpl.connect(SocksSocketImpl.java:394)
	at java.net.Socket.connect(Socket.java:606)
	at java.net.Socket.connect(Socket.java:555)
	at sun.net.NetworkClient.doConnect(NetworkClient.java:180)
	at sun.net.www.http.HttpClient.openServer(HttpClient.java:499)
	at sun.net.www.http.HttpClient.openServer(HttpClient.java:594)
	at sun.net.www.http.HttpClient.<init>(HttpClient.java:278)
	at sun.net.www.http.HttpClient.New(HttpClient.java:375)
	at sun.net.www.http.HttpClient.New(HttpClient.java:393)
	at sun.net.www.protocol.http.HttpURLConnection.getNewHttpClient(HttpURLConnection.java:1240)
	at sun.net.www.protocol.http.HttpURLConnection.plainConnect0(HttpURLConnection.java:1167)
	at sun.net.www.protocol.http.HttpURLConnection.plainConnect(HttpURLConnection.java:1061)
	at sun.net.www.protocol.http.HttpURLConnection.connect(HttpURLConnection.java:995)
	at sun.net.www.protocol.http.HttpURLConnection.getOutputStream0(HttpURLConnection.java:1354)
	at sun.net.www.protocol.http.HttpURLConnection.getOutputStream(HttpURLConnection.java:1329)
	at com.shark.aio.data.video.controller.VideoController.callFaceAI(FaceController.java:61)
	at com.shark.aio.base.controller.InitFFmpeg$1.onFileCreate(InitFFmpeg.java:79)
	at org.apache.commons.io.monitor.FileAlterationObserver.doCreate(FileAlterationObserver.java:379)
	at org.apache.commons.io.monitor.FileAlterationObserver.checkAndNotify(FileAlterationObserver.java:345)
	at org.apache.commons.io.monitor.FileAlterationObserver.checkAndNotify(FileAlterationObserver.java:304)
	at org.apache.commons.io.monitor.FileAlterationMonitor.run(FileAlterationMonitor.java:182)
	at java.lang.Thread.run(Thread.java:750)
2023-04-06 14:15:28.048 [,] [Thread-10] ERROR c.s.a.d.v.f.c.FaceController - [callFaceAI,143] - 发送POST请求出现异常！
java.net.ConnectException: Connection refused: connect
	at java.net.DualStackPlainSocketImpl.connect0(Native Method)
	at java.net.DualStackPlainSocketImpl.socketConnect(DualStackPlainSocketImpl.java:75)
	at java.net.AbstractPlainSocketImpl.doConnect(AbstractPlainSocketImpl.java:476)
	at java.net.AbstractPlainSocketImpl.connectToAddress(AbstractPlainSocketImpl.java:218)
	at java.net.AbstractPlainSocketImpl.connect(AbstractPlainSocketImpl.java:200)
	at java.net.PlainSocketImpl.connect(PlainSocketImpl.java:162)
	at java.net.SocksSocketImpl.connect(SocksSocketImpl.java:394)
	at java.net.Socket.connect(Socket.java:606)
	at java.net.Socket.connect(Socket.java:555)
	at sun.net.NetworkClient.doConnect(NetworkClient.java:180)
	at sun.net.www.http.HttpClient.openServer(HttpClient.java:499)
	at sun.net.www.http.HttpClient.openServer(HttpClient.java:594)
	at sun.net.www.http.HttpClient.<init>(HttpClient.java:278)
	at sun.net.www.http.HttpClient.New(HttpClient.java:375)
	at sun.net.www.http.HttpClient.New(HttpClient.java:393)
	at sun.net.www.protocol.http.HttpURLConnection.getNewHttpClient(HttpURLConnection.java:1240)
	at sun.net.www.protocol.http.HttpURLConnection.plainConnect0(HttpURLConnection.java:1167)
	at sun.net.www.protocol.http.HttpURLConnection.plainConnect(HttpURLConnection.java:1061)
	at sun.net.www.protocol.http.HttpURLConnection.connect(HttpURLConnection.java:995)
	at sun.net.www.protocol.http.HttpURLConnection.getOutputStream0(HttpURLConnection.java:1354)
	at sun.net.www.protocol.http.HttpURLConnection.getOutputStream(HttpURLConnection.java:1329)
	at com.shark.aio.data.video.controller.VideoController.callFaceAI(FaceController.java:61)
	at com.shark.aio.base.controller.InitFFmpeg$1.onFileCreate(InitFFmpeg.java:79)
	at org.apache.commons.io.monitor.FileAlterationObserver.doCreate(FileAlterationObserver.java:379)
	at org.apache.commons.io.monitor.FileAlterationObserver.checkAndNotify(FileAlterationObserver.java:345)
	at org.apache.commons.io.monitor.FileAlterationObserver.checkAndNotify(FileAlterationObserver.java:304)
	at org.apache.commons.io.monitor.FileAlterationMonitor.run(FileAlterationMonitor.java:182)
	at java.lang.Thread.run(Thread.java:750)
2023-04-06 14:15:30.086 [,] [Thread-10] ERROR c.s.a.d.v.f.c.FaceController - [callFaceAI,143] - 发送POST请求出现异常！
java.net.ConnectException: Connection refused: connect
	at java.net.DualStackPlainSocketImpl.connect0(Native Method)
	at java.net.DualStackPlainSocketImpl.socketConnect(DualStackPlainSocketImpl.java:75)
	at java.net.AbstractPlainSocketImpl.doConnect(AbstractPlainSocketImpl.java:476)
	at java.net.AbstractPlainSocketImpl.connectToAddress(AbstractPlainSocketImpl.java:218)
	at java.net.AbstractPlainSocketImpl.connect(AbstractPlainSocketImpl.java:200)
	at java.net.PlainSocketImpl.connect(PlainSocketImpl.java:162)
	at java.net.SocksSocketImpl.connect(SocksSocketImpl.java:394)
	at java.net.Socket.connect(Socket.java:606)
	at java.net.Socket.connect(Socket.java:555)
	at sun.net.NetworkClient.doConnect(NetworkClient.java:180)
	at sun.net.www.http.HttpClient.openServer(HttpClient.java:499)
	at sun.net.www.http.HttpClient.openServer(HttpClient.java:594)
	at sun.net.www.http.HttpClient.<init>(HttpClient.java:278)
	at sun.net.www.http.HttpClient.New(HttpClient.java:375)
	at sun.net.www.http.HttpClient.New(HttpClient.java:393)
	at sun.net.www.protocol.http.HttpURLConnection.getNewHttpClient(HttpURLConnection.java:1240)
	at sun.net.www.protocol.http.HttpURLConnection.plainConnect0(HttpURLConnection.java:1167)
	at sun.net.www.protocol.http.HttpURLConnection.plainConnect(HttpURLConnection.java:1061)
	at sun.net.www.protocol.http.HttpURLConnection.connect(HttpURLConnection.java:995)
	at sun.net.www.protocol.http.HttpURLConnection.getOutputStream0(HttpURLConnection.java:1354)
	at sun.net.www.protocol.http.HttpURLConnection.getOutputStream(HttpURLConnection.java:1329)
	at com.shark.aio.data.video.controller.VideoController.callFaceAI(FaceController.java:61)
	at com.shark.aio.base.controller.InitFFmpeg$1.onFileCreate(InitFFmpeg.java:79)
	at org.apache.commons.io.monitor.FileAlterationObserver.doCreate(FileAlterationObserver.java:379)
	at org.apache.commons.io.monitor.FileAlterationObserver.checkAndNotify(FileAlterationObserver.java:345)
	at org.apache.commons.io.monitor.FileAlterationObserver.checkAndNotify(FileAlterationObserver.java:304)
	at org.apache.commons.io.monitor.FileAlterationMonitor.run(FileAlterationMonitor.java:182)
	at java.lang.Thread.run(Thread.java:750)
2023-04-06 14:15:32.125 [,] [Thread-10] ERROR c.s.a.d.v.f.c.FaceController - [callFaceAI,143] - 发送POST请求出现异常！
java.net.ConnectException: Connection refused: connect
	at java.net.DualStackPlainSocketImpl.connect0(Native Method)
	at java.net.DualStackPlainSocketImpl.socketConnect(DualStackPlainSocketImpl.java:75)
	at java.net.AbstractPlainSocketImpl.doConnect(AbstractPlainSocketImpl.java:476)
	at java.net.AbstractPlainSocketImpl.connectToAddress(AbstractPlainSocketImpl.java:218)
	at java.net.AbstractPlainSocketImpl.connect(AbstractPlainSocketImpl.java:200)
	at java.net.PlainSocketImpl.connect(PlainSocketImpl.java:162)
	at java.net.SocksSocketImpl.connect(SocksSocketImpl.java:394)
	at java.net.Socket.connect(Socket.java:606)
	at java.net.Socket.connect(Socket.java:555)
	at sun.net.NetworkClient.doConnect(NetworkClient.java:180)
	at sun.net.www.http.HttpClient.openServer(HttpClient.java:499)
	at sun.net.www.http.HttpClient.openServer(HttpClient.java:594)
	at sun.net.www.http.HttpClient.<init>(HttpClient.java:278)
	at sun.net.www.http.HttpClient.New(HttpClient.java:375)
	at sun.net.www.http.HttpClient.New(HttpClient.java:393)
	at sun.net.www.protocol.http.HttpURLConnection.getNewHttpClient(HttpURLConnection.java:1240)
	at sun.net.www.protocol.http.HttpURLConnection.plainConnect0(HttpURLConnection.java:1167)
	at sun.net.www.protocol.http.HttpURLConnection.plainConnect(HttpURLConnection.java:1061)
	at sun.net.www.protocol.http.HttpURLConnection.connect(HttpURLConnection.java:995)
	at sun.net.www.protocol.http.HttpURLConnection.getOutputStream0(HttpURLConnection.java:1354)
	at sun.net.www.protocol.http.HttpURLConnection.getOutputStream(HttpURLConnection.java:1329)
	at com.shark.aio.data.video.controller.VideoController.callFaceAI(FaceController.java:61)
	at com.shark.aio.base.controller.InitFFmpeg$1.onFileCreate(InitFFmpeg.java:79)
	at org.apache.commons.io.monitor.FileAlterationObserver.doCreate(FileAlterationObserver.java:379)
	at org.apache.commons.io.monitor.FileAlterationObserver.checkAndNotify(FileAlterationObserver.java:345)
	at org.apache.commons.io.monitor.FileAlterationObserver.checkAndNotify(FileAlterationObserver.java:304)
	at org.apache.commons.io.monitor.FileAlterationMonitor.run(FileAlterationMonitor.java:182)
	at java.lang.Thread.run(Thread.java:750)
2023-04-06 14:15:34.159 [,] [Thread-10] ERROR c.s.a.d.v.f.c.FaceController - [callFaceAI,143] - 发送POST请求出现异常！
java.net.ConnectException: Connection refused: connect
	at java.net.DualStackPlainSocketImpl.connect0(Native Method)
	at java.net.DualStackPlainSocketImpl.socketConnect(DualStackPlainSocketImpl.java:75)
	at java.net.AbstractPlainSocketImpl.doConnect(AbstractPlainSocketImpl.java:476)
	at java.net.AbstractPlainSocketImpl.connectToAddress(AbstractPlainSocketImpl.java:218)
	at java.net.AbstractPlainSocketImpl.connect(AbstractPlainSocketImpl.java:200)
	at java.net.PlainSocketImpl.connect(PlainSocketImpl.java:162)
	at java.net.SocksSocketImpl.connect(SocksSocketImpl.java:394)
	at java.net.Socket.connect(Socket.java:606)
	at java.net.Socket.connect(Socket.java:555)
	at sun.net.NetworkClient.doConnect(NetworkClient.java:180)
	at sun.net.www.http.HttpClient.openServer(HttpClient.java:499)
	at sun.net.www.http.HttpClient.openServer(HttpClient.java:594)
	at sun.net.www.http.HttpClient.<init>(HttpClient.java:278)
	at sun.net.www.http.HttpClient.New(HttpClient.java:375)
	at sun.net.www.http.HttpClient.New(HttpClient.java:393)
	at sun.net.www.protocol.http.HttpURLConnection.getNewHttpClient(HttpURLConnection.java:1240)
	at sun.net.www.protocol.http.HttpURLConnection.plainConnect0(HttpURLConnection.java:1167)
	at sun.net.www.protocol.http.HttpURLConnection.plainConnect(HttpURLConnection.java:1061)
	at sun.net.www.protocol.http.HttpURLConnection.connect(HttpURLConnection.java:995)
	at sun.net.www.protocol.http.HttpURLConnection.getOutputStream0(HttpURLConnection.java:1354)
	at sun.net.www.protocol.http.HttpURLConnection.getOutputStream(HttpURLConnection.java:1329)
	at com.shark.aio.data.video.controller.VideoController.callFaceAI(FaceController.java:61)
	at com.shark.aio.base.controller.InitFFmpeg$1.onFileCreate(InitFFmpeg.java:79)
	at org.apache.commons.io.monitor.FileAlterationObserver.doCreate(FileAlterationObserver.java:379)
	at org.apache.commons.io.monitor.FileAlterationObserver.checkAndNotify(FileAlterationObserver.java:345)
	at org.apache.commons.io.monitor.FileAlterationObserver.checkAndNotify(FileAlterationObserver.java:304)
	at org.apache.commons.io.monitor.FileAlterationMonitor.run(FileAlterationMonitor.java:182)
	at java.lang.Thread.run(Thread.java:750)
2023-04-06 14:15:36.182 [,] [Thread-10] ERROR c.s.a.d.v.f.c.FaceController - [callFaceAI,143] - 发送POST请求出现异常！
java.net.ConnectException: Connection refused: connect
	at java.net.DualStackPlainSocketImpl.connect0(Native Method)
	at java.net.DualStackPlainSocketImpl.socketConnect(DualStackPlainSocketImpl.java:75)
	at java.net.AbstractPlainSocketImpl.doConnect(AbstractPlainSocketImpl.java:476)
	at java.net.AbstractPlainSocketImpl.connectToAddress(AbstractPlainSocketImpl.java:218)
	at java.net.AbstractPlainSocketImpl.connect(AbstractPlainSocketImpl.java:200)
	at java.net.PlainSocketImpl.connect(PlainSocketImpl.java:162)
	at java.net.SocksSocketImpl.connect(SocksSocketImpl.java:394)
	at java.net.Socket.connect(Socket.java:606)
	at java.net.Socket.connect(Socket.java:555)
	at sun.net.NetworkClient.doConnect(NetworkClient.java:180)
	at sun.net.www.http.HttpClient.openServer(HttpClient.java:499)
	at sun.net.www.http.HttpClient.openServer(HttpClient.java:594)
	at sun.net.www.http.HttpClient.<init>(HttpClient.java:278)
	at sun.net.www.http.HttpClient.New(HttpClient.java:375)
	at sun.net.www.http.HttpClient.New(HttpClient.java:393)
	at sun.net.www.protocol.http.HttpURLConnection.getNewHttpClient(HttpURLConnection.java:1240)
	at sun.net.www.protocol.http.HttpURLConnection.plainConnect0(HttpURLConnection.java:1167)
	at sun.net.www.protocol.http.HttpURLConnection.plainConnect(HttpURLConnection.java:1061)
	at sun.net.www.protocol.http.HttpURLConnection.connect(HttpURLConnection.java:995)
	at sun.net.www.protocol.http.HttpURLConnection.getOutputStream0(HttpURLConnection.java:1354)
	at sun.net.www.protocol.http.HttpURLConnection.getOutputStream(HttpURLConnection.java:1329)
	at com.shark.aio.data.video.controller.VideoController.callFaceAI(FaceController.java:61)
	at com.shark.aio.base.controller.InitFFmpeg$1.onFileCreate(InitFFmpeg.java:79)
	at org.apache.commons.io.monitor.FileAlterationObserver.doCreate(FileAlterationObserver.java:379)
	at org.apache.commons.io.monitor.FileAlterationObserver.checkAndNotify(FileAlterationObserver.java:345)
	at org.apache.commons.io.monitor.FileAlterationObserver.checkAndNotify(FileAlterationObserver.java:304)
	at org.apache.commons.io.monitor.FileAlterationMonitor.run(FileAlterationMonitor.java:182)
	at java.lang.Thread.run(Thread.java:750)
2023-04-06 14:15:38.224 [,] [Thread-10] ERROR c.s.a.d.v.f.c.FaceController - [callFaceAI,143] - 发送POST请求出现异常！
java.net.ConnectException: Connection refused: connect
	at java.net.DualStackPlainSocketImpl.connect0(Native Method)
	at java.net.DualStackPlainSocketImpl.socketConnect(DualStackPlainSocketImpl.java:75)
	at java.net.AbstractPlainSocketImpl.doConnect(AbstractPlainSocketImpl.java:476)
	at java.net.AbstractPlainSocketImpl.connectToAddress(AbstractPlainSocketImpl.java:218)
	at java.net.AbstractPlainSocketImpl.connect(AbstractPlainSocketImpl.java:200)
	at java.net.PlainSocketImpl.connect(PlainSocketImpl.java:162)
	at java.net.SocksSocketImpl.connect(SocksSocketImpl.java:394)
	at java.net.Socket.connect(Socket.java:606)
	at java.net.Socket.connect(Socket.java:555)
	at sun.net.NetworkClient.doConnect(NetworkClient.java:180)
	at sun.net.www.http.HttpClient.openServer(HttpClient.java:499)
	at sun.net.www.http.HttpClient.openServer(HttpClient.java:594)
	at sun.net.www.http.HttpClient.<init>(HttpClient.java:278)
	at sun.net.www.http.HttpClient.New(HttpClient.java:375)
	at sun.net.www.http.HttpClient.New(HttpClient.java:393)
	at sun.net.www.protocol.http.HttpURLConnection.getNewHttpClient(HttpURLConnection.java:1240)
	at sun.net.www.protocol.http.HttpURLConnection.plainConnect0(HttpURLConnection.java:1167)
	at sun.net.www.protocol.http.HttpURLConnection.plainConnect(HttpURLConnection.java:1061)
	at sun.net.www.protocol.http.HttpURLConnection.connect(HttpURLConnection.java:995)
	at sun.net.www.protocol.http.HttpURLConnection.getOutputStream0(HttpURLConnection.java:1354)
	at sun.net.www.protocol.http.HttpURLConnection.getOutputStream(HttpURLConnection.java:1329)
	at com.shark.aio.data.video.controller.VideoController.callFaceAI(FaceController.java:61)
	at com.shark.aio.base.controller.InitFFmpeg$1.onFileCreate(InitFFmpeg.java:79)
	at org.apache.commons.io.monitor.FileAlterationObserver.doCreate(FileAlterationObserver.java:379)
	at org.apache.commons.io.monitor.FileAlterationObserver.checkAndNotify(FileAlterationObserver.java:345)
	at org.apache.commons.io.monitor.FileAlterationObserver.checkAndNotify(FileAlterationObserver.java:304)
	at org.apache.commons.io.monitor.FileAlterationMonitor.run(FileAlterationMonitor.java:182)
	at java.lang.Thread.run(Thread.java:750)
2023-04-06 14:15:40.249 [,] [Thread-10] ERROR c.s.a.d.v.f.c.FaceController - [callFaceAI,143] - 发送POST请求出现异常！
java.net.ConnectException: Connection refused: connect
	at java.net.DualStackPlainSocketImpl.connect0(Native Method)
	at java.net.DualStackPlainSocketImpl.socketConnect(DualStackPlainSocketImpl.java:75)
	at java.net.AbstractPlainSocketImpl.doConnect(AbstractPlainSocketImpl.java:476)
	at java.net.AbstractPlainSocketImpl.connectToAddress(AbstractPlainSocketImpl.java:218)
	at java.net.AbstractPlainSocketImpl.connect(AbstractPlainSocketImpl.java:200)
	at java.net.PlainSocketImpl.connect(PlainSocketImpl.java:162)
	at java.net.SocksSocketImpl.connect(SocksSocketImpl.java:394)
	at java.net.Socket.connect(Socket.java:606)
	at java.net.Socket.connect(Socket.java:555)
	at sun.net.NetworkClient.doConnect(NetworkClient.java:180)
	at sun.net.www.http.HttpClient.openServer(HttpClient.java:499)
	at sun.net.www.http.HttpClient.openServer(HttpClient.java:594)
	at sun.net.www.http.HttpClient.<init>(HttpClient.java:278)
	at sun.net.www.http.HttpClient.New(HttpClient.java:375)
	at sun.net.www.http.HttpClient.New(HttpClient.java:393)
	at sun.net.www.protocol.http.HttpURLConnection.getNewHttpClient(HttpURLConnection.java:1240)
	at sun.net.www.protocol.http.HttpURLConnection.plainConnect0(HttpURLConnection.java:1167)
	at sun.net.www.protocol.http.HttpURLConnection.plainConnect(HttpURLConnection.java:1061)
	at sun.net.www.protocol.http.HttpURLConnection.connect(HttpURLConnection.java:995)
	at sun.net.www.protocol.http.HttpURLConnection.getOutputStream0(HttpURLConnection.java:1354)
	at sun.net.www.protocol.http.HttpURLConnection.getOutputStream(HttpURLConnection.java:1329)
	at com.shark.aio.data.video.controller.VideoController.callFaceAI(FaceController.java:61)
	at com.shark.aio.base.controller.InitFFmpeg$1.onFileCreate(InitFFmpeg.java:79)
	at org.apache.commons.io.monitor.FileAlterationObserver.doCreate(FileAlterationObserver.java:379)
	at org.apache.commons.io.monitor.FileAlterationObserver.checkAndNotify(FileAlterationObserver.java:345)
	at org.apache.commons.io.monitor.FileAlterationObserver.checkAndNotify(FileAlterationObserver.java:304)
	at org.apache.commons.io.monitor.FileAlterationMonitor.run(FileAlterationMonitor.java:182)
	at java.lang.Thread.run(Thread.java:750)
2023-04-06 14:15:42.303 [,] [Thread-10] ERROR c.s.a.d.v.f.c.FaceController - [callFaceAI,143] - 发送POST请求出现异常！
java.net.ConnectException: Connection refused: connect
	at java.net.DualStackPlainSocketImpl.connect0(Native Method)
	at java.net.DualStackPlainSocketImpl.socketConnect(DualStackPlainSocketImpl.java:75)
	at java.net.AbstractPlainSocketImpl.doConnect(AbstractPlainSocketImpl.java:476)
	at java.net.AbstractPlainSocketImpl.connectToAddress(AbstractPlainSocketImpl.java:218)
	at java.net.AbstractPlainSocketImpl.connect(AbstractPlainSocketImpl.java:200)
	at java.net.PlainSocketImpl.connect(PlainSocketImpl.java:162)
	at java.net.SocksSocketImpl.connect(SocksSocketImpl.java:394)
	at java.net.Socket.connect(Socket.java:606)
	at java.net.Socket.connect(Socket.java:555)
	at sun.net.NetworkClient.doConnect(NetworkClient.java:180)
	at sun.net.www.http.HttpClient.openServer(HttpClient.java:499)
	at sun.net.www.http.HttpClient.openServer(HttpClient.java:594)
	at sun.net.www.http.HttpClient.<init>(HttpClient.java:278)
	at sun.net.www.http.HttpClient.New(HttpClient.java:375)
	at sun.net.www.http.HttpClient.New(HttpClient.java:393)
	at sun.net.www.protocol.http.HttpURLConnection.getNewHttpClient(HttpURLConnection.java:1240)
	at sun.net.www.protocol.http.HttpURLConnection.plainConnect0(HttpURLConnection.java:1167)
	at sun.net.www.protocol.http.HttpURLConnection.plainConnect(HttpURLConnection.java:1061)
	at sun.net.www.protocol.http.HttpURLConnection.connect(HttpURLConnection.java:995)
	at sun.net.www.protocol.http.HttpURLConnection.getOutputStream0(HttpURLConnection.java:1354)
	at sun.net.www.protocol.http.HttpURLConnection.getOutputStream(HttpURLConnection.java:1329)
	at com.shark.aio.data.video.controller.VideoController.callFaceAI(FaceController.java:61)
	at com.shark.aio.base.controller.InitFFmpeg$1.onFileCreate(InitFFmpeg.java:79)
	at org.apache.commons.io.monitor.FileAlterationObserver.doCreate(FileAlterationObserver.java:379)
	at org.apache.commons.io.monitor.FileAlterationObserver.checkAndNotify(FileAlterationObserver.java:345)
	at org.apache.commons.io.monitor.FileAlterationObserver.checkAndNotify(FileAlterationObserver.java:304)
	at org.apache.commons.io.monitor.FileAlterationMonitor.run(FileAlterationMonitor.java:182)
	at java.lang.Thread.run(Thread.java:750)
2023-04-06 14:15:44.332 [,] [Thread-10] ERROR c.s.a.d.v.f.c.FaceController - [callFaceAI,143] - 发送POST请求出现异常！
java.net.ConnectException: Connection refused: connect
	at java.net.DualStackPlainSocketImpl.connect0(Native Method)
	at java.net.DualStackPlainSocketImpl.socketConnect(DualStackPlainSocketImpl.java:75)
	at java.net.AbstractPlainSocketImpl.doConnect(AbstractPlainSocketImpl.java:476)
	at java.net.AbstractPlainSocketImpl.connectToAddress(AbstractPlainSocketImpl.java:218)
	at java.net.AbstractPlainSocketImpl.connect(AbstractPlainSocketImpl.java:200)
	at java.net.PlainSocketImpl.connect(PlainSocketImpl.java:162)
	at java.net.SocksSocketImpl.connect(SocksSocketImpl.java:394)
	at java.net.Socket.connect(Socket.java:606)
	at java.net.Socket.connect(Socket.java:555)
	at sun.net.NetworkClient.doConnect(NetworkClient.java:180)
	at sun.net.www.http.HttpClient.openServer(HttpClient.java:499)
	at sun.net.www.http.HttpClient.openServer(HttpClient.java:594)
	at sun.net.www.http.HttpClient.<init>(HttpClient.java:278)
	at sun.net.www.http.HttpClient.New(HttpClient.java:375)
	at sun.net.www.http.HttpClient.New(HttpClient.java:393)
	at sun.net.www.protocol.http.HttpURLConnection.getNewHttpClient(HttpURLConnection.java:1240)
	at sun.net.www.protocol.http.HttpURLConnection.plainConnect0(HttpURLConnection.java:1167)
	at sun.net.www.protocol.http.HttpURLConnection.plainConnect(HttpURLConnection.java:1061)
	at sun.net.www.protocol.http.HttpURLConnection.connect(HttpURLConnection.java:995)
	at sun.net.www.protocol.http.HttpURLConnection.getOutputStream0(HttpURLConnection.java:1354)
	at sun.net.www.protocol.http.HttpURLConnection.getOutputStream(HttpURLConnection.java:1329)
	at com.shark.aio.data.video.controller.VideoController.callFaceAI(FaceController.java:61)
	at com.shark.aio.base.controller.InitFFmpeg$1.onFileCreate(InitFFmpeg.java:79)
	at org.apache.commons.io.monitor.FileAlterationObserver.doCreate(FileAlterationObserver.java:379)
	at org.apache.commons.io.monitor.FileAlterationObserver.checkAndNotify(FileAlterationObserver.java:345)
	at org.apache.commons.io.monitor.FileAlterationObserver.checkAndNotify(FileAlterationObserver.java:304)
	at org.apache.commons.io.monitor.FileAlterationMonitor.run(FileAlterationMonitor.java:182)
	at java.lang.Thread.run(Thread.java:750)
2023-04-06 14:15:46.366 [,] [Thread-10] ERROR c.s.a.d.v.f.c.FaceController - [callFaceAI,143] - 发送POST请求出现异常！
java.net.ConnectException: Connection refused: connect
	at java.net.DualStackPlainSocketImpl.connect0(Native Method)
	at java.net.DualStackPlainSocketImpl.socketConnect(DualStackPlainSocketImpl.java:75)
	at java.net.AbstractPlainSocketImpl.doConnect(AbstractPlainSocketImpl.java:476)
	at java.net.AbstractPlainSocketImpl.connectToAddress(AbstractPlainSocketImpl.java:218)
	at java.net.AbstractPlainSocketImpl.connect(AbstractPlainSocketImpl.java:200)
	at java.net.PlainSocketImpl.connect(PlainSocketImpl.java:162)
	at java.net.SocksSocketImpl.connect(SocksSocketImpl.java:394)
	at java.net.Socket.connect(Socket.java:606)
	at java.net.Socket.connect(Socket.java:555)
	at sun.net.NetworkClient.doConnect(NetworkClient.java:180)
	at sun.net.www.http.HttpClient.openServer(HttpClient.java:499)
	at sun.net.www.http.HttpClient.openServer(HttpClient.java:594)
	at sun.net.www.http.HttpClient.<init>(HttpClient.java:278)
	at sun.net.www.http.HttpClient.New(HttpClient.java:375)
	at sun.net.www.http.HttpClient.New(HttpClient.java:393)
	at sun.net.www.protocol.http.HttpURLConnection.getNewHttpClient(HttpURLConnection.java:1240)
	at sun.net.www.protocol.http.HttpURLConnection.plainConnect0(HttpURLConnection.java:1167)
	at sun.net.www.protocol.http.HttpURLConnection.plainConnect(HttpURLConnection.java:1061)
	at sun.net.www.protocol.http.HttpURLConnection.connect(HttpURLConnection.java:995)
	at sun.net.www.protocol.http.HttpURLConnection.getOutputStream0(HttpURLConnection.java:1354)
	at sun.net.www.protocol.http.HttpURLConnection.getOutputStream(HttpURLConnection.java:1329)
	at com.shark.aio.data.video.controller.VideoController.callFaceAI(FaceController.java:61)
	at com.shark.aio.base.controller.InitFFmpeg$1.onFileCreate(InitFFmpeg.java:79)
	at org.apache.commons.io.monitor.FileAlterationObserver.doCreate(FileAlterationObserver.java:379)
	at org.apache.commons.io.monitor.FileAlterationObserver.checkAndNotify(FileAlterationObserver.java:345)
	at org.apache.commons.io.monitor.FileAlterationObserver.checkAndNotify(FileAlterationObserver.java:304)
	at org.apache.commons.io.monitor.FileAlterationMonitor.run(FileAlterationMonitor.java:182)
	at java.lang.Thread.run(Thread.java:750)
2023-04-06 14:15:48.381 [,] [Thread-10] ERROR c.s.a.d.v.f.c.FaceController - [callFaceAI,143] - 发送POST请求出现异常！
java.net.ConnectException: Connection refused: connect
	at java.net.DualStackPlainSocketImpl.connect0(Native Method)
	at java.net.DualStackPlainSocketImpl.socketConnect(DualStackPlainSocketImpl.java:75)
	at java.net.AbstractPlainSocketImpl.doConnect(AbstractPlainSocketImpl.java:476)
	at java.net.AbstractPlainSocketImpl.connectToAddress(AbstractPlainSocketImpl.java:218)
	at java.net.AbstractPlainSocketImpl.connect(AbstractPlainSocketImpl.java:200)
	at java.net.PlainSocketImpl.connect(PlainSocketImpl.java:162)
	at java.net.SocksSocketImpl.connect(SocksSocketImpl.java:394)
	at java.net.Socket.connect(Socket.java:606)
	at java.net.Socket.connect(Socket.java:555)
	at sun.net.NetworkClient.doConnect(NetworkClient.java:180)
	at sun.net.www.http.HttpClient.openServer(HttpClient.java:499)
	at sun.net.www.http.HttpClient.openServer(HttpClient.java:594)
	at sun.net.www.http.HttpClient.<init>(HttpClient.java:278)
	at sun.net.www.http.HttpClient.New(HttpClient.java:375)
	at sun.net.www.http.HttpClient.New(HttpClient.java:393)
	at sun.net.www.protocol.http.HttpURLConnection.getNewHttpClient(HttpURLConnection.java:1240)
	at sun.net.www.protocol.http.HttpURLConnection.plainConnect0(HttpURLConnection.java:1167)
	at sun.net.www.protocol.http.HttpURLConnection.plainConnect(HttpURLConnection.java:1061)
	at sun.net.www.protocol.http.HttpURLConnection.connect(HttpURLConnection.java:995)
	at sun.net.www.protocol.http.HttpURLConnection.getOutputStream0(HttpURLConnection.java:1354)
	at sun.net.www.protocol.http.HttpURLConnection.getOutputStream(HttpURLConnection.java:1329)
	at com.shark.aio.data.video.controller.VideoController.callFaceAI(FaceController.java:61)
	at com.shark.aio.base.controller.InitFFmpeg$1.onFileCreate(InitFFmpeg.java:79)
	at org.apache.commons.io.monitor.FileAlterationObserver.doCreate(FileAlterationObserver.java:379)
	at org.apache.commons.io.monitor.FileAlterationObserver.checkAndNotify(FileAlterationObserver.java:345)
	at org.apache.commons.io.monitor.FileAlterationObserver.checkAndNotify(FileAlterationObserver.java:304)
	at org.apache.commons.io.monitor.FileAlterationMonitor.run(FileAlterationMonitor.java:182)
	at java.lang.Thread.run(Thread.java:750)
2023-04-06 14:15:50.425 [,] [Thread-10] ERROR c.s.a.d.v.f.c.FaceController - [callFaceAI,143] - 发送POST请求出现异常！
java.net.ConnectException: Connection refused: connect
	at java.net.DualStackPlainSocketImpl.connect0(Native Method)
	at java.net.DualStackPlainSocketImpl.socketConnect(DualStackPlainSocketImpl.java:75)
	at java.net.AbstractPlainSocketImpl.doConnect(AbstractPlainSocketImpl.java:476)
	at java.net.AbstractPlainSocketImpl.connectToAddress(AbstractPlainSocketImpl.java:218)
	at java.net.AbstractPlainSocketImpl.connect(AbstractPlainSocketImpl.java:200)
	at java.net.PlainSocketImpl.connect(PlainSocketImpl.java:162)
	at java.net.SocksSocketImpl.connect(SocksSocketImpl.java:394)
	at java.net.Socket.connect(Socket.java:606)
	at java.net.Socket.connect(Socket.java:555)
	at sun.net.NetworkClient.doConnect(NetworkClient.java:180)
	at sun.net.www.http.HttpClient.openServer(HttpClient.java:499)
	at sun.net.www.http.HttpClient.openServer(HttpClient.java:594)
	at sun.net.www.http.HttpClient.<init>(HttpClient.java:278)
	at sun.net.www.http.HttpClient.New(HttpClient.java:375)
	at sun.net.www.http.HttpClient.New(HttpClient.java:393)
	at sun.net.www.protocol.http.HttpURLConnection.getNewHttpClient(HttpURLConnection.java:1240)
	at sun.net.www.protocol.http.HttpURLConnection.plainConnect0(HttpURLConnection.java:1167)
	at sun.net.www.protocol.http.HttpURLConnection.plainConnect(HttpURLConnection.java:1061)
	at sun.net.www.protocol.http.HttpURLConnection.connect(HttpURLConnection.java:995)
	at sun.net.www.protocol.http.HttpURLConnection.getOutputStream0(HttpURLConnection.java:1354)
	at sun.net.www.protocol.http.HttpURLConnection.getOutputStream(HttpURLConnection.java:1329)
	at com.shark.aio.data.video.controller.VideoController.callFaceAI(FaceController.java:61)
	at com.shark.aio.base.controller.InitFFmpeg$1.onFileCreate(InitFFmpeg.java:79)
	at org.apache.commons.io.monitor.FileAlterationObserver.doCreate(FileAlterationObserver.java:379)
	at org.apache.commons.io.monitor.FileAlterationObserver.checkAndNotify(FileAlterationObserver.java:345)
	at org.apache.commons.io.monitor.FileAlterationObserver.checkAndNotify(FileAlterationObserver.java:304)
	at org.apache.commons.io.monitor.FileAlterationMonitor.run(FileAlterationMonitor.java:182)
	at java.lang.Thread.run(Thread.java:750)
2023-04-06 14:15:52.479 [,] [Thread-10] ERROR c.s.a.d.v.f.c.FaceController - [callFaceAI,143] - 发送POST请求出现异常！
java.net.ConnectException: Connection refused: connect
	at java.net.DualStackPlainSocketImpl.connect0(Native Method)
	at java.net.DualStackPlainSocketImpl.socketConnect(DualStackPlainSocketImpl.java:75)
	at java.net.AbstractPlainSocketImpl.doConnect(AbstractPlainSocketImpl.java:476)
	at java.net.AbstractPlainSocketImpl.connectToAddress(AbstractPlainSocketImpl.java:218)
	at java.net.AbstractPlainSocketImpl.connect(AbstractPlainSocketImpl.java:200)
	at java.net.PlainSocketImpl.connect(PlainSocketImpl.java:162)
	at java.net.SocksSocketImpl.connect(SocksSocketImpl.java:394)
	at java.net.Socket.connect(Socket.java:606)
	at java.net.Socket.connect(Socket.java:555)
	at sun.net.NetworkClient.doConnect(NetworkClient.java:180)
	at sun.net.www.http.HttpClient.openServer(HttpClient.java:499)
	at sun.net.www.http.HttpClient.openServer(HttpClient.java:594)
	at sun.net.www.http.HttpClient.<init>(HttpClient.java:278)
	at sun.net.www.http.HttpClient.New(HttpClient.java:375)
	at sun.net.www.http.HttpClient.New(HttpClient.java:393)
	at sun.net.www.protocol.http.HttpURLConnection.getNewHttpClient(HttpURLConnection.java:1240)
	at sun.net.www.protocol.http.HttpURLConnection.plainConnect0(HttpURLConnection.java:1167)
	at sun.net.www.protocol.http.HttpURLConnection.plainConnect(HttpURLConnection.java:1061)
	at sun.net.www.protocol.http.HttpURLConnection.connect(HttpURLConnection.java:995)
	at sun.net.www.protocol.http.HttpURLConnection.getOutputStream0(HttpURLConnection.java:1354)
	at sun.net.www.protocol.http.HttpURLConnection.getOutputStream(HttpURLConnection.java:1329)
	at com.shark.aio.data.video.controller.VideoController.callFaceAI(FaceController.java:61)
	at com.shark.aio.base.controller.InitFFmpeg$1.onFileCreate(InitFFmpeg.java:79)
	at org.apache.commons.io.monitor.FileAlterationObserver.doCreate(FileAlterationObserver.java:379)
	at org.apache.commons.io.monitor.FileAlterationObserver.checkAndNotify(FileAlterationObserver.java:345)
	at org.apache.commons.io.monitor.FileAlterationObserver.checkAndNotify(FileAlterationObserver.java:304)
	at org.apache.commons.io.monitor.FileAlterationMonitor.run(FileAlterationMonitor.java:182)
	at java.lang.Thread.run(Thread.java:750)
2023-04-06 14:15:54.534 [,] [Thread-10] ERROR c.s.a.d.v.f.c.FaceController - [callFaceAI,143] - 发送POST请求出现异常！
java.net.ConnectException: Connection refused: connect
	at java.net.DualStackPlainSocketImpl.connect0(Native Method)
	at java.net.DualStackPlainSocketImpl.socketConnect(DualStackPlainSocketImpl.java:75)
	at java.net.AbstractPlainSocketImpl.doConnect(AbstractPlainSocketImpl.java:476)
	at java.net.AbstractPlainSocketImpl.connectToAddress(AbstractPlainSocketImpl.java:218)
	at java.net.AbstractPlainSocketImpl.connect(AbstractPlainSocketImpl.java:200)
	at java.net.PlainSocketImpl.connect(PlainSocketImpl.java:162)
	at java.net.SocksSocketImpl.connect(SocksSocketImpl.java:394)
	at java.net.Socket.connect(Socket.java:606)
	at java.net.Socket.connect(Socket.java:555)
	at sun.net.NetworkClient.doConnect(NetworkClient.java:180)
	at sun.net.www.http.HttpClient.openServer(HttpClient.java:499)
	at sun.net.www.http.HttpClient.openServer(HttpClient.java:594)
	at sun.net.www.http.HttpClient.<init>(HttpClient.java:278)
	at sun.net.www.http.HttpClient.New(HttpClient.java:375)
	at sun.net.www.http.HttpClient.New(HttpClient.java:393)
	at sun.net.www.protocol.http.HttpURLConnection.getNewHttpClient(HttpURLConnection.java:1240)
	at sun.net.www.protocol.http.HttpURLConnection.plainConnect0(HttpURLConnection.java:1167)
	at sun.net.www.protocol.http.HttpURLConnection.plainConnect(HttpURLConnection.java:1061)
	at sun.net.www.protocol.http.HttpURLConnection.connect(HttpURLConnection.java:995)
	at sun.net.www.protocol.http.HttpURLConnection.getOutputStream0(HttpURLConnection.java:1354)
	at sun.net.www.protocol.http.HttpURLConnection.getOutputStream(HttpURLConnection.java:1329)
	at com.shark.aio.data.video.controller.VideoController.callFaceAI(FaceController.java:61)
	at com.shark.aio.base.controller.InitFFmpeg$1.onFileCreate(InitFFmpeg.java:79)
	at org.apache.commons.io.monitor.FileAlterationObserver.doCreate(FileAlterationObserver.java:379)
	at org.apache.commons.io.monitor.FileAlterationObserver.checkAndNotify(FileAlterationObserver.java:345)
	at org.apache.commons.io.monitor.FileAlterationObserver.checkAndNotify(FileAlterationObserver.java:304)
	at org.apache.commons.io.monitor.FileAlterationMonitor.run(FileAlterationMonitor.java:182)
	at java.lang.Thread.run(Thread.java:750)
2023-04-06 14:15:56.576 [,] [Thread-10] ERROR c.s.a.d.v.f.c.FaceController - [callFaceAI,143] - 发送POST请求出现异常！
java.net.ConnectException: Connection refused: connect
	at java.net.DualStackPlainSocketImpl.connect0(Native Method)
	at java.net.DualStackPlainSocketImpl.socketConnect(DualStackPlainSocketImpl.java:75)
	at java.net.AbstractPlainSocketImpl.doConnect(AbstractPlainSocketImpl.java:476)
	at java.net.AbstractPlainSocketImpl.connectToAddress(AbstractPlainSocketImpl.java:218)
	at java.net.AbstractPlainSocketImpl.connect(AbstractPlainSocketImpl.java:200)
	at java.net.PlainSocketImpl.connect(PlainSocketImpl.java:162)
	at java.net.SocksSocketImpl.connect(SocksSocketImpl.java:394)
	at java.net.Socket.connect(Socket.java:606)
	at java.net.Socket.connect(Socket.java:555)
	at sun.net.NetworkClient.doConnect(NetworkClient.java:180)
	at sun.net.www.http.HttpClient.openServer(HttpClient.java:499)
	at sun.net.www.http.HttpClient.openServer(HttpClient.java:594)
	at sun.net.www.http.HttpClient.<init>(HttpClient.java:278)
	at sun.net.www.http.HttpClient.New(HttpClient.java:375)
	at sun.net.www.http.HttpClient.New(HttpClient.java:393)
	at sun.net.www.protocol.http.HttpURLConnection.getNewHttpClient(HttpURLConnection.java:1240)
	at sun.net.www.protocol.http.HttpURLConnection.plainConnect0(HttpURLConnection.java:1167)
	at sun.net.www.protocol.http.HttpURLConnection.plainConnect(HttpURLConnection.java:1061)
	at sun.net.www.protocol.http.HttpURLConnection.connect(HttpURLConnection.java:995)
	at sun.net.www.protocol.http.HttpURLConnection.getOutputStream0(HttpURLConnection.java:1354)
	at sun.net.www.protocol.http.HttpURLConnection.getOutputStream(HttpURLConnection.java:1329)
	at com.shark.aio.data.video.controller.VideoController.callFaceAI(FaceController.java:61)
	at com.shark.aio.base.controller.InitFFmpeg$1.onFileCreate(InitFFmpeg.java:79)
	at org.apache.commons.io.monitor.FileAlterationObserver.doCreate(FileAlterationObserver.java:379)
	at org.apache.commons.io.monitor.FileAlterationObserver.checkAndNotify(FileAlterationObserver.java:345)
	at org.apache.commons.io.monitor.FileAlterationObserver.checkAndNotify(FileAlterationObserver.java:304)
	at org.apache.commons.io.monitor.FileAlterationMonitor.run(FileAlterationMonitor.java:182)
	at java.lang.Thread.run(Thread.java:750)
2023-04-06 14:15:58.629 [,] [Thread-10] ERROR c.s.a.d.v.f.c.FaceController - [callFaceAI,143] - 发送POST请求出现异常！
java.net.ConnectException: Connection refused: connect
	at java.net.DualStackPlainSocketImpl.connect0(Native Method)
	at java.net.DualStackPlainSocketImpl.socketConnect(DualStackPlainSocketImpl.java:75)
	at java.net.AbstractPlainSocketImpl.doConnect(AbstractPlainSocketImpl.java:476)
	at java.net.AbstractPlainSocketImpl.connectToAddress(AbstractPlainSocketImpl.java:218)
	at java.net.AbstractPlainSocketImpl.connect(AbstractPlainSocketImpl.java:200)
	at java.net.PlainSocketImpl.connect(PlainSocketImpl.java:162)
	at java.net.SocksSocketImpl.connect(SocksSocketImpl.java:394)
	at java.net.Socket.connect(Socket.java:606)
	at java.net.Socket.connect(Socket.java:555)
	at sun.net.NetworkClient.doConnect(NetworkClient.java:180)
	at sun.net.www.http.HttpClient.openServer(HttpClient.java:499)
	at sun.net.www.http.HttpClient.openServer(HttpClient.java:594)
	at sun.net.www.http.HttpClient.<init>(HttpClient.java:278)
	at sun.net.www.http.HttpClient.New(HttpClient.java:375)
	at sun.net.www.http.HttpClient.New(HttpClient.java:393)
	at sun.net.www.protocol.http.HttpURLConnection.getNewHttpClient(HttpURLConnection.java:1240)
	at sun.net.www.protocol.http.HttpURLConnection.plainConnect0(HttpURLConnection.java:1167)
	at sun.net.www.protocol.http.HttpURLConnection.plainConnect(HttpURLConnection.java:1061)
	at sun.net.www.protocol.http.HttpURLConnection.connect(HttpURLConnection.java:995)
	at sun.net.www.protocol.http.HttpURLConnection.getOutputStream0(HttpURLConnection.java:1354)
	at sun.net.www.protocol.http.HttpURLConnection.getOutputStream(HttpURLConnection.java:1329)
	at com.shark.aio.data.video.controller.VideoController.callFaceAI(FaceController.java:61)
	at com.shark.aio.base.controller.InitFFmpeg$1.onFileCreate(InitFFmpeg.java:79)
	at org.apache.commons.io.monitor.FileAlterationObserver.doCreate(FileAlterationObserver.java:379)
	at org.apache.commons.io.monitor.FileAlterationObserver.checkAndNotify(FileAlterationObserver.java:345)
	at org.apache.commons.io.monitor.FileAlterationObserver.checkAndNotify(FileAlterationObserver.java:304)
	at org.apache.commons.io.monitor.FileAlterationMonitor.run(FileAlterationMonitor.java:182)
	at java.lang.Thread.run(Thread.java:750)
2023-04-06 14:15:59.152 [,] [Thread-10] ERROR c.s.a.d.v.f.c.FaceController - [callFaceAI,143] - 发送POST请求出现异常！
java.net.SocketException: Unexpected end of file from server
	at sun.net.www.http.HttpClient.parseHTTPHeader(HttpClient.java:891)
	at sun.net.www.http.HttpClient.parseHTTP(HttpClient.java:714)
	at sun.net.www.http.HttpClient.parseHTTP(HttpClient.java:738)
	at sun.net.www.protocol.http.HttpURLConnection.getInputStream0(HttpURLConnection.java:1607)
	at sun.net.www.protocol.http.HttpURLConnection.getInputStream(HttpURLConnection.java:1512)
	at com.shark.aio.data.video.controller.VideoController.callFaceAI(FaceController.java:84)
	at com.shark.aio.base.controller.InitFFmpeg$1.onFileCreate(InitFFmpeg.java:79)
	at org.apache.commons.io.monitor.FileAlterationObserver.doCreate(FileAlterationObserver.java:379)
	at org.apache.commons.io.monitor.FileAlterationObserver.checkAndNotify(FileAlterationObserver.java:345)
	at org.apache.commons.io.monitor.FileAlterationObserver.checkAndNotify(FileAlterationObserver.java:304)
	at org.apache.commons.io.monitor.FileAlterationMonitor.run(FileAlterationMonitor.java:182)
	at java.lang.Thread.run(Thread.java:750)
2023-04-06 14:15:59.157 [,] [Thread-10] ERROR c.s.a.d.v.f.c.FaceController - [callFaceAI,143] - 发送POST请求出现异常！
java.net.SocketException: Unexpected end of file from server
	at sun.net.www.http.HttpClient.parseHTTPHeader(HttpClient.java:891)
	at sun.net.www.http.HttpClient.parseHTTP(HttpClient.java:714)
	at sun.net.www.http.HttpClient.parseHTTP(HttpClient.java:738)
	at sun.net.www.protocol.http.HttpURLConnection.getInputStream0(HttpURLConnection.java:1607)
	at sun.net.www.protocol.http.HttpURLConnection.getInputStream(HttpURLConnection.java:1512)
	at com.shark.aio.data.video.controller.VideoController.callFaceAI(FaceController.java:84)
	at com.shark.aio.base.controller.InitFFmpeg$1.onFileCreate(InitFFmpeg.java:79)
	at org.apache.commons.io.monitor.FileAlterationObserver.doCreate(FileAlterationObserver.java:379)
	at org.apache.commons.io.monitor.FileAlterationObserver.checkAndNotify(FileAlterationObserver.java:345)
	at org.apache.commons.io.monitor.FileAlterationObserver.checkAndNotify(FileAlterationObserver.java:304)
	at org.apache.commons.io.monitor.FileAlterationMonitor.run(FileAlterationMonitor.java:182)
	at java.lang.Thread.run(Thread.java:750)
2023-04-06 14:15:59.164 [,] [Thread-10] ERROR c.s.a.d.v.f.c.FaceController - [callFaceAI,143] - 发送POST请求出现异常！
java.net.SocketException: Unexpected end of file from server
	at sun.net.www.http.HttpClient.parseHTTPHeader(HttpClient.java:891)
	at sun.net.www.http.HttpClient.parseHTTP(HttpClient.java:714)
	at sun.net.www.http.HttpClient.parseHTTP(HttpClient.java:738)
	at sun.net.www.protocol.http.HttpURLConnection.getInputStream0(HttpURLConnection.java:1607)
	at sun.net.www.protocol.http.HttpURLConnection.getInputStream(HttpURLConnection.java:1512)
	at com.shark.aio.data.video.controller.VideoController.callFaceAI(FaceController.java:84)
	at com.shark.aio.base.controller.InitFFmpeg$1.onFileCreate(InitFFmpeg.java:79)
	at org.apache.commons.io.monitor.FileAlterationObserver.doCreate(FileAlterationObserver.java:379)
	at org.apache.commons.io.monitor.FileAlterationObserver.checkAndNotify(FileAlterationObserver.java:345)
	at org.apache.commons.io.monitor.FileAlterationObserver.checkAndNotify(FileAlterationObserver.java:304)
	at org.apache.commons.io.monitor.FileAlterationMonitor.run(FileAlterationMonitor.java:182)
	at java.lang.Thread.run(Thread.java:750)
2023-04-06 14:15:59.169 [,] [Thread-10] ERROR c.s.a.d.v.f.c.FaceController - [callFaceAI,143] - 发送POST请求出现异常！
java.net.SocketException: Unexpected end of file from server
	at sun.net.www.http.HttpClient.parseHTTPHeader(HttpClient.java:891)
	at sun.net.www.http.HttpClient.parseHTTP(HttpClient.java:714)
	at sun.net.www.http.HttpClient.parseHTTP(HttpClient.java:738)
	at sun.net.www.protocol.http.HttpURLConnection.getInputStream0(HttpURLConnection.java:1607)
	at sun.net.www.protocol.http.HttpURLConnection.getInputStream(HttpURLConnection.java:1512)
	at com.shark.aio.data.video.controller.VideoController.callFaceAI(FaceController.java:84)
	at com.shark.aio.base.controller.InitFFmpeg$1.onFileCreate(InitFFmpeg.java:79)
	at org.apache.commons.io.monitor.FileAlterationObserver.doCreate(FileAlterationObserver.java:379)
	at org.apache.commons.io.monitor.FileAlterationObserver.checkAndNotify(FileAlterationObserver.java:345)
	at org.apache.commons.io.monitor.FileAlterationObserver.checkAndNotify(FileAlterationObserver.java:304)
	at org.apache.commons.io.monitor.FileAlterationMonitor.run(FileAlterationMonitor.java:182)
	at java.lang.Thread.run(Thread.java:750)
2023-04-06 14:15:59.175 [,] [Thread-10] ERROR c.s.a.d.v.f.c.FaceController - [callFaceAI,143] - 发送POST请求出现异常！
java.net.SocketException: Unexpected end of file from server
	at sun.net.www.http.HttpClient.parseHTTPHeader(HttpClient.java:891)
	at sun.net.www.http.HttpClient.parseHTTP(HttpClient.java:714)
	at sun.net.www.http.HttpClient.parseHTTP(HttpClient.java:738)
	at sun.net.www.protocol.http.HttpURLConnection.getInputStream0(HttpURLConnection.java:1607)
	at sun.net.www.protocol.http.HttpURLConnection.getInputStream(HttpURLConnection.java:1512)
	at com.shark.aio.data.video.controller.VideoController.callFaceAI(FaceController.java:84)
	at com.shark.aio.base.controller.InitFFmpeg$1.onFileCreate(InitFFmpeg.java:79)
	at org.apache.commons.io.monitor.FileAlterationObserver.doCreate(FileAlterationObserver.java:379)
	at org.apache.commons.io.monitor.FileAlterationObserver.checkAndNotify(FileAlterationObserver.java:345)
	at org.apache.commons.io.monitor.FileAlterationObserver.checkAndNotify(FileAlterationObserver.java:304)
	at org.apache.commons.io.monitor.FileAlterationMonitor.run(FileAlterationMonitor.java:182)
	at java.lang.Thread.run(Thread.java:750)
2023-04-06 14:15:59.180 [,] [Thread-10] ERROR c.s.a.d.v.f.c.FaceController - [callFaceAI,143] - 发送POST请求出现异常！
java.net.SocketException: Unexpected end of file from server
	at sun.net.www.http.HttpClient.parseHTTPHeader(HttpClient.java:891)
	at sun.net.www.http.HttpClient.parseHTTP(HttpClient.java:714)
	at sun.net.www.http.HttpClient.parseHTTP(HttpClient.java:738)
	at sun.net.www.protocol.http.HttpURLConnection.getInputStream0(HttpURLConnection.java:1607)
	at sun.net.www.protocol.http.HttpURLConnection.getInputStream(HttpURLConnection.java:1512)
	at com.shark.aio.data.video.controller.VideoController.callFaceAI(FaceController.java:84)
	at com.shark.aio.base.controller.InitFFmpeg$1.onFileCreate(InitFFmpeg.java:79)
	at org.apache.commons.io.monitor.FileAlterationObserver.doCreate(FileAlterationObserver.java:379)
	at org.apache.commons.io.monitor.FileAlterationObserver.checkAndNotify(FileAlterationObserver.java:345)
	at org.apache.commons.io.monitor.FileAlterationObserver.checkAndNotify(FileAlterationObserver.java:304)
	at org.apache.commons.io.monitor.FileAlterationMonitor.run(FileAlterationMonitor.java:182)
	at java.lang.Thread.run(Thread.java:750)
2023-04-06 14:15:59.186 [,] [Thread-10] ERROR c.s.a.d.v.f.c.FaceController - [callFaceAI,143] - 发送POST请求出现异常！
java.net.SocketException: Unexpected end of file from server
	at sun.net.www.http.HttpClient.parseHTTPHeader(HttpClient.java:891)
	at sun.net.www.http.HttpClient.parseHTTP(HttpClient.java:714)
	at sun.net.www.http.HttpClient.parseHTTP(HttpClient.java:738)
	at sun.net.www.protocol.http.HttpURLConnection.getInputStream0(HttpURLConnection.java:1607)
	at sun.net.www.protocol.http.HttpURLConnection.getInputStream(HttpURLConnection.java:1512)
	at com.shark.aio.data.video.controller.VideoController.callFaceAI(FaceController.java:84)
	at com.shark.aio.base.controller.InitFFmpeg$1.onFileCreate(InitFFmpeg.java:79)
	at org.apache.commons.io.monitor.FileAlterationObserver.doCreate(FileAlterationObserver.java:379)
	at org.apache.commons.io.monitor.FileAlterationObserver.checkAndNotify(FileAlterationObserver.java:345)
	at org.apache.commons.io.monitor.FileAlterationObserver.checkAndNotify(FileAlterationObserver.java:304)
	at org.apache.commons.io.monitor.FileAlterationMonitor.run(FileAlterationMonitor.java:182)
	at java.lang.Thread.run(Thread.java:750)
2023-04-06 14:15:59.194 [,] [Thread-10] ERROR c.s.a.d.v.f.c.FaceController - [callFaceAI,143] - 发送POST请求出现异常！
java.net.SocketException: Unexpected end of file from server
	at sun.net.www.http.HttpClient.parseHTTPHeader(HttpClient.java:891)
	at sun.net.www.http.HttpClient.parseHTTP(HttpClient.java:714)
	at sun.net.www.http.HttpClient.parseHTTPHeader(HttpClient.java:888)
	at sun.net.www.http.HttpClient.parseHTTP(HttpClient.java:714)
	at sun.net.www.protocol.http.HttpURLConnection.getInputStream0(HttpURLConnection.java:1607)
	at sun.net.www.protocol.http.HttpURLConnection.getInputStream(HttpURLConnection.java:1512)
	at com.shark.aio.data.video.controller.VideoController.callFaceAI(FaceController.java:84)
	at com.shark.aio.base.controller.InitFFmpeg$1.onFileCreate(InitFFmpeg.java:79)
	at org.apache.commons.io.monitor.FileAlterationObserver.doCreate(FileAlterationObserver.java:379)
	at org.apache.commons.io.monitor.FileAlterationObserver.checkAndNotify(FileAlterationObserver.java:345)
	at org.apache.commons.io.monitor.FileAlterationObserver.checkAndNotify(FileAlterationObserver.java:304)
	at org.apache.commons.io.monitor.FileAlterationMonitor.run(FileAlterationMonitor.java:182)
	at java.lang.Thread.run(Thread.java:750)
2023-04-06 14:15:59.200 [,] [Thread-10] ERROR c.s.a.d.v.f.c.FaceController - [callFaceAI,143] - 发送POST请求出现异常！
java.net.SocketException: Unexpected end of file from server
	at sun.net.www.http.HttpClient.parseHTTPHeader(HttpClient.java:891)
	at sun.net.www.http.HttpClient.parseHTTP(HttpClient.java:714)
	at sun.net.www.http.HttpClient.parseHTTP(HttpClient.java:738)
	at sun.net.www.protocol.http.HttpURLConnection.getInputStream0(HttpURLConnection.java:1607)
	at sun.net.www.protocol.http.HttpURLConnection.getInputStream(HttpURLConnection.java:1512)
	at com.shark.aio.data.video.controller.VideoController.callFaceAI(FaceController.java:84)
	at com.shark.aio.base.controller.InitFFmpeg$1.onFileCreate(InitFFmpeg.java:79)
	at org.apache.commons.io.monitor.FileAlterationObserver.doCreate(FileAlterationObserver.java:379)
	at org.apache.commons.io.monitor.FileAlterationObserver.checkAndNotify(FileAlterationObserver.java:345)
	at org.apache.commons.io.monitor.FileAlterationObserver.checkAndNotify(FileAlterationObserver.java:304)
	at org.apache.commons.io.monitor.FileAlterationMonitor.run(FileAlterationMonitor.java:182)
	at java.lang.Thread.run(Thread.java:750)
2023-04-06 14:15:59.206 [,] [Thread-10] ERROR c.s.a.d.v.f.c.FaceController - [callFaceAI,143] - 发送POST请求出现异常！
java.net.SocketException: Unexpected end of file from server
	at sun.net.www.http.HttpClient.parseHTTPHeader(HttpClient.java:891)
	at sun.net.www.http.HttpClient.parseHTTP(HttpClient.java:714)
	at sun.net.www.http.HttpClient.parseHTTP(HttpClient.java:738)
	at sun.net.www.protocol.http.HttpURLConnection.getInputStream0(HttpURLConnection.java:1607)
	at sun.net.www.protocol.http.HttpURLConnection.getInputStream(HttpURLConnection.java:1512)
	at com.shark.aio.data.video.controller.VideoController.callFaceAI(FaceController.java:84)
	at com.shark.aio.base.controller.InitFFmpeg$1.onFileCreate(InitFFmpeg.java:79)
	at org.apache.commons.io.monitor.FileAlterationObserver.doCreate(FileAlterationObserver.java:379)
	at org.apache.commons.io.monitor.FileAlterationObserver.checkAndNotify(FileAlterationObserver.java:345)
	at org.apache.commons.io.monitor.FileAlterationObserver.checkAndNotify(FileAlterationObserver.java:304)
	at org.apache.commons.io.monitor.FileAlterationMonitor.run(FileAlterationMonitor.java:182)
	at java.lang.Thread.run(Thread.java:750)
2023-04-06 14:15:59.211 [,] [Thread-10] ERROR c.s.a.d.v.f.c.FaceController - [callFaceAI,143] - 发送POST请求出现异常！
java.net.SocketException: Unexpected end of file from server
	at sun.net.www.http.HttpClient.parseHTTPHeader(HttpClient.java:891)
	at sun.net.www.http.HttpClient.parseHTTP(HttpClient.java:714)
	at sun.net.www.http.HttpClient.parseHTTP(HttpClient.java:738)
	at sun.net.www.protocol.http.HttpURLConnection.getInputStream0(HttpURLConnection.java:1607)
	at sun.net.www.protocol.http.HttpURLConnection.getInputStream(HttpURLConnection.java:1512)
	at com.shark.aio.data.video.controller.VideoController.callFaceAI(FaceController.java:84)
	at com.shark.aio.base.controller.InitFFmpeg$1.onFileCreate(InitFFmpeg.java:79)
	at org.apache.commons.io.monitor.FileAlterationObserver.doCreate(FileAlterationObserver.java:379)
	at org.apache.commons.io.monitor.FileAlterationObserver.checkAndNotify(FileAlterationObserver.java:345)
	at org.apache.commons.io.monitor.FileAlterationObserver.checkAndNotify(FileAlterationObserver.java:304)
	at org.apache.commons.io.monitor.FileAlterationMonitor.run(FileAlterationMonitor.java:182)
	at java.lang.Thread.run(Thread.java:750)
2023-04-06 14:15:59.217 [,] [Thread-10] ERROR c.s.a.d.v.f.c.FaceController - [callFaceAI,143] - 发送POST请求出现异常！
java.net.SocketException: Unexpected end of file from server
	at sun.net.www.http.HttpClient.parseHTTPHeader(HttpClient.java:891)
	at sun.net.www.http.HttpClient.parseHTTP(HttpClient.java:714)
	at sun.net.www.http.HttpClient.parseHTTPHeader(HttpClient.java:888)
	at sun.net.www.http.HttpClient.parseHTTP(HttpClient.java:714)
	at sun.net.www.protocol.http.HttpURLConnection.getInputStream0(HttpURLConnection.java:1607)
	at sun.net.www.protocol.http.HttpURLConnection.getInputStream(HttpURLConnection.java:1512)
	at com.shark.aio.data.video.controller.VideoController.callFaceAI(FaceController.java:84)
	at com.shark.aio.base.controller.InitFFmpeg$1.onFileCreate(InitFFmpeg.java:79)
	at org.apache.commons.io.monitor.FileAlterationObserver.doCreate(FileAlterationObserver.java:379)
	at org.apache.commons.io.monitor.FileAlterationObserver.checkAndNotify(FileAlterationObserver.java:345)
	at org.apache.commons.io.monitor.FileAlterationObserver.checkAndNotify(FileAlterationObserver.java:304)
	at org.apache.commons.io.monitor.FileAlterationMonitor.run(FileAlterationMonitor.java:182)
	at java.lang.Thread.run(Thread.java:750)
2023-04-06 14:15:59.780 [,] [Thread-10] ERROR c.s.a.d.v.f.c.FaceController - [callFaceAI,143] - 发送POST请求出现异常！
java.net.SocketException: Unexpected end of file from server
	at sun.net.www.http.HttpClient.parseHTTPHeader(HttpClient.java:891)
	at sun.net.www.http.HttpClient.parseHTTP(HttpClient.java:714)
	at sun.net.www.http.HttpClient.parseHTTP(HttpClient.java:738)
	at sun.net.www.protocol.http.HttpURLConnection.getInputStream0(HttpURLConnection.java:1607)
	at sun.net.www.protocol.http.HttpURLConnection.getInputStream(HttpURLConnection.java:1512)
	at com.shark.aio.data.video.controller.VideoController.callFaceAI(FaceController.java:84)
	at com.shark.aio.base.controller.InitFFmpeg$1.onFileCreate(InitFFmpeg.java:79)
	at org.apache.commons.io.monitor.FileAlterationObserver.doCreate(FileAlterationObserver.java:379)
	at org.apache.commons.io.monitor.FileAlterationObserver.checkAndNotify(FileAlterationObserver.java:345)
	at org.apache.commons.io.monitor.FileAlterationObserver.checkAndNotify(FileAlterationObserver.java:304)
	at org.apache.commons.io.monitor.FileAlterationMonitor.run(FileAlterationMonitor.java:182)
	at java.lang.Thread.run(Thread.java:750)
2023-04-06 14:15:59.788 [,] [Thread-10] ERROR c.s.a.d.v.f.c.FaceController - [callFaceAI,143] - 发送POST请求出现异常！
java.net.SocketException: Unexpected end of file from server
	at sun.net.www.http.HttpClient.parseHTTPHeader(HttpClient.java:891)
	at sun.net.www.http.HttpClient.parseHTTP(HttpClient.java:714)
	at sun.net.www.http.HttpClient.parseHTTPHeader(HttpClient.java:888)
	at sun.net.www.http.HttpClient.parseHTTP(HttpClient.java:714)
	at sun.net.www.protocol.http.HttpURLConnection.getInputStream0(HttpURLConnection.java:1607)
	at sun.net.www.protocol.http.HttpURLConnection.getInputStream(HttpURLConnection.java:1512)
	at com.shark.aio.data.video.controller.VideoController.callFaceAI(FaceController.java:84)
	at com.shark.aio.base.controller.InitFFmpeg$1.onFileCreate(InitFFmpeg.java:79)
	at org.apache.commons.io.monitor.FileAlterationObserver.doCreate(FileAlterationObserver.java:379)
	at org.apache.commons.io.monitor.FileAlterationObserver.checkAndNotify(FileAlterationObserver.java:345)
	at org.apache.commons.io.monitor.FileAlterationObserver.checkAndNotify(FileAlterationObserver.java:304)
	at org.apache.commons.io.monitor.FileAlterationMonitor.run(FileAlterationMonitor.java:182)
	at java.lang.Thread.run(Thread.java:750)
2023-04-06 14:15:59.793 [,] [Thread-10] ERROR c.s.a.d.v.f.c.FaceController - [callFaceAI,143] - 发送POST请求出现异常！
java.net.SocketException: Unexpected end of file from server
	at sun.net.www.http.HttpClient.parseHTTPHeader(HttpClient.java:891)
	at sun.net.www.http.HttpClient.parseHTTP(HttpClient.java:714)
	at sun.net.www.http.HttpClient.parseHTTP(HttpClient.java:738)
	at sun.net.www.protocol.http.HttpURLConnection.getInputStream0(HttpURLConnection.java:1607)
	at sun.net.www.protocol.http.HttpURLConnection.getInputStream(HttpURLConnection.java:1512)
	at com.shark.aio.data.video.controller.VideoController.callFaceAI(FaceController.java:84)
	at com.shark.aio.base.controller.InitFFmpeg$1.onFileCreate(InitFFmpeg.java:79)
	at org.apache.commons.io.monitor.FileAlterationObserver.doCreate(FileAlterationObserver.java:379)
	at org.apache.commons.io.monitor.FileAlterationObserver.checkAndNotify(FileAlterationObserver.java:345)
	at org.apache.commons.io.monitor.FileAlterationObserver.checkAndNotify(FileAlterationObserver.java:304)
	at org.apache.commons.io.monitor.FileAlterationMonitor.run(FileAlterationMonitor.java:182)
	at java.lang.Thread.run(Thread.java:750)
2023-04-06 14:15:59.799 [,] [Thread-10] ERROR c.s.a.d.v.f.c.FaceController - [callFaceAI,143] - 发送POST请求出现异常！
java.net.SocketException: Unexpected end of file from server
	at sun.net.www.http.HttpClient.parseHTTPHeader(HttpClient.java:891)
	at sun.net.www.http.HttpClient.parseHTTP(HttpClient.java:714)
	at sun.net.www.http.HttpClient.parseHTTP(HttpClient.java:738)
	at sun.net.www.protocol.http.HttpURLConnection.getInputStream0(HttpURLConnection.java:1607)
	at sun.net.www.protocol.http.HttpURLConnection.getInputStream(HttpURLConnection.java:1512)
	at com.shark.aio.data.video.controller.VideoController.callFaceAI(FaceController.java:84)
	at com.shark.aio.base.controller.InitFFmpeg$1.onFileCreate(InitFFmpeg.java:79)
	at org.apache.commons.io.monitor.FileAlterationObserver.doCreate(FileAlterationObserver.java:379)
	at org.apache.commons.io.monitor.FileAlterationObserver.checkAndNotify(FileAlterationObserver.java:345)
	at org.apache.commons.io.monitor.FileAlterationObserver.checkAndNotify(FileAlterationObserver.java:304)
	at org.apache.commons.io.monitor.FileAlterationMonitor.run(FileAlterationMonitor.java:182)
	at java.lang.Thread.run(Thread.java:750)
2023-04-06 14:15:59.805 [,] [Thread-10] ERROR c.s.a.d.v.f.c.FaceController - [callFaceAI,143] - 发送POST请求出现异常！
java.net.SocketException: Unexpected end of file from server
	at sun.net.www.http.HttpClient.parseHTTPHeader(HttpClient.java:891)
	at sun.net.www.http.HttpClient.parseHTTP(HttpClient.java:714)
	at sun.net.www.http.HttpClient.parseHTTP(HttpClient.java:738)
	at sun.net.www.protocol.http.HttpURLConnection.getInputStream0(HttpURLConnection.java:1607)
	at sun.net.www.protocol.http.HttpURLConnection.getInputStream(HttpURLConnection.java:1512)
	at com.shark.aio.data.video.controller.VideoController.callFaceAI(FaceController.java:84)
	at com.shark.aio.base.controller.InitFFmpeg$1.onFileCreate(InitFFmpeg.java:79)
	at org.apache.commons.io.monitor.FileAlterationObserver.doCreate(FileAlterationObserver.java:379)
	at org.apache.commons.io.monitor.FileAlterationObserver.checkAndNotify(FileAlterationObserver.java:345)
	at org.apache.commons.io.monitor.FileAlterationObserver.checkAndNotify(FileAlterationObserver.java:304)
	at org.apache.commons.io.monitor.FileAlterationMonitor.run(FileAlterationMonitor.java:182)
	at java.lang.Thread.run(Thread.java:750)
2023-04-06 14:15:59.810 [,] [Thread-10] ERROR c.s.a.d.v.f.c.FaceController - [callFaceAI,143] - 发送POST请求出现异常！
java.net.SocketException: Unexpected end of file from server
	at sun.net.www.http.HttpClient.parseHTTPHeader(HttpClient.java:891)
	at sun.net.www.http.HttpClient.parseHTTP(HttpClient.java:714)
	at sun.net.www.http.HttpClient.parseHTTP(HttpClient.java:738)
	at sun.net.www.protocol.http.HttpURLConnection.getInputStream0(HttpURLConnection.java:1607)
	at sun.net.www.protocol.http.HttpURLConnection.getInputStream(HttpURLConnection.java:1512)
	at com.shark.aio.data.video.controller.VideoController.callFaceAI(FaceController.java:84)
	at com.shark.aio.base.controller.InitFFmpeg$1.onFileCreate(InitFFmpeg.java:79)
	at org.apache.commons.io.monitor.FileAlterationObserver.doCreate(FileAlterationObserver.java:379)
	at org.apache.commons.io.monitor.FileAlterationObserver.checkAndNotify(FileAlterationObserver.java:345)
	at org.apache.commons.io.monitor.FileAlterationObserver.checkAndNotify(FileAlterationObserver.java:304)
	at org.apache.commons.io.monitor.FileAlterationMonitor.run(FileAlterationMonitor.java:182)
	at java.lang.Thread.run(Thread.java:750)
2023-04-06 14:15:59.816 [,] [Thread-10] ERROR c.s.a.d.v.f.c.FaceController - [callFaceAI,143] - 发送POST请求出现异常！
java.net.SocketException: Unexpected end of file from server
	at sun.net.www.http.HttpClient.parseHTTPHeader(HttpClient.java:891)
	at sun.net.www.http.HttpClient.parseHTTP(HttpClient.java:714)
	at sun.net.www.http.HttpClient.parseHTTP(HttpClient.java:738)
	at sun.net.www.protocol.http.HttpURLConnection.getInputStream0(HttpURLConnection.java:1607)
	at sun.net.www.protocol.http.HttpURLConnection.getInputStream(HttpURLConnection.java:1512)
	at com.shark.aio.data.video.controller.VideoController.callFaceAI(FaceController.java:84)
	at com.shark.aio.base.controller.InitFFmpeg$1.onFileCreate(InitFFmpeg.java:79)
	at org.apache.commons.io.monitor.FileAlterationObserver.doCreate(FileAlterationObserver.java:379)
	at org.apache.commons.io.monitor.FileAlterationObserver.checkAndNotify(FileAlterationObserver.java:345)
	at org.apache.commons.io.monitor.FileAlterationObserver.checkAndNotify(FileAlterationObserver.java:304)
	at org.apache.commons.io.monitor.FileAlterationMonitor.run(FileAlterationMonitor.java:182)
	at java.lang.Thread.run(Thread.java:750)
2023-04-06 14:15:59.821 [,] [Thread-10] ERROR c.s.a.d.v.f.c.FaceController - [callFaceAI,143] - 发送POST请求出现异常！
java.net.SocketException: Unexpected end of file from server
	at sun.net.www.http.HttpClient.parseHTTPHeader(HttpClient.java:891)
	at sun.net.www.http.HttpClient.parseHTTP(HttpClient.java:714)
	at sun.net.www.http.HttpClient.parseHTTP(HttpClient.java:738)
	at sun.net.www.protocol.http.HttpURLConnection.getInputStream0(HttpURLConnection.java:1607)
	at sun.net.www.protocol.http.HttpURLConnection.getInputStream(HttpURLConnection.java:1512)
	at com.shark.aio.data.video.controller.VideoController.callFaceAI(FaceController.java:84)
	at com.shark.aio.base.controller.InitFFmpeg$1.onFileCreate(InitFFmpeg.java:79)
	at org.apache.commons.io.monitor.FileAlterationObserver.doCreate(FileAlterationObserver.java:379)
	at org.apache.commons.io.monitor.FileAlterationObserver.checkAndNotify(FileAlterationObserver.java:345)
	at org.apache.commons.io.monitor.FileAlterationObserver.checkAndNotify(FileAlterationObserver.java:304)
	at org.apache.commons.io.monitor.FileAlterationMonitor.run(FileAlterationMonitor.java:182)
	at java.lang.Thread.run(Thread.java:750)
2023-04-06 14:15:59.828 [,] [Thread-10] ERROR c.s.a.d.v.f.c.FaceController - [callFaceAI,143] - 发送POST请求出现异常！
java.net.SocketException: Unexpected end of file from server
	at sun.net.www.http.HttpClient.parseHTTPHeader(HttpClient.java:891)
	at sun.net.www.http.HttpClient.parseHTTP(HttpClient.java:714)
	at sun.net.www.http.HttpClient.parseHTTPHeader(HttpClient.java:888)
	at sun.net.www.http.HttpClient.parseHTTP(HttpClient.java:714)
	at sun.net.www.protocol.http.HttpURLConnection.getInputStream0(HttpURLConnection.java:1607)
	at sun.net.www.protocol.http.HttpURLConnection.getInputStream(HttpURLConnection.java:1512)
	at com.shark.aio.data.video.controller.VideoController.callFaceAI(FaceController.java:84)
	at com.shark.aio.base.controller.InitFFmpeg$1.onFileCreate(InitFFmpeg.java:79)
	at org.apache.commons.io.monitor.FileAlterationObserver.doCreate(FileAlterationObserver.java:379)
	at org.apache.commons.io.monitor.FileAlterationObserver.checkAndNotify(FileAlterationObserver.java:345)
	at org.apache.commons.io.monitor.FileAlterationObserver.checkAndNotify(FileAlterationObserver.java:304)
	at org.apache.commons.io.monitor.FileAlterationMonitor.run(FileAlterationMonitor.java:182)
	at java.lang.Thread.run(Thread.java:750)
2023-04-06 14:15:59.836 [,] [Thread-10] ERROR c.s.a.d.v.f.c.FaceController - [callFaceAI,143] - 发送POST请求出现异常！
java.net.SocketException: Unexpected end of file from server
	at sun.net.www.http.HttpClient.parseHTTPHeader(HttpClient.java:891)
	at sun.net.www.http.HttpClient.parseHTTP(HttpClient.java:714)
	at sun.net.www.http.HttpClient.parseHTTPHeader(HttpClient.java:888)
	at sun.net.www.http.HttpClient.parseHTTP(HttpClient.java:714)
	at sun.net.www.protocol.http.HttpURLConnection.getInputStream0(HttpURLConnection.java:1607)
	at sun.net.www.protocol.http.HttpURLConnection.getInputStream(HttpURLConnection.java:1512)
	at com.shark.aio.data.video.controller.VideoController.callFaceAI(FaceController.java:84)
	at com.shark.aio.base.controller.InitFFmpeg$1.onFileCreate(InitFFmpeg.java:79)
	at org.apache.commons.io.monitor.FileAlterationObserver.doCreate(FileAlterationObserver.java:379)
	at org.apache.commons.io.monitor.FileAlterationObserver.checkAndNotify(FileAlterationObserver.java:345)
	at org.apache.commons.io.monitor.FileAlterationObserver.checkAndNotify(FileAlterationObserver.java:304)
	at org.apache.commons.io.monitor.FileAlterationMonitor.run(FileAlterationMonitor.java:182)
	at java.lang.Thread.run(Thread.java:750)
2023-04-06 14:15:59.841 [,] [Thread-10] ERROR c.s.a.d.v.f.c.FaceController - [callFaceAI,143] - 发送POST请求出现异常！
java.net.SocketException: Unexpected end of file from server
	at sun.net.www.http.HttpClient.parseHTTPHeader(HttpClient.java:891)
	at sun.net.www.http.HttpClient.parseHTTP(HttpClient.java:714)
	at sun.net.www.http.HttpClient.parseHTTP(HttpClient.java:738)
	at sun.net.www.protocol.http.HttpURLConnection.getInputStream0(HttpURLConnection.java:1607)
	at sun.net.www.protocol.http.HttpURLConnection.getInputStream(HttpURLConnection.java:1512)
	at com.shark.aio.data.video.controller.VideoController.callFaceAI(FaceController.java:84)
	at com.shark.aio.base.controller.InitFFmpeg$1.onFileCreate(InitFFmpeg.java:79)
	at org.apache.commons.io.monitor.FileAlterationObserver.doCreate(FileAlterationObserver.java:379)
	at org.apache.commons.io.monitor.FileAlterationObserver.checkAndNotify(FileAlterationObserver.java:345)
	at org.apache.commons.io.monitor.FileAlterationObserver.checkAndNotify(FileAlterationObserver.java:304)
	at org.apache.commons.io.monitor.FileAlterationMonitor.run(FileAlterationMonitor.java:182)
	at java.lang.Thread.run(Thread.java:750)
2023-04-06 14:15:59.847 [,] [Thread-10] ERROR c.s.a.d.v.f.c.FaceController - [callFaceAI,143] - 发送POST请求出现异常！
java.net.SocketException: Unexpected end of file from server
	at sun.net.www.http.HttpClient.parseHTTPHeader(HttpClient.java:891)
	at sun.net.www.http.HttpClient.parseHTTP(HttpClient.java:714)
	at sun.net.www.http.HttpClient.parseHTTP(HttpClient.java:738)
	at sun.net.www.protocol.http.HttpURLConnection.getInputStream0(HttpURLConnection.java:1607)
	at sun.net.www.protocol.http.HttpURLConnection.getInputStream(HttpURLConnection.java:1512)
	at com.shark.aio.data.video.controller.VideoController.callFaceAI(FaceController.java:84)
	at com.shark.aio.base.controller.InitFFmpeg$1.onFileCreate(InitFFmpeg.java:79)
	at org.apache.commons.io.monitor.FileAlterationObserver.doCreate(FileAlterationObserver.java:379)
	at org.apache.commons.io.monitor.FileAlterationObserver.checkAndNotify(FileAlterationObserver.java:345)
	at org.apache.commons.io.monitor.FileAlterationObserver.checkAndNotify(FileAlterationObserver.java:304)
	at org.apache.commons.io.monitor.FileAlterationMonitor.run(FileAlterationMonitor.java:182)
	at java.lang.Thread.run(Thread.java:750)
2023-04-06 14:15:59.853 [,] [Thread-10] ERROR c.s.a.d.v.f.c.FaceController - [callFaceAI,143] - 发送POST请求出现异常！
java.net.SocketException: Unexpected end of file from server
	at sun.net.www.http.HttpClient.parseHTTPHeader(HttpClient.java:891)
	at sun.net.www.http.HttpClient.parseHTTP(HttpClient.java:714)
	at sun.net.www.http.HttpClient.parseHTTP(HttpClient.java:738)
	at sun.net.www.protocol.http.HttpURLConnection.getInputStream0(HttpURLConnection.java:1607)
	at sun.net.www.protocol.http.HttpURLConnection.getInputStream(HttpURLConnection.java:1512)
	at com.shark.aio.data.video.controller.VideoController.callFaceAI(FaceController.java:84)
	at com.shark.aio.base.controller.InitFFmpeg$1.onFileCreate(InitFFmpeg.java:79)
	at org.apache.commons.io.monitor.FileAlterationObserver.doCreate(FileAlterationObserver.java:379)
	at org.apache.commons.io.monitor.FileAlterationObserver.checkAndNotify(FileAlterationObserver.java:345)
	at org.apache.commons.io.monitor.FileAlterationObserver.checkAndNotify(FileAlterationObserver.java:304)
	at org.apache.commons.io.monitor.FileAlterationMonitor.run(FileAlterationMonitor.java:182)
	at java.lang.Thread.run(Thread.java:750)
2023-04-06 14:15:59.859 [,] [Thread-10] ERROR c.s.a.d.v.f.c.FaceController - [callFaceAI,143] - 发送POST请求出现异常！
java.net.SocketException: Unexpected end of file from server
	at sun.net.www.http.HttpClient.parseHTTPHeader(HttpClient.java:891)
	at sun.net.www.http.HttpClient.parseHTTP(HttpClient.java:714)
	at sun.net.www.http.HttpClient.parseHTTP(HttpClient.java:738)
	at sun.net.www.protocol.http.HttpURLConnection.getInputStream0(HttpURLConnection.java:1607)
	at sun.net.www.protocol.http.HttpURLConnection.getInputStream(HttpURLConnection.java:1512)
	at com.shark.aio.data.video.controller.VideoController.callFaceAI(FaceController.java:84)
	at com.shark.aio.base.controller.InitFFmpeg$1.onFileCreate(InitFFmpeg.java:79)
	at org.apache.commons.io.monitor.FileAlterationObserver.doCreate(FileAlterationObserver.java:379)
	at org.apache.commons.io.monitor.FileAlterationObserver.checkAndNotify(FileAlterationObserver.java:345)
	at org.apache.commons.io.monitor.FileAlterationObserver.checkAndNotify(FileAlterationObserver.java:304)
	at org.apache.commons.io.monitor.FileAlterationMonitor.run(FileAlterationMonitor.java:182)
	at java.lang.Thread.run(Thread.java:750)
2023-04-06 14:15:59.866 [,] [Thread-10] ERROR c.s.a.d.v.f.c.FaceController - [callFaceAI,143] - 发送POST请求出现异常！
java.net.SocketException: Unexpected end of file from server
	at sun.net.www.http.HttpClient.parseHTTPHeader(HttpClient.java:891)
	at sun.net.www.http.HttpClient.parseHTTP(HttpClient.java:714)
	at sun.net.www.http.HttpClient.parseHTTP(HttpClient.java:738)
	at sun.net.www.protocol.http.HttpURLConnection.getInputStream0(HttpURLConnection.java:1607)
	at sun.net.www.protocol.http.HttpURLConnection.getInputStream(HttpURLConnection.java:1512)
	at com.shark.aio.data.video.controller.VideoController.callFaceAI(FaceController.java:84)
	at com.shark.aio.base.controller.InitFFmpeg$1.onFileCreate(InitFFmpeg.java:79)
	at org.apache.commons.io.monitor.FileAlterationObserver.doCreate(FileAlterationObserver.java:379)
	at org.apache.commons.io.monitor.FileAlterationObserver.checkAndNotify(FileAlterationObserver.java:345)
	at org.apache.commons.io.monitor.FileAlterationObserver.checkAndNotify(FileAlterationObserver.java:304)
	at org.apache.commons.io.monitor.FileAlterationMonitor.run(FileAlterationMonitor.java:182)
	at java.lang.Thread.run(Thread.java:750)
2023-04-06 14:15:59.871 [,] [Thread-10] ERROR c.s.a.d.v.f.c.FaceController - [callFaceAI,143] - 发送POST请求出现异常！
java.net.SocketException: Unexpected end of file from server
	at sun.net.www.http.HttpClient.parseHTTPHeader(HttpClient.java:891)
	at sun.net.www.http.HttpClient.parseHTTP(HttpClient.java:714)
	at sun.net.www.http.HttpClient.parseHTTP(HttpClient.java:738)
	at sun.net.www.protocol.http.HttpURLConnection.getInputStream0(HttpURLConnection.java:1607)
	at sun.net.www.protocol.http.HttpURLConnection.getInputStream(HttpURLConnection.java:1512)
	at com.shark.aio.data.video.controller.VideoController.callFaceAI(FaceController.java:84)
	at com.shark.aio.base.controller.InitFFmpeg$1.onFileCreate(InitFFmpeg.java:79)
	at org.apache.commons.io.monitor.FileAlterationObserver.doCreate(FileAlterationObserver.java:379)
	at org.apache.commons.io.monitor.FileAlterationObserver.checkAndNotify(FileAlterationObserver.java:345)
	at org.apache.commons.io.monitor.FileAlterationObserver.checkAndNotify(FileAlterationObserver.java:304)
	at org.apache.commons.io.monitor.FileAlterationMonitor.run(FileAlterationMonitor.java:182)
	at java.lang.Thread.run(Thread.java:750)
2023-04-06 14:15:59.876 [,] [Thread-10] ERROR c.s.a.d.v.f.c.FaceController - [callFaceAI,143] - 发送POST请求出现异常！
java.net.SocketException: Unexpected end of file from server
	at sun.net.www.http.HttpClient.parseHTTPHeader(HttpClient.java:891)
	at sun.net.www.http.HttpClient.parseHTTP(HttpClient.java:714)
	at sun.net.www.http.HttpClient.parseHTTP(HttpClient.java:738)
	at sun.net.www.protocol.http.HttpURLConnection.getInputStream0(HttpURLConnection.java:1607)
	at sun.net.www.protocol.http.HttpURLConnection.getInputStream(HttpURLConnection.java:1512)
	at com.shark.aio.data.video.controller.VideoController.callFaceAI(FaceController.java:84)
	at com.shark.aio.base.controller.InitFFmpeg$1.onFileCreate(InitFFmpeg.java:79)
	at org.apache.commons.io.monitor.FileAlterationObserver.doCreate(FileAlterationObserver.java:379)
	at org.apache.commons.io.monitor.FileAlterationObserver.checkAndNotify(FileAlterationObserver.java:345)
	at org.apache.commons.io.monitor.FileAlterationObserver.checkAndNotify(FileAlterationObserver.java:304)
	at org.apache.commons.io.monitor.FileAlterationMonitor.run(FileAlterationMonitor.java:182)
	at java.lang.Thread.run(Thread.java:750)
2023-04-06 14:15:59.882 [,] [Thread-10] ERROR c.s.a.d.v.f.c.FaceController - [callFaceAI,143] - 发送POST请求出现异常！
java.net.SocketException: Unexpected end of file from server
	at sun.net.www.http.HttpClient.parseHTTPHeader(HttpClient.java:891)
	at sun.net.www.http.HttpClient.parseHTTP(HttpClient.java:714)
	at sun.net.www.http.HttpClient.parseHTTPHeader(HttpClient.java:888)
	at sun.net.www.http.HttpClient.parseHTTP(HttpClient.java:714)
	at sun.net.www.protocol.http.HttpURLConnection.getInputStream0(HttpURLConnection.java:1607)
	at sun.net.www.protocol.http.HttpURLConnection.getInputStream(HttpURLConnection.java:1512)
	at com.shark.aio.data.video.controller.VideoController.callFaceAI(FaceController.java:84)
	at com.shark.aio.base.controller.InitFFmpeg$1.onFileCreate(InitFFmpeg.java:79)
	at org.apache.commons.io.monitor.FileAlterationObserver.doCreate(FileAlterationObserver.java:379)
	at org.apache.commons.io.monitor.FileAlterationObserver.checkAndNotify(FileAlterationObserver.java:345)
	at org.apache.commons.io.monitor.FileAlterationObserver.checkAndNotify(FileAlterationObserver.java:304)
	at org.apache.commons.io.monitor.FileAlterationMonitor.run(FileAlterationMonitor.java:182)
	at java.lang.Thread.run(Thread.java:750)
2023-04-06 14:15:59.887 [,] [Thread-10] ERROR c.s.a.d.v.f.c.FaceController - [callFaceAI,143] - 发送POST请求出现异常！
java.net.SocketException: Unexpected end of file from server
	at sun.net.www.http.HttpClient.parseHTTPHeader(HttpClient.java:891)
	at sun.net.www.http.HttpClient.parseHTTP(HttpClient.java:714)
	at sun.net.www.http.HttpClient.parseHTTP(HttpClient.java:738)
	at sun.net.www.protocol.http.HttpURLConnection.getInputStream0(HttpURLConnection.java:1607)
	at sun.net.www.protocol.http.HttpURLConnection.getInputStream(HttpURLConnection.java:1512)
	at com.shark.aio.data.video.controller.VideoController.callFaceAI(FaceController.java:84)
	at com.shark.aio.base.controller.InitFFmpeg$1.onFileCreate(InitFFmpeg.java:79)
	at org.apache.commons.io.monitor.FileAlterationObserver.doCreate(FileAlterationObserver.java:379)
	at org.apache.commons.io.monitor.FileAlterationObserver.checkAndNotify(FileAlterationObserver.java:345)
	at org.apache.commons.io.monitor.FileAlterationObserver.checkAndNotify(FileAlterationObserver.java:304)
	at org.apache.commons.io.monitor.FileAlterationMonitor.run(FileAlterationMonitor.java:182)
	at java.lang.Thread.run(Thread.java:750)
2023-04-06 14:15:59.893 [,] [Thread-10] ERROR c.s.a.d.v.f.c.FaceController - [callFaceAI,143] - 发送POST请求出现异常！
java.net.SocketException: Unexpected end of file from server
	at sun.net.www.http.HttpClient.parseHTTPHeader(HttpClient.java:891)
	at sun.net.www.http.HttpClient.parseHTTP(HttpClient.java:714)
	at sun.net.www.http.HttpClient.parseHTTP(HttpClient.java:738)
	at sun.net.www.protocol.http.HttpURLConnection.getInputStream0(HttpURLConnection.java:1607)
	at sun.net.www.protocol.http.HttpURLConnection.getInputStream(HttpURLConnection.java:1512)
	at com.shark.aio.data.video.controller.VideoController.callFaceAI(FaceController.java:84)
	at com.shark.aio.base.controller.InitFFmpeg$1.onFileCreate(InitFFmpeg.java:79)
	at org.apache.commons.io.monitor.FileAlterationObserver.doCreate(FileAlterationObserver.java:379)
	at org.apache.commons.io.monitor.FileAlterationObserver.checkAndNotify(FileAlterationObserver.java:345)
	at org.apache.commons.io.monitor.FileAlterationObserver.checkAndNotify(FileAlterationObserver.java:304)
	at org.apache.commons.io.monitor.FileAlterationMonitor.run(FileAlterationMonitor.java:182)
	at java.lang.Thread.run(Thread.java:750)
2023-04-06 14:15:59.899 [,] [Thread-10] ERROR c.s.a.d.v.f.c.FaceController - [callFaceAI,143] - 发送POST请求出现异常！
java.net.SocketException: Unexpected end of file from server
	at sun.net.www.http.HttpClient.parseHTTPHeader(HttpClient.java:891)
	at sun.net.www.http.HttpClient.parseHTTP(HttpClient.java:714)
	at sun.net.www.http.HttpClient.parseHTTP(HttpClient.java:738)
	at sun.net.www.protocol.http.HttpURLConnection.getInputStream0(HttpURLConnection.java:1607)
	at sun.net.www.protocol.http.HttpURLConnection.getInputStream(HttpURLConnection.java:1512)
	at com.shark.aio.data.video.controller.VideoController.callFaceAI(FaceController.java:84)
	at com.shark.aio.base.controller.InitFFmpeg$1.onFileCreate(InitFFmpeg.java:79)
	at org.apache.commons.io.monitor.FileAlterationObserver.doCreate(FileAlterationObserver.java:379)
	at org.apache.commons.io.monitor.FileAlterationObserver.checkAndNotify(FileAlterationObserver.java:345)
	at org.apache.commons.io.monitor.FileAlterationObserver.checkAndNotify(FileAlterationObserver.java:304)
	at org.apache.commons.io.monitor.FileAlterationMonitor.run(FileAlterationMonitor.java:182)
	at java.lang.Thread.run(Thread.java:750)
2023-04-06 14:15:59.906 [,] [Thread-10] ERROR c.s.a.d.v.f.c.FaceController - [callFaceAI,143] - 发送POST请求出现异常！
java.net.SocketException: Unexpected end of file from server
	at sun.net.www.http.HttpClient.parseHTTPHeader(HttpClient.java:891)
	at sun.net.www.http.HttpClient.parseHTTP(HttpClient.java:714)
	at sun.net.www.http.HttpClient.parseHTTP(HttpClient.java:738)
	at sun.net.www.protocol.http.HttpURLConnection.getInputStream0(HttpURLConnection.java:1607)
	at sun.net.www.protocol.http.HttpURLConnection.getInputStream(HttpURLConnection.java:1512)
	at com.shark.aio.data.video.controller.VideoController.callFaceAI(FaceController.java:84)
	at com.shark.aio.base.controller.InitFFmpeg$1.onFileCreate(InitFFmpeg.java:79)
	at org.apache.commons.io.monitor.FileAlterationObserver.doCreate(FileAlterationObserver.java:379)
	at org.apache.commons.io.monitor.FileAlterationObserver.checkAndNotify(FileAlterationObserver.java:345)
	at org.apache.commons.io.monitor.FileAlterationObserver.checkAndNotify(FileAlterationObserver.java:304)
	at org.apache.commons.io.monitor.FileAlterationMonitor.run(FileAlterationMonitor.java:182)
	at java.lang.Thread.run(Thread.java:750)
2023-04-06 14:15:59.912 [,] [Thread-10] ERROR c.s.a.d.v.f.c.FaceController - [callFaceAI,143] - 发送POST请求出现异常！
java.net.SocketException: Unexpected end of file from server
	at sun.net.www.http.HttpClient.parseHTTPHeader(HttpClient.java:891)
	at sun.net.www.http.HttpClient.parseHTTP(HttpClient.java:714)
	at sun.net.www.http.HttpClient.parseHTTP(HttpClient.java:738)
	at sun.net.www.protocol.http.HttpURLConnection.getInputStream0(HttpURLConnection.java:1607)
	at sun.net.www.protocol.http.HttpURLConnection.getInputStream(HttpURLConnection.java:1512)
	at com.shark.aio.data.video.controller.VideoController.callFaceAI(FaceController.java:84)
	at com.shark.aio.base.controller.InitFFmpeg$1.onFileCreate(InitFFmpeg.java:79)
	at org.apache.commons.io.monitor.FileAlterationObserver.doCreate(FileAlterationObserver.java:379)
	at org.apache.commons.io.monitor.FileAlterationObserver.checkAndNotify(FileAlterationObserver.java:345)
	at org.apache.commons.io.monitor.FileAlterationObserver.checkAndNotify(FileAlterationObserver.java:304)
	at org.apache.commons.io.monitor.FileAlterationMonitor.run(FileAlterationMonitor.java:182)
	at java.lang.Thread.run(Thread.java:750)
2023-04-06 14:15:59.917 [,] [Thread-10] ERROR c.s.a.d.v.f.c.FaceController - [callFaceAI,143] - 发送POST请求出现异常！
java.net.SocketException: Unexpected end of file from server
	at sun.net.www.http.HttpClient.parseHTTPHeader(HttpClient.java:891)
	at sun.net.www.http.HttpClient.parseHTTP(HttpClient.java:714)
	at sun.net.www.http.HttpClient.parseHTTP(HttpClient.java:738)
	at sun.net.www.protocol.http.HttpURLConnection.getInputStream0(HttpURLConnection.java:1607)
	at sun.net.www.protocol.http.HttpURLConnection.getInputStream(HttpURLConnection.java:1512)
	at com.shark.aio.data.video.controller.VideoController.callFaceAI(FaceController.java:84)
	at com.shark.aio.base.controller.InitFFmpeg$1.onFileCreate(InitFFmpeg.java:79)
	at org.apache.commons.io.monitor.FileAlterationObserver.doCreate(FileAlterationObserver.java:379)
	at org.apache.commons.io.monitor.FileAlterationObserver.checkAndNotify(FileAlterationObserver.java:345)
	at org.apache.commons.io.monitor.FileAlterationObserver.checkAndNotify(FileAlterationObserver.java:304)
	at org.apache.commons.io.monitor.FileAlterationMonitor.run(FileAlterationMonitor.java:182)
	at java.lang.Thread.run(Thread.java:750)
2023-04-06 14:15:59.923 [,] [Thread-10] ERROR c.s.a.d.v.f.c.FaceController - [callFaceAI,143] - 发送POST请求出现异常！
java.net.SocketException: Unexpected end of file from server
	at sun.net.www.http.HttpClient.parseHTTPHeader(HttpClient.java:891)
	at sun.net.www.http.HttpClient.parseHTTP(HttpClient.java:714)
	at sun.net.www.http.HttpClient.parseHTTPHeader(HttpClient.java:888)
	at sun.net.www.http.HttpClient.parseHTTP(HttpClient.java:714)
	at sun.net.www.protocol.http.HttpURLConnection.getInputStream0(HttpURLConnection.java:1607)
	at sun.net.www.protocol.http.HttpURLConnection.getInputStream(HttpURLConnection.java:1512)
	at com.shark.aio.data.video.controller.VideoController.callFaceAI(FaceController.java:84)
	at com.shark.aio.base.controller.InitFFmpeg$1.onFileCreate(InitFFmpeg.java:79)
	at org.apache.commons.io.monitor.FileAlterationObserver.doCreate(FileAlterationObserver.java:379)
	at org.apache.commons.io.monitor.FileAlterationObserver.checkAndNotify(FileAlterationObserver.java:345)
	at org.apache.commons.io.monitor.FileAlterationObserver.checkAndNotify(FileAlterationObserver.java:304)
	at org.apache.commons.io.monitor.FileAlterationMonitor.run(FileAlterationMonitor.java:182)
	at java.lang.Thread.run(Thread.java:750)
2023-04-06 14:15:59.928 [,] [Thread-10] ERROR c.s.a.d.v.f.c.FaceController - [callFaceAI,143] - 发送POST请求出现异常！
java.net.SocketException: Unexpected end of file from server
	at sun.net.www.http.HttpClient.parseHTTPHeader(HttpClient.java:891)
	at sun.net.www.http.HttpClient.parseHTTP(HttpClient.java:714)
	at sun.net.www.http.HttpClient.parseHTTPHeader(HttpClient.java:888)
	at sun.net.www.http.HttpClient.parseHTTP(HttpClient.java:714)
	at sun.net.www.protocol.http.HttpURLConnection.getInputStream0(HttpURLConnection.java:1607)
	at sun.net.www.protocol.http.HttpURLConnection.getInputStream(HttpURLConnection.java:1512)
	at com.shark.aio.data.video.controller.VideoController.callFaceAI(FaceController.java:84)
	at com.shark.aio.base.controller.InitFFmpeg$1.onFileCreate(InitFFmpeg.java:79)
	at org.apache.commons.io.monitor.FileAlterationObserver.doCreate(FileAlterationObserver.java:379)
	at org.apache.commons.io.monitor.FileAlterationObserver.checkAndNotify(FileAlterationObserver.java:345)
	at org.apache.commons.io.monitor.FileAlterationObserver.checkAndNotify(FileAlterationObserver.java:304)
	at org.apache.commons.io.monitor.FileAlterationMonitor.run(FileAlterationMonitor.java:182)
	at java.lang.Thread.run(Thread.java:750)
2023-04-06 14:15:59.935 [,] [Thread-10] ERROR c.s.a.d.v.f.c.FaceController - [callFaceAI,143] - 发送POST请求出现异常！
java.net.SocketException: Unexpected end of file from server
	at sun.net.www.http.HttpClient.parseHTTPHeader(HttpClient.java:891)
	at sun.net.www.http.HttpClient.parseHTTP(HttpClient.java:714)
	at sun.net.www.http.HttpClient.parseHTTPHeader(HttpClient.java:888)
	at sun.net.www.http.HttpClient.parseHTTP(HttpClient.java:714)
	at sun.net.www.protocol.http.HttpURLConnection.getInputStream0(HttpURLConnection.java:1607)
	at sun.net.www.protocol.http.HttpURLConnection.getInputStream(HttpURLConnection.java:1512)
	at com.shark.aio.data.video.controller.VideoController.callFaceAI(FaceController.java:84)
	at com.shark.aio.base.controller.InitFFmpeg$1.onFileCreate(InitFFmpeg.java:79)
	at org.apache.commons.io.monitor.FileAlterationObserver.doCreate(FileAlterationObserver.java:379)
	at org.apache.commons.io.monitor.FileAlterationObserver.checkAndNotify(FileAlterationObserver.java:345)
	at org.apache.commons.io.monitor.FileAlterationObserver.checkAndNotify(FileAlterationObserver.java:304)
	at org.apache.commons.io.monitor.FileAlterationMonitor.run(FileAlterationMonitor.java:182)
	at java.lang.Thread.run(Thread.java:750)
2023-04-06 14:15:59.942 [,] [Thread-10] ERROR c.s.a.d.v.f.c.FaceController - [callFaceAI,143] - 发送POST请求出现异常！
java.net.SocketException: Unexpected end of file from server
	at sun.net.www.http.HttpClient.parseHTTPHeader(HttpClient.java:891)
	at sun.net.www.http.HttpClient.parseHTTP(HttpClient.java:714)
	at sun.net.www.http.HttpClient.parseHTTP(HttpClient.java:738)
	at sun.net.www.protocol.http.HttpURLConnection.getInputStream0(HttpURLConnection.java:1607)
	at sun.net.www.protocol.http.HttpURLConnection.getInputStream(HttpURLConnection.java:1512)
	at com.shark.aio.data.video.controller.VideoController.callFaceAI(FaceController.java:84)
	at com.shark.aio.base.controller.InitFFmpeg$1.onFileCreate(InitFFmpeg.java:79)
	at org.apache.commons.io.monitor.FileAlterationObserver.doCreate(FileAlterationObserver.java:379)
	at org.apache.commons.io.monitor.FileAlterationObserver.checkAndNotify(FileAlterationObserver.java:345)
	at org.apache.commons.io.monitor.FileAlterationObserver.checkAndNotify(FileAlterationObserver.java:304)
	at org.apache.commons.io.monitor.FileAlterationMonitor.run(FileAlterationMonitor.java:182)
	at java.lang.Thread.run(Thread.java:750)
2023-04-06 14:15:59.948 [,] [Thread-10] ERROR c.s.a.d.v.f.c.FaceController - [callFaceAI,143] - 发送POST请求出现异常！
java.net.SocketException: Unexpected end of file from server
	at sun.net.www.http.HttpClient.parseHTTPHeader(HttpClient.java:891)
	at sun.net.www.http.HttpClient.parseHTTP(HttpClient.java:714)
	at sun.net.www.http.HttpClient.parseHTTP(HttpClient.java:738)
	at sun.net.www.protocol.http.HttpURLConnection.getInputStream0(HttpURLConnection.java:1607)
	at sun.net.www.protocol.http.HttpURLConnection.getInputStream(HttpURLConnection.java:1512)
	at com.shark.aio.data.video.controller.VideoController.callFaceAI(FaceController.java:84)
	at com.shark.aio.base.controller.InitFFmpeg$1.onFileCreate(InitFFmpeg.java:79)
	at org.apache.commons.io.monitor.FileAlterationObserver.doCreate(FileAlterationObserver.java:379)
	at org.apache.commons.io.monitor.FileAlterationObserver.checkAndNotify(FileAlterationObserver.java:345)
	at org.apache.commons.io.monitor.FileAlterationObserver.checkAndNotify(FileAlterationObserver.java:304)
	at org.apache.commons.io.monitor.FileAlterationMonitor.run(FileAlterationMonitor.java:182)
	at java.lang.Thread.run(Thread.java:750)
2023-04-06 14:15:59.957 [,] [Thread-10] ERROR c.s.a.d.v.f.c.FaceController - [callFaceAI,143] - 发送POST请求出现异常！
java.net.SocketException: Unexpected end of file from server
	at sun.net.www.http.HttpClient.parseHTTPHeader(HttpClient.java:891)
	at sun.net.www.http.HttpClient.parseHTTP(HttpClient.java:714)
	at sun.net.www.http.HttpClient.parseHTTP(HttpClient.java:738)
	at sun.net.www.protocol.http.HttpURLConnection.getInputStream0(HttpURLConnection.java:1607)
	at sun.net.www.protocol.http.HttpURLConnection.getInputStream(HttpURLConnection.java:1512)
	at com.shark.aio.data.video.controller.VideoController.callFaceAI(FaceController.java:84)
	at com.shark.aio.base.controller.InitFFmpeg$1.onFileCreate(InitFFmpeg.java:79)
	at org.apache.commons.io.monitor.FileAlterationObserver.doCreate(FileAlterationObserver.java:379)
	at org.apache.commons.io.monitor.FileAlterationObserver.checkAndNotify(FileAlterationObserver.java:345)
	at org.apache.commons.io.monitor.FileAlterationObserver.checkAndNotify(FileAlterationObserver.java:304)
	at org.apache.commons.io.monitor.FileAlterationMonitor.run(FileAlterationMonitor.java:182)
	at java.lang.Thread.run(Thread.java:750)
2023-04-06 14:15:59.963 [,] [Thread-10] ERROR c.s.a.d.v.f.c.FaceController - [callFaceAI,143] - 发送POST请求出现异常！
java.net.SocketException: Unexpected end of file from server
	at sun.net.www.http.HttpClient.parseHTTPHeader(HttpClient.java:891)
	at sun.net.www.http.HttpClient.parseHTTP(HttpClient.java:714)
	at sun.net.www.http.HttpClient.parseHTTP(HttpClient.java:738)
	at sun.net.www.protocol.http.HttpURLConnection.getInputStream0(HttpURLConnection.java:1607)
	at sun.net.www.protocol.http.HttpURLConnection.getInputStream(HttpURLConnection.java:1512)
	at com.shark.aio.data.video.controller.VideoController.callFaceAI(FaceController.java:84)
	at com.shark.aio.base.controller.InitFFmpeg$1.onFileCreate(InitFFmpeg.java:79)
	at org.apache.commons.io.monitor.FileAlterationObserver.doCreate(FileAlterationObserver.java:379)
	at org.apache.commons.io.monitor.FileAlterationObserver.checkAndNotify(FileAlterationObserver.java:345)
	at org.apache.commons.io.monitor.FileAlterationObserver.checkAndNotify(FileAlterationObserver.java:304)
	at org.apache.commons.io.monitor.FileAlterationMonitor.run(FileAlterationMonitor.java:182)
	at java.lang.Thread.run(Thread.java:750)
2023-04-06 14:15:59.968 [,] [Thread-10] ERROR c.s.a.d.v.f.c.FaceController - [callFaceAI,143] - 发送POST请求出现异常！
java.net.SocketException: Unexpected end of file from server
	at sun.net.www.http.HttpClient.parseHTTPHeader(HttpClient.java:891)
	at sun.net.www.http.HttpClient.parseHTTP(HttpClient.java:714)
	at sun.net.www.http.HttpClient.parseHTTP(HttpClient.java:738)
	at sun.net.www.protocol.http.HttpURLConnection.getInputStream0(HttpURLConnection.java:1607)
	at sun.net.www.protocol.http.HttpURLConnection.getInputStream(HttpURLConnection.java:1512)
	at com.shark.aio.data.video.controller.VideoController.callFaceAI(FaceController.java:84)
	at com.shark.aio.base.controller.InitFFmpeg$1.onFileCreate(InitFFmpeg.java:79)
	at org.apache.commons.io.monitor.FileAlterationObserver.doCreate(FileAlterationObserver.java:379)
	at org.apache.commons.io.monitor.FileAlterationObserver.checkAndNotify(FileAlterationObserver.java:345)
	at org.apache.commons.io.monitor.FileAlterationObserver.checkAndNotify(FileAlterationObserver.java:304)
	at org.apache.commons.io.monitor.FileAlterationMonitor.run(FileAlterationMonitor.java:182)
	at java.lang.Thread.run(Thread.java:750)
2023-04-06 14:15:59.973 [,] [Thread-10] ERROR c.s.a.d.v.f.c.FaceController - [callFaceAI,143] - 发送POST请求出现异常！
java.net.SocketException: Unexpected end of file from server
	at sun.net.www.http.HttpClient.parseHTTPHeader(HttpClient.java:891)
	at sun.net.www.http.HttpClient.parseHTTP(HttpClient.java:714)
	at sun.net.www.http.HttpClient.parseHTTP(HttpClient.java:738)
	at sun.net.www.protocol.http.HttpURLConnection.getInputStream0(HttpURLConnection.java:1607)
	at sun.net.www.protocol.http.HttpURLConnection.getInputStream(HttpURLConnection.java:1512)
	at com.shark.aio.data.video.controller.VideoController.callFaceAI(FaceController.java:84)
	at com.shark.aio.base.controller.InitFFmpeg$1.onFileCreate(InitFFmpeg.java:79)
	at org.apache.commons.io.monitor.FileAlterationObserver.doCreate(FileAlterationObserver.java:379)
	at org.apache.commons.io.monitor.FileAlterationObserver.checkAndNotify(FileAlterationObserver.java:345)
	at org.apache.commons.io.monitor.FileAlterationObserver.checkAndNotify(FileAlterationObserver.java:304)
	at org.apache.commons.io.monitor.FileAlterationMonitor.run(FileAlterationMonitor.java:182)
	at java.lang.Thread.run(Thread.java:750)
2023-04-06 14:15:59.978 [,] [Thread-10] ERROR c.s.a.d.v.f.c.FaceController - [callFaceAI,143] - 发送POST请求出现异常！
java.net.SocketException: Unexpected end of file from server
	at sun.net.www.http.HttpClient.parseHTTPHeader(HttpClient.java:891)
	at sun.net.www.http.HttpClient.parseHTTP(HttpClient.java:714)
	at sun.net.www.http.HttpClient.parseHTTP(HttpClient.java:738)
	at sun.net.www.protocol.http.HttpURLConnection.getInputStream0(HttpURLConnection.java:1607)
	at sun.net.www.protocol.http.HttpURLConnection.getInputStream(HttpURLConnection.java:1512)
	at com.shark.aio.data.video.controller.VideoController.callFaceAI(FaceController.java:84)
	at com.shark.aio.base.controller.InitFFmpeg$1.onFileCreate(InitFFmpeg.java:79)
	at org.apache.commons.io.monitor.FileAlterationObserver.doCreate(FileAlterationObserver.java:379)
	at org.apache.commons.io.monitor.FileAlterationObserver.checkAndNotify(FileAlterationObserver.java:345)
	at org.apache.commons.io.monitor.FileAlterationObserver.checkAndNotify(FileAlterationObserver.java:304)
	at org.apache.commons.io.monitor.FileAlterationMonitor.run(FileAlterationMonitor.java:182)
	at java.lang.Thread.run(Thread.java:750)
2023-04-06 14:15:59.984 [,] [Thread-10] ERROR c.s.a.d.v.f.c.FaceController - [callFaceAI,143] - 发送POST请求出现异常！
java.net.SocketException: Unexpected end of file from server
	at sun.net.www.http.HttpClient.parseHTTPHeader(HttpClient.java:891)
	at sun.net.www.http.HttpClient.parseHTTP(HttpClient.java:714)
	at sun.net.www.http.HttpClient.parseHTTPHeader(HttpClient.java:888)
	at sun.net.www.http.HttpClient.parseHTTP(HttpClient.java:714)
	at sun.net.www.protocol.http.HttpURLConnection.getInputStream0(HttpURLConnection.java:1607)
	at sun.net.www.protocol.http.HttpURLConnection.getInputStream(HttpURLConnection.java:1512)
	at com.shark.aio.data.video.controller.VideoController.callFaceAI(FaceController.java:84)
	at com.shark.aio.base.controller.InitFFmpeg$1.onFileCreate(InitFFmpeg.java:79)
	at org.apache.commons.io.monitor.FileAlterationObserver.doCreate(FileAlterationObserver.java:379)
	at org.apache.commons.io.monitor.FileAlterationObserver.checkAndNotify(FileAlterationObserver.java:345)
	at org.apache.commons.io.monitor.FileAlterationObserver.checkAndNotify(FileAlterationObserver.java:304)
	at org.apache.commons.io.monitor.FileAlterationMonitor.run(FileAlterationMonitor.java:182)
	at java.lang.Thread.run(Thread.java:750)
2023-04-06 14:15:59.990 [,] [Thread-10] ERROR c.s.a.d.v.f.c.FaceController - [callFaceAI,143] - 发送POST请求出现异常！
java.net.SocketException: Unexpected end of file from server
	at sun.net.www.http.HttpClient.parseHTTPHeader(HttpClient.java:891)
	at sun.net.www.http.HttpClient.parseHTTP(HttpClient.java:714)
	at sun.net.www.http.HttpClient.parseHTTPHeader(HttpClient.java:888)
	at sun.net.www.http.HttpClient.parseHTTP(HttpClient.java:714)
	at sun.net.www.protocol.http.HttpURLConnection.getInputStream0(HttpURLConnection.java:1607)
	at sun.net.www.protocol.http.HttpURLConnection.getInputStream(HttpURLConnection.java:1512)
	at com.shark.aio.data.video.controller.VideoController.callFaceAI(FaceController.java:84)
	at com.shark.aio.base.controller.InitFFmpeg$1.onFileCreate(InitFFmpeg.java:79)
	at org.apache.commons.io.monitor.FileAlterationObserver.doCreate(FileAlterationObserver.java:379)
	at org.apache.commons.io.monitor.FileAlterationObserver.checkAndNotify(FileAlterationObserver.java:345)
	at org.apache.commons.io.monitor.FileAlterationObserver.checkAndNotify(FileAlterationObserver.java:304)
	at org.apache.commons.io.monitor.FileAlterationMonitor.run(FileAlterationMonitor.java:182)
	at java.lang.Thread.run(Thread.java:750)
2023-04-06 14:16:00.594 [,] [Thread-10] ERROR c.s.a.d.v.f.c.FaceController - [callFaceAI,143] - 发送POST请求出现异常！
java.net.SocketException: Unexpected end of file from server
	at sun.net.www.http.HttpClient.parseHTTPHeader(HttpClient.java:891)
	at sun.net.www.http.HttpClient.parseHTTP(HttpClient.java:714)
	at sun.net.www.http.HttpClient.parseHTTPHeader(HttpClient.java:888)
	at sun.net.www.http.HttpClient.parseHTTP(HttpClient.java:714)
	at sun.net.www.protocol.http.HttpURLConnection.getInputStream0(HttpURLConnection.java:1607)
	at sun.net.www.protocol.http.HttpURLConnection.getInputStream(HttpURLConnection.java:1512)
	at com.shark.aio.data.video.controller.VideoController.callFaceAI(FaceController.java:84)
	at com.shark.aio.base.controller.InitFFmpeg$1.onFileCreate(InitFFmpeg.java:79)
	at org.apache.commons.io.monitor.FileAlterationObserver.doCreate(FileAlterationObserver.java:379)
	at org.apache.commons.io.monitor.FileAlterationObserver.checkAndNotify(FileAlterationObserver.java:345)
	at org.apache.commons.io.monitor.FileAlterationObserver.checkAndNotify(FileAlterationObserver.java:304)
	at org.apache.commons.io.monitor.FileAlterationMonitor.run(FileAlterationMonitor.java:182)
	at java.lang.Thread.run(Thread.java:750)
2023-04-06 14:24:22.766 [,] [Thread-13] ERROR c.s.a.d.v.f.c.FaceController - [callFaceAI,143] - 发送POST请求出现异常！
java.io.IOException: Server returned HTTP response code: 500 for URL: http://localhost:5000/ssd_predict
	at sun.net.www.protocol.http.HttpURLConnection.getInputStream0(HttpURLConnection.java:1914)
	at sun.net.www.protocol.http.HttpURLConnection.getInputStream(HttpURLConnection.java:1512)
	at com.shark.aio.data.video.controller.VideoController.callFaceAI(FaceController.java:84)
	at com.shark.aio.base.controller.InitFFmpeg$1.onFileCreate(InitFFmpeg.java:79)
	at org.apache.commons.io.monitor.FileAlterationObserver.doCreate(FileAlterationObserver.java:379)
	at org.apache.commons.io.monitor.FileAlterationObserver.checkAndNotify(FileAlterationObserver.java:345)
	at org.apache.commons.io.monitor.FileAlterationObserver.checkAndNotify(FileAlterationObserver.java:304)
	at org.apache.commons.io.monitor.FileAlterationMonitor.run(FileAlterationMonitor.java:182)
	at java.lang.Thread.run(Thread.java:750)
2023-04-06 14:29:37.912 [,] [Thread-13] ERROR c.s.a.d.v.f.c.FaceController - [callFaceAI,143] - 发送POST请求出现异常！
java.io.IOException: Server returned HTTP response code: 500 for URL: http://localhost:5000/ssd_predict
	at sun.net.www.protocol.http.HttpURLConnection.getInputStream0(HttpURLConnection.java:1914)
	at sun.net.www.protocol.http.HttpURLConnection.getInputStream(HttpURLConnection.java:1512)
	at com.shark.aio.data.video.controller.VideoController.callFaceAI(FaceController.java:84)
	at com.shark.aio.base.controller.InitFFmpeg$1.onFileCreate(InitFFmpeg.java:79)
	at org.apache.commons.io.monitor.FileAlterationObserver.doCreate(FileAlterationObserver.java:379)
	at org.apache.commons.io.monitor.FileAlterationObserver.checkAndNotify(FileAlterationObserver.java:345)
	at org.apache.commons.io.monitor.FileAlterationObserver.checkAndNotify(FileAlterationObserver.java:304)
	at org.apache.commons.io.monitor.FileAlterationMonitor.run(FileAlterationMonitor.java:182)
	at java.lang.Thread.run(Thread.java:750)
2023-04-06 14:39:58.763 [,] [Thread-12] ERROR c.s.a.d.v.f.c.FaceController - [callFaceAI,145] - 发送POST请求出现异常！
java.io.IOException: Server returned HTTP response code: 500 for URL: http://localhost:5000/ssd_predict
	at sun.net.www.protocol.http.HttpURLConnection.getInputStream0(HttpURLConnection.java:1914)
	at sun.net.www.protocol.http.HttpURLConnection.getInputStream(HttpURLConnection.java:1512)
	at com.shark.aio.data.video.controller.VideoController.callFaceAI(FaceController.java:84)
	at com.shark.aio.base.controller.InitFFmpeg$1.onFileCreate(InitFFmpeg.java:79)
	at org.apache.commons.io.monitor.FileAlterationObserver.doCreate(FileAlterationObserver.java:379)
	at org.apache.commons.io.monitor.FileAlterationObserver.checkAndNotify(FileAlterationObserver.java:345)
	at org.apache.commons.io.monitor.FileAlterationObserver.checkAndNotify(FileAlterationObserver.java:304)
	at org.apache.commons.io.monitor.FileAlterationMonitor.run(FileAlterationMonitor.java:182)
	at java.lang.Thread.run(Thread.java:750)
2023-04-06 14:40:00.126 [,] [Thread-12] ERROR c.s.a.d.v.f.c.FaceController - [callFaceAI,145] - 发送POST请求出现异常！
java.io.IOException: Server returned HTTP response code: 500 for URL: http://localhost:5000/ssd_predict
	at sun.net.www.protocol.http.HttpURLConnection.getInputStream0(HttpURLConnection.java:1914)
	at sun.net.www.protocol.http.HttpURLConnection.getInputStream(HttpURLConnection.java:1512)
	at com.shark.aio.data.video.controller.VideoController.callFaceAI(FaceController.java:84)
	at com.shark.aio.base.controller.InitFFmpeg$1.onFileCreate(InitFFmpeg.java:79)
	at org.apache.commons.io.monitor.FileAlterationObserver.doCreate(FileAlterationObserver.java:379)
	at org.apache.commons.io.monitor.FileAlterationObserver.checkAndNotify(FileAlterationObserver.java:345)
	at org.apache.commons.io.monitor.FileAlterationObserver.checkAndNotify(FileAlterationObserver.java:304)
	at org.apache.commons.io.monitor.FileAlterationMonitor.run(FileAlterationMonitor.java:182)
	at java.lang.Thread.run(Thread.java:750)
2023-04-06 14:53:16.624 [,] [main] ERROR o.s.b.d.LoggingFailureAnalysisReporter - [report,40] - 

***************************
APPLICATION FAILED TO START
***************************

Description:

A component required a bean named 'threadPoolTaskExecutor' that could not be found.


Action:

Consider defining a bean named 'threadPoolTaskExecutor' in your configuration.

2023-04-06 15:02:41.464 [,] [Thread-8] ERROR c.s.a.d.v.f.c.FaceController - [callFaceAI,145] - 发送POST请求出现异常！
java.io.IOException: Server returned HTTP response code: 500 for URL: http://localhost:5000/ssd_predict
	at sun.net.www.protocol.http.HttpURLConnection.getInputStream0(HttpURLConnection.java:1914)
	at sun.net.www.protocol.http.HttpURLConnection.getInputStream(HttpURLConnection.java:1512)
	at com.shark.aio.data.video.controller.VideoController.callFaceAI(FaceController.java:84)
	at com.shark.aio.base.controller.InitFFmpeg$1.onFileCreate(InitFFmpeg.java:82)
	at org.apache.commons.io.monitor.FileAlterationObserver.doCreate(FileAlterationObserver.java:379)
	at org.apache.commons.io.monitor.FileAlterationObserver.checkAndNotify(FileAlterationObserver.java:345)
	at org.apache.commons.io.monitor.FileAlterationObserver.checkAndNotify(FileAlterationObserver.java:304)
	at org.apache.commons.io.monitor.FileAlterationMonitor.run(FileAlterationMonitor.java:182)
	at java.lang.Thread.run(Thread.java:750)
2023-04-06 15:07:01.254 [,] [Thread-8] ERROR c.s.a.d.v.f.c.FaceController - [callFaceAI,145] - 发送POST请求出现异常！
java.io.IOException: Server returned HTTP response code: 500 for URL: http://localhost:5000/ssd_predict
	at sun.net.www.protocol.http.HttpURLConnection.getInputStream0(HttpURLConnection.java:1914)
	at sun.net.www.protocol.http.HttpURLConnection.getInputStream(HttpURLConnection.java:1512)
	at com.shark.aio.data.video.controller.VideoController.callFaceAI(FaceController.java:84)
	at com.shark.aio.base.controller.InitFFmpeg$1.onFileCreate(InitFFmpeg.java:82)
	at org.apache.commons.io.monitor.FileAlterationObserver.doCreate(FileAlterationObserver.java:379)
	at org.apache.commons.io.monitor.FileAlterationObserver.checkAndNotify(FileAlterationObserver.java:345)
	at org.apache.commons.io.monitor.FileAlterationObserver.checkAndNotify(FileAlterationObserver.java:304)
	at org.apache.commons.io.monitor.FileAlterationMonitor.run(FileAlterationMonitor.java:182)
	at java.lang.Thread.run(Thread.java:750)
2023-04-06 15:07:05.088 [,] [Thread-8] ERROR c.s.a.d.v.f.c.FaceController - [callFaceAI,145] - 发送POST请求出现异常！
java.io.IOException: Server returned HTTP response code: 500 for URL: http://localhost:5000/ssd_predict
	at sun.net.www.protocol.http.HttpURLConnection.getInputStream0(HttpURLConnection.java:1914)
	at sun.net.www.protocol.http.HttpURLConnection.getInputStream(HttpURLConnection.java:1512)
	at com.shark.aio.data.video.controller.VideoController.callFaceAI(FaceController.java:84)
	at com.shark.aio.base.controller.InitFFmpeg$1.onFileCreate(InitFFmpeg.java:82)
	at org.apache.commons.io.monitor.FileAlterationObserver.doCreate(FileAlterationObserver.java:379)
	at org.apache.commons.io.monitor.FileAlterationObserver.checkAndNotify(FileAlterationObserver.java:345)
	at org.apache.commons.io.monitor.FileAlterationObserver.checkAndNotify(FileAlterationObserver.java:304)
	at org.apache.commons.io.monitor.FileAlterationMonitor.run(FileAlterationMonitor.java:182)
	at java.lang.Thread.run(Thread.java:750)
2023-04-06 15:07:28.493 [,] [Thread-8] ERROR c.s.a.d.v.f.c.FaceController - [callFaceAI,145] - 发送POST请求出现异常！
java.io.IOException: Server returned HTTP response code: 500 for URL: http://localhost:5000/ssd_predict
	at sun.net.www.protocol.http.HttpURLConnection.getInputStream0(HttpURLConnection.java:1914)
	at sun.net.www.protocol.http.HttpURLConnection.getInputStream(HttpURLConnection.java:1512)
	at com.shark.aio.data.video.controller.VideoController.callFaceAI(FaceController.java:84)
	at com.shark.aio.base.controller.InitFFmpeg$1.onFileCreate(InitFFmpeg.java:82)
	at org.apache.commons.io.monitor.FileAlterationObserver.doCreate(FileAlterationObserver.java:379)
	at org.apache.commons.io.monitor.FileAlterationObserver.checkAndNotify(FileAlterationObserver.java:345)
	at org.apache.commons.io.monitor.FileAlterationObserver.checkAndNotify(FileAlterationObserver.java:304)
	at org.apache.commons.io.monitor.FileAlterationMonitor.run(FileAlterationMonitor.java:182)
	at java.lang.Thread.run(Thread.java:750)
2023-04-06 15:07:40.331 [,] [Thread-8] ERROR c.s.a.d.v.f.c.FaceController - [callFaceAI,145] - 发送POST请求出现异常！
java.io.IOException: Server returned HTTP response code: 500 for URL: http://localhost:5000/ssd_predict
	at sun.net.www.protocol.http.HttpURLConnection.getInputStream0(HttpURLConnection.java:1914)
	at sun.net.www.protocol.http.HttpURLConnection.getInputStream(HttpURLConnection.java:1512)
	at com.shark.aio.data.video.controller.VideoController.callFaceAI(FaceController.java:84)
	at com.shark.aio.base.controller.InitFFmpeg$1.onFileCreate(InitFFmpeg.java:82)
	at org.apache.commons.io.monitor.FileAlterationObserver.doCreate(FileAlterationObserver.java:379)
	at org.apache.commons.io.monitor.FileAlterationObserver.checkAndNotify(FileAlterationObserver.java:345)
	at org.apache.commons.io.monitor.FileAlterationObserver.checkAndNotify(FileAlterationObserver.java:304)
	at org.apache.commons.io.monitor.FileAlterationMonitor.run(FileAlterationMonitor.java:182)
	at java.lang.Thread.run(Thread.java:750)
2023-04-06 15:07:47.370 [,] [Thread-8] ERROR c.s.a.d.v.f.c.FaceController - [callFaceAI,145] - 发送POST请求出现异常！
java.io.IOException: Server returned HTTP response code: 500 for URL: http://localhost:5000/ssd_predict
	at sun.net.www.protocol.http.HttpURLConnection.getInputStream0(HttpURLConnection.java:1914)
	at sun.net.www.protocol.http.HttpURLConnection.getInputStream(HttpURLConnection.java:1512)
	at com.shark.aio.data.video.controller.VideoController.callFaceAI(FaceController.java:84)
	at com.shark.aio.base.controller.InitFFmpeg$1.onFileCreate(InitFFmpeg.java:82)
	at org.apache.commons.io.monitor.FileAlterationObserver.doCreate(FileAlterationObserver.java:379)
	at org.apache.commons.io.monitor.FileAlterationObserver.checkAndNotify(FileAlterationObserver.java:345)
	at org.apache.commons.io.monitor.FileAlterationObserver.checkAndNotify(FileAlterationObserver.java:304)
	at org.apache.commons.io.monitor.FileAlterationMonitor.run(FileAlterationMonitor.java:182)
	at java.lang.Thread.run(Thread.java:750)
2023-04-06 15:07:52.449 [,] [Thread-8] ERROR c.s.a.d.v.f.c.FaceController - [callFaceAI,145] - 发送POST请求出现异常！
java.io.IOException: Server returned HTTP response code: 500 for URL: http://localhost:5000/ssd_predict
	at sun.net.www.protocol.http.HttpURLConnection.getInputStream0(HttpURLConnection.java:1914)
	at sun.net.www.protocol.http.HttpURLConnection.getInputStream(HttpURLConnection.java:1512)
	at com.shark.aio.data.video.controller.VideoController.callFaceAI(FaceController.java:84)
	at com.shark.aio.base.controller.InitFFmpeg$1.onFileCreate(InitFFmpeg.java:82)
	at org.apache.commons.io.monitor.FileAlterationObserver.doCreate(FileAlterationObserver.java:379)
	at org.apache.commons.io.monitor.FileAlterationObserver.checkAndNotify(FileAlterationObserver.java:345)
	at org.apache.commons.io.monitor.FileAlterationObserver.checkAndNotify(FileAlterationObserver.java:304)
	at org.apache.commons.io.monitor.FileAlterationMonitor.run(FileAlterationMonitor.java:182)
	at java.lang.Thread.run(Thread.java:750)
2023-04-06 15:08:04.217 [,] [Thread-8] ERROR c.s.a.d.v.f.c.FaceController - [callFaceAI,145] - 发送POST请求出现异常！
java.io.IOException: Server returned HTTP response code: 500 for URL: http://localhost:5000/ssd_predict
	at sun.net.www.protocol.http.HttpURLConnection.getInputStream0(HttpURLConnection.java:1914)
	at sun.net.www.protocol.http.HttpURLConnection.getInputStream(HttpURLConnection.java:1512)
	at com.shark.aio.data.video.controller.VideoController.callFaceAI(FaceController.java:84)
	at com.shark.aio.base.controller.InitFFmpeg$1.onFileCreate(InitFFmpeg.java:82)
	at org.apache.commons.io.monitor.FileAlterationObserver.doCreate(FileAlterationObserver.java:379)
	at org.apache.commons.io.monitor.FileAlterationObserver.checkAndNotify(FileAlterationObserver.java:345)
	at org.apache.commons.io.monitor.FileAlterationObserver.checkAndNotify(FileAlterationObserver.java:304)
	at org.apache.commons.io.monitor.FileAlterationMonitor.run(FileAlterationMonitor.java:182)
	at java.lang.Thread.run(Thread.java:750)
2023-04-06 15:08:13.095 [,] [Thread-8] ERROR c.s.a.d.v.f.c.FaceController - [callFaceAI,145] - 发送POST请求出现异常！
java.io.IOException: Server returned HTTP response code: 500 for URL: http://localhost:5000/ssd_predict
	at sun.net.www.protocol.http.HttpURLConnection.getInputStream0(HttpURLConnection.java:1914)
	at sun.net.www.protocol.http.HttpURLConnection.getInputStream(HttpURLConnection.java:1512)
	at com.shark.aio.data.video.controller.VideoController.callFaceAI(FaceController.java:84)
	at com.shark.aio.base.controller.InitFFmpeg$1.onFileCreate(InitFFmpeg.java:82)
	at org.apache.commons.io.monitor.FileAlterationObserver.doCreate(FileAlterationObserver.java:379)
	at org.apache.commons.io.monitor.FileAlterationObserver.checkAndNotify(FileAlterationObserver.java:345)
	at org.apache.commons.io.monitor.FileAlterationObserver.checkAndNotify(FileAlterationObserver.java:304)
	at org.apache.commons.io.monitor.FileAlterationMonitor.run(FileAlterationMonitor.java:182)
	at java.lang.Thread.run(Thread.java:750)
2023-04-06 15:08:24.135 [,] [Thread-8] ERROR c.s.a.d.v.f.c.FaceController - [callFaceAI,145] - 发送POST请求出现异常！
java.io.IOException: Server returned HTTP response code: 500 for URL: http://localhost:5000/ssd_predict
	at sun.net.www.protocol.http.HttpURLConnection.getInputStream0(HttpURLConnection.java:1914)
	at sun.net.www.protocol.http.HttpURLConnection.getInputStream(HttpURLConnection.java:1512)
	at com.shark.aio.data.video.controller.VideoController.callFaceAI(FaceController.java:84)
	at com.shark.aio.base.controller.InitFFmpeg$1.onFileCreate(InitFFmpeg.java:82)
	at org.apache.commons.io.monitor.FileAlterationObserver.doCreate(FileAlterationObserver.java:379)
	at org.apache.commons.io.monitor.FileAlterationObserver.checkAndNotify(FileAlterationObserver.java:345)
	at org.apache.commons.io.monitor.FileAlterationObserver.checkAndNotify(FileAlterationObserver.java:304)
	at org.apache.commons.io.monitor.FileAlterationMonitor.run(FileAlterationMonitor.java:182)
	at java.lang.Thread.run(Thread.java:750)
2023-04-06 15:08:36.454 [,] [Thread-8] ERROR c.s.a.d.v.f.c.FaceController - [callFaceAI,145] - 发送POST请求出现异常！
java.io.IOException: Server returned HTTP response code: 500 for URL: http://localhost:5000/ssd_predict
	at sun.net.www.protocol.http.HttpURLConnection.getInputStream0(HttpURLConnection.java:1914)
	at sun.net.www.protocol.http.HttpURLConnection.getInputStream(HttpURLConnection.java:1512)
	at com.shark.aio.data.video.controller.VideoController.callFaceAI(FaceController.java:84)
	at com.shark.aio.base.controller.InitFFmpeg$1.onFileCreate(InitFFmpeg.java:82)
	at org.apache.commons.io.monitor.FileAlterationObserver.doCreate(FileAlterationObserver.java:379)
	at org.apache.commons.io.monitor.FileAlterationObserver.checkAndNotify(FileAlterationObserver.java:345)
	at org.apache.commons.io.monitor.FileAlterationObserver.checkAndNotify(FileAlterationObserver.java:304)
	at org.apache.commons.io.monitor.FileAlterationMonitor.run(FileAlterationMonitor.java:182)
	at java.lang.Thread.run(Thread.java:750)
2023-04-06 15:08:37.566 [,] [Thread-8] ERROR c.s.a.d.v.f.c.FaceController - [callFaceAI,145] - 发送POST请求出现异常！
java.io.IOException: Server returned HTTP response code: 500 for URL: http://localhost:5000/ssd_predict
	at sun.net.www.protocol.http.HttpURLConnection.getInputStream0(HttpURLConnection.java:1914)
	at sun.net.www.protocol.http.HttpURLConnection.getInputStream(HttpURLConnection.java:1512)
	at com.shark.aio.data.video.controller.VideoController.callFaceAI(FaceController.java:84)
	at com.shark.aio.base.controller.InitFFmpeg$1.onFileCreate(InitFFmpeg.java:82)
	at org.apache.commons.io.monitor.FileAlterationObserver.doCreate(FileAlterationObserver.java:379)
	at org.apache.commons.io.monitor.FileAlterationObserver.checkAndNotify(FileAlterationObserver.java:345)
	at org.apache.commons.io.monitor.FileAlterationObserver.checkAndNotify(FileAlterationObserver.java:304)
	at org.apache.commons.io.monitor.FileAlterationMonitor.run(FileAlterationMonitor.java:182)
	at java.lang.Thread.run(Thread.java:750)
2023-04-06 15:08:40.129 [,] [Thread-8] ERROR c.s.a.d.v.f.c.FaceController - [callFaceAI,145] - 发送POST请求出现异常！
java.io.IOException: Server returned HTTP response code: 500 for URL: http://localhost:5000/ssd_predict
	at sun.net.www.protocol.http.HttpURLConnection.getInputStream0(HttpURLConnection.java:1914)
	at sun.net.www.protocol.http.HttpURLConnection.getInputStream(HttpURLConnection.java:1512)
	at com.shark.aio.data.video.controller.VideoController.callFaceAI(FaceController.java:84)
	at com.shark.aio.base.controller.InitFFmpeg$1.onFileCreate(InitFFmpeg.java:82)
	at org.apache.commons.io.monitor.FileAlterationObserver.doCreate(FileAlterationObserver.java:379)
	at org.apache.commons.io.monitor.FileAlterationObserver.checkAndNotify(FileAlterationObserver.java:345)
	at org.apache.commons.io.monitor.FileAlterationObserver.checkAndNotify(FileAlterationObserver.java:304)
	at org.apache.commons.io.monitor.FileAlterationMonitor.run(FileAlterationMonitor.java:182)
	at java.lang.Thread.run(Thread.java:750)
2023-04-06 15:08:54.332 [,] [Thread-8] ERROR c.s.a.d.v.f.c.FaceController - [callFaceAI,145] - 发送POST请求出现异常！
java.io.IOException: Server returned HTTP response code: 500 for URL: http://localhost:5000/ssd_predict
	at sun.net.www.protocol.http.HttpURLConnection.getInputStream0(HttpURLConnection.java:1914)
	at sun.net.www.protocol.http.HttpURLConnection.getInputStream(HttpURLConnection.java:1512)
	at com.shark.aio.data.video.controller.VideoController.callFaceAI(FaceController.java:84)
	at com.shark.aio.base.controller.InitFFmpeg$1.onFileCreate(InitFFmpeg.java:82)
	at org.apache.commons.io.monitor.FileAlterationObserver.doCreate(FileAlterationObserver.java:379)
	at org.apache.commons.io.monitor.FileAlterationObserver.checkAndNotify(FileAlterationObserver.java:345)
	at org.apache.commons.io.monitor.FileAlterationObserver.checkAndNotify(FileAlterationObserver.java:304)
	at org.apache.commons.io.monitor.FileAlterationMonitor.run(FileAlterationMonitor.java:182)
	at java.lang.Thread.run(Thread.java:750)
2023-04-06 15:08:56.170 [,] [Thread-8] ERROR c.s.a.d.v.f.c.FaceController - [callFaceAI,145] - 发送POST请求出现异常！
java.io.IOException: Server returned HTTP response code: 500 for URL: http://localhost:5000/ssd_predict
	at sun.net.www.protocol.http.HttpURLConnection.getInputStream0(HttpURLConnection.java:1914)
	at sun.net.www.protocol.http.HttpURLConnection.getInputStream(HttpURLConnection.java:1512)
	at com.shark.aio.data.video.controller.VideoController.callFaceAI(FaceController.java:84)
	at com.shark.aio.base.controller.InitFFmpeg$1.onFileCreate(InitFFmpeg.java:82)
	at org.apache.commons.io.monitor.FileAlterationObserver.doCreate(FileAlterationObserver.java:379)
	at org.apache.commons.io.monitor.FileAlterationObserver.checkAndNotify(FileAlterationObserver.java:345)
	at org.apache.commons.io.monitor.FileAlterationObserver.checkAndNotify(FileAlterationObserver.java:304)
	at org.apache.commons.io.monitor.FileAlterationMonitor.run(FileAlterationMonitor.java:182)
	at java.lang.Thread.run(Thread.java:750)
2023-04-06 15:09:12.322 [,] [Thread-8] ERROR c.s.a.d.v.f.c.FaceController - [callFaceAI,145] - 发送POST请求出现异常！
java.io.IOException: Server returned HTTP response code: 500 for URL: http://localhost:5000/ssd_predict
	at sun.net.www.protocol.http.HttpURLConnection.getInputStream0(HttpURLConnection.java:1914)
	at sun.net.www.protocol.http.HttpURLConnection.getInputStream(HttpURLConnection.java:1512)
	at com.shark.aio.data.video.controller.VideoController.callFaceAI(FaceController.java:84)
	at com.shark.aio.base.controller.InitFFmpeg$1.onFileCreate(InitFFmpeg.java:82)
	at org.apache.commons.io.monitor.FileAlterationObserver.doCreate(FileAlterationObserver.java:379)
	at org.apache.commons.io.monitor.FileAlterationObserver.checkAndNotify(FileAlterationObserver.java:345)
	at org.apache.commons.io.monitor.FileAlterationObserver.checkAndNotify(FileAlterationObserver.java:304)
	at org.apache.commons.io.monitor.FileAlterationMonitor.run(FileAlterationMonitor.java:182)
	at java.lang.Thread.run(Thread.java:750)
2023-04-06 15:09:17.252 [,] [Thread-8] ERROR c.s.a.d.v.f.c.FaceController - [callFaceAI,145] - 发送POST请求出现异常！
java.io.IOException: Server returned HTTP response code: 500 for URL: http://localhost:5000/ssd_predict
	at sun.net.www.protocol.http.HttpURLConnection.getInputStream0(HttpURLConnection.java:1914)
	at sun.net.www.protocol.http.HttpURLConnection.getInputStream(HttpURLConnection.java:1512)
	at com.shark.aio.data.video.controller.VideoController.callFaceAI(FaceController.java:84)
	at com.shark.aio.base.controller.InitFFmpeg$1.onFileCreate(InitFFmpeg.java:82)
	at org.apache.commons.io.monitor.FileAlterationObserver.doCreate(FileAlterationObserver.java:379)
	at org.apache.commons.io.monitor.FileAlterationObserver.checkAndNotify(FileAlterationObserver.java:345)
	at org.apache.commons.io.monitor.FileAlterationObserver.checkAndNotify(FileAlterationObserver.java:304)
	at org.apache.commons.io.monitor.FileAlterationMonitor.run(FileAlterationMonitor.java:182)
	at java.lang.Thread.run(Thread.java:750)
2023-04-06 15:09:40.361 [,] [Thread-8] ERROR c.s.a.d.v.f.c.FaceController - [callFaceAI,145] - 发送POST请求出现异常！
java.io.IOException: Server returned HTTP response code: 500 for URL: http://localhost:5000/ssd_predict
	at sun.net.www.protocol.http.HttpURLConnection.getInputStream0(HttpURLConnection.java:1914)
	at sun.net.www.protocol.http.HttpURLConnection.getInputStream(HttpURLConnection.java:1512)
	at com.shark.aio.data.video.controller.VideoController.callFaceAI(FaceController.java:84)
	at com.shark.aio.base.controller.InitFFmpeg$1.onFileCreate(InitFFmpeg.java:82)
	at org.apache.commons.io.monitor.FileAlterationObserver.doCreate(FileAlterationObserver.java:379)
	at org.apache.commons.io.monitor.FileAlterationObserver.checkAndNotify(FileAlterationObserver.java:345)
	at org.apache.commons.io.monitor.FileAlterationObserver.checkAndNotify(FileAlterationObserver.java:304)
	at org.apache.commons.io.monitor.FileAlterationMonitor.run(FileAlterationMonitor.java:182)
	at java.lang.Thread.run(Thread.java:750)
2023-04-06 15:09:43.404 [,] [Thread-8] ERROR c.s.a.d.v.f.c.FaceController - [callFaceAI,145] - 发送POST请求出现异常！
java.io.IOException: Server returned HTTP response code: 500 for URL: http://localhost:5000/ssd_predict
	at sun.net.www.protocol.http.HttpURLConnection.getInputStream0(HttpURLConnection.java:1914)
	at sun.net.www.protocol.http.HttpURLConnection.getInputStream(HttpURLConnection.java:1512)
	at com.shark.aio.data.video.controller.VideoController.callFaceAI(FaceController.java:84)
	at com.shark.aio.base.controller.InitFFmpeg$1.onFileCreate(InitFFmpeg.java:82)
	at org.apache.commons.io.monitor.FileAlterationObserver.doCreate(FileAlterationObserver.java:379)
	at org.apache.commons.io.monitor.FileAlterationObserver.checkAndNotify(FileAlterationObserver.java:345)
	at org.apache.commons.io.monitor.FileAlterationObserver.checkAndNotify(FileAlterationObserver.java:304)
	at org.apache.commons.io.monitor.FileAlterationMonitor.run(FileAlterationMonitor.java:182)
	at java.lang.Thread.run(Thread.java:750)
2023-04-06 15:09:50.487 [,] [Thread-8] ERROR c.s.a.d.v.f.c.FaceController - [callFaceAI,145] - 发送POST请求出现异常！
java.io.IOException: Server returned HTTP response code: 500 for URL: http://localhost:5000/ssd_predict
	at sun.net.www.protocol.http.HttpURLConnection.getInputStream0(HttpURLConnection.java:1914)
	at sun.net.www.protocol.http.HttpURLConnection.getInputStream(HttpURLConnection.java:1512)
	at com.shark.aio.data.video.controller.VideoController.callFaceAI(FaceController.java:84)
	at com.shark.aio.base.controller.InitFFmpeg$1.onFileCreate(InitFFmpeg.java:82)
	at org.apache.commons.io.monitor.FileAlterationObserver.doCreate(FileAlterationObserver.java:379)
	at org.apache.commons.io.monitor.FileAlterationObserver.checkAndNotify(FileAlterationObserver.java:345)
	at org.apache.commons.io.monitor.FileAlterationObserver.checkAndNotify(FileAlterationObserver.java:304)
	at org.apache.commons.io.monitor.FileAlterationMonitor.run(FileAlterationMonitor.java:182)
	at java.lang.Thread.run(Thread.java:750)
2023-04-06 15:09:58.165 [,] [Thread-8] ERROR c.s.a.d.v.f.c.FaceController - [callFaceAI,145] - 发送POST请求出现异常！
java.io.IOException: Server returned HTTP response code: 500 for URL: http://localhost:5000/ssd_predict
	at sun.net.www.protocol.http.HttpURLConnection.getInputStream0(HttpURLConnection.java:1914)
	at sun.net.www.protocol.http.HttpURLConnection.getInputStream(HttpURLConnection.java:1512)
	at com.shark.aio.data.video.controller.VideoController.callFaceAI(FaceController.java:84)
	at com.shark.aio.base.controller.InitFFmpeg$1.onFileCreate(InitFFmpeg.java:82)
	at org.apache.commons.io.monitor.FileAlterationObserver.doCreate(FileAlterationObserver.java:379)
	at org.apache.commons.io.monitor.FileAlterationObserver.checkAndNotify(FileAlterationObserver.java:345)
	at org.apache.commons.io.monitor.FileAlterationObserver.checkAndNotify(FileAlterationObserver.java:304)
	at org.apache.commons.io.monitor.FileAlterationMonitor.run(FileAlterationMonitor.java:182)
	at java.lang.Thread.run(Thread.java:750)
2023-04-06 15:10:50.567 [,] [Thread-12] ERROR c.s.a.d.v.f.c.FaceController - [callFaceAI,145] - 发送POST请求出现异常！
java.io.IOException: Server returned HTTP response code: 500 for URL: http://localhost:5000/ssd_predict
	at sun.net.www.protocol.http.HttpURLConnection.getInputStream0(HttpURLConnection.java:1914)
	at sun.net.www.protocol.http.HttpURLConnection.getInputStream(HttpURLConnection.java:1512)
	at com.shark.aio.data.video.controller.VideoController.callFaceAI(FaceController.java:84)
	at com.shark.aio.base.controller.InitFFmpeg$1.onFileCreate(InitFFmpeg.java:82)
	at org.apache.commons.io.monitor.FileAlterationObserver.doCreate(FileAlterationObserver.java:379)
	at org.apache.commons.io.monitor.FileAlterationObserver.checkAndNotify(FileAlterationObserver.java:345)
	at org.apache.commons.io.monitor.FileAlterationObserver.checkAndNotify(FileAlterationObserver.java:304)
	at org.apache.commons.io.monitor.FileAlterationMonitor.run(FileAlterationMonitor.java:182)
	at java.lang.Thread.run(Thread.java:750)
2023-04-06 15:10:53.167 [,] [Thread-12] ERROR c.s.a.d.v.f.c.FaceController - [callFaceAI,145] - 发送POST请求出现异常！
java.io.IOException: Server returned HTTP response code: 500 for URL: http://localhost:5000/ssd_predict
	at sun.net.www.protocol.http.HttpURLConnection.getInputStream0(HttpURLConnection.java:1914)
	at sun.net.www.protocol.http.HttpURLConnection.getInputStream(HttpURLConnection.java:1512)
	at com.shark.aio.data.video.controller.VideoController.callFaceAI(FaceController.java:84)
	at com.shark.aio.base.controller.InitFFmpeg$1.onFileCreate(InitFFmpeg.java:82)
	at org.apache.commons.io.monitor.FileAlterationObserver.doCreate(FileAlterationObserver.java:379)
	at org.apache.commons.io.monitor.FileAlterationObserver.checkAndNotify(FileAlterationObserver.java:345)
	at org.apache.commons.io.monitor.FileAlterationObserver.checkAndNotify(FileAlterationObserver.java:304)
	at org.apache.commons.io.monitor.FileAlterationMonitor.run(FileAlterationMonitor.java:182)
	at java.lang.Thread.run(Thread.java:750)
2023-04-06 15:11:05.479 [,] [Thread-12] ERROR c.s.a.d.v.f.c.FaceController - [callFaceAI,145] - 发送POST请求出现异常！
java.io.IOException: Server returned HTTP response code: 500 for URL: http://localhost:5000/ssd_predict
	at sun.net.www.protocol.http.HttpURLConnection.getInputStream0(HttpURLConnection.java:1914)
	at sun.net.www.protocol.http.HttpURLConnection.getInputStream(HttpURLConnection.java:1512)
	at com.shark.aio.data.video.controller.VideoController.callFaceAI(FaceController.java:84)
	at com.shark.aio.base.controller.InitFFmpeg$1.onFileCreate(InitFFmpeg.java:82)
	at org.apache.commons.io.monitor.FileAlterationObserver.doCreate(FileAlterationObserver.java:379)
	at org.apache.commons.io.monitor.FileAlterationObserver.checkAndNotify(FileAlterationObserver.java:345)
	at org.apache.commons.io.monitor.FileAlterationObserver.checkAndNotify(FileAlterationObserver.java:304)
	at org.apache.commons.io.monitor.FileAlterationMonitor.run(FileAlterationMonitor.java:182)
	at java.lang.Thread.run(Thread.java:750)
2023-04-06 15:11:07.320 [,] [Thread-12] ERROR c.s.a.d.v.f.c.FaceController - [callFaceAI,145] - 发送POST请求出现异常！
java.io.IOException: Server returned HTTP response code: 500 for URL: http://localhost:5000/ssd_predict
	at sun.net.www.protocol.http.HttpURLConnection.getInputStream0(HttpURLConnection.java:1914)
	at sun.net.www.protocol.http.HttpURLConnection.getInputStream(HttpURLConnection.java:1512)
	at com.shark.aio.data.video.controller.VideoController.callFaceAI(FaceController.java:84)
	at com.shark.aio.base.controller.InitFFmpeg$1.onFileCreate(InitFFmpeg.java:82)
	at org.apache.commons.io.monitor.FileAlterationObserver.doCreate(FileAlterationObserver.java:379)
	at org.apache.commons.io.monitor.FileAlterationObserver.checkAndNotify(FileAlterationObserver.java:345)
	at org.apache.commons.io.monitor.FileAlterationObserver.checkAndNotify(FileAlterationObserver.java:304)
	at org.apache.commons.io.monitor.FileAlterationMonitor.run(FileAlterationMonitor.java:182)
	at java.lang.Thread.run(Thread.java:750)
2023-04-06 15:11:36.640 [,] [Thread-12] ERROR c.s.a.d.v.f.c.FaceController - [callFaceAI,145] - 发送POST请求出现异常！
java.io.IOException: Server returned HTTP response code: 500 for URL: http://localhost:5000/ssd_predict
	at sun.net.www.protocol.http.HttpURLConnection.getInputStream0(HttpURLConnection.java:1914)
	at sun.net.www.protocol.http.HttpURLConnection.getInputStream(HttpURLConnection.java:1512)
	at com.shark.aio.data.video.controller.VideoController.callFaceAI(FaceController.java:84)
	at com.shark.aio.base.controller.InitFFmpeg$1.onFileCreate(InitFFmpeg.java:82)
	at org.apache.commons.io.monitor.FileAlterationObserver.doCreate(FileAlterationObserver.java:379)
	at org.apache.commons.io.monitor.FileAlterationObserver.checkAndNotify(FileAlterationObserver.java:345)
	at org.apache.commons.io.monitor.FileAlterationObserver.checkAndNotify(FileAlterationObserver.java:304)
	at org.apache.commons.io.monitor.FileAlterationMonitor.run(FileAlterationMonitor.java:182)
	at java.lang.Thread.run(Thread.java:750)
2023-04-06 15:14:09.556 [,] [Thread-8] ERROR c.s.a.d.v.f.c.FaceController - [callFaceAI,145] - 发送POST请求出现异常！
java.io.IOException: Server returned HTTP response code: 500 for URL: http://localhost:5000/ssd_predict
	at sun.net.www.protocol.http.HttpURLConnection.getInputStream0(HttpURLConnection.java:1914)
	at sun.net.www.protocol.http.HttpURLConnection.getInputStream(HttpURLConnection.java:1512)
	at com.shark.aio.data.video.controller.VideoController.callFaceAI(FaceController.java:84)
	at com.shark.aio.base.controller.InitFFmpeg$1.onFileCreate(InitFFmpeg.java:82)
	at org.apache.commons.io.monitor.FileAlterationObserver.doCreate(FileAlterationObserver.java:379)
	at org.apache.commons.io.monitor.FileAlterationObserver.checkAndNotify(FileAlterationObserver.java:345)
	at org.apache.commons.io.monitor.FileAlterationObserver.checkAndNotify(FileAlterationObserver.java:304)
	at org.apache.commons.io.monitor.FileAlterationMonitor.run(FileAlterationMonitor.java:182)
	at java.lang.Thread.run(Thread.java:750)
2023-04-06 15:22:55.493 [,] [Thread-8] ERROR c.s.a.d.v.f.c.FaceController - [callFaceAI,145] - 发送POST请求出现异常！
java.io.IOException: Server returned HTTP response code: 500 for URL: http://localhost:5000/ssd_predict
	at sun.net.www.protocol.http.HttpURLConnection.getInputStream0(HttpURLConnection.java:1914)
	at sun.net.www.protocol.http.HttpURLConnection.getInputStream(HttpURLConnection.java:1512)
	at com.shark.aio.data.video.controller.VideoController.callFaceAI(FaceController.java:84)
	at com.shark.aio.base.controller.InitFFmpeg$1.onFileCreate(InitFFmpeg.java:83)
	at org.apache.commons.io.monitor.FileAlterationObserver.doCreate(FileAlterationObserver.java:379)
	at org.apache.commons.io.monitor.FileAlterationObserver.checkAndNotify(FileAlterationObserver.java:345)
	at org.apache.commons.io.monitor.FileAlterationObserver.checkAndNotify(FileAlterationObserver.java:304)
	at org.apache.commons.io.monitor.FileAlterationMonitor.run(FileAlterationMonitor.java:182)
	at java.lang.Thread.run(Thread.java:750)
2023-04-06 15:23:59.407 [,] [Thread-11] ERROR c.s.a.d.v.f.c.FaceController - [callFaceAI,145] - 发送POST请求出现异常！
java.io.IOException: Server returned HTTP response code: 500 for URL: http://localhost:5000/ssd_predict
	at sun.net.www.protocol.http.HttpURLConnection.getInputStream0(HttpURLConnection.java:1914)
	at sun.net.www.protocol.http.HttpURLConnection.getInputStream(HttpURLConnection.java:1512)
	at com.shark.aio.data.video.controller.VideoController.callFaceAI(FaceController.java:84)
	at com.shark.aio.base.controller.InitFFmpeg$1.onFileCreate(InitFFmpeg.java:83)
	at org.apache.commons.io.monitor.FileAlterationObserver.doCreate(FileAlterationObserver.java:379)
	at org.apache.commons.io.monitor.FileAlterationObserver.checkAndNotify(FileAlterationObserver.java:345)
	at org.apache.commons.io.monitor.FileAlterationObserver.checkAndNotify(FileAlterationObserver.java:304)
	at org.apache.commons.io.monitor.FileAlterationMonitor.run(FileAlterationMonitor.java:182)
	at java.lang.Thread.run(Thread.java:750)
2023-04-06 15:25:56.522 [,] [Thread-8] ERROR c.s.a.d.v.f.c.FaceController - [callFaceAI,145] - 发送POST请求出现异常！
java.io.IOException: Server returned HTTP response code: 500 for URL: http://localhost:5000/ssd_predict
	at sun.net.www.protocol.http.HttpURLConnection.getInputStream0(HttpURLConnection.java:1914)
	at sun.net.www.protocol.http.HttpURLConnection.getInputStream(HttpURLConnection.java:1512)
	at com.shark.aio.data.video.controller.VideoController.callFaceAI(FaceController.java:84)
	at com.shark.aio.base.controller.InitFFmpeg$1.onFileCreate(InitFFmpeg.java:83)
	at org.apache.commons.io.monitor.FileAlterationObserver.doCreate(FileAlterationObserver.java:379)
	at org.apache.commons.io.monitor.FileAlterationObserver.checkAndNotify(FileAlterationObserver.java:345)
	at org.apache.commons.io.monitor.FileAlterationObserver.checkAndNotify(FileAlterationObserver.java:304)
	at org.apache.commons.io.monitor.FileAlterationMonitor.run(FileAlterationMonitor.java:182)
	at java.lang.Thread.run(Thread.java:750)
2023-04-06 15:26:38.440 [,] [Thread-8] ERROR c.s.a.d.v.f.c.FaceController - [callFaceAI,145] - 发送POST请求出现异常！
java.io.IOException: Server returned HTTP response code: 500 for URL: http://localhost:5000/ssd_predict
	at sun.net.www.protocol.http.HttpURLConnection.getInputStream0(HttpURLConnection.java:1914)
	at sun.net.www.protocol.http.HttpURLConnection.getInputStream(HttpURLConnection.java:1512)
	at com.shark.aio.data.video.controller.VideoController.callFaceAI(FaceController.java:84)
	at com.shark.aio.base.controller.InitFFmpeg$1.onFileCreate(InitFFmpeg.java:83)
	at org.apache.commons.io.monitor.FileAlterationObserver.doCreate(FileAlterationObserver.java:379)
	at org.apache.commons.io.monitor.FileAlterationObserver.checkAndNotify(FileAlterationObserver.java:345)
	at org.apache.commons.io.monitor.FileAlterationObserver.checkAndNotify(FileAlterationObserver.java:304)
	at org.apache.commons.io.monitor.FileAlterationMonitor.run(FileAlterationMonitor.java:182)
	at java.lang.Thread.run(Thread.java:750)
2023-04-06 15:31:36.431 [,] [Thread-9] ERROR c.s.a.d.v.f.c.FaceController - [callFaceAI,145] - 发送POST请求出现异常！
java.io.IOException: Server returned HTTP response code: 500 for URL: http://localhost:5000/ssd_predict
	at sun.net.www.protocol.http.HttpURLConnection.getInputStream0(HttpURLConnection.java:1914)
	at sun.net.www.protocol.http.HttpURLConnection.getInputStream(HttpURLConnection.java:1512)
	at com.shark.aio.data.video.controller.VideoController.callFaceAI(FaceController.java:84)
	at com.shark.aio.base.controller.InitFFmpeg$1.onFileCreate(InitFFmpeg.java:83)
	at org.apache.commons.io.monitor.FileAlterationObserver.doCreate(FileAlterationObserver.java:379)
	at org.apache.commons.io.monitor.FileAlterationObserver.checkAndNotify(FileAlterationObserver.java:345)
	at org.apache.commons.io.monitor.FileAlterationObserver.checkAndNotify(FileAlterationObserver.java:304)
	at org.apache.commons.io.monitor.FileAlterationMonitor.run(FileAlterationMonitor.java:182)
	at java.lang.Thread.run(Thread.java:750)
2023-04-06 15:31:52.307 [,] [Thread-9] ERROR c.s.a.d.v.f.c.FaceController - [callFaceAI,145] - 发送POST请求出现异常！
java.io.IOException: Server returned HTTP response code: 500 for URL: http://localhost:5000/ssd_predict
	at sun.net.www.protocol.http.HttpURLConnection.getInputStream0(HttpURLConnection.java:1914)
	at sun.net.www.protocol.http.HttpURLConnection.getInputStream(HttpURLConnection.java:1512)
	at com.shark.aio.data.video.controller.VideoController.callFaceAI(FaceController.java:84)
	at com.shark.aio.base.controller.InitFFmpeg$1.onFileCreate(InitFFmpeg.java:83)
	at org.apache.commons.io.monitor.FileAlterationObserver.doCreate(FileAlterationObserver.java:379)
	at org.apache.commons.io.monitor.FileAlterationObserver.checkAndNotify(FileAlterationObserver.java:345)
	at org.apache.commons.io.monitor.FileAlterationObserver.checkAndNotify(FileAlterationObserver.java:304)
	at org.apache.commons.io.monitor.FileAlterationMonitor.run(FileAlterationMonitor.java:182)
	at java.lang.Thread.run(Thread.java:750)
2023-04-06 15:31:54.103 [,] [Thread-9] ERROR c.s.a.d.v.f.c.FaceController - [callFaceAI,145] - 发送POST请求出现异常！
java.io.IOException: Server returned HTTP response code: 500 for URL: http://localhost:5000/ssd_predict
	at sun.net.www.protocol.http.HttpURLConnection.getInputStream0(HttpURLConnection.java:1914)
	at sun.net.www.protocol.http.HttpURLConnection.getInputStream(HttpURLConnection.java:1512)
	at com.shark.aio.data.video.controller.VideoController.callFaceAI(FaceController.java:84)
	at com.shark.aio.base.controller.InitFFmpeg$1.onFileCreate(InitFFmpeg.java:83)
	at org.apache.commons.io.monitor.FileAlterationObserver.doCreate(FileAlterationObserver.java:379)
	at org.apache.commons.io.monitor.FileAlterationObserver.checkAndNotify(FileAlterationObserver.java:345)
	at org.apache.commons.io.monitor.FileAlterationObserver.checkAndNotify(FileAlterationObserver.java:304)
	at org.apache.commons.io.monitor.FileAlterationMonitor.run(FileAlterationMonitor.java:182)
	at java.lang.Thread.run(Thread.java:750)
2023-04-06 15:31:57.108 [,] [Thread-9] ERROR c.s.a.d.v.f.c.FaceController - [callFaceAI,145] - 发送POST请求出现异常！
java.io.IOException: Server returned HTTP response code: 500 for URL: http://localhost:5000/ssd_predict
	at sun.net.www.protocol.http.HttpURLConnection.getInputStream0(HttpURLConnection.java:1914)
	at sun.net.www.protocol.http.HttpURLConnection.getInputStream(HttpURLConnection.java:1512)
	at com.shark.aio.data.video.controller.VideoController.callFaceAI(FaceController.java:84)
	at com.shark.aio.base.controller.InitFFmpeg$1.onFileCreate(InitFFmpeg.java:83)
	at org.apache.commons.io.monitor.FileAlterationObserver.doCreate(FileAlterationObserver.java:379)
	at org.apache.commons.io.monitor.FileAlterationObserver.checkAndNotify(FileAlterationObserver.java:345)
	at org.apache.commons.io.monitor.FileAlterationObserver.checkAndNotify(FileAlterationObserver.java:304)
	at org.apache.commons.io.monitor.FileAlterationMonitor.run(FileAlterationMonitor.java:182)
	at java.lang.Thread.run(Thread.java:750)
2023-04-06 15:31:58.226 [,] [Thread-9] ERROR c.s.a.d.v.f.c.FaceController - [callFaceAI,145] - 发送POST请求出现异常！
java.io.IOException: Server returned HTTP response code: 500 for URL: http://localhost:5000/ssd_predict
	at sun.net.www.protocol.http.HttpURLConnection.getInputStream0(HttpURLConnection.java:1914)
	at sun.net.www.protocol.http.HttpURLConnection.getInputStream(HttpURLConnection.java:1512)
	at com.shark.aio.data.video.controller.VideoController.callFaceAI(FaceController.java:84)
	at com.shark.aio.base.controller.InitFFmpeg$1.onFileCreate(InitFFmpeg.java:83)
	at org.apache.commons.io.monitor.FileAlterationObserver.doCreate(FileAlterationObserver.java:379)
	at org.apache.commons.io.monitor.FileAlterationObserver.checkAndNotify(FileAlterationObserver.java:345)
	at org.apache.commons.io.monitor.FileAlterationObserver.checkAndNotify(FileAlterationObserver.java:304)
	at org.apache.commons.io.monitor.FileAlterationMonitor.run(FileAlterationMonitor.java:182)
	at java.lang.Thread.run(Thread.java:750)
2023-04-06 15:32:09.345 [,] [Thread-9] ERROR c.s.a.d.v.f.c.FaceController - [callFaceAI,145] - 发送POST请求出现异常！
java.io.IOException: Server returned HTTP response code: 500 for URL: http://localhost:5000/ssd_predict
	at sun.net.www.protocol.http.HttpURLConnection.getInputStream0(HttpURLConnection.java:1914)
	at sun.net.www.protocol.http.HttpURLConnection.getInputStream(HttpURLConnection.java:1512)
	at com.shark.aio.data.video.controller.VideoController.callFaceAI(FaceController.java:84)
	at com.shark.aio.base.controller.InitFFmpeg$1.onFileCreate(InitFFmpeg.java:83)
	at org.apache.commons.io.monitor.FileAlterationObserver.doCreate(FileAlterationObserver.java:379)
	at org.apache.commons.io.monitor.FileAlterationObserver.checkAndNotify(FileAlterationObserver.java:345)
	at org.apache.commons.io.monitor.FileAlterationObserver.checkAndNotify(FileAlterationObserver.java:304)
	at org.apache.commons.io.monitor.FileAlterationMonitor.run(FileAlterationMonitor.java:182)
	at java.lang.Thread.run(Thread.java:750)
2023-04-06 15:32:20.626 [,] [Thread-9] ERROR c.s.a.d.v.f.c.FaceController - [callFaceAI,145] - 发送POST请求出现异常！
java.io.IOException: Server returned HTTP response code: 500 for URL: http://localhost:5000/ssd_predict
	at sun.net.www.protocol.http.HttpURLConnection.getInputStream0(HttpURLConnection.java:1914)
	at sun.net.www.protocol.http.HttpURLConnection.getInputStream(HttpURLConnection.java:1512)
	at com.shark.aio.data.video.controller.VideoController.callFaceAI(FaceController.java:84)
	at com.shark.aio.base.controller.InitFFmpeg$1.onFileCreate(InitFFmpeg.java:83)
	at org.apache.commons.io.monitor.FileAlterationObserver.doCreate(FileAlterationObserver.java:379)
	at org.apache.commons.io.monitor.FileAlterationObserver.checkAndNotify(FileAlterationObserver.java:345)
	at org.apache.commons.io.monitor.FileAlterationObserver.checkAndNotify(FileAlterationObserver.java:304)
	at org.apache.commons.io.monitor.FileAlterationMonitor.run(FileAlterationMonitor.java:182)
	at java.lang.Thread.run(Thread.java:750)
2023-04-06 15:32:23.105 [,] [Thread-9] ERROR c.s.a.d.v.f.c.FaceController - [callFaceAI,145] - 发送POST请求出现异常！
java.io.IOException: Server returned HTTP response code: 500 for URL: http://localhost:5000/ssd_predict
	at sun.net.www.protocol.http.HttpURLConnection.getInputStream0(HttpURLConnection.java:1914)
	at sun.net.www.protocol.http.HttpURLConnection.getInputStream(HttpURLConnection.java:1512)
	at com.shark.aio.data.video.controller.VideoController.callFaceAI(FaceController.java:84)
	at com.shark.aio.base.controller.InitFFmpeg$1.onFileCreate(InitFFmpeg.java:83)
	at org.apache.commons.io.monitor.FileAlterationObserver.doCreate(FileAlterationObserver.java:379)
	at org.apache.commons.io.monitor.FileAlterationObserver.checkAndNotify(FileAlterationObserver.java:345)
	at org.apache.commons.io.monitor.FileAlterationObserver.checkAndNotify(FileAlterationObserver.java:304)
	at org.apache.commons.io.monitor.FileAlterationMonitor.run(FileAlterationMonitor.java:182)
	at java.lang.Thread.run(Thread.java:750)
2023-04-06 15:32:28.672 [,] [Thread-9] ERROR c.s.a.d.v.f.c.FaceController - [callFaceAI,145] - 发送POST请求出现异常！
java.io.IOException: Server returned HTTP response code: 500 for URL: http://localhost:5000/ssd_predict
	at sun.net.www.protocol.http.HttpURLConnection.getInputStream0(HttpURLConnection.java:1914)
	at sun.net.www.protocol.http.HttpURLConnection.getInputStream(HttpURLConnection.java:1512)
	at com.shark.aio.data.video.controller.VideoController.callFaceAI(FaceController.java:84)
	at com.shark.aio.base.controller.InitFFmpeg$1.onFileCreate(InitFFmpeg.java:83)
	at org.apache.commons.io.monitor.FileAlterationObserver.doCreate(FileAlterationObserver.java:379)
	at org.apache.commons.io.monitor.FileAlterationObserver.checkAndNotify(FileAlterationObserver.java:345)
	at org.apache.commons.io.monitor.FileAlterationObserver.checkAndNotify(FileAlterationObserver.java:304)
	at org.apache.commons.io.monitor.FileAlterationMonitor.run(FileAlterationMonitor.java:182)
	at java.lang.Thread.run(Thread.java:750)
2023-04-06 15:32:43.270 [,] [Thread-9] ERROR c.s.a.d.v.f.c.FaceController - [callFaceAI,145] - 发送POST请求出现异常！
java.io.IOException: Server returned HTTP response code: 500 for URL: http://localhost:5000/ssd_predict
	at sun.net.www.protocol.http.HttpURLConnection.getInputStream0(HttpURLConnection.java:1914)
	at sun.net.www.protocol.http.HttpURLConnection.getInputStream(HttpURLConnection.java:1512)
	at com.shark.aio.data.video.controller.VideoController.callFaceAI(FaceController.java:84)
	at com.shark.aio.base.controller.InitFFmpeg$1.onFileCreate(InitFFmpeg.java:83)
	at org.apache.commons.io.monitor.FileAlterationObserver.doCreate(FileAlterationObserver.java:379)
	at org.apache.commons.io.monitor.FileAlterationObserver.checkAndNotify(FileAlterationObserver.java:345)
	at org.apache.commons.io.monitor.FileAlterationObserver.checkAndNotify(FileAlterationObserver.java:304)
	at org.apache.commons.io.monitor.FileAlterationMonitor.run(FileAlterationMonitor.java:182)
	at java.lang.Thread.run(Thread.java:750)
2023-04-06 15:33:08.625 [,] [Thread-9] ERROR c.s.a.d.v.f.c.FaceController - [callFaceAI,145] - 发送POST请求出现异常！
java.io.IOException: Server returned HTTP response code: 500 for URL: http://localhost:5000/ssd_predict
	at sun.net.www.protocol.http.HttpURLConnection.getInputStream0(HttpURLConnection.java:1914)
	at sun.net.www.protocol.http.HttpURLConnection.getInputStream(HttpURLConnection.java:1512)
	at com.shark.aio.data.video.controller.VideoController.callFaceAI(FaceController.java:84)
	at com.shark.aio.base.controller.InitFFmpeg$1.onFileCreate(InitFFmpeg.java:83)
	at org.apache.commons.io.monitor.FileAlterationObserver.doCreate(FileAlterationObserver.java:379)
	at org.apache.commons.io.monitor.FileAlterationObserver.checkAndNotify(FileAlterationObserver.java:345)
	at org.apache.commons.io.monitor.FileAlterationObserver.checkAndNotify(FileAlterationObserver.java:304)
	at org.apache.commons.io.monitor.FileAlterationMonitor.run(FileAlterationMonitor.java:182)
	at java.lang.Thread.run(Thread.java:750)
2023-04-06 15:33:14.304 [,] [Thread-9] ERROR c.s.a.d.v.f.c.FaceController - [callFaceAI,145] - 发送POST请求出现异常！
java.io.IOException: Server returned HTTP response code: 500 for URL: http://localhost:5000/ssd_predict
	at sun.net.www.protocol.http.HttpURLConnection.getInputStream0(HttpURLConnection.java:1914)
	at sun.net.www.protocol.http.HttpURLConnection.getInputStream(HttpURLConnection.java:1512)
	at com.shark.aio.data.video.controller.VideoController.callFaceAI(FaceController.java:84)
	at com.shark.aio.base.controller.InitFFmpeg$1.onFileCreate(InitFFmpeg.java:83)
	at org.apache.commons.io.monitor.FileAlterationObserver.doCreate(FileAlterationObserver.java:379)
	at org.apache.commons.io.monitor.FileAlterationObserver.checkAndNotify(FileAlterationObserver.java:345)
	at org.apache.commons.io.monitor.FileAlterationObserver.checkAndNotify(FileAlterationObserver.java:304)
	at org.apache.commons.io.monitor.FileAlterationMonitor.run(FileAlterationMonitor.java:182)
	at java.lang.Thread.run(Thread.java:750)
2023-04-06 15:33:16.148 [,] [Thread-9] ERROR c.s.a.d.v.f.c.FaceController - [callFaceAI,145] - 发送POST请求出现异常！
java.io.IOException: Server returned HTTP response code: 500 for URL: http://localhost:5000/ssd_predict
	at sun.net.www.protocol.http.HttpURLConnection.getInputStream0(HttpURLConnection.java:1914)
	at sun.net.www.protocol.http.HttpURLConnection.getInputStream(HttpURLConnection.java:1512)
	at com.shark.aio.data.video.controller.VideoController.callFaceAI(FaceController.java:84)
	at com.shark.aio.base.controller.InitFFmpeg$1.onFileCreate(InitFFmpeg.java:83)
	at org.apache.commons.io.monitor.FileAlterationObserver.doCreate(FileAlterationObserver.java:379)
	at org.apache.commons.io.monitor.FileAlterationObserver.checkAndNotify(FileAlterationObserver.java:345)
	at org.apache.commons.io.monitor.FileAlterationObserver.checkAndNotify(FileAlterationObserver.java:304)
	at org.apache.commons.io.monitor.FileAlterationMonitor.run(FileAlterationMonitor.java:182)
	at java.lang.Thread.run(Thread.java:750)
2023-04-06 15:33:17.298 [,] [Thread-9] ERROR c.s.a.d.v.f.c.FaceController - [callFaceAI,145] - 发送POST请求出现异常！
java.io.IOException: Server returned HTTP response code: 500 for URL: http://localhost:5000/ssd_predict
	at sun.net.www.protocol.http.HttpURLConnection.getInputStream0(HttpURLConnection.java:1914)
	at sun.net.www.protocol.http.HttpURLConnection.getInputStream(HttpURLConnection.java:1512)
	at com.shark.aio.data.video.controller.VideoController.callFaceAI(FaceController.java:84)
	at com.shark.aio.base.controller.InitFFmpeg$1.onFileCreate(InitFFmpeg.java:83)
	at org.apache.commons.io.monitor.FileAlterationObserver.doCreate(FileAlterationObserver.java:379)
	at org.apache.commons.io.monitor.FileAlterationObserver.checkAndNotify(FileAlterationObserver.java:345)
	at org.apache.commons.io.monitor.FileAlterationObserver.checkAndNotify(FileAlterationObserver.java:304)
	at org.apache.commons.io.monitor.FileAlterationMonitor.run(FileAlterationMonitor.java:182)
	at java.lang.Thread.run(Thread.java:750)
2023-04-06 15:33:24.180 [,] [Thread-9] ERROR c.s.a.d.v.f.c.FaceController - [callFaceAI,145] - 发送POST请求出现异常！
java.io.IOException: Server returned HTTP response code: 500 for URL: http://localhost:5000/ssd_predict
	at sun.net.www.protocol.http.HttpURLConnection.getInputStream0(HttpURLConnection.java:1914)
	at sun.net.www.protocol.http.HttpURLConnection.getInputStream(HttpURLConnection.java:1512)
	at com.shark.aio.data.video.controller.VideoController.callFaceAI(FaceController.java:84)
	at com.shark.aio.base.controller.InitFFmpeg$1.onFileCreate(InitFFmpeg.java:83)
	at org.apache.commons.io.monitor.FileAlterationObserver.doCreate(FileAlterationObserver.java:379)
	at org.apache.commons.io.monitor.FileAlterationObserver.checkAndNotify(FileAlterationObserver.java:345)
	at org.apache.commons.io.monitor.FileAlterationObserver.checkAndNotify(FileAlterationObserver.java:304)
	at org.apache.commons.io.monitor.FileAlterationMonitor.run(FileAlterationMonitor.java:182)
	at java.lang.Thread.run(Thread.java:750)
2023-04-06 15:33:36.543 [,] [Thread-8] ERROR c.s.a.d.v.f.c.FaceController - [callFaceAI,145] - 发送POST请求出现异常！
java.io.IOException: Server returned HTTP response code: 500 for URL: http://localhost:5000/ssd_predict
	at sun.net.www.protocol.http.HttpURLConnection.getInputStream0(HttpURLConnection.java:1914)
	at sun.net.www.protocol.http.HttpURLConnection.getInputStream(HttpURLConnection.java:1512)
	at com.shark.aio.data.video.controller.VideoController.callFaceAI(FaceController.java:84)
	at com.shark.aio.base.controller.InitFFmpeg$1.onFileCreate(InitFFmpeg.java:83)
	at org.apache.commons.io.monitor.FileAlterationObserver.doCreate(FileAlterationObserver.java:379)
	at org.apache.commons.io.monitor.FileAlterationObserver.checkAndNotify(FileAlterationObserver.java:345)
	at org.apache.commons.io.monitor.FileAlterationObserver.checkAndNotify(FileAlterationObserver.java:304)
	at org.apache.commons.io.monitor.FileAlterationMonitor.run(FileAlterationMonitor.java:182)
	at java.lang.Thread.run(Thread.java:750)
2023-04-06 15:33:59.581 [,] [Thread-8] ERROR c.s.a.d.v.f.c.FaceController - [callFaceAI,145] - 发送POST请求出现异常！
java.io.IOException: Server returned HTTP response code: 500 for URL: http://localhost:5000/ssd_predict
	at sun.net.www.protocol.http.HttpURLConnection.getInputStream0(HttpURLConnection.java:1914)
	at sun.net.www.protocol.http.HttpURLConnection.getInputStream(HttpURLConnection.java:1512)
	at com.shark.aio.data.video.controller.VideoController.callFaceAI(FaceController.java:84)
	at com.shark.aio.base.controller.InitFFmpeg$1.onFileCreate(InitFFmpeg.java:83)
	at org.apache.commons.io.monitor.FileAlterationObserver.doCreate(FileAlterationObserver.java:379)
	at org.apache.commons.io.monitor.FileAlterationObserver.checkAndNotify(FileAlterationObserver.java:345)
	at org.apache.commons.io.monitor.FileAlterationObserver.checkAndNotify(FileAlterationObserver.java:304)
	at org.apache.commons.io.monitor.FileAlterationMonitor.run(FileAlterationMonitor.java:182)
	at java.lang.Thread.run(Thread.java:750)
2023-04-06 15:34:28.104 [,] [Thread-8] ERROR c.s.a.d.v.f.c.FaceController - [callFaceAI,145] - 发送POST请求出现异常！
java.io.IOException: Server returned HTTP response code: 500 for URL: http://localhost:5000/ssd_predict
	at sun.net.www.protocol.http.HttpURLConnection.getInputStream0(HttpURLConnection.java:1914)
	at sun.net.www.protocol.http.HttpURLConnection.getInputStream(HttpURLConnection.java:1512)
	at com.shark.aio.data.video.controller.VideoController.callFaceAI(FaceController.java:84)
	at com.shark.aio.base.controller.InitFFmpeg$1.onFileCreate(InitFFmpeg.java:83)
	at org.apache.commons.io.monitor.FileAlterationObserver.doCreate(FileAlterationObserver.java:379)
	at org.apache.commons.io.monitor.FileAlterationObserver.checkAndNotify(FileAlterationObserver.java:345)
	at org.apache.commons.io.monitor.FileAlterationObserver.checkAndNotify(FileAlterationObserver.java:304)
	at org.apache.commons.io.monitor.FileAlterationMonitor.run(FileAlterationMonitor.java:182)
	at java.lang.Thread.run(Thread.java:750)
2023-04-06 15:34:30.457 [,] [Thread-8] ERROR c.s.a.d.v.f.c.FaceController - [callFaceAI,145] - 发送POST请求出现异常！
java.io.IOException: Server returned HTTP response code: 500 for URL: http://localhost:5000/ssd_predict
	at sun.net.www.protocol.http.HttpURLConnection.getInputStream0(HttpURLConnection.java:1914)
	at sun.net.www.protocol.http.HttpURLConnection.getInputStream(HttpURLConnection.java:1512)
	at com.shark.aio.data.video.controller.VideoController.callFaceAI(FaceController.java:84)
	at com.shark.aio.base.controller.InitFFmpeg$1.onFileCreate(InitFFmpeg.java:83)
	at org.apache.commons.io.monitor.FileAlterationObserver.doCreate(FileAlterationObserver.java:379)
	at org.apache.commons.io.monitor.FileAlterationObserver.checkAndNotify(FileAlterationObserver.java:345)
	at org.apache.commons.io.monitor.FileAlterationObserver.checkAndNotify(FileAlterationObserver.java:304)
	at org.apache.commons.io.monitor.FileAlterationMonitor.run(FileAlterationMonitor.java:182)
	at java.lang.Thread.run(Thread.java:750)
2023-04-06 15:35:08.584 [,] [Thread-8] ERROR c.s.a.d.v.f.c.FaceController - [callFaceAI,145] - 发送POST请求出现异常！
java.io.IOException: Server returned HTTP response code: 500 for URL: http://localhost:5000/ssd_predict
	at sun.net.www.protocol.http.HttpURLConnection.getInputStream0(HttpURLConnection.java:1914)
	at sun.net.www.protocol.http.HttpURLConnection.getInputStream(HttpURLConnection.java:1512)
	at com.shark.aio.data.video.controller.VideoController.callFaceAI(FaceController.java:84)
	at com.shark.aio.base.controller.InitFFmpeg$1.onFileCreate(InitFFmpeg.java:83)
	at org.apache.commons.io.monitor.FileAlterationObserver.doCreate(FileAlterationObserver.java:379)
	at org.apache.commons.io.monitor.FileAlterationObserver.checkAndNotify(FileAlterationObserver.java:345)
	at org.apache.commons.io.monitor.FileAlterationObserver.checkAndNotify(FileAlterationObserver.java:304)
	at org.apache.commons.io.monitor.FileAlterationMonitor.run(FileAlterationMonitor.java:182)
	at java.lang.Thread.run(Thread.java:750)
2023-04-06 15:35:39.218 [,] [Thread-8] ERROR c.s.a.d.v.f.c.FaceController - [callFaceAI,145] - 发送POST请求出现异常！
java.io.IOException: Server returned HTTP response code: 500 for URL: http://localhost:5000/ssd_predict
	at sun.net.www.protocol.http.HttpURLConnection.getInputStream0(HttpURLConnection.java:1914)
	at sun.net.www.protocol.http.HttpURLConnection.getInputStream(HttpURLConnection.java:1512)
	at com.shark.aio.data.video.controller.VideoController.callFaceAI(FaceController.java:84)
	at com.shark.aio.base.controller.InitFFmpeg$1.onFileCreate(InitFFmpeg.java:83)
	at org.apache.commons.io.monitor.FileAlterationObserver.doCreate(FileAlterationObserver.java:379)
	at org.apache.commons.io.monitor.FileAlterationObserver.checkAndNotify(FileAlterationObserver.java:345)
	at org.apache.commons.io.monitor.FileAlterationObserver.checkAndNotify(FileAlterationObserver.java:304)
	at org.apache.commons.io.monitor.FileAlterationMonitor.run(FileAlterationMonitor.java:182)
	at java.lang.Thread.run(Thread.java:750)
2023-04-06 15:35:47.216 [,] [Thread-8] ERROR c.s.a.d.v.f.c.FaceController - [callFaceAI,145] - 发送POST请求出现异常！
java.io.IOException: Server returned HTTP response code: 500 for URL: http://localhost:5000/ssd_predict
	at sun.net.www.protocol.http.HttpURLConnection.getInputStream0(HttpURLConnection.java:1914)
	at sun.net.www.protocol.http.HttpURLConnection.getInputStream(HttpURLConnection.java:1512)
	at com.shark.aio.data.video.controller.VideoController.callFaceAI(FaceController.java:84)
	at com.shark.aio.base.controller.InitFFmpeg$1.onFileCreate(InitFFmpeg.java:83)
	at org.apache.commons.io.monitor.FileAlterationObserver.doCreate(FileAlterationObserver.java:379)
	at org.apache.commons.io.monitor.FileAlterationObserver.checkAndNotify(FileAlterationObserver.java:345)
	at org.apache.commons.io.monitor.FileAlterationObserver.checkAndNotify(FileAlterationObserver.java:304)
	at org.apache.commons.io.monitor.FileAlterationMonitor.run(FileAlterationMonitor.java:182)
	at java.lang.Thread.run(Thread.java:750)
2023-04-06 15:35:49.575 [,] [Thread-8] ERROR c.s.a.d.v.f.c.FaceController - [callFaceAI,145] - 发送POST请求出现异常！
java.io.IOException: Server returned HTTP response code: 500 for URL: http://localhost:5000/ssd_predict
	at sun.net.www.protocol.http.HttpURLConnection.getInputStream0(HttpURLConnection.java:1914)
	at sun.net.www.protocol.http.HttpURLConnection.getInputStream(HttpURLConnection.java:1512)
	at com.shark.aio.data.video.controller.VideoController.callFaceAI(FaceController.java:84)
	at com.shark.aio.base.controller.InitFFmpeg$1.onFileCreate(InitFFmpeg.java:83)
	at org.apache.commons.io.monitor.FileAlterationObserver.doCreate(FileAlterationObserver.java:379)
	at org.apache.commons.io.monitor.FileAlterationObserver.checkAndNotify(FileAlterationObserver.java:345)
	at org.apache.commons.io.monitor.FileAlterationObserver.checkAndNotify(FileAlterationObserver.java:304)
	at org.apache.commons.io.monitor.FileAlterationMonitor.run(FileAlterationMonitor.java:182)
	at java.lang.Thread.run(Thread.java:750)
2023-04-06 15:35:52.617 [,] [Thread-8] ERROR c.s.a.d.v.f.c.FaceController - [callFaceAI,145] - 发送POST请求出现异常！
java.io.IOException: Server returned HTTP response code: 500 for URL: http://localhost:5000/ssd_predict
	at sun.net.www.protocol.http.HttpURLConnection.getInputStream0(HttpURLConnection.java:1914)
	at sun.net.www.protocol.http.HttpURLConnection.getInputStream(HttpURLConnection.java:1512)
	at com.shark.aio.data.video.controller.VideoController.callFaceAI(FaceController.java:84)
	at com.shark.aio.base.controller.InitFFmpeg$1.onFileCreate(InitFFmpeg.java:83)
	at org.apache.commons.io.monitor.FileAlterationObserver.doCreate(FileAlterationObserver.java:379)
	at org.apache.commons.io.monitor.FileAlterationObserver.checkAndNotify(FileAlterationObserver.java:345)
	at org.apache.commons.io.monitor.FileAlterationObserver.checkAndNotify(FileAlterationObserver.java:304)
	at org.apache.commons.io.monitor.FileAlterationMonitor.run(FileAlterationMonitor.java:182)
	at java.lang.Thread.run(Thread.java:750)
2023-04-06 15:36:05.175 [,] [Thread-8] ERROR c.s.a.d.v.f.c.FaceController - [callFaceAI,145] - 发送POST请求出现异常！
java.io.IOException: Server returned HTTP response code: 500 for URL: http://localhost:5000/ssd_predict
	at sun.net.www.protocol.http.HttpURLConnection.getInputStream0(HttpURLConnection.java:1914)
	at sun.net.www.protocol.http.HttpURLConnection.getInputStream(HttpURLConnection.java:1512)
	at com.shark.aio.data.video.controller.VideoController.callFaceAI(FaceController.java:84)
	at com.shark.aio.base.controller.InitFFmpeg$1.onFileCreate(InitFFmpeg.java:83)
	at org.apache.commons.io.monitor.FileAlterationObserver.doCreate(FileAlterationObserver.java:379)
	at org.apache.commons.io.monitor.FileAlterationObserver.checkAndNotify(FileAlterationObserver.java:345)
	at org.apache.commons.io.monitor.FileAlterationObserver.checkAndNotify(FileAlterationObserver.java:304)
	at org.apache.commons.io.monitor.FileAlterationMonitor.run(FileAlterationMonitor.java:182)
	at java.lang.Thread.run(Thread.java:750)
2023-04-06 15:36:29.491 [,] [Thread-8] ERROR c.s.a.d.v.f.c.FaceController - [callFaceAI,145] - 发送POST请求出现异常！
java.io.IOException: Server returned HTTP response code: 500 for URL: http://localhost:5000/ssd_predict
	at sun.net.www.protocol.http.HttpURLConnection.getInputStream0(HttpURLConnection.java:1914)
	at sun.net.www.protocol.http.HttpURLConnection.getInputStream(HttpURLConnection.java:1512)
	at com.shark.aio.data.video.controller.VideoController.callFaceAI(FaceController.java:84)
	at com.shark.aio.base.controller.InitFFmpeg$1.onFileCreate(InitFFmpeg.java:83)
	at org.apache.commons.io.monitor.FileAlterationObserver.doCreate(FileAlterationObserver.java:379)
	at org.apache.commons.io.monitor.FileAlterationObserver.checkAndNotify(FileAlterationObserver.java:345)
	at org.apache.commons.io.monitor.FileAlterationObserver.checkAndNotify(FileAlterationObserver.java:304)
	at org.apache.commons.io.monitor.FileAlterationMonitor.run(FileAlterationMonitor.java:182)
	at java.lang.Thread.run(Thread.java:750)
2023-04-06 15:36:32.535 [,] [Thread-8] ERROR c.s.a.d.v.f.c.FaceController - [callFaceAI,145] - 发送POST请求出现异常！
java.io.IOException: Server returned HTTP response code: 500 for URL: http://localhost:5000/ssd_predict
	at sun.net.www.protocol.http.HttpURLConnection.getInputStream0(HttpURLConnection.java:1914)
	at sun.net.www.protocol.http.HttpURLConnection.getInputStream(HttpURLConnection.java:1512)
	at com.shark.aio.data.video.controller.VideoController.callFaceAI(FaceController.java:84)
	at com.shark.aio.base.controller.InitFFmpeg$1.onFileCreate(InitFFmpeg.java:83)
	at org.apache.commons.io.monitor.FileAlterationObserver.doCreate(FileAlterationObserver.java:379)
	at org.apache.commons.io.monitor.FileAlterationObserver.checkAndNotify(FileAlterationObserver.java:345)
	at org.apache.commons.io.monitor.FileAlterationObserver.checkAndNotify(FileAlterationObserver.java:304)
	at org.apache.commons.io.monitor.FileAlterationMonitor.run(FileAlterationMonitor.java:182)
	at java.lang.Thread.run(Thread.java:750)
2023-04-06 15:36:50.137 [,] [Thread-8] ERROR c.s.a.d.v.f.c.FaceController - [callFaceAI,145] - 发送POST请求出现异常！
java.io.IOException: Server returned HTTP response code: 500 for URL: http://localhost:5000/ssd_predict
	at sun.net.www.protocol.http.HttpURLConnection.getInputStream0(HttpURLConnection.java:1914)
	at sun.net.www.protocol.http.HttpURLConnection.getInputStream(HttpURLConnection.java:1512)
	at com.shark.aio.data.video.controller.VideoController.callFaceAI(FaceController.java:84)
	at com.shark.aio.base.controller.InitFFmpeg$1.onFileCreate(InitFFmpeg.java:83)
	at org.apache.commons.io.monitor.FileAlterationObserver.doCreate(FileAlterationObserver.java:379)
	at org.apache.commons.io.monitor.FileAlterationObserver.checkAndNotify(FileAlterationObserver.java:345)
	at org.apache.commons.io.monitor.FileAlterationObserver.checkAndNotify(FileAlterationObserver.java:304)
	at org.apache.commons.io.monitor.FileAlterationMonitor.run(FileAlterationMonitor.java:182)
	at java.lang.Thread.run(Thread.java:750)
2023-04-06 15:36:57.573 [,] [Thread-8] ERROR c.s.a.d.v.f.c.FaceController - [callFaceAI,145] - 发送POST请求出现异常！
java.io.IOException: Server returned HTTP response code: 500 for URL: http://localhost:5000/ssd_predict
	at sun.net.www.protocol.http.HttpURLConnection.getInputStream0(HttpURLConnection.java:1914)
	at sun.net.www.protocol.http.HttpURLConnection.getInputStream(HttpURLConnection.java:1512)
	at com.shark.aio.data.video.controller.VideoController.callFaceAI(FaceController.java:84)
	at com.shark.aio.base.controller.InitFFmpeg$1.onFileCreate(InitFFmpeg.java:83)
	at org.apache.commons.io.monitor.FileAlterationObserver.doCreate(FileAlterationObserver.java:379)
	at org.apache.commons.io.monitor.FileAlterationObserver.checkAndNotify(FileAlterationObserver.java:345)
	at org.apache.commons.io.monitor.FileAlterationObserver.checkAndNotify(FileAlterationObserver.java:304)
	at org.apache.commons.io.monitor.FileAlterationMonitor.run(FileAlterationMonitor.java:182)
	at java.lang.Thread.run(Thread.java:750)
2023-04-06 15:37:06.295 [,] [Thread-8] ERROR c.s.a.d.v.f.c.FaceController - [callFaceAI,145] - 发送POST请求出现异常！
java.io.IOException: Server returned HTTP response code: 500 for URL: http://localhost:5000/ssd_predict
	at sun.net.www.protocol.http.HttpURLConnection.getInputStream0(HttpURLConnection.java:1914)
	at sun.net.www.protocol.http.HttpURLConnection.getInputStream(HttpURLConnection.java:1512)
	at com.shark.aio.data.video.controller.VideoController.callFaceAI(FaceController.java:84)
	at com.shark.aio.base.controller.InitFFmpeg$1.onFileCreate(InitFFmpeg.java:83)
	at org.apache.commons.io.monitor.FileAlterationObserver.doCreate(FileAlterationObserver.java:379)
	at org.apache.commons.io.monitor.FileAlterationObserver.checkAndNotify(FileAlterationObserver.java:345)
	at org.apache.commons.io.monitor.FileAlterationObserver.checkAndNotify(FileAlterationObserver.java:304)
	at org.apache.commons.io.monitor.FileAlterationMonitor.run(FileAlterationMonitor.java:182)
	at java.lang.Thread.run(Thread.java:750)
2023-04-06 15:37:16.253 [,] [Thread-8] ERROR c.s.a.d.v.f.c.FaceController - [callFaceAI,145] - 发送POST请求出现异常！
java.io.IOException: Server returned HTTP response code: 500 for URL: http://localhost:5000/ssd_predict
	at sun.net.www.protocol.http.HttpURLConnection.getInputStream0(HttpURLConnection.java:1914)
	at sun.net.www.protocol.http.HttpURLConnection.getInputStream(HttpURLConnection.java:1512)
	at com.shark.aio.data.video.controller.VideoController.callFaceAI(FaceController.java:84)
	at com.shark.aio.base.controller.InitFFmpeg$1.onFileCreate(InitFFmpeg.java:83)
	at org.apache.commons.io.monitor.FileAlterationObserver.doCreate(FileAlterationObserver.java:379)
	at org.apache.commons.io.monitor.FileAlterationObserver.checkAndNotify(FileAlterationObserver.java:345)
	at org.apache.commons.io.monitor.FileAlterationObserver.checkAndNotify(FileAlterationObserver.java:304)
	at org.apache.commons.io.monitor.FileAlterationMonitor.run(FileAlterationMonitor.java:182)
	at java.lang.Thread.run(Thread.java:750)
2023-04-06 15:37:18.610 [,] [Thread-8] ERROR c.s.a.d.v.f.c.FaceController - [callFaceAI,145] - 发送POST请求出现异常！
java.io.IOException: Server returned HTTP response code: 500 for URL: http://localhost:5000/ssd_predict
	at sun.net.www.protocol.http.HttpURLConnection.getInputStream0(HttpURLConnection.java:1914)
	at sun.net.www.protocol.http.HttpURLConnection.getInputStream(HttpURLConnection.java:1512)
	at com.shark.aio.data.video.controller.VideoController.callFaceAI(FaceController.java:84)
	at com.shark.aio.base.controller.InitFFmpeg$1.onFileCreate(InitFFmpeg.java:83)
	at org.apache.commons.io.monitor.FileAlterationObserver.doCreate(FileAlterationObserver.java:379)
	at org.apache.commons.io.monitor.FileAlterationObserver.checkAndNotify(FileAlterationObserver.java:345)
	at org.apache.commons.io.monitor.FileAlterationObserver.checkAndNotify(FileAlterationObserver.java:304)
	at org.apache.commons.io.monitor.FileAlterationMonitor.run(FileAlterationMonitor.java:182)
	at java.lang.Thread.run(Thread.java:750)
2023-04-06 15:37:43.167 [,] [Thread-8] ERROR c.s.a.d.v.f.c.FaceController - [callFaceAI,145] - 发送POST请求出现异常！
java.io.IOException: Server returned HTTP response code: 500 for URL: http://localhost:5000/ssd_predict
	at sun.net.www.protocol.http.HttpURLConnection.getInputStream0(HttpURLConnection.java:1914)
	at sun.net.www.protocol.http.HttpURLConnection.getInputStream(HttpURLConnection.java:1512)
	at com.shark.aio.data.video.controller.VideoController.callFaceAI(FaceController.java:84)
	at com.shark.aio.base.controller.InitFFmpeg$1.onFileCreate(InitFFmpeg.java:83)
	at org.apache.commons.io.monitor.FileAlterationObserver.doCreate(FileAlterationObserver.java:379)
	at org.apache.commons.io.monitor.FileAlterationObserver.checkAndNotify(FileAlterationObserver.java:345)
	at org.apache.commons.io.monitor.FileAlterationObserver.checkAndNotify(FileAlterationObserver.java:304)
	at org.apache.commons.io.monitor.FileAlterationMonitor.run(FileAlterationMonitor.java:182)
	at java.lang.Thread.run(Thread.java:750)
2023-04-06 15:37:52.456 [,] [Thread-8] ERROR c.s.a.d.v.f.c.FaceController - [callFaceAI,145] - 发送POST请求出现异常！
java.io.IOException: Server returned HTTP response code: 500 for URL: http://localhost:5000/ssd_predict
	at sun.net.www.protocol.http.HttpURLConnection.getInputStream0(HttpURLConnection.java:1914)
	at sun.net.www.protocol.http.HttpURLConnection.getInputStream(HttpURLConnection.java:1512)
	at com.shark.aio.data.video.controller.VideoController.callFaceAI(FaceController.java:84)
	at com.shark.aio.base.controller.InitFFmpeg$1.onFileCreate(InitFFmpeg.java:83)
	at org.apache.commons.io.monitor.FileAlterationObserver.doCreate(FileAlterationObserver.java:379)
	at org.apache.commons.io.monitor.FileAlterationObserver.checkAndNotify(FileAlterationObserver.java:345)
	at org.apache.commons.io.monitor.FileAlterationObserver.checkAndNotify(FileAlterationObserver.java:304)
	at org.apache.commons.io.monitor.FileAlterationMonitor.run(FileAlterationMonitor.java:182)
	at java.lang.Thread.run(Thread.java:750)
2023-04-06 15:37:55.494 [,] [Thread-8] ERROR c.s.a.d.v.f.c.FaceController - [callFaceAI,145] - 发送POST请求出现异常！
java.io.IOException: Server returned HTTP response code: 500 for URL: http://localhost:5000/ssd_predict
	at sun.net.www.protocol.http.HttpURLConnection.getInputStream0(HttpURLConnection.java:1914)
	at sun.net.www.protocol.http.HttpURLConnection.getInputStream(HttpURLConnection.java:1512)
	at com.shark.aio.data.video.controller.VideoController.callFaceAI(FaceController.java:84)
	at com.shark.aio.base.controller.InitFFmpeg$1.onFileCreate(InitFFmpeg.java:83)
	at org.apache.commons.io.monitor.FileAlterationObserver.doCreate(FileAlterationObserver.java:379)
	at org.apache.commons.io.monitor.FileAlterationObserver.checkAndNotify(FileAlterationObserver.java:345)
	at org.apache.commons.io.monitor.FileAlterationObserver.checkAndNotify(FileAlterationObserver.java:304)
	at org.apache.commons.io.monitor.FileAlterationMonitor.run(FileAlterationMonitor.java:182)
	at java.lang.Thread.run(Thread.java:750)
2023-04-06 15:38:02.336 [,] [Thread-8] ERROR c.s.a.d.v.f.c.FaceController - [callFaceAI,145] - 发送POST请求出现异常！
java.io.IOException: Server returned HTTP response code: 500 for URL: http://localhost:5000/ssd_predict
	at sun.net.www.protocol.http.HttpURLConnection.getInputStream0(HttpURLConnection.java:1914)
	at sun.net.www.protocol.http.HttpURLConnection.getInputStream(HttpURLConnection.java:1512)
	at com.shark.aio.data.video.controller.VideoController.callFaceAI(FaceController.java:84)
	at com.shark.aio.base.controller.InitFFmpeg$1.onFileCreate(InitFFmpeg.java:83)
	at org.apache.commons.io.monitor.FileAlterationObserver.doCreate(FileAlterationObserver.java:379)
	at org.apache.commons.io.monitor.FileAlterationObserver.checkAndNotify(FileAlterationObserver.java:345)
	at org.apache.commons.io.monitor.FileAlterationObserver.checkAndNotify(FileAlterationObserver.java:304)
	at org.apache.commons.io.monitor.FileAlterationMonitor.run(FileAlterationMonitor.java:182)
	at java.lang.Thread.run(Thread.java:750)
2023-04-06 15:38:04.135 [,] [Thread-8] ERROR c.s.a.d.v.f.c.FaceController - [callFaceAI,145] - 发送POST请求出现异常！
java.io.IOException: Server returned HTTP response code: 500 for URL: http://localhost:5000/ssd_predict
	at sun.net.www.protocol.http.HttpURLConnection.getInputStream0(HttpURLConnection.java:1914)
	at sun.net.www.protocol.http.HttpURLConnection.getInputStream(HttpURLConnection.java:1512)
	at com.shark.aio.data.video.controller.VideoController.callFaceAI(FaceController.java:84)
	at com.shark.aio.base.controller.InitFFmpeg$1.onFileCreate(InitFFmpeg.java:83)
	at org.apache.commons.io.monitor.FileAlterationObserver.doCreate(FileAlterationObserver.java:379)
	at org.apache.commons.io.monitor.FileAlterationObserver.checkAndNotify(FileAlterationObserver.java:345)
	at org.apache.commons.io.monitor.FileAlterationObserver.checkAndNotify(FileAlterationObserver.java:304)
	at org.apache.commons.io.monitor.FileAlterationMonitor.run(FileAlterationMonitor.java:182)
	at java.lang.Thread.run(Thread.java:750)
2023-04-06 15:38:07.171 [,] [Thread-8] ERROR c.s.a.d.v.f.c.FaceController - [callFaceAI,145] - 发送POST请求出现异常！
java.io.IOException: Server returned HTTP response code: 500 for URL: http://localhost:5000/ssd_predict
	at sun.net.www.protocol.http.HttpURLConnection.getInputStream0(HttpURLConnection.java:1914)
	at sun.net.www.protocol.http.HttpURLConnection.getInputStream(HttpURLConnection.java:1512)
	at com.shark.aio.data.video.controller.VideoController.callFaceAI(FaceController.java:84)
	at com.shark.aio.base.controller.InitFFmpeg$1.onFileCreate(InitFFmpeg.java:83)
	at org.apache.commons.io.monitor.FileAlterationObserver.doCreate(FileAlterationObserver.java:379)
	at org.apache.commons.io.monitor.FileAlterationObserver.checkAndNotify(FileAlterationObserver.java:345)
	at org.apache.commons.io.monitor.FileAlterationObserver.checkAndNotify(FileAlterationObserver.java:304)
	at org.apache.commons.io.monitor.FileAlterationMonitor.run(FileAlterationMonitor.java:182)
	at java.lang.Thread.run(Thread.java:750)
2023-04-06 15:38:15.252 [,] [Thread-8] ERROR c.s.a.d.v.f.c.FaceController - [callFaceAI,145] - 发送POST请求出现异常！
java.io.IOException: Server returned HTTP response code: 500 for URL: http://localhost:5000/ssd_predict
	at sun.net.www.protocol.http.HttpURLConnection.getInputStream0(HttpURLConnection.java:1914)
	at sun.net.www.protocol.http.HttpURLConnection.getInputStream(HttpURLConnection.java:1512)
	at com.shark.aio.data.video.controller.VideoController.callFaceAI(FaceController.java:84)
	at com.shark.aio.base.controller.InitFFmpeg$1.onFileCreate(InitFFmpeg.java:83)
	at org.apache.commons.io.monitor.FileAlterationObserver.doCreate(FileAlterationObserver.java:379)
	at org.apache.commons.io.monitor.FileAlterationObserver.checkAndNotify(FileAlterationObserver.java:345)
	at org.apache.commons.io.monitor.FileAlterationObserver.checkAndNotify(FileAlterationObserver.java:304)
	at org.apache.commons.io.monitor.FileAlterationMonitor.run(FileAlterationMonitor.java:182)
	at java.lang.Thread.run(Thread.java:750)
2023-04-06 15:38:32.292 [,] [Thread-8] ERROR c.s.a.d.v.f.c.FaceController - [callFaceAI,145] - 发送POST请求出现异常！
java.io.IOException: Server returned HTTP response code: 500 for URL: http://localhost:5000/ssd_predict
	at sun.net.www.protocol.http.HttpURLConnection.getInputStream0(HttpURLConnection.java:1914)
	at sun.net.www.protocol.http.HttpURLConnection.getInputStream(HttpURLConnection.java:1512)
	at com.shark.aio.data.video.controller.VideoController.callFaceAI(FaceController.java:84)
	at com.shark.aio.base.controller.InitFFmpeg$1.onFileCreate(InitFFmpeg.java:83)
	at org.apache.commons.io.monitor.FileAlterationObserver.doCreate(FileAlterationObserver.java:379)
	at org.apache.commons.io.monitor.FileAlterationObserver.checkAndNotify(FileAlterationObserver.java:345)
	at org.apache.commons.io.monitor.FileAlterationObserver.checkAndNotify(FileAlterationObserver.java:304)
	at org.apache.commons.io.monitor.FileAlterationMonitor.run(FileAlterationMonitor.java:182)
	at java.lang.Thread.run(Thread.java:750)
2023-04-06 15:38:44.209 [,] [Thread-8] ERROR c.s.a.d.v.f.c.FaceController - [callFaceAI,145] - 发送POST请求出现异常！
java.io.IOException: Server returned HTTP response code: 500 for URL: http://localhost:5000/ssd_predict
	at sun.net.www.protocol.http.HttpURLConnection.getInputStream0(HttpURLConnection.java:1914)
	at sun.net.www.protocol.http.HttpURLConnection.getInputStream(HttpURLConnection.java:1512)
	at com.shark.aio.data.video.controller.VideoController.callFaceAI(FaceController.java:84)
	at com.shark.aio.base.controller.InitFFmpeg$1.onFileCreate(InitFFmpeg.java:83)
	at org.apache.commons.io.monitor.FileAlterationObserver.doCreate(FileAlterationObserver.java:379)
	at org.apache.commons.io.monitor.FileAlterationObserver.checkAndNotify(FileAlterationObserver.java:345)
	at org.apache.commons.io.monitor.FileAlterationObserver.checkAndNotify(FileAlterationObserver.java:304)
	at org.apache.commons.io.monitor.FileAlterationMonitor.run(FileAlterationMonitor.java:182)
	at java.lang.Thread.run(Thread.java:750)
2023-04-06 15:38:52.332 [,] [Thread-8] ERROR c.s.a.d.v.f.c.FaceController - [callFaceAI,145] - 发送POST请求出现异常！
java.io.IOException: Server returned HTTP response code: 500 for URL: http://localhost:5000/ssd_predict
	at sun.net.www.protocol.http.HttpURLConnection.getInputStream0(HttpURLConnection.java:1914)
	at sun.net.www.protocol.http.HttpURLConnection.getInputStream(HttpURLConnection.java:1512)
	at com.shark.aio.data.video.controller.VideoController.callFaceAI(FaceController.java:84)
	at com.shark.aio.base.controller.InitFFmpeg$1.onFileCreate(InitFFmpeg.java:83)
	at org.apache.commons.io.monitor.FileAlterationObserver.doCreate(FileAlterationObserver.java:379)
	at org.apache.commons.io.monitor.FileAlterationObserver.checkAndNotify(FileAlterationObserver.java:345)
	at org.apache.commons.io.monitor.FileAlterationObserver.checkAndNotify(FileAlterationObserver.java:304)
	at org.apache.commons.io.monitor.FileAlterationMonitor.run(FileAlterationMonitor.java:182)
	at java.lang.Thread.run(Thread.java:750)
2023-04-06 15:38:57.293 [,] [Thread-8] ERROR c.s.a.d.v.f.c.FaceController - [callFaceAI,145] - 发送POST请求出现异常！
java.io.IOException: Server returned HTTP response code: 500 for URL: http://localhost:5000/ssd_predict
	at sun.net.www.protocol.http.HttpURLConnection.getInputStream0(HttpURLConnection.java:1914)
	at sun.net.www.protocol.http.HttpURLConnection.getInputStream(HttpURLConnection.java:1512)
	at com.shark.aio.data.video.controller.VideoController.callFaceAI(FaceController.java:84)
	at com.shark.aio.base.controller.InitFFmpeg$1.onFileCreate(InitFFmpeg.java:83)
	at org.apache.commons.io.monitor.FileAlterationObserver.doCreate(FileAlterationObserver.java:379)
	at org.apache.commons.io.monitor.FileAlterationObserver.checkAndNotify(FileAlterationObserver.java:345)
	at org.apache.commons.io.monitor.FileAlterationObserver.checkAndNotify(FileAlterationObserver.java:304)
	at org.apache.commons.io.monitor.FileAlterationMonitor.run(FileAlterationMonitor.java:182)
	at java.lang.Thread.run(Thread.java:750)
2023-04-06 15:39:03.493 [,] [Thread-8] ERROR c.s.a.d.v.f.c.FaceController - [callFaceAI,145] - 发送POST请求出现异常！
java.io.IOException: Server returned HTTP response code: 500 for URL: http://localhost:5000/ssd_predict
	at sun.net.www.protocol.http.HttpURLConnection.getInputStream0(HttpURLConnection.java:1914)
	at sun.net.www.protocol.http.HttpURLConnection.getInputStream(HttpURLConnection.java:1512)
	at com.shark.aio.data.video.controller.VideoController.callFaceAI(FaceController.java:84)
	at com.shark.aio.base.controller.InitFFmpeg$1.onFileCreate(InitFFmpeg.java:83)
	at org.apache.commons.io.monitor.FileAlterationObserver.doCreate(FileAlterationObserver.java:379)
	at org.apache.commons.io.monitor.FileAlterationObserver.checkAndNotify(FileAlterationObserver.java:345)
	at org.apache.commons.io.monitor.FileAlterationObserver.checkAndNotify(FileAlterationObserver.java:304)
	at org.apache.commons.io.monitor.FileAlterationMonitor.run(FileAlterationMonitor.java:182)
	at java.lang.Thread.run(Thread.java:750)
2023-04-06 15:39:06.531 [,] [Thread-8] ERROR c.s.a.d.v.f.c.FaceController - [callFaceAI,145] - 发送POST请求出现异常！
java.io.IOException: Server returned HTTP response code: 500 for URL: http://localhost:5000/ssd_predict
	at sun.net.www.protocol.http.HttpURLConnection.getInputStream0(HttpURLConnection.java:1914)
	at sun.net.www.protocol.http.HttpURLConnection.getInputStream(HttpURLConnection.java:1512)
	at com.shark.aio.data.video.controller.VideoController.callFaceAI(FaceController.java:84)
	at com.shark.aio.base.controller.InitFFmpeg$1.onFileCreate(InitFFmpeg.java:83)
	at org.apache.commons.io.monitor.FileAlterationObserver.doCreate(FileAlterationObserver.java:379)
	at org.apache.commons.io.monitor.FileAlterationObserver.checkAndNotify(FileAlterationObserver.java:345)
	at org.apache.commons.io.monitor.FileAlterationObserver.checkAndNotify(FileAlterationObserver.java:304)
	at org.apache.commons.io.monitor.FileAlterationMonitor.run(FileAlterationMonitor.java:182)
	at java.lang.Thread.run(Thread.java:750)
2023-04-06 15:39:08.326 [,] [Thread-8] ERROR c.s.a.d.v.f.c.FaceController - [callFaceAI,145] - 发送POST请求出现异常！
java.io.IOException: Server returned HTTP response code: 500 for URL: http://localhost:5000/ssd_predict
	at sun.net.www.protocol.http.HttpURLConnection.getInputStream0(HttpURLConnection.java:1914)
	at sun.net.www.protocol.http.HttpURLConnection.getInputStream(HttpURLConnection.java:1512)
	at com.shark.aio.data.video.controller.VideoController.callFaceAI(FaceController.java:84)
	at com.shark.aio.base.controller.InitFFmpeg$1.onFileCreate(InitFFmpeg.java:83)
	at org.apache.commons.io.monitor.FileAlterationObserver.doCreate(FileAlterationObserver.java:379)
	at org.apache.commons.io.monitor.FileAlterationObserver.checkAndNotify(FileAlterationObserver.java:345)
	at org.apache.commons.io.monitor.FileAlterationObserver.checkAndNotify(FileAlterationObserver.java:304)
	at org.apache.commons.io.monitor.FileAlterationMonitor.run(FileAlterationMonitor.java:182)
	at java.lang.Thread.run(Thread.java:750)
2023-04-06 15:39:14.495 [,] [Thread-8] ERROR c.s.a.d.v.f.c.FaceController - [callFaceAI,145] - 发送POST请求出现异常！
java.io.IOException: Server returned HTTP response code: 500 for URL: http://localhost:5000/ssd_predict
	at sun.net.www.protocol.http.HttpURLConnection.getInputStream0(HttpURLConnection.java:1914)
	at sun.net.www.protocol.http.HttpURLConnection.getInputStream(HttpURLConnection.java:1512)
	at com.shark.aio.data.video.controller.VideoController.callFaceAI(FaceController.java:84)
	at com.shark.aio.base.controller.InitFFmpeg$1.onFileCreate(InitFFmpeg.java:83)
	at org.apache.commons.io.monitor.FileAlterationObserver.doCreate(FileAlterationObserver.java:379)
	at org.apache.commons.io.monitor.FileAlterationObserver.checkAndNotify(FileAlterationObserver.java:345)
	at org.apache.commons.io.monitor.FileAlterationObserver.checkAndNotify(FileAlterationObserver.java:304)
	at org.apache.commons.io.monitor.FileAlterationMonitor.run(FileAlterationMonitor.java:182)
	at java.lang.Thread.run(Thread.java:750)
2023-04-06 15:39:21.408 [,] [Thread-8] ERROR c.s.a.d.v.f.c.FaceController - [callFaceAI,145] - 发送POST请求出现异常！
java.io.IOException: Server returned HTTP response code: 500 for URL: http://localhost:5000/ssd_predict
	at sun.net.www.protocol.http.HttpURLConnection.getInputStream0(HttpURLConnection.java:1914)
	at sun.net.www.protocol.http.HttpURLConnection.getInputStream(HttpURLConnection.java:1512)
	at com.shark.aio.data.video.controller.VideoController.callFaceAI(FaceController.java:84)
	at com.shark.aio.base.controller.InitFFmpeg$1.onFileCreate(InitFFmpeg.java:83)
	at org.apache.commons.io.monitor.FileAlterationObserver.doCreate(FileAlterationObserver.java:379)
	at org.apache.commons.io.monitor.FileAlterationObserver.checkAndNotify(FileAlterationObserver.java:345)
	at org.apache.commons.io.monitor.FileAlterationObserver.checkAndNotify(FileAlterationObserver.java:304)
	at org.apache.commons.io.monitor.FileAlterationMonitor.run(FileAlterationMonitor.java:182)
	at java.lang.Thread.run(Thread.java:750)
2023-04-06 15:39:23.208 [,] [Thread-8] ERROR c.s.a.d.v.f.c.FaceController - [callFaceAI,145] - 发送POST请求出现异常！
java.io.IOException: Server returned HTTP response code: 500 for URL: http://localhost:5000/ssd_predict
	at sun.net.www.protocol.http.HttpURLConnection.getInputStream0(HttpURLConnection.java:1914)
	at sun.net.www.protocol.http.HttpURLConnection.getInputStream(HttpURLConnection.java:1512)
	at com.shark.aio.data.video.controller.VideoController.callFaceAI(FaceController.java:84)
	at com.shark.aio.base.controller.InitFFmpeg$1.onFileCreate(InitFFmpeg.java:83)
	at org.apache.commons.io.monitor.FileAlterationObserver.doCreate(FileAlterationObserver.java:379)
	at org.apache.commons.io.monitor.FileAlterationObserver.checkAndNotify(FileAlterationObserver.java:345)
	at org.apache.commons.io.monitor.FileAlterationObserver.checkAndNotify(FileAlterationObserver.java:304)
	at org.apache.commons.io.monitor.FileAlterationMonitor.run(FileAlterationMonitor.java:182)
	at java.lang.Thread.run(Thread.java:750)
2023-04-06 15:39:26.248 [,] [Thread-8] ERROR c.s.a.d.v.f.c.FaceController - [callFaceAI,145] - 发送POST请求出现异常！
java.io.IOException: Server returned HTTP response code: 500 for URL: http://localhost:5000/ssd_predict
	at sun.net.www.protocol.http.HttpURLConnection.getInputStream0(HttpURLConnection.java:1914)
	at sun.net.www.protocol.http.HttpURLConnection.getInputStream(HttpURLConnection.java:1512)
	at com.shark.aio.data.video.controller.VideoController.callFaceAI(FaceController.java:84)
	at com.shark.aio.base.controller.InitFFmpeg$1.onFileCreate(InitFFmpeg.java:83)
	at org.apache.commons.io.monitor.FileAlterationObserver.doCreate(FileAlterationObserver.java:379)
	at org.apache.commons.io.monitor.FileAlterationObserver.checkAndNotify(FileAlterationObserver.java:345)
	at org.apache.commons.io.monitor.FileAlterationObserver.checkAndNotify(FileAlterationObserver.java:304)
	at org.apache.commons.io.monitor.FileAlterationMonitor.run(FileAlterationMonitor.java:182)
	at java.lang.Thread.run(Thread.java:750)
2023-04-06 15:39:33.131 [,] [Thread-8] ERROR c.s.a.d.v.f.c.FaceController - [callFaceAI,145] - 发送POST请求出现异常！
java.io.IOException: Server returned HTTP response code: 500 for URL: http://localhost:5000/ssd_predict
	at sun.net.www.protocol.http.HttpURLConnection.getInputStream0(HttpURLConnection.java:1914)
	at sun.net.www.protocol.http.HttpURLConnection.getInputStream(HttpURLConnection.java:1512)
	at com.shark.aio.data.video.controller.VideoController.callFaceAI(FaceController.java:84)
	at com.shark.aio.base.controller.InitFFmpeg$1.onFileCreate(InitFFmpeg.java:83)
	at org.apache.commons.io.monitor.FileAlterationObserver.doCreate(FileAlterationObserver.java:379)
	at org.apache.commons.io.monitor.FileAlterationObserver.checkAndNotify(FileAlterationObserver.java:345)
	at org.apache.commons.io.monitor.FileAlterationObserver.checkAndNotify(FileAlterationObserver.java:304)
	at org.apache.commons.io.monitor.FileAlterationMonitor.run(FileAlterationMonitor.java:182)
	at java.lang.Thread.run(Thread.java:750)
2023-04-06 15:39:52.562 [,] [Thread-8] ERROR c.s.a.d.v.f.c.FaceController - [callFaceAI,145] - 发送POST请求出现异常！
java.io.IOException: Server returned HTTP response code: 500 for URL: http://localhost:5000/ssd_predict
	at sun.net.www.protocol.http.HttpURLConnection.getInputStream0(HttpURLConnection.java:1914)
	at sun.net.www.protocol.http.HttpURLConnection.getInputStream(HttpURLConnection.java:1512)
	at com.shark.aio.data.video.controller.VideoController.callFaceAI(FaceController.java:84)
	at com.shark.aio.base.controller.InitFFmpeg$1.onFileCreate(InitFFmpeg.java:83)
	at org.apache.commons.io.monitor.FileAlterationObserver.doCreate(FileAlterationObserver.java:379)
	at org.apache.commons.io.monitor.FileAlterationObserver.checkAndNotify(FileAlterationObserver.java:345)
	at org.apache.commons.io.monitor.FileAlterationObserver.checkAndNotify(FileAlterationObserver.java:304)
	at org.apache.commons.io.monitor.FileAlterationMonitor.run(FileAlterationMonitor.java:182)
	at java.lang.Thread.run(Thread.java:750)
2023-04-06 15:40:13.366 [,] [Thread-8] ERROR c.s.a.d.v.f.c.FaceController - [callFaceAI,145] - 发送POST请求出现异常！
java.io.IOException: Server returned HTTP response code: 500 for URL: http://localhost:5000/ssd_predict
	at sun.net.www.protocol.http.HttpURLConnection.getInputStream0(HttpURLConnection.java:1914)
	at sun.net.www.protocol.http.HttpURLConnection.getInputStream(HttpURLConnection.java:1512)
	at com.shark.aio.data.video.controller.VideoController.callFaceAI(FaceController.java:84)
	at com.shark.aio.base.controller.InitFFmpeg$1.onFileCreate(InitFFmpeg.java:83)
	at org.apache.commons.io.monitor.FileAlterationObserver.doCreate(FileAlterationObserver.java:379)
	at org.apache.commons.io.monitor.FileAlterationObserver.checkAndNotify(FileAlterationObserver.java:345)
	at org.apache.commons.io.monitor.FileAlterationObserver.checkAndNotify(FileAlterationObserver.java:304)
	at org.apache.commons.io.monitor.FileAlterationMonitor.run(FileAlterationMonitor.java:182)
	at java.lang.Thread.run(Thread.java:750)
2023-04-06 15:40:35.479 [,] [Thread-8] ERROR c.s.a.d.v.f.c.FaceController - [callFaceAI,145] - 发送POST请求出现异常！
java.io.IOException: Server returned HTTP response code: 500 for URL: http://localhost:5000/ssd_predict
	at sun.net.www.protocol.http.HttpURLConnection.getInputStream0(HttpURLConnection.java:1914)
	at sun.net.www.protocol.http.HttpURLConnection.getInputStream(HttpURLConnection.java:1512)
	at com.shark.aio.data.video.controller.VideoController.callFaceAI(FaceController.java:84)
	at com.shark.aio.base.controller.InitFFmpeg$1.onFileCreate(InitFFmpeg.java:83)
	at org.apache.commons.io.monitor.FileAlterationObserver.doCreate(FileAlterationObserver.java:379)
	at org.apache.commons.io.monitor.FileAlterationObserver.checkAndNotify(FileAlterationObserver.java:345)
	at org.apache.commons.io.monitor.FileAlterationObserver.checkAndNotify(FileAlterationObserver.java:304)
	at org.apache.commons.io.monitor.FileAlterationMonitor.run(FileAlterationMonitor.java:182)
	at java.lang.Thread.run(Thread.java:750)
2023-04-06 15:40:49.401 [,] [Thread-8] ERROR c.s.a.d.v.f.c.FaceController - [callFaceAI,145] - 发送POST请求出现异常！
java.io.IOException: Server returned HTTP response code: 500 for URL: http://localhost:5000/ssd_predict
	at sun.net.www.protocol.http.HttpURLConnection.getInputStream0(HttpURLConnection.java:1914)
	at sun.net.www.protocol.http.HttpURLConnection.getInputStream(HttpURLConnection.java:1512)
	at com.shark.aio.data.video.controller.VideoController.callFaceAI(FaceController.java:84)
	at com.shark.aio.base.controller.InitFFmpeg$1.onFileCreate(InitFFmpeg.java:83)
	at org.apache.commons.io.monitor.FileAlterationObserver.doCreate(FileAlterationObserver.java:379)
	at org.apache.commons.io.monitor.FileAlterationObserver.checkAndNotify(FileAlterationObserver.java:345)
	at org.apache.commons.io.monitor.FileAlterationObserver.checkAndNotify(FileAlterationObserver.java:304)
	at org.apache.commons.io.monitor.FileAlterationMonitor.run(FileAlterationMonitor.java:182)
	at java.lang.Thread.run(Thread.java:750)
2023-04-06 15:41:07.203 [,] [Thread-8] ERROR c.s.a.d.v.f.c.FaceController - [callFaceAI,145] - 发送POST请求出现异常！
java.io.IOException: Server returned HTTP response code: 500 for URL: http://localhost:5000/ssd_predict
	at sun.net.www.protocol.http.HttpURLConnection.getInputStream0(HttpURLConnection.java:1914)
	at sun.net.www.protocol.http.HttpURLConnection.getInputStream(HttpURLConnection.java:1512)
	at com.shark.aio.data.video.controller.VideoController.callFaceAI(FaceController.java:84)
	at com.shark.aio.base.controller.InitFFmpeg$1.onFileCreate(InitFFmpeg.java:83)
	at org.apache.commons.io.monitor.FileAlterationObserver.doCreate(FileAlterationObserver.java:379)
	at org.apache.commons.io.monitor.FileAlterationObserver.checkAndNotify(FileAlterationObserver.java:345)
	at org.apache.commons.io.monitor.FileAlterationObserver.checkAndNotify(FileAlterationObserver.java:304)
	at org.apache.commons.io.monitor.FileAlterationMonitor.run(FileAlterationMonitor.java:182)
	at java.lang.Thread.run(Thread.java:750)
2023-04-06 15:41:09.601 [,] [Thread-8] ERROR c.s.a.d.v.f.c.FaceController - [callFaceAI,145] - 发送POST请求出现异常！
java.io.IOException: Server returned HTTP response code: 500 for URL: http://localhost:5000/ssd_predict
	at sun.net.www.protocol.http.HttpURLConnection.getInputStream0(HttpURLConnection.java:1914)
	at sun.net.www.protocol.http.HttpURLConnection.getInputStream(HttpURLConnection.java:1512)
	at com.shark.aio.data.video.controller.VideoController.callFaceAI(FaceController.java:84)
	at com.shark.aio.base.controller.InitFFmpeg$1.onFileCreate(InitFFmpeg.java:83)
	at org.apache.commons.io.monitor.FileAlterationObserver.doCreate(FileAlterationObserver.java:379)
	at org.apache.commons.io.monitor.FileAlterationObserver.checkAndNotify(FileAlterationObserver.java:345)
	at org.apache.commons.io.monitor.FileAlterationObserver.checkAndNotify(FileAlterationObserver.java:304)
	at org.apache.commons.io.monitor.FileAlterationMonitor.run(FileAlterationMonitor.java:182)
	at java.lang.Thread.run(Thread.java:750)
2023-04-06 15:41:46.125 [,] [Thread-8] ERROR c.s.a.d.v.f.c.FaceController - [callFaceAI,145] - 发送POST请求出现异常！
java.io.IOException: Server returned HTTP response code: 500 for URL: http://localhost:5000/ssd_predict
	at sun.net.www.protocol.http.HttpURLConnection.getInputStream0(HttpURLConnection.java:1914)
	at sun.net.www.protocol.http.HttpURLConnection.getInputStream(HttpURLConnection.java:1512)
	at com.shark.aio.data.video.controller.VideoController.callFaceAI(FaceController.java:84)
	at com.shark.aio.base.controller.InitFFmpeg$1.onFileCreate(InitFFmpeg.java:83)
	at org.apache.commons.io.monitor.FileAlterationObserver.doCreate(FileAlterationObserver.java:379)
	at org.apache.commons.io.monitor.FileAlterationObserver.checkAndNotify(FileAlterationObserver.java:345)
	at org.apache.commons.io.monitor.FileAlterationObserver.checkAndNotify(FileAlterationObserver.java:304)
	at org.apache.commons.io.monitor.FileAlterationMonitor.run(FileAlterationMonitor.java:182)
	at java.lang.Thread.run(Thread.java:750)
2023-04-06 15:41:55.566 [,] [Thread-8] ERROR c.s.a.d.v.f.c.FaceController - [callFaceAI,145] - 发送POST请求出现异常！
java.io.IOException: Server returned HTTP response code: 500 for URL: http://localhost:5000/ssd_predict
	at sun.net.www.protocol.http.HttpURLConnection.getInputStream0(HttpURLConnection.java:1914)
	at sun.net.www.protocol.http.HttpURLConnection.getInputStream(HttpURLConnection.java:1512)
	at com.shark.aio.data.video.controller.VideoController.callFaceAI(FaceController.java:84)
	at com.shark.aio.base.controller.InitFFmpeg$1.onFileCreate(InitFFmpeg.java:83)
	at org.apache.commons.io.monitor.FileAlterationObserver.doCreate(FileAlterationObserver.java:379)
	at org.apache.commons.io.monitor.FileAlterationObserver.checkAndNotify(FileAlterationObserver.java:345)
	at org.apache.commons.io.monitor.FileAlterationObserver.checkAndNotify(FileAlterationObserver.java:304)
	at org.apache.commons.io.monitor.FileAlterationMonitor.run(FileAlterationMonitor.java:182)
	at java.lang.Thread.run(Thread.java:750)
2023-04-06 15:42:13.401 [,] [Thread-8] ERROR c.s.a.d.v.f.c.FaceController - [callFaceAI,145] - 发送POST请求出现异常！
java.io.IOException: Server returned HTTP response code: 500 for URL: http://localhost:5000/ssd_predict
	at sun.net.www.protocol.http.HttpURLConnection.getInputStream0(HttpURLConnection.java:1914)
	at sun.net.www.protocol.http.HttpURLConnection.getInputStream(HttpURLConnection.java:1512)
	at com.shark.aio.data.video.controller.VideoController.callFaceAI(FaceController.java:84)
	at com.shark.aio.base.controller.InitFFmpeg$1.onFileCreate(InitFFmpeg.java:83)
	at org.apache.commons.io.monitor.FileAlterationObserver.doCreate(FileAlterationObserver.java:379)
	at org.apache.commons.io.monitor.FileAlterationObserver.checkAndNotify(FileAlterationObserver.java:345)
	at org.apache.commons.io.monitor.FileAlterationObserver.checkAndNotify(FileAlterationObserver.java:304)
	at org.apache.commons.io.monitor.FileAlterationMonitor.run(FileAlterationMonitor.java:182)
	at java.lang.Thread.run(Thread.java:750)
2023-04-06 15:42:16.479 [,] [Thread-8] ERROR c.s.a.d.v.f.c.FaceController - [callFaceAI,145] - 发送POST请求出现异常！
java.io.IOException: Server returned HTTP response code: 500 for URL: http://localhost:5000/ssd_predict
	at sun.net.www.protocol.http.HttpURLConnection.getInputStream0(HttpURLConnection.java:1914)
	at sun.net.www.protocol.http.HttpURLConnection.getInputStream(HttpURLConnection.java:1512)
	at com.shark.aio.data.video.controller.VideoController.callFaceAI(FaceController.java:84)
	at com.shark.aio.base.controller.InitFFmpeg$1.onFileCreate(InitFFmpeg.java:83)
	at org.apache.commons.io.monitor.FileAlterationObserver.doCreate(FileAlterationObserver.java:379)
	at org.apache.commons.io.monitor.FileAlterationObserver.checkAndNotify(FileAlterationObserver.java:345)
	at org.apache.commons.io.monitor.FileAlterationObserver.checkAndNotify(FileAlterationObserver.java:304)
	at org.apache.commons.io.monitor.FileAlterationMonitor.run(FileAlterationMonitor.java:182)
	at java.lang.Thread.run(Thread.java:750)
2023-04-06 15:42:55.363 [,] [Thread-8] ERROR c.s.a.d.v.f.c.FaceController - [callFaceAI,145] - 发送POST请求出现异常！
java.io.IOException: Server returned HTTP response code: 500 for URL: http://localhost:5000/ssd_predict
	at sun.net.www.protocol.http.HttpURLConnection.getInputStream0(HttpURLConnection.java:1914)
	at sun.net.www.protocol.http.HttpURLConnection.getInputStream(HttpURLConnection.java:1512)
	at com.shark.aio.data.video.controller.VideoController.callFaceAI(FaceController.java:84)
	at com.shark.aio.base.controller.InitFFmpeg$1.onFileCreate(InitFFmpeg.java:83)
	at org.apache.commons.io.monitor.FileAlterationObserver.doCreate(FileAlterationObserver.java:379)
	at org.apache.commons.io.monitor.FileAlterationObserver.checkAndNotify(FileAlterationObserver.java:345)
	at org.apache.commons.io.monitor.FileAlterationObserver.checkAndNotify(FileAlterationObserver.java:304)
	at org.apache.commons.io.monitor.FileAlterationMonitor.run(FileAlterationMonitor.java:182)
	at java.lang.Thread.run(Thread.java:750)
2023-04-06 15:43:15.638 [,] [Thread-8] ERROR c.s.a.d.v.f.c.FaceController - [callFaceAI,145] - 发送POST请求出现异常！
java.io.IOException: Server returned HTTP response code: 500 for URL: http://localhost:5000/ssd_predict
	at sun.net.www.protocol.http.HttpURLConnection.getInputStream0(HttpURLConnection.java:1914)
	at sun.net.www.protocol.http.HttpURLConnection.getInputStream(HttpURLConnection.java:1512)
	at com.shark.aio.data.video.controller.VideoController.callFaceAI(FaceController.java:84)
	at com.shark.aio.base.controller.InitFFmpeg$1.onFileCreate(InitFFmpeg.java:83)
	at org.apache.commons.io.monitor.FileAlterationObserver.doCreate(FileAlterationObserver.java:379)
	at org.apache.commons.io.monitor.FileAlterationObserver.checkAndNotify(FileAlterationObserver.java:345)
	at org.apache.commons.io.monitor.FileAlterationObserver.checkAndNotify(FileAlterationObserver.java:304)
	at org.apache.commons.io.monitor.FileAlterationMonitor.run(FileAlterationMonitor.java:182)
	at java.lang.Thread.run(Thread.java:750)
2023-04-06 15:43:37.324 [,] [Thread-8] ERROR c.s.a.d.v.f.c.FaceController - [callFaceAI,145] - 发送POST请求出现异常！
java.io.IOException: Server returned HTTP response code: 500 for URL: http://localhost:5000/ssd_predict
	at sun.net.www.protocol.http.HttpURLConnection.getInputStream0(HttpURLConnection.java:1914)
	at sun.net.www.protocol.http.HttpURLConnection.getInputStream(HttpURLConnection.java:1512)
	at com.shark.aio.data.video.controller.VideoController.callFaceAI(FaceController.java:84)
	at com.shark.aio.base.controller.InitFFmpeg$1.onFileCreate(InitFFmpeg.java:83)
	at org.apache.commons.io.monitor.FileAlterationObserver.doCreate(FileAlterationObserver.java:379)
	at org.apache.commons.io.monitor.FileAlterationObserver.checkAndNotify(FileAlterationObserver.java:345)
	at org.apache.commons.io.monitor.FileAlterationObserver.checkAndNotify(FileAlterationObserver.java:304)
	at org.apache.commons.io.monitor.FileAlterationMonitor.run(FileAlterationMonitor.java:182)
	at java.lang.Thread.run(Thread.java:750)
2023-04-06 15:43:52.521 [,] [Thread-8] ERROR c.s.a.d.v.f.c.FaceController - [callFaceAI,145] - 发送POST请求出现异常！
java.io.IOException: Server returned HTTP response code: 500 for URL: http://localhost:5000/ssd_predict
	at sun.net.www.protocol.http.HttpURLConnection.getInputStream0(HttpURLConnection.java:1914)
	at sun.net.www.protocol.http.HttpURLConnection.getInputStream(HttpURLConnection.java:1512)
	at com.shark.aio.data.video.controller.VideoController.callFaceAI(FaceController.java:84)
	at com.shark.aio.base.controller.InitFFmpeg$1.onFileCreate(InitFFmpeg.java:83)
	at org.apache.commons.io.monitor.FileAlterationObserver.doCreate(FileAlterationObserver.java:379)
	at org.apache.commons.io.monitor.FileAlterationObserver.checkAndNotify(FileAlterationObserver.java:345)
	at org.apache.commons.io.monitor.FileAlterationObserver.checkAndNotify(FileAlterationObserver.java:304)
	at org.apache.commons.io.monitor.FileAlterationMonitor.run(FileAlterationMonitor.java:182)
	at java.lang.Thread.run(Thread.java:750)
2023-04-06 15:44:15.516 [,] [Thread-8] ERROR c.s.a.d.v.f.c.FaceController - [callFaceAI,145] - 发送POST请求出现异常！
java.io.IOException: Server returned HTTP response code: 500 for URL: http://localhost:5000/ssd_predict
	at sun.net.www.protocol.http.HttpURLConnection.getInputStream0(HttpURLConnection.java:1914)
	at sun.net.www.protocol.http.HttpURLConnection.getInputStream(HttpURLConnection.java:1512)
	at com.shark.aio.data.video.controller.VideoController.callFaceAI(FaceController.java:84)
	at com.shark.aio.base.controller.InitFFmpeg$1.onFileCreate(InitFFmpeg.java:83)
	at org.apache.commons.io.monitor.FileAlterationObserver.doCreate(FileAlterationObserver.java:379)
	at org.apache.commons.io.monitor.FileAlterationObserver.checkAndNotify(FileAlterationObserver.java:345)
	at org.apache.commons.io.monitor.FileAlterationObserver.checkAndNotify(FileAlterationObserver.java:304)
	at org.apache.commons.io.monitor.FileAlterationMonitor.run(FileAlterationMonitor.java:182)
	at java.lang.Thread.run(Thread.java:750)
2023-04-06 15:44:32.633 [,] [Thread-8] ERROR c.s.a.d.v.f.c.FaceController - [callFaceAI,145] - 发送POST请求出现异常！
java.io.IOException: Server returned HTTP response code: 500 for URL: http://localhost:5000/ssd_predict
	at sun.net.www.protocol.http.HttpURLConnection.getInputStream0(HttpURLConnection.java:1914)
	at sun.net.www.protocol.http.HttpURLConnection.getInputStream(HttpURLConnection.java:1512)
	at com.shark.aio.data.video.controller.VideoController.callFaceAI(FaceController.java:84)
	at com.shark.aio.base.controller.InitFFmpeg$1.onFileCreate(InitFFmpeg.java:83)
	at org.apache.commons.io.monitor.FileAlterationObserver.doCreate(FileAlterationObserver.java:379)
	at org.apache.commons.io.monitor.FileAlterationObserver.checkAndNotify(FileAlterationObserver.java:345)
	at org.apache.commons.io.monitor.FileAlterationObserver.checkAndNotify(FileAlterationObserver.java:304)
	at org.apache.commons.io.monitor.FileAlterationMonitor.run(FileAlterationMonitor.java:182)
	at java.lang.Thread.run(Thread.java:750)
2023-04-06 15:45:00.158 [,] [Thread-8] ERROR c.s.a.d.v.f.c.FaceController - [callFaceAI,145] - 发送POST请求出现异常！
java.io.IOException: Server returned HTTP response code: 500 for URL: http://localhost:5000/ssd_predict
	at sun.net.www.protocol.http.HttpURLConnection.getInputStream0(HttpURLConnection.java:1914)
	at sun.net.www.protocol.http.HttpURLConnection.getInputStream(HttpURLConnection.java:1512)
	at com.shark.aio.data.video.controller.VideoController.callFaceAI(FaceController.java:84)
	at com.shark.aio.base.controller.InitFFmpeg$1.onFileCreate(InitFFmpeg.java:83)
	at org.apache.commons.io.monitor.FileAlterationObserver.doCreate(FileAlterationObserver.java:379)
	at org.apache.commons.io.monitor.FileAlterationObserver.checkAndNotify(FileAlterationObserver.java:345)
	at org.apache.commons.io.monitor.FileAlterationObserver.checkAndNotify(FileAlterationObserver.java:304)
	at org.apache.commons.io.monitor.FileAlterationMonitor.run(FileAlterationMonitor.java:182)
	at java.lang.Thread.run(Thread.java:750)
2023-04-06 16:07:03.116 [,] [main] ERROR o.s.b.SpringApplication - [reportFailure,824] - Application run failed
org.springframework.beans.factory.NoUniqueBeanDefinitionException: No qualifying bean of type 'com.shark.aio.data.video.service.VideoRecorderService' available: expected single matching bean but found 2: getVideoRecorderServiceBean,HisMonitor
	at org.springframework.beans.factory.support.DefaultListableBeanFactory.resolveNamedBean(DefaultListableBeanFactory.java:1273)
	at org.springframework.beans.factory.support.DefaultListableBeanFactory.resolveBean(DefaultListableBeanFactory.java:494)
	at org.springframework.beans.factory.support.DefaultListableBeanFactory.getBean(DefaultListableBeanFactory.java:349)
	at org.springframework.beans.factory.support.DefaultListableBeanFactory.getBean(DefaultListableBeanFactory.java:342)
	at org.springframework.context.support.AbstractApplicationContext.getBean(AbstractApplicationContext.java:1172)
	at com.shark.aio.data.video.configuration.VideoConfiguration.registerBean(VideoConfiguration.java:59)
	at com.shark.aio.base.controller.InitFFmpeg.onApplicationEvent(InitFFmpeg.java:49)
	at com.shark.aio.base.controller.InitFFmpeg.onApplicationEvent(InitFFmpeg.java:30)
	at org.springframework.context.event.SimpleApplicationEventMulticaster.doInvokeListener(SimpleApplicationEventMulticaster.java:176)
	at org.springframework.context.event.SimpleApplicationEventMulticaster.invokeListener(SimpleApplicationEventMulticaster.java:169)
	at org.springframework.context.event.SimpleApplicationEventMulticaster.multicastEvent(SimpleApplicationEventMulticaster.java:143)
	at org.springframework.context.support.AbstractApplicationContext.publishEvent(AbstractApplicationContext.java:421)
	at org.springframework.context.support.AbstractApplicationContext.publishEvent(AbstractApplicationContext.java:378)
	at org.springframework.boot.context.event.EventPublishingRunListener.ready(EventPublishingRunListener.java:114)
	at org.springframework.boot.SpringApplicationRunListeners.lambda$ready$6(SpringApplicationRunListeners.java:82)
	at java.util.ArrayList.forEach(ArrayList.java:1259)
	at org.springframework.boot.SpringApplicationRunListeners.doWithListeners(SpringApplicationRunListeners.java:120)
	at org.springframework.boot.SpringApplicationRunListeners.doWithListeners(SpringApplicationRunListeners.java:114)
	at org.springframework.boot.SpringApplicationRunListeners.ready(SpringApplicationRunListeners.java:82)
	at org.springframework.boot.SpringApplication.run(SpringApplication.java:323)
	at org.springframework.boot.SpringApplication.run(SpringApplication.java:1306)
	at org.springframework.boot.SpringApplication.run(SpringApplication.java:1295)
	at com.shark.aio.AIOCompanyApplication.main(AioApplication.java:17)
2023-04-06 16:07:57.782 [,] [main] ERROR o.s.b.d.LoggingFailureAnalysisReporter - [report,40] - 

***************************
APPLICATION FAILED TO START
***************************

Description:

Field videoRecorderService in com.shark.aio.base.controller.BaseController required a bean of type 'com.shark.aio.data.video.service.VideoRecorderService' that could not be found.

The injection point has the following annotations:
	- @org.springframework.beans.factory.annotation.Autowired(required=true)


Action:

Consider defining a bean of type 'com.shark.aio.data.video.service.VideoRecorderService' in your configuration.

2023-04-06 16:08:32.176 [,] [Thread-11] ERROR c.s.a.d.v.f.c.FaceController - [callFaceAI,146] - 发送POST请求出现异常！
java.io.IOException: Server returned HTTP response code: 500 for URL: http://localhost:5000/ssd_predict
	at sun.net.www.protocol.http.HttpURLConnection.getInputStream0(HttpURLConnection.java:1914)
	at sun.net.www.protocol.http.HttpURLConnection.getInputStream(HttpURLConnection.java:1512)
	at com.shark.aio.data.video.controller.VideoController.callFaceAI(FaceController.java:85)
	at com.shark.aio.base.controller.InitFFmpeg$1.onFileCreate(InitFFmpeg.java:79)
	at org.apache.commons.io.monitor.FileAlterationObserver.doCreate(FileAlterationObserver.java:379)
	at org.apache.commons.io.monitor.FileAlterationObserver.checkAndNotify(FileAlterationObserver.java:345)
	at org.apache.commons.io.monitor.FileAlterationObserver.checkAndNotify(FileAlterationObserver.java:304)
	at org.apache.commons.io.monitor.FileAlterationMonitor.run(FileAlterationMonitor.java:182)
	at java.lang.Thread.run(Thread.java:750)
2023-04-06 16:08:57.132 [,] [Thread-11] ERROR c.s.a.d.v.f.c.FaceController - [callFaceAI,146] - 发送POST请求出现异常！
java.io.IOException: Server returned HTTP response code: 500 for URL: http://localhost:5000/ssd_predict
	at sun.net.www.protocol.http.HttpURLConnection.getInputStream0(HttpURLConnection.java:1914)
	at sun.net.www.protocol.http.HttpURLConnection.getInputStream(HttpURLConnection.java:1512)
	at com.shark.aio.data.video.controller.VideoController.callFaceAI(FaceController.java:85)
	at com.shark.aio.base.controller.InitFFmpeg$1.onFileCreate(InitFFmpeg.java:79)
	at org.apache.commons.io.monitor.FileAlterationObserver.doCreate(FileAlterationObserver.java:379)
	at org.apache.commons.io.monitor.FileAlterationObserver.checkAndNotify(FileAlterationObserver.java:345)
	at org.apache.commons.io.monitor.FileAlterationObserver.checkAndNotify(FileAlterationObserver.java:304)
	at org.apache.commons.io.monitor.FileAlterationMonitor.run(FileAlterationMonitor.java:182)
	at java.lang.Thread.run(Thread.java:750)
2023-04-06 16:08:58.291 [,] [Thread-11] ERROR c.s.a.d.v.f.c.FaceController - [callFaceAI,146] - 发送POST请求出现异常！
java.io.IOException: Server returned HTTP response code: 500 for URL: http://localhost:5000/ssd_predict
	at sun.net.www.protocol.http.HttpURLConnection.getInputStream0(HttpURLConnection.java:1914)
	at sun.net.www.protocol.http.HttpURLConnection.getInputStream(HttpURLConnection.java:1512)
	at com.shark.aio.data.video.controller.VideoController.callFaceAI(FaceController.java:85)
	at com.shark.aio.base.controller.InitFFmpeg$1.onFileCreate(InitFFmpeg.java:79)
	at org.apache.commons.io.monitor.FileAlterationObserver.doCreate(FileAlterationObserver.java:379)
	at org.apache.commons.io.monitor.FileAlterationObserver.checkAndNotify(FileAlterationObserver.java:345)
	at org.apache.commons.io.monitor.FileAlterationObserver.checkAndNotify(FileAlterationObserver.java:304)
	at org.apache.commons.io.monitor.FileAlterationMonitor.run(FileAlterationMonitor.java:182)
	at java.lang.Thread.run(Thread.java:750)
2023-04-06 16:09:02.614 [,] [Thread-11] ERROR c.s.a.d.v.f.c.FaceController - [callFaceAI,146] - 发送POST请求出现异常！
java.io.IOException: Server returned HTTP response code: 500 for URL: http://localhost:5000/ssd_predict
	at sun.net.www.protocol.http.HttpURLConnection.getInputStream0(HttpURLConnection.java:1914)
	at sun.net.www.protocol.http.HttpURLConnection.getInputStream(HttpURLConnection.java:1512)
	at com.shark.aio.data.video.controller.VideoController.callFaceAI(FaceController.java:85)
	at com.shark.aio.base.controller.InitFFmpeg$1.onFileCreate(InitFFmpeg.java:79)
	at org.apache.commons.io.monitor.FileAlterationObserver.doCreate(FileAlterationObserver.java:379)
	at org.apache.commons.io.monitor.FileAlterationObserver.checkAndNotify(FileAlterationObserver.java:345)
	at org.apache.commons.io.monitor.FileAlterationObserver.checkAndNotify(FileAlterationObserver.java:304)
	at org.apache.commons.io.monitor.FileAlterationMonitor.run(FileAlterationMonitor.java:182)
	at java.lang.Thread.run(Thread.java:750)
2023-04-06 16:09:39.287 [,] [Thread-11] ERROR c.s.a.d.v.f.c.FaceController - [callFaceAI,146] - 发送POST请求出现异常！
java.io.IOException: Server returned HTTP response code: 500 for URL: http://localhost:5000/ssd_predict
	at sun.net.www.protocol.http.HttpURLConnection.getInputStream0(HttpURLConnection.java:1914)
	at sun.net.www.protocol.http.HttpURLConnection.getInputStream(HttpURLConnection.java:1512)
	at com.shark.aio.data.video.controller.VideoController.callFaceAI(FaceController.java:85)
	at com.shark.aio.base.controller.InitFFmpeg$1.onFileCreate(InitFFmpeg.java:79)
	at org.apache.commons.io.monitor.FileAlterationObserver.doCreate(FileAlterationObserver.java:379)
	at org.apache.commons.io.monitor.FileAlterationObserver.checkAndNotify(FileAlterationObserver.java:345)
	at org.apache.commons.io.monitor.FileAlterationObserver.checkAndNotify(FileAlterationObserver.java:304)
	at org.apache.commons.io.monitor.FileAlterationMonitor.run(FileAlterationMonitor.java:182)
	at java.lang.Thread.run(Thread.java:750)
2023-04-06 16:09:42.204 [,] [Thread-11] ERROR c.s.a.d.v.f.c.FaceController - [callFaceAI,146] - 发送POST请求出现异常！
java.io.IOException: Server returned HTTP response code: 500 for URL: http://localhost:5000/ssd_predict
	at sun.net.www.protocol.http.HttpURLConnection.getInputStream0(HttpURLConnection.java:1914)
	at sun.net.www.protocol.http.HttpURLConnection.getInputStream(HttpURLConnection.java:1512)
	at com.shark.aio.data.video.controller.VideoController.callFaceAI(FaceController.java:85)
	at com.shark.aio.base.controller.InitFFmpeg$1.onFileCreate(InitFFmpeg.java:79)
	at org.apache.commons.io.monitor.FileAlterationObserver.doCreate(FileAlterationObserver.java:379)
	at org.apache.commons.io.monitor.FileAlterationObserver.checkAndNotify(FileAlterationObserver.java:345)
	at org.apache.commons.io.monitor.FileAlterationObserver.checkAndNotify(FileAlterationObserver.java:304)
	at org.apache.commons.io.monitor.FileAlterationMonitor.run(FileAlterationMonitor.java:182)
	at java.lang.Thread.run(Thread.java:750)
2023-04-06 16:09:51.170 [,] [Thread-11] ERROR c.s.a.d.v.f.c.FaceController - [callFaceAI,146] - 发送POST请求出现异常！
java.io.IOException: Server returned HTTP response code: 500 for URL: http://localhost:5000/ssd_predict
	at sun.net.www.protocol.http.HttpURLConnection.getInputStream0(HttpURLConnection.java:1914)
	at sun.net.www.protocol.http.HttpURLConnection.getInputStream(HttpURLConnection.java:1512)
	at com.shark.aio.data.video.controller.VideoController.callFaceAI(FaceController.java:85)
	at com.shark.aio.base.controller.InitFFmpeg$1.onFileCreate(InitFFmpeg.java:79)
	at org.apache.commons.io.monitor.FileAlterationObserver.doCreate(FileAlterationObserver.java:379)
	at org.apache.commons.io.monitor.FileAlterationObserver.checkAndNotify(FileAlterationObserver.java:345)
	at org.apache.commons.io.monitor.FileAlterationObserver.checkAndNotify(FileAlterationObserver.java:304)
	at org.apache.commons.io.monitor.FileAlterationMonitor.run(FileAlterationMonitor.java:182)
	at java.lang.Thread.run(Thread.java:750)
2023-04-06 16:09:53.612 [,] [Thread-11] ERROR c.s.a.d.v.f.c.FaceController - [callFaceAI,146] - 发送POST请求出现异常！
java.io.IOException: Server returned HTTP response code: 500 for URL: http://localhost:5000/ssd_predict
	at sun.net.www.protocol.http.HttpURLConnection.getInputStream0(HttpURLConnection.java:1914)
	at sun.net.www.protocol.http.HttpURLConnection.getInputStream(HttpURLConnection.java:1512)
	at com.shark.aio.data.video.controller.VideoController.callFaceAI(FaceController.java:85)
	at com.shark.aio.base.controller.InitFFmpeg$1.onFileCreate(InitFFmpeg.java:79)
	at org.apache.commons.io.monitor.FileAlterationObserver.doCreate(FileAlterationObserver.java:379)
	at org.apache.commons.io.monitor.FileAlterationObserver.checkAndNotify(FileAlterationObserver.java:345)
	at org.apache.commons.io.monitor.FileAlterationObserver.checkAndNotify(FileAlterationObserver.java:304)
	at org.apache.commons.io.monitor.FileAlterationMonitor.run(FileAlterationMonitor.java:182)
	at java.lang.Thread.run(Thread.java:750)
2023-04-06 16:09:56.130 [,] [Thread-11] ERROR c.s.a.d.v.f.c.FaceController - [callFaceAI,146] - 发送POST请求出现异常！
java.io.IOException: Server returned HTTP response code: 500 for URL: http://localhost:5000/ssd_predict
	at sun.net.www.protocol.http.HttpURLConnection.getInputStream0(HttpURLConnection.java:1914)
	at sun.net.www.protocol.http.HttpURLConnection.getInputStream(HttpURLConnection.java:1512)
	at com.shark.aio.data.video.controller.VideoController.callFaceAI(FaceController.java:85)
	at com.shark.aio.base.controller.InitFFmpeg$1.onFileCreate(InitFFmpeg.java:79)
	at org.apache.commons.io.monitor.FileAlterationObserver.doCreate(FileAlterationObserver.java:379)
	at org.apache.commons.io.monitor.FileAlterationObserver.checkAndNotify(FileAlterationObserver.java:345)
	at org.apache.commons.io.monitor.FileAlterationObserver.checkAndNotify(FileAlterationObserver.java:304)
	at org.apache.commons.io.monitor.FileAlterationMonitor.run(FileAlterationMonitor.java:182)
	at java.lang.Thread.run(Thread.java:750)
2023-04-06 16:10:02.444 [,] [Thread-11] ERROR c.s.a.d.v.f.c.FaceController - [callFaceAI,146] - 发送POST请求出现异常！
java.io.IOException: Server returned HTTP response code: 500 for URL: http://localhost:5000/ssd_predict
	at sun.net.www.protocol.http.HttpURLConnection.getInputStream0(HttpURLConnection.java:1914)
	at sun.net.www.protocol.http.HttpURLConnection.getInputStream(HttpURLConnection.java:1512)
	at com.shark.aio.data.video.controller.VideoController.callFaceAI(FaceController.java:85)
	at com.shark.aio.base.controller.InitFFmpeg$1.onFileCreate(InitFFmpeg.java:79)
	at org.apache.commons.io.monitor.FileAlterationObserver.doCreate(FileAlterationObserver.java:379)
	at org.apache.commons.io.monitor.FileAlterationObserver.checkAndNotify(FileAlterationObserver.java:345)
	at org.apache.commons.io.monitor.FileAlterationObserver.checkAndNotify(FileAlterationObserver.java:304)
	at org.apache.commons.io.monitor.FileAlterationMonitor.run(FileAlterationMonitor.java:182)
	at java.lang.Thread.run(Thread.java:750)
2023-04-06 16:10:15.287 [,] [Thread-11] ERROR c.s.a.d.v.f.c.FaceController - [callFaceAI,146] - 发送POST请求出现异常！
java.io.IOException: Server returned HTTP response code: 500 for URL: http://localhost:5000/ssd_predict
	at sun.net.www.protocol.http.HttpURLConnection.getInputStream0(HttpURLConnection.java:1914)
	at sun.net.www.protocol.http.HttpURLConnection.getInputStream(HttpURLConnection.java:1512)
	at com.shark.aio.data.video.controller.VideoController.callFaceAI(FaceController.java:85)
	at com.shark.aio.base.controller.InitFFmpeg$1.onFileCreate(InitFFmpeg.java:79)
	at org.apache.commons.io.monitor.FileAlterationObserver.doCreate(FileAlterationObserver.java:379)
	at org.apache.commons.io.monitor.FileAlterationObserver.checkAndNotify(FileAlterationObserver.java:345)
	at org.apache.commons.io.monitor.FileAlterationObserver.checkAndNotify(FileAlterationObserver.java:304)
	at org.apache.commons.io.monitor.FileAlterationMonitor.run(FileAlterationMonitor.java:182)
	at java.lang.Thread.run(Thread.java:750)
2023-04-06 16:10:22.287 [,] [Thread-11] ERROR c.s.a.d.v.f.c.FaceController - [callFaceAI,146] - 发送POST请求出现异常！
java.io.IOException: Server returned HTTP response code: 500 for URL: http://localhost:5000/ssd_predict
	at sun.net.www.protocol.http.HttpURLConnection.getInputStream0(HttpURLConnection.java:1914)
	at sun.net.www.protocol.http.HttpURLConnection.getInputStream(HttpURLConnection.java:1512)
	at com.shark.aio.data.video.controller.VideoController.callFaceAI(FaceController.java:85)
	at com.shark.aio.base.controller.InitFFmpeg$1.onFileCreate(InitFFmpeg.java:79)
	at org.apache.commons.io.monitor.FileAlterationObserver.doCreate(FileAlterationObserver.java:379)
	at org.apache.commons.io.monitor.FileAlterationObserver.checkAndNotify(FileAlterationObserver.java:345)
	at org.apache.commons.io.monitor.FileAlterationObserver.checkAndNotify(FileAlterationObserver.java:304)
	at org.apache.commons.io.monitor.FileAlterationMonitor.run(FileAlterationMonitor.java:182)
	at java.lang.Thread.run(Thread.java:750)
2023-04-06 16:10:38.402 [,] [Thread-11] ERROR c.s.a.d.v.f.c.FaceController - [callFaceAI,146] - 发送POST请求出现异常！
java.io.IOException: Server returned HTTP response code: 500 for URL: http://localhost:5000/ssd_predict
	at sun.net.www.protocol.http.HttpURLConnection.getInputStream0(HttpURLConnection.java:1914)
	at sun.net.www.protocol.http.HttpURLConnection.getInputStream(HttpURLConnection.java:1512)
	at com.shark.aio.data.video.controller.VideoController.callFaceAI(FaceController.java:85)
	at com.shark.aio.base.controller.InitFFmpeg$1.onFileCreate(InitFFmpeg.java:79)
	at org.apache.commons.io.monitor.FileAlterationObserver.doCreate(FileAlterationObserver.java:379)
	at org.apache.commons.io.monitor.FileAlterationObserver.checkAndNotify(FileAlterationObserver.java:345)
	at org.apache.commons.io.monitor.FileAlterationObserver.checkAndNotify(FileAlterationObserver.java:304)
	at org.apache.commons.io.monitor.FileAlterationMonitor.run(FileAlterationMonitor.java:182)
	at java.lang.Thread.run(Thread.java:750)
2023-04-06 16:10:49.323 [,] [Thread-11] ERROR c.s.a.d.v.f.c.FaceController - [callFaceAI,146] - 发送POST请求出现异常！
java.io.IOException: Server returned HTTP response code: 500 for URL: http://localhost:5000/ssd_predict
	at sun.net.www.protocol.http.HttpURLConnection.getInputStream0(HttpURLConnection.java:1914)
	at sun.net.www.protocol.http.HttpURLConnection.getInputStream(HttpURLConnection.java:1512)
	at com.shark.aio.data.video.controller.VideoController.callFaceAI(FaceController.java:85)
	at com.shark.aio.base.controller.InitFFmpeg$1.onFileCreate(InitFFmpeg.java:79)
	at org.apache.commons.io.monitor.FileAlterationObserver.doCreate(FileAlterationObserver.java:379)
	at org.apache.commons.io.monitor.FileAlterationObserver.checkAndNotify(FileAlterationObserver.java:345)
	at org.apache.commons.io.monitor.FileAlterationObserver.checkAndNotify(FileAlterationObserver.java:304)
	at org.apache.commons.io.monitor.FileAlterationMonitor.run(FileAlterationMonitor.java:182)
	at java.lang.Thread.run(Thread.java:750)
2023-04-06 16:11:11.568 [,] [Thread-11] ERROR c.s.a.d.v.f.c.FaceController - [callFaceAI,146] - 发送POST请求出现异常！
java.io.IOException: Server returned HTTP response code: 500 for URL: http://localhost:5000/ssd_predict
	at sun.net.www.protocol.http.HttpURLConnection.getInputStream0(HttpURLConnection.java:1914)
	at sun.net.www.protocol.http.HttpURLConnection.getInputStream(HttpURLConnection.java:1512)
	at com.shark.aio.data.video.controller.VideoController.callFaceAI(FaceController.java:85)
	at com.shark.aio.base.controller.InitFFmpeg$1.onFileCreate(InitFFmpeg.java:79)
	at org.apache.commons.io.monitor.FileAlterationObserver.doCreate(FileAlterationObserver.java:379)
	at org.apache.commons.io.monitor.FileAlterationObserver.checkAndNotify(FileAlterationObserver.java:345)
	at org.apache.commons.io.monitor.FileAlterationObserver.checkAndNotify(FileAlterationObserver.java:304)
	at org.apache.commons.io.monitor.FileAlterationMonitor.run(FileAlterationMonitor.java:182)
	at java.lang.Thread.run(Thread.java:750)
2023-04-06 16:11:12.167 [,] [Thread-11] ERROR c.s.a.d.v.f.c.FaceController - [callFaceAI,146] - 发送POST请求出现异常！
java.io.IOException: Server returned HTTP response code: 500 for URL: http://localhost:5000/ssd_predict
	at sun.net.www.protocol.http.HttpURLConnection.getInputStream0(HttpURLConnection.java:1914)
	at sun.net.www.protocol.http.HttpURLConnection.getInputStream(HttpURLConnection.java:1512)
	at com.shark.aio.data.video.controller.VideoController.callFaceAI(FaceController.java:85)
	at com.shark.aio.base.controller.InitFFmpeg$1.onFileCreate(InitFFmpeg.java:79)
	at org.apache.commons.io.monitor.FileAlterationObserver.doCreate(FileAlterationObserver.java:379)
	at org.apache.commons.io.monitor.FileAlterationObserver.checkAndNotify(FileAlterationObserver.java:345)
	at org.apache.commons.io.monitor.FileAlterationObserver.checkAndNotify(FileAlterationObserver.java:304)
	at org.apache.commons.io.monitor.FileAlterationMonitor.run(FileAlterationMonitor.java:182)
	at java.lang.Thread.run(Thread.java:750)
2023-04-06 16:11:18.607 [,] [Thread-11] ERROR c.s.a.d.v.f.c.FaceController - [callFaceAI,146] - 发送POST请求出现异常！
java.io.IOException: Server returned HTTP response code: 500 for URL: http://localhost:5000/ssd_predict
	at sun.net.www.protocol.http.HttpURLConnection.getInputStream0(HttpURLConnection.java:1914)
	at sun.net.www.protocol.http.HttpURLConnection.getInputStream(HttpURLConnection.java:1512)
	at com.shark.aio.data.video.controller.VideoController.callFaceAI(FaceController.java:85)
	at com.shark.aio.base.controller.InitFFmpeg$1.onFileCreate(InitFFmpeg.java:79)
	at org.apache.commons.io.monitor.FileAlterationObserver.doCreate(FileAlterationObserver.java:379)
	at org.apache.commons.io.monitor.FileAlterationObserver.checkAndNotify(FileAlterationObserver.java:345)
	at org.apache.commons.io.monitor.FileAlterationObserver.checkAndNotify(FileAlterationObserver.java:304)
	at org.apache.commons.io.monitor.FileAlterationMonitor.run(FileAlterationMonitor.java:182)
	at java.lang.Thread.run(Thread.java:750)
2023-04-06 16:11:26.320 [,] [Thread-11] ERROR c.s.a.d.v.f.c.FaceController - [callFaceAI,146] - 发送POST请求出现异常！
java.io.IOException: Server returned HTTP response code: 500 for URL: http://localhost:5000/ssd_predict
	at sun.net.www.protocol.http.HttpURLConnection.getInputStream0(HttpURLConnection.java:1914)
	at sun.net.www.protocol.http.HttpURLConnection.getInputStream(HttpURLConnection.java:1512)
	at com.shark.aio.data.video.controller.VideoController.callFaceAI(FaceController.java:85)
	at com.shark.aio.base.controller.InitFFmpeg$1.onFileCreate(InitFFmpeg.java:79)
	at org.apache.commons.io.monitor.FileAlterationObserver.doCreate(FileAlterationObserver.java:379)
	at org.apache.commons.io.monitor.FileAlterationObserver.checkAndNotify(FileAlterationObserver.java:345)
	at org.apache.commons.io.monitor.FileAlterationObserver.checkAndNotify(FileAlterationObserver.java:304)
	at org.apache.commons.io.monitor.FileAlterationMonitor.run(FileAlterationMonitor.java:182)
	at java.lang.Thread.run(Thread.java:750)
2023-04-06 16:11:27.480 [,] [Thread-11] ERROR c.s.a.d.v.f.c.FaceController - [callFaceAI,146] - 发送POST请求出现异常！
java.io.IOException: Server returned HTTP response code: 500 for URL: http://localhost:5000/ssd_predict
	at sun.net.www.protocol.http.HttpURLConnection.getInputStream0(HttpURLConnection.java:1914)
	at sun.net.www.protocol.http.HttpURLConnection.getInputStream(HttpURLConnection.java:1512)
	at com.shark.aio.data.video.controller.VideoController.callFaceAI(FaceController.java:85)
	at com.shark.aio.base.controller.InitFFmpeg$1.onFileCreate(InitFFmpeg.java:79)
	at org.apache.commons.io.monitor.FileAlterationObserver.doCreate(FileAlterationObserver.java:379)
	at org.apache.commons.io.monitor.FileAlterationObserver.checkAndNotify(FileAlterationObserver.java:345)
	at org.apache.commons.io.monitor.FileAlterationObserver.checkAndNotify(FileAlterationObserver.java:304)
	at org.apache.commons.io.monitor.FileAlterationMonitor.run(FileAlterationMonitor.java:182)
	at java.lang.Thread.run(Thread.java:750)
2023-04-06 16:11:37.122 [,] [Thread-11] ERROR c.s.a.d.v.f.c.FaceController - [callFaceAI,146] - 发送POST请求出现异常！
java.io.IOException: Server returned HTTP response code: 500 for URL: http://localhost:5000/ssd_predict
	at sun.net.www.protocol.http.HttpURLConnection.getInputStream0(HttpURLConnection.java:1914)
	at sun.net.www.protocol.http.HttpURLConnection.getInputStream(HttpURLConnection.java:1512)
	at com.shark.aio.data.video.controller.VideoController.callFaceAI(FaceController.java:85)
	at com.shark.aio.base.controller.InitFFmpeg$1.onFileCreate(InitFFmpeg.java:79)
	at org.apache.commons.io.monitor.FileAlterationObserver.doCreate(FileAlterationObserver.java:379)
	at org.apache.commons.io.monitor.FileAlterationObserver.checkAndNotify(FileAlterationObserver.java:345)
	at org.apache.commons.io.monitor.FileAlterationObserver.checkAndNotify(FileAlterationObserver.java:304)
	at org.apache.commons.io.monitor.FileAlterationMonitor.run(FileAlterationMonitor.java:182)
	at java.lang.Thread.run(Thread.java:750)
2023-04-06 16:11:38.283 [,] [Thread-11] ERROR c.s.a.d.v.f.c.FaceController - [callFaceAI,146] - 发送POST请求出现异常！
java.io.IOException: Server returned HTTP response code: 500 for URL: http://localhost:5000/ssd_predict
	at sun.net.www.protocol.http.HttpURLConnection.getInputStream0(HttpURLConnection.java:1914)
	at sun.net.www.protocol.http.HttpURLConnection.getInputStream(HttpURLConnection.java:1512)
	at com.shark.aio.data.video.controller.VideoController.callFaceAI(FaceController.java:85)
	at com.shark.aio.base.controller.InitFFmpeg$1.onFileCreate(InitFFmpeg.java:79)
	at org.apache.commons.io.monitor.FileAlterationObserver.doCreate(FileAlterationObserver.java:379)
	at org.apache.commons.io.monitor.FileAlterationObserver.checkAndNotify(FileAlterationObserver.java:345)
	at org.apache.commons.io.monitor.FileAlterationObserver.checkAndNotify(FileAlterationObserver.java:304)
	at org.apache.commons.io.monitor.FileAlterationMonitor.run(FileAlterationMonitor.java:182)
	at java.lang.Thread.run(Thread.java:750)
2023-04-06 16:11:46.565 [,] [Thread-11] ERROR c.s.a.d.v.f.c.FaceController - [callFaceAI,146] - 发送POST请求出现异常！
java.io.IOException: Server returned HTTP response code: 500 for URL: http://localhost:5000/ssd_predict
	at sun.net.www.protocol.http.HttpURLConnection.getInputStream0(HttpURLConnection.java:1914)
	at sun.net.www.protocol.http.HttpURLConnection.getInputStream(HttpURLConnection.java:1512)
	at com.shark.aio.data.video.controller.VideoController.callFaceAI(FaceController.java:85)
	at com.shark.aio.base.controller.InitFFmpeg$1.onFileCreate(InitFFmpeg.java:79)
	at org.apache.commons.io.monitor.FileAlterationObserver.doCreate(FileAlterationObserver.java:379)
	at org.apache.commons.io.monitor.FileAlterationObserver.checkAndNotify(FileAlterationObserver.java:345)
	at org.apache.commons.io.monitor.FileAlterationObserver.checkAndNotify(FileAlterationObserver.java:304)
	at org.apache.commons.io.monitor.FileAlterationMonitor.run(FileAlterationMonitor.java:182)
	at java.lang.Thread.run(Thread.java:750)
2023-04-06 16:11:53.640 [,] [Thread-11] ERROR c.s.a.d.v.f.c.FaceController - [callFaceAI,146] - 发送POST请求出现异常！
java.io.IOException: Server returned HTTP response code: 500 for URL: http://localhost:5000/ssd_predict
	at sun.net.www.protocol.http.HttpURLConnection.getInputStream0(HttpURLConnection.java:1914)
	at sun.net.www.protocol.http.HttpURLConnection.getInputStream(HttpURLConnection.java:1512)
	at com.shark.aio.data.video.controller.VideoController.callFaceAI(FaceController.java:85)
	at com.shark.aio.base.controller.InitFFmpeg$1.onFileCreate(InitFFmpeg.java:79)
	at org.apache.commons.io.monitor.FileAlterationObserver.doCreate(FileAlterationObserver.java:379)
	at org.apache.commons.io.monitor.FileAlterationObserver.checkAndNotify(FileAlterationObserver.java:345)
	at org.apache.commons.io.monitor.FileAlterationObserver.checkAndNotify(FileAlterationObserver.java:304)
	at org.apache.commons.io.monitor.FileAlterationMonitor.run(FileAlterationMonitor.java:182)
	at java.lang.Thread.run(Thread.java:750)
2023-04-06 16:11:56.198 [,] [Thread-11] ERROR c.s.a.d.v.f.c.FaceController - [callFaceAI,146] - 发送POST请求出现异常！
java.io.IOException: Server returned HTTP response code: 500 for URL: http://localhost:5000/ssd_predict
	at sun.net.www.protocol.http.HttpURLConnection.getInputStream0(HttpURLConnection.java:1914)
	at sun.net.www.protocol.http.HttpURLConnection.getInputStream(HttpURLConnection.java:1512)
	at com.shark.aio.data.video.controller.VideoController.callFaceAI(FaceController.java:85)
	at com.shark.aio.base.controller.InitFFmpeg$1.onFileCreate(InitFFmpeg.java:79)
	at org.apache.commons.io.monitor.FileAlterationObserver.doCreate(FileAlterationObserver.java:379)
	at org.apache.commons.io.monitor.FileAlterationObserver.checkAndNotify(FileAlterationObserver.java:345)
	at org.apache.commons.io.monitor.FileAlterationObserver.checkAndNotify(FileAlterationObserver.java:304)
	at org.apache.commons.io.monitor.FileAlterationMonitor.run(FileAlterationMonitor.java:182)
	at java.lang.Thread.run(Thread.java:750)
2023-04-06 16:11:57.368 [,] [Thread-11] ERROR c.s.a.d.v.f.c.FaceController - [callFaceAI,146] - 发送POST请求出现异常！
java.io.IOException: Server returned HTTP response code: 500 for URL: http://localhost:5000/ssd_predict
	at sun.net.www.protocol.http.HttpURLConnection.getInputStream0(HttpURLConnection.java:1914)
	at sun.net.www.protocol.http.HttpURLConnection.getInputStream(HttpURLConnection.java:1512)
	at com.shark.aio.data.video.controller.VideoController.callFaceAI(FaceController.java:85)
	at com.shark.aio.base.controller.InitFFmpeg$1.onFileCreate(InitFFmpeg.java:79)
	at org.apache.commons.io.monitor.FileAlterationObserver.doCreate(FileAlterationObserver.java:379)
	at org.apache.commons.io.monitor.FileAlterationObserver.checkAndNotify(FileAlterationObserver.java:345)
	at org.apache.commons.io.monitor.FileAlterationObserver.checkAndNotify(FileAlterationObserver.java:304)
	at org.apache.commons.io.monitor.FileAlterationMonitor.run(FileAlterationMonitor.java:182)
	at java.lang.Thread.run(Thread.java:750)
