2024-08-29 11:25:43.278 [,] [http-nio-127.0.0.1-8089-exec-4] ERROR o.a.c.c.C.[.[.[.[dispatcherServlet] - [log,175] - Servlet.service() for servlet [dispatcherServlet] in context with path [] threw exception [Request processing failed; nested exception is org.springframework.web.client.ResourceAccessException: I/O error on GET request for "http://localhost:5555/video_feed": java.io.IOException: 你的主机中的软件中止了一个已建立的连接。; nested exception is org.apache.catalina.connector.ClientAbortException: java.io.IOException: 你的主机中的软件中止了一个已建立的连接。] with root cause
java.io.IOException: 你的主机中的软件中止了一个已建立的连接。
	at sun.nio.ch.SocketDispatcher.write0(Native Method)
	at sun.nio.ch.SocketDispatcher.write(SocketDispatcher.java:51)
	at sun.nio.ch.IOUtil.writeFromNativeBuffer(IOUtil.java:93)
	at sun.nio.ch.IOUtil.write(IOUtil.java:65)
	at sun.nio.ch.SocketChannelImpl.write(SocketChannelImpl.java:469)
	at org.apache.tomcat.util.net.NioChannel.write(NioChannel.java:135)
	at org.apache.tomcat.util.net.NioEndpoint$NioSocketWrapper.doWrite(NioEndpoint.java:1424)
	at org.apache.tomcat.util.net.SocketWrapperBase.doWrite(SocketWrapperBase.java:768)
	at org.apache.tomcat.util.net.SocketWrapperBase.writeBlocking(SocketWrapperBase.java:593)
	at org.apache.tomcat.util.net.SocketWrapperBase.write(SocketWrapperBase.java:537)
	at org.apache.coyote.http11.Http11OutputBuffer$SocketOutputBuffer.doWrite(Http11OutputBuffer.java:547)
	at org.apache.coyote.http11.filters.ChunkedOutputFilter.doWrite(ChunkedOutputFilter.java:112)
	at org.apache.coyote.http11.Http11OutputBuffer.doWrite(Http11OutputBuffer.java:194)
	at org.apache.coyote.Response.doWrite(Response.java:615)
	at org.apache.catalina.connector.OutputBuffer.realWriteBytes(OutputBuffer.java:340)
	at org.apache.catalina.connector.OutputBuffer.flushByteBuffer(OutputBuffer.java:784)
	at org.apache.catalina.connector.OutputBuffer.doFlush(OutputBuffer.java:299)
	at org.apache.catalina.connector.OutputBuffer.flush(OutputBuffer.java:273)
	at org.apache.catalina.connector.CoyoteOutputStream.flush(CoyoteOutputStream.java:118)
	at com.shark.aio.videodetect.controller.EmbedController.lambda$getFlaskPage$1(EmbedController.java:54)
	at org.springframework.web.client.RestTemplate.doExecute(RestTemplate.java:778)
	at org.springframework.web.client.RestTemplate.execute(RestTemplate.java:711)
	at com.shark.aio.videodetect.controller.EmbedController.getFlaskPage(EmbedController.java:60)
	at sun.reflect.NativeMethodAccessorImpl.invoke0(Native Method)
	at sun.reflect.NativeMethodAccessorImpl.invoke(NativeMethodAccessorImpl.java:62)
	at sun.reflect.DelegatingMethodAccessorImpl.invoke(DelegatingMethodAccessorImpl.java:43)
	at java.lang.reflect.Method.invoke(Method.java:498)
	at org.springframework.web.method.support.InvocableHandlerMethod.doInvoke(InvocableHandlerMethod.java:205)
	at org.springframework.web.method.support.InvocableHandlerMethod.invokeForRequest(InvocableHandlerMethod.java:150)
	at org.springframework.web.servlet.mvc.method.annotation.ServletInvocableHandlerMethod.invokeAndHandle(ServletInvocableHandlerMethod.java:117)
	at org.springframework.web.servlet.mvc.method.annotation.RequestMappingHandlerAdapter.invokeHandlerMethod(RequestMappingHandlerAdapter.java:895)
	at org.springframework.web.servlet.mvc.method.annotation.RequestMappingHandlerAdapter.handleInternal(RequestMappingHandlerAdapter.java:808)
	at org.springframework.web.servlet.mvc.method.AbstractHandlerMethodAdapter.handle(AbstractHandlerMethodAdapter.java:87)
	at org.springframework.web.servlet.DispatcherServlet.doDispatch(DispatcherServlet.java:1071)
	at org.springframework.web.servlet.DispatcherServlet.doService(DispatcherServlet.java:964)
	at org.springframework.web.servlet.FrameworkServlet.processRequest(FrameworkServlet.java:1006)
	at org.springframework.web.servlet.FrameworkServlet.doGet(FrameworkServlet.java:898)
	at javax.servlet.http.HttpServlet.service(HttpServlet.java:670)
	at org.springframework.web.servlet.FrameworkServlet.service(FrameworkServlet.java:883)
	at javax.servlet.http.HttpServlet.service(HttpServlet.java:779)
	at org.apache.catalina.core.ApplicationFilterChain.internalDoFilter(ApplicationFilterChain.java:227)
	at org.apache.catalina.core.ApplicationFilterChain.doFilter(ApplicationFilterChain.java:162)
	at org.apache.tomcat.websocket.server.WsFilter.doFilter(WsFilter.java:53)
	at org.apache.catalina.core.ApplicationFilterChain.internalDoFilter(ApplicationFilterChain.java:189)
	at org.apache.catalina.core.ApplicationFilterChain.doFilter(ApplicationFilterChain.java:162)
	at org.springframework.web.filter.CharacterEncodingFilter.doFilterInternal(CharacterEncodingFilter.java:201)
	at org.springframework.web.filter.OncePerRequestFilter.doFilter(OncePerRequestFilter.java:117)
	at org.apache.catalina.core.ApplicationFilterChain.internalDoFilter(ApplicationFilterChain.java:189)
	at org.apache.catalina.core.ApplicationFilterChain.doFilter(ApplicationFilterChain.java:162)
	at org.apache.catalina.core.StandardWrapperValve.invoke(StandardWrapperValve.java:197)
	at org.apache.catalina.core.StandardContextValve.invoke(StandardContextValve.java:97)
	at org.apache.catalina.authenticator.AuthenticatorBase.invoke(AuthenticatorBase.java:541)
	at org.apache.catalina.core.StandardHostValve.invoke(StandardHostValve.java:135)
	at org.apache.catalina.valves.ErrorReportValve.invoke(ErrorReportValve.java:92)
	at org.apache.catalina.core.StandardEngineValve.invoke(StandardEngineValve.java:78)
	at org.apache.catalina.connector.CoyoteAdapter.service(CoyoteAdapter.java:360)
	at org.apache.coyote.http11.Http11Processor.service(Http11Processor.java:399)
	at org.apache.coyote.AbstractProcessorLight.process(AbstractProcessorLight.java:65)
	at org.apache.coyote.AbstractProtocol$ConnectionHandler.process(AbstractProtocol.java:893)
	at org.apache.tomcat.util.net.NioEndpoint$SocketProcessor.doRun(NioEndpoint.java:1789)
	at org.apache.tomcat.util.net.SocketProcessorBase.run(SocketProcessorBase.java:49)
	at org.apache.tomcat.util.threads.ThreadPoolExecutor.runWorker(ThreadPoolExecutor.java:1191)
	at org.apache.tomcat.util.threads.ThreadPoolExecutor$Worker.run(ThreadPoolExecutor.java:659)
	at org.apache.tomcat.util.threads.TaskThread$WrappingRunnable.run(TaskThread.java:61)
	at java.lang.Thread.run(Thread.java:750)
2024-08-29 11:27:22.972 [,] [http-nio-127.0.0.1-8089-exec-6] ERROR o.a.c.c.C.[.[.[.[dispatcherServlet] - [log,175] - Servlet.service() for servlet [dispatcherServlet] in context with path [] threw exception [Request processing failed; nested exception is org.springframework.web.client.ResourceAccessException: I/O error on GET request for "http://localhost:5555/video_feed": java.io.IOException: 你的主机中的软件中止了一个已建立的连接。; nested exception is org.apache.catalina.connector.ClientAbortException: java.io.IOException: 你的主机中的软件中止了一个已建立的连接。] with root cause
java.io.IOException: 你的主机中的软件中止了一个已建立的连接。
	at sun.nio.ch.SocketDispatcher.write0(Native Method)
	at sun.nio.ch.SocketDispatcher.write(SocketDispatcher.java:51)
	at sun.nio.ch.IOUtil.writeFromNativeBuffer(IOUtil.java:93)
	at sun.nio.ch.IOUtil.write(IOUtil.java:65)
	at sun.nio.ch.SocketChannelImpl.write(SocketChannelImpl.java:469)
	at org.apache.tomcat.util.net.NioChannel.write(NioChannel.java:135)
	at org.apache.tomcat.util.net.NioEndpoint$NioSocketWrapper.doWrite(NioEndpoint.java:1424)
	at org.apache.tomcat.util.net.SocketWrapperBase.doWrite(SocketWrapperBase.java:768)
	at org.apache.tomcat.util.net.SocketWrapperBase.writeBlocking(SocketWrapperBase.java:593)
	at org.apache.tomcat.util.net.SocketWrapperBase.write(SocketWrapperBase.java:537)
	at org.apache.coyote.http11.Http11OutputBuffer$SocketOutputBuffer.doWrite(Http11OutputBuffer.java:547)
	at org.apache.coyote.http11.filters.ChunkedOutputFilter.doWrite(ChunkedOutputFilter.java:112)
	at org.apache.coyote.http11.Http11OutputBuffer.doWrite(Http11OutputBuffer.java:194)
	at org.apache.coyote.Response.doWrite(Response.java:615)
	at org.apache.catalina.connector.OutputBuffer.realWriteBytes(OutputBuffer.java:340)
	at org.apache.catalina.connector.OutputBuffer.flushByteBuffer(OutputBuffer.java:784)
	at org.apache.catalina.connector.OutputBuffer.doFlush(OutputBuffer.java:299)
	at org.apache.catalina.connector.OutputBuffer.flush(OutputBuffer.java:273)
	at org.apache.catalina.connector.CoyoteOutputStream.flush(CoyoteOutputStream.java:118)
	at com.shark.aio.videodetect.controller.EmbedController.lambda$getFlaskPage$1(EmbedController.java:54)
	at org.springframework.web.client.RestTemplate.doExecute(RestTemplate.java:778)
	at org.springframework.web.client.RestTemplate.execute(RestTemplate.java:711)
	at com.shark.aio.videodetect.controller.EmbedController.getFlaskPage(EmbedController.java:60)
	at sun.reflect.NativeMethodAccessorImpl.invoke0(Native Method)
	at sun.reflect.NativeMethodAccessorImpl.invoke(NativeMethodAccessorImpl.java:62)
	at sun.reflect.DelegatingMethodAccessorImpl.invoke(DelegatingMethodAccessorImpl.java:43)
	at java.lang.reflect.Method.invoke(Method.java:498)
	at org.springframework.web.method.support.InvocableHandlerMethod.doInvoke(InvocableHandlerMethod.java:205)
	at org.springframework.web.method.support.InvocableHandlerMethod.invokeForRequest(InvocableHandlerMethod.java:150)
	at org.springframework.web.servlet.mvc.method.annotation.ServletInvocableHandlerMethod.invokeAndHandle(ServletInvocableHandlerMethod.java:117)
	at org.springframework.web.servlet.mvc.method.annotation.RequestMappingHandlerAdapter.invokeHandlerMethod(RequestMappingHandlerAdapter.java:895)
	at org.springframework.web.servlet.mvc.method.annotation.RequestMappingHandlerAdapter.handleInternal(RequestMappingHandlerAdapter.java:808)
	at org.springframework.web.servlet.mvc.method.AbstractHandlerMethodAdapter.handle(AbstractHandlerMethodAdapter.java:87)
	at org.springframework.web.servlet.DispatcherServlet.doDispatch(DispatcherServlet.java:1071)
	at org.springframework.web.servlet.DispatcherServlet.doService(DispatcherServlet.java:964)
	at org.springframework.web.servlet.FrameworkServlet.processRequest(FrameworkServlet.java:1006)
	at org.springframework.web.servlet.FrameworkServlet.doGet(FrameworkServlet.java:898)
	at javax.servlet.http.HttpServlet.service(HttpServlet.java:670)
	at org.springframework.web.servlet.FrameworkServlet.service(FrameworkServlet.java:883)
	at javax.servlet.http.HttpServlet.service(HttpServlet.java:779)
	at org.apache.catalina.core.ApplicationFilterChain.internalDoFilter(ApplicationFilterChain.java:227)
	at org.apache.catalina.core.ApplicationFilterChain.doFilter(ApplicationFilterChain.java:162)
	at org.apache.tomcat.websocket.server.WsFilter.doFilter(WsFilter.java:53)
	at org.apache.catalina.core.ApplicationFilterChain.internalDoFilter(ApplicationFilterChain.java:189)
	at org.apache.catalina.core.ApplicationFilterChain.doFilter(ApplicationFilterChain.java:162)
	at org.springframework.web.filter.CharacterEncodingFilter.doFilterInternal(CharacterEncodingFilter.java:201)
	at org.springframework.web.filter.OncePerRequestFilter.doFilter(OncePerRequestFilter.java:117)
	at org.apache.catalina.core.ApplicationFilterChain.internalDoFilter(ApplicationFilterChain.java:189)
	at org.apache.catalina.core.ApplicationFilterChain.doFilter(ApplicationFilterChain.java:162)
	at org.apache.catalina.core.StandardWrapperValve.invoke(StandardWrapperValve.java:197)
	at org.apache.catalina.core.StandardContextValve.invoke(StandardContextValve.java:97)
	at org.apache.catalina.authenticator.AuthenticatorBase.invoke(AuthenticatorBase.java:541)
	at org.apache.catalina.core.StandardHostValve.invoke(StandardHostValve.java:135)
	at org.apache.catalina.valves.ErrorReportValve.invoke(ErrorReportValve.java:92)
	at org.apache.catalina.core.StandardEngineValve.invoke(StandardEngineValve.java:78)
	at org.apache.catalina.connector.CoyoteAdapter.service(CoyoteAdapter.java:360)
	at org.apache.coyote.http11.Http11Processor.service(Http11Processor.java:399)
	at org.apache.coyote.AbstractProcessorLight.process(AbstractProcessorLight.java:65)
	at org.apache.coyote.AbstractProtocol$ConnectionHandler.process(AbstractProtocol.java:893)
	at org.apache.tomcat.util.net.NioEndpoint$SocketProcessor.doRun(NioEndpoint.java:1789)
	at org.apache.tomcat.util.net.SocketProcessorBase.run(SocketProcessorBase.java:49)
	at org.apache.tomcat.util.threads.ThreadPoolExecutor.runWorker(ThreadPoolExecutor.java:1191)
	at org.apache.tomcat.util.threads.ThreadPoolExecutor$Worker.run(ThreadPoolExecutor.java:659)
	at org.apache.tomcat.util.threads.TaskThread$WrappingRunnable.run(TaskThread.java:61)
	at java.lang.Thread.run(Thread.java:750)
2024-08-29 12:58:21.484 [,] [scheduling-1] ERROR o.s.s.s.TaskUtils$LoggingErrorHandler - [handleError,95] - Unexpected error occurred in scheduled task
java.lang.InterruptedException: null
	at java.util.concurrent.FutureTask.awaitDone(FutureTask.java:404)
	at java.util.concurrent.FutureTask.get(FutureTask.java:191)
	at com.shark.aio.base.controller.InitFFmpeg.monitorFfmpegProcess(InitFFmpeg.java:106)
	at com.shark.aio.base.controller.InitFFmpeg$$FastClassBySpringCGLIB$$6f28da27.invoke(<generated>)
	at org.springframework.cglib.proxy.MethodProxy.invoke(MethodProxy.java:218)
	at org.springframework.aop.framework.CglibAopProxy$CglibMethodInvocation.invokeJoinpoint(CglibAopProxy.java:793)
	at org.springframework.aop.framework.ReflectiveMethodInvocation.proceed(ReflectiveMethodInvocation.java:163)
	at org.springframework.aop.framework.CglibAopProxy$CglibMethodInvocation.proceed(CglibAopProxy.java:763)
	at org.springframework.aop.framework.adapter.MethodBeforeAdviceInterceptor.invoke(MethodBeforeAdviceInterceptor.java:58)
	at org.springframework.aop.framework.ReflectiveMethodInvocation.proceed(ReflectiveMethodInvocation.java:186)
	at org.springframework.aop.framework.CglibAopProxy$CglibMethodInvocation.proceed(CglibAopProxy.java:763)
	at org.springframework.aop.interceptor.ExposeInvocationInterceptor.invoke(ExposeInvocationInterceptor.java:97)
	at org.springframework.aop.framework.ReflectiveMethodInvocation.proceed(ReflectiveMethodInvocation.java:186)
	at org.springframework.aop.framework.CglibAopProxy$CglibMethodInvocation.proceed(CglibAopProxy.java:763)
	at org.springframework.aop.framework.CglibAopProxy$DynamicAdvisedInterceptor.intercept(CglibAopProxy.java:708)
	at com.shark.aio.base.controller.InitFFmpeg$$EnhancerBySpringCGLIB$$251c05dc.monitorFfmpegProcess(<generated>)
	at sun.reflect.GeneratedMethodAccessor88.invoke(Unknown Source)
	at sun.reflect.DelegatingMethodAccessorImpl.invoke(DelegatingMethodAccessorImpl.java:43)
	at java.lang.reflect.Method.invoke(Method.java:498)
	at org.springframework.scheduling.support.ScheduledMethodRunnable.run(ScheduledMethodRunnable.java:84)
	at org.springframework.scheduling.support.DelegatingErrorHandlingRunnable.run(DelegatingErrorHandlingRunnable.java:54)
	at org.springframework.scheduling.concurrent.ReschedulingRunnable.run(ReschedulingRunnable.java:95)
	at java.util.concurrent.Executors$RunnableAdapter.call(Executors.java:511)
	at java.util.concurrent.FutureTask.run(FutureTask.java:266)
	at java.util.concurrent.ScheduledThreadPoolExecutor$ScheduledFutureTask.access$201(ScheduledThreadPoolExecutor.java:180)
	at java.util.concurrent.ScheduledThreadPoolExecutor$ScheduledFutureTask.run(ScheduledThreadPoolExecutor.java:293)
	at java.util.concurrent.ThreadPoolExecutor.runWorker(ThreadPoolExecutor.java:1149)
	at java.util.concurrent.ThreadPoolExecutor$Worker.run(ThreadPoolExecutor.java:624)
	at java.lang.Thread.run(Thread.java:750)
2024-08-29 13:12:20.280 [,] [scheduling-1] ERROR o.s.s.s.TaskUtils$LoggingErrorHandler - [handleError,95] - Unexpected error occurred in scheduled task
java.lang.InterruptedException: null
	at java.util.concurrent.FutureTask.awaitDone(FutureTask.java:404)
	at java.util.concurrent.FutureTask.get(FutureTask.java:191)
	at com.shark.aio.base.controller.InitFFmpeg.monitorFfmpegProcess(InitFFmpeg.java:106)
	at com.shark.aio.base.controller.InitFFmpeg$$FastClassBySpringCGLIB$$6f28da27.invoke(<generated>)
	at org.springframework.cglib.proxy.MethodProxy.invoke(MethodProxy.java:218)
	at org.springframework.aop.framework.CglibAopProxy$CglibMethodInvocation.invokeJoinpoint(CglibAopProxy.java:793)
	at org.springframework.aop.framework.ReflectiveMethodInvocation.proceed(ReflectiveMethodInvocation.java:163)
	at org.springframework.aop.framework.CglibAopProxy$CglibMethodInvocation.proceed(CglibAopProxy.java:763)
	at org.springframework.aop.framework.adapter.MethodBeforeAdviceInterceptor.invoke(MethodBeforeAdviceInterceptor.java:58)
	at org.springframework.aop.framework.ReflectiveMethodInvocation.proceed(ReflectiveMethodInvocation.java:186)
	at org.springframework.aop.framework.CglibAopProxy$CglibMethodInvocation.proceed(CglibAopProxy.java:763)
	at org.springframework.aop.interceptor.ExposeInvocationInterceptor.invoke(ExposeInvocationInterceptor.java:97)
	at org.springframework.aop.framework.ReflectiveMethodInvocation.proceed(ReflectiveMethodInvocation.java:186)
	at org.springframework.aop.framework.CglibAopProxy$CglibMethodInvocation.proceed(CglibAopProxy.java:763)
	at org.springframework.aop.framework.CglibAopProxy$DynamicAdvisedInterceptor.intercept(CglibAopProxy.java:708)
	at com.shark.aio.base.controller.InitFFmpeg$$EnhancerBySpringCGLIB$$251c05dc.monitorFfmpegProcess(<generated>)
	at sun.reflect.NativeMethodAccessorImpl.invoke0(Native Method)
	at sun.reflect.NativeMethodAccessorImpl.invoke(NativeMethodAccessorImpl.java:62)
	at sun.reflect.DelegatingMethodAccessorImpl.invoke(DelegatingMethodAccessorImpl.java:43)
	at java.lang.reflect.Method.invoke(Method.java:498)
	at org.springframework.scheduling.support.ScheduledMethodRunnable.run(ScheduledMethodRunnable.java:84)
	at org.springframework.scheduling.support.DelegatingErrorHandlingRunnable.run(DelegatingErrorHandlingRunnable.java:54)
	at org.springframework.scheduling.concurrent.ReschedulingRunnable.run(ReschedulingRunnable.java:95)
	at java.util.concurrent.Executors$RunnableAdapter.call(Executors.java:511)
	at java.util.concurrent.FutureTask.run(FutureTask.java:266)
	at java.util.concurrent.ScheduledThreadPoolExecutor$ScheduledFutureTask.access$201(ScheduledThreadPoolExecutor.java:180)
	at java.util.concurrent.ScheduledThreadPoolExecutor$ScheduledFutureTask.run(ScheduledThreadPoolExecutor.java:293)
	at java.util.concurrent.ThreadPoolExecutor.runWorker(ThreadPoolExecutor.java:1149)
	at java.util.concurrent.ThreadPoolExecutor$Worker.run(ThreadPoolExecutor.java:624)
	at java.lang.Thread.run(Thread.java:750)
2024-08-29 13:17:17.202 [,] [scheduling-1] ERROR o.s.s.s.TaskUtils$LoggingErrorHandler - [handleError,95] - Unexpected error occurred in scheduled task
java.lang.InterruptedException: null
	at java.util.concurrent.FutureTask.awaitDone(FutureTask.java:404)
	at java.util.concurrent.FutureTask.get(FutureTask.java:191)
	at com.shark.aio.base.controller.InitFFmpeg.monitorFfmpegProcess(InitFFmpeg.java:106)
	at com.shark.aio.base.controller.InitFFmpeg$$FastClassBySpringCGLIB$$6f28da27.invoke(<generated>)
	at org.springframework.cglib.proxy.MethodProxy.invoke(MethodProxy.java:218)
	at org.springframework.aop.framework.CglibAopProxy$CglibMethodInvocation.invokeJoinpoint(CglibAopProxy.java:793)
	at org.springframework.aop.framework.ReflectiveMethodInvocation.proceed(ReflectiveMethodInvocation.java:163)
	at org.springframework.aop.framework.CglibAopProxy$CglibMethodInvocation.proceed(CglibAopProxy.java:763)
	at org.springframework.aop.framework.adapter.MethodBeforeAdviceInterceptor.invoke(MethodBeforeAdviceInterceptor.java:58)
	at org.springframework.aop.framework.ReflectiveMethodInvocation.proceed(ReflectiveMethodInvocation.java:186)
	at org.springframework.aop.framework.CglibAopProxy$CglibMethodInvocation.proceed(CglibAopProxy.java:763)
	at org.springframework.aop.interceptor.ExposeInvocationInterceptor.invoke(ExposeInvocationInterceptor.java:97)
	at org.springframework.aop.framework.ReflectiveMethodInvocation.proceed(ReflectiveMethodInvocation.java:186)
	at org.springframework.aop.framework.CglibAopProxy$CglibMethodInvocation.proceed(CglibAopProxy.java:763)
	at org.springframework.aop.framework.CglibAopProxy$DynamicAdvisedInterceptor.intercept(CglibAopProxy.java:708)
	at com.shark.aio.base.controller.InitFFmpeg$$EnhancerBySpringCGLIB$$251c05dc.monitorFfmpegProcess(<generated>)
	at sun.reflect.NativeMethodAccessorImpl.invoke0(Native Method)
	at sun.reflect.NativeMethodAccessorImpl.invoke(NativeMethodAccessorImpl.java:62)
	at sun.reflect.DelegatingMethodAccessorImpl.invoke(DelegatingMethodAccessorImpl.java:43)
	at java.lang.reflect.Method.invoke(Method.java:498)
	at org.springframework.scheduling.support.ScheduledMethodRunnable.run(ScheduledMethodRunnable.java:84)
	at org.springframework.scheduling.support.DelegatingErrorHandlingRunnable.run(DelegatingErrorHandlingRunnable.java:54)
	at org.springframework.scheduling.concurrent.ReschedulingRunnable.run(ReschedulingRunnable.java:95)
	at java.util.concurrent.Executors$RunnableAdapter.call(Executors.java:511)
	at java.util.concurrent.FutureTask.run(FutureTask.java:266)
	at java.util.concurrent.ScheduledThreadPoolExecutor$ScheduledFutureTask.access$201(ScheduledThreadPoolExecutor.java:180)
	at java.util.concurrent.ScheduledThreadPoolExecutor$ScheduledFutureTask.run(ScheduledThreadPoolExecutor.java:293)
	at java.util.concurrent.ThreadPoolExecutor.runWorker(ThreadPoolExecutor.java:1149)
	at java.util.concurrent.ThreadPoolExecutor$Worker.run(ThreadPoolExecutor.java:624)
	at java.lang.Thread.run(Thread.java:750)
2024-08-29 13:21:37.203 [,] [scheduling-1] ERROR o.s.s.s.TaskUtils$LoggingErrorHandler - [handleError,95] - Unexpected error occurred in scheduled task
java.lang.InterruptedException: null
	at java.util.concurrent.FutureTask.awaitDone(FutureTask.java:404)
	at java.util.concurrent.FutureTask.get(FutureTask.java:191)
	at com.shark.aio.base.controller.InitFFmpeg.monitorFfmpegProcess(InitFFmpeg.java:106)
	at com.shark.aio.base.controller.InitFFmpeg$$FastClassBySpringCGLIB$$6f28da27.invoke(<generated>)
	at org.springframework.cglib.proxy.MethodProxy.invoke(MethodProxy.java:218)
	at org.springframework.aop.framework.CglibAopProxy$CglibMethodInvocation.invokeJoinpoint(CglibAopProxy.java:793)
	at org.springframework.aop.framework.ReflectiveMethodInvocation.proceed(ReflectiveMethodInvocation.java:163)
	at org.springframework.aop.framework.CglibAopProxy$CglibMethodInvocation.proceed(CglibAopProxy.java:763)
	at org.springframework.aop.framework.adapter.MethodBeforeAdviceInterceptor.invoke(MethodBeforeAdviceInterceptor.java:58)
	at org.springframework.aop.framework.ReflectiveMethodInvocation.proceed(ReflectiveMethodInvocation.java:186)
	at org.springframework.aop.framework.CglibAopProxy$CglibMethodInvocation.proceed(CglibAopProxy.java:763)
	at org.springframework.aop.interceptor.ExposeInvocationInterceptor.invoke(ExposeInvocationInterceptor.java:97)
	at org.springframework.aop.framework.ReflectiveMethodInvocation.proceed(ReflectiveMethodInvocation.java:186)
	at org.springframework.aop.framework.CglibAopProxy$CglibMethodInvocation.proceed(CglibAopProxy.java:763)
	at org.springframework.aop.framework.CglibAopProxy$DynamicAdvisedInterceptor.intercept(CglibAopProxy.java:708)
	at com.shark.aio.base.controller.InitFFmpeg$$EnhancerBySpringCGLIB$$251c05dc.monitorFfmpegProcess(<generated>)
	at sun.reflect.NativeMethodAccessorImpl.invoke0(Native Method)
	at sun.reflect.NativeMethodAccessorImpl.invoke(NativeMethodAccessorImpl.java:62)
	at sun.reflect.DelegatingMethodAccessorImpl.invoke(DelegatingMethodAccessorImpl.java:43)
	at java.lang.reflect.Method.invoke(Method.java:498)
	at org.springframework.scheduling.support.ScheduledMethodRunnable.run(ScheduledMethodRunnable.java:84)
	at org.springframework.scheduling.support.DelegatingErrorHandlingRunnable.run(DelegatingErrorHandlingRunnable.java:54)
	at org.springframework.scheduling.concurrent.ReschedulingRunnable.run(ReschedulingRunnable.java:95)
	at java.util.concurrent.Executors$RunnableAdapter.call(Executors.java:511)
	at java.util.concurrent.FutureTask.run(FutureTask.java:266)
	at java.util.concurrent.ScheduledThreadPoolExecutor$ScheduledFutureTask.access$201(ScheduledThreadPoolExecutor.java:180)
	at java.util.concurrent.ScheduledThreadPoolExecutor$ScheduledFutureTask.run(ScheduledThreadPoolExecutor.java:293)
	at java.util.concurrent.ThreadPoolExecutor.runWorker(ThreadPoolExecutor.java:1149)
	at java.util.concurrent.ThreadPoolExecutor$Worker.run(ThreadPoolExecutor.java:624)
	at java.lang.Thread.run(Thread.java:750)
2024-08-29 13:23:15.111 [,] [http-nio-127.0.0.1-8089-exec-1] ERROR o.t.TemplateEngine - [process,1136] - [THYMELEAF][http-nio-127.0.0.1-8089-exec-1] Exception processing template "videoPlay2": Exception evaluating SpringEL expression: "session.userEntity.icon" (template: "blank" - line 68, col 30)
org.thymeleaf.exceptions.TemplateProcessingException: Exception evaluating SpringEL expression: "session.userEntity.icon" (template: "blank" - line 68, col 30)
	at org.thymeleaf.spring5.expression.SPELVariableExpressionEvaluator.evaluate(SPELVariableExpressionEvaluator.java:292)
	at org.thymeleaf.standard.expression.VariableExpression.executeVariableExpression(VariableExpression.java:166)
	at org.thymeleaf.standard.expression.SimpleExpression.executeSimple(SimpleExpression.java:66)
	at org.thymeleaf.standard.expression.Expression.execute(Expression.java:109)
	at org.thymeleaf.standard.expression.AdditionExpression.executeAddition(AdditionExpression.java:96)
	at org.thymeleaf.standard.expression.ComplexExpression.executeComplex(ComplexExpression.java:62)
	at org.thymeleaf.standard.expression.Expression.execute(Expression.java:112)
	at org.thymeleaf.standard.expression.Expression.execute(Expression.java:138)
	at org.thymeleaf.standard.expression.LinkExpression.executeLinkExpression(LinkExpression.java:264)
	at org.thymeleaf.standard.expression.SimpleExpression.executeSimple(SimpleExpression.java:85)
	at org.thymeleaf.standard.expression.Expression.execute(Expression.java:109)
	at org.thymeleaf.standard.expression.Expression.execute(Expression.java:138)
	at org.thymeleaf.standard.processor.AbstractStandardExpressionAttributeTagProcessor.doProcess(AbstractStandardExpressionAttributeTagProcessor.java:144)
	at org.thymeleaf.processor.element.AbstractAttributeTagProcessor.doProcess(AbstractAttributeTagProcessor.java:74)
	at org.thymeleaf.processor.element.AbstractElementTagProcessor.process(AbstractElementTagProcessor.java:95)
	at org.thymeleaf.util.ProcessorConfigurationUtils$ElementTagProcessorWrapper.process(ProcessorConfigurationUtils.java:633)
	at org.thymeleaf.engine.ProcessorTemplateHandler.handleStandaloneElement(ProcessorTemplateHandler.java:918)
	at org.thymeleaf.engine.StandaloneElementTag.beHandled(StandaloneElementTag.java:228)
	at org.thymeleaf.engine.Model.process(Model.java:282)
	at org.thymeleaf.engine.ProcessorTemplateHandler.handleOpenElement(ProcessorTemplateHandler.java:1587)
	at org.thymeleaf.engine.OpenElementTag.beHandled(OpenElementTag.java:205)
	at org.thymeleaf.engine.TemplateModel.process(TemplateModel.java:136)
	at org.thymeleaf.engine.TemplateManager.parseAndProcess(TemplateManager.java:661)
	at org.thymeleaf.TemplateEngine.process(TemplateEngine.java:1098)
	at org.thymeleaf.TemplateEngine.process(TemplateEngine.java:1072)
	at org.thymeleaf.spring5.view.ThymeleafView.renderFragment(ThymeleafView.java:366)
	at org.thymeleaf.spring5.view.ThymeleafView.render(ThymeleafView.java:190)
	at org.springframework.web.servlet.DispatcherServlet.render(DispatcherServlet.java:1405)
	at org.springframework.web.servlet.DispatcherServlet.processDispatchResult(DispatcherServlet.java:1149)
	at org.springframework.web.servlet.DispatcherServlet.doDispatch(DispatcherServlet.java:1088)
	at org.springframework.web.servlet.DispatcherServlet.doService(DispatcherServlet.java:964)
	at org.springframework.web.servlet.FrameworkServlet.processRequest(FrameworkServlet.java:1006)
	at org.springframework.web.servlet.FrameworkServlet.doGet(FrameworkServlet.java:898)
	at javax.servlet.http.HttpServlet.service(HttpServlet.java:670)
	at org.springframework.web.servlet.FrameworkServlet.service(FrameworkServlet.java:883)
	at javax.servlet.http.HttpServlet.service(HttpServlet.java:779)
	at org.apache.catalina.core.ApplicationFilterChain.internalDoFilter(ApplicationFilterChain.java:227)
	at org.apache.catalina.core.ApplicationFilterChain.doFilter(ApplicationFilterChain.java:162)
	at org.apache.tomcat.websocket.server.WsFilter.doFilter(WsFilter.java:53)
	at org.apache.catalina.core.ApplicationFilterChain.internalDoFilter(ApplicationFilterChain.java:189)
	at org.apache.catalina.core.ApplicationFilterChain.doFilter(ApplicationFilterChain.java:162)
	at org.springframework.web.filter.CharacterEncodingFilter.doFilterInternal(CharacterEncodingFilter.java:201)
	at org.springframework.web.filter.OncePerRequestFilter.doFilter(OncePerRequestFilter.java:117)
	at org.apache.catalina.core.ApplicationFilterChain.internalDoFilter(ApplicationFilterChain.java:189)
	at org.apache.catalina.core.ApplicationFilterChain.doFilter(ApplicationFilterChain.java:162)
	at org.apache.catalina.core.StandardWrapperValve.invoke(StandardWrapperValve.java:197)
	at org.apache.catalina.core.StandardContextValve.invoke(StandardContextValve.java:97)
	at org.apache.catalina.authenticator.AuthenticatorBase.invoke(AuthenticatorBase.java:541)
	at org.apache.catalina.core.StandardHostValve.invoke(StandardHostValve.java:135)
	at org.apache.catalina.valves.ErrorReportValve.invoke(ErrorReportValve.java:92)
	at org.apache.catalina.core.StandardEngineValve.invoke(StandardEngineValve.java:78)
	at org.apache.catalina.connector.CoyoteAdapter.service(CoyoteAdapter.java:360)
	at org.apache.coyote.http11.Http11Processor.service(Http11Processor.java:399)
	at org.apache.coyote.AbstractProcessorLight.process(AbstractProcessorLight.java:65)
	at org.apache.coyote.AbstractProtocol$ConnectionHandler.process(AbstractProtocol.java:893)
	at org.apache.tomcat.util.net.NioEndpoint$SocketProcessor.doRun(NioEndpoint.java:1789)
	at org.apache.tomcat.util.net.SocketProcessorBase.run(SocketProcessorBase.java:49)
	at org.apache.tomcat.util.threads.ThreadPoolExecutor.runWorker(ThreadPoolExecutor.java:1191)
	at org.apache.tomcat.util.threads.ThreadPoolExecutor$Worker.run(ThreadPoolExecutor.java:659)
	at org.apache.tomcat.util.threads.TaskThread$WrappingRunnable.run(TaskThread.java:61)
	at java.lang.Thread.run(Thread.java:750)
Caused by: org.springframework.expression.spel.SpelEvaluationException: EL1007E: Property or field 'icon' cannot be found on null
	at org.springframework.expression.spel.ast.PropertyOrFieldReference.readProperty(PropertyOrFieldReference.java:213)
	at org.springframework.expression.spel.ast.PropertyOrFieldReference.getValueInternal(PropertyOrFieldReference.java:104)
	at org.springframework.expression.spel.ast.PropertyOrFieldReference.access$000(PropertyOrFieldReference.java:51)
	at org.springframework.expression.spel.ast.PropertyOrFieldReference$AccessorLValue.getValue(PropertyOrFieldReference.java:406)
	at org.springframework.expression.spel.ast.CompoundExpression.getValueInternal(CompoundExpression.java:92)
	at org.springframework.expression.spel.ast.SpelNodeImpl.getValue(SpelNodeImpl.java:112)
	at org.springframework.expression.spel.standard.SpelExpression.getValue(SpelExpression.java:338)
	at org.thymeleaf.spring5.expression.SPELVariableExpressionEvaluator.evaluate(SPELVariableExpressionEvaluator.java:265)
	... 60 common frames omitted
2024-08-29 13:23:15.125 [,] [http-nio-127.0.0.1-8089-exec-1] ERROR o.a.c.c.C.[.[.[.[dispatcherServlet] - [log,175] - Servlet.service() for servlet [dispatcherServlet] in context with path [] threw exception [Request processing failed; nested exception is org.thymeleaf.exceptions.TemplateProcessingException: Exception evaluating SpringEL expression: "session.userEntity.icon" (template: "blank" - line 68, col 30)] with root cause
org.springframework.expression.spel.SpelEvaluationException: EL1007E: Property or field 'icon' cannot be found on null
	at org.springframework.expression.spel.ast.PropertyOrFieldReference.readProperty(PropertyOrFieldReference.java:213)
	at org.springframework.expression.spel.ast.PropertyOrFieldReference.getValueInternal(PropertyOrFieldReference.java:104)
	at org.springframework.expression.spel.ast.PropertyOrFieldReference.access$000(PropertyOrFieldReference.java:51)
	at org.springframework.expression.spel.ast.PropertyOrFieldReference$AccessorLValue.getValue(PropertyOrFieldReference.java:406)
	at org.springframework.expression.spel.ast.CompoundExpression.getValueInternal(CompoundExpression.java:92)
	at org.springframework.expression.spel.ast.SpelNodeImpl.getValue(SpelNodeImpl.java:112)
	at org.springframework.expression.spel.standard.SpelExpression.getValue(SpelExpression.java:338)
	at org.thymeleaf.spring5.expression.SPELVariableExpressionEvaluator.evaluate(SPELVariableExpressionEvaluator.java:265)
	at org.thymeleaf.standard.expression.VariableExpression.executeVariableExpression(VariableExpression.java:166)
	at org.thymeleaf.standard.expression.SimpleExpression.executeSimple(SimpleExpression.java:66)
	at org.thymeleaf.standard.expression.Expression.execute(Expression.java:109)
	at org.thymeleaf.standard.expression.AdditionExpression.executeAddition(AdditionExpression.java:96)
	at org.thymeleaf.standard.expression.ComplexExpression.executeComplex(ComplexExpression.java:62)
	at org.thymeleaf.standard.expression.Expression.execute(Expression.java:112)
	at org.thymeleaf.standard.expression.Expression.execute(Expression.java:138)
	at org.thymeleaf.standard.expression.LinkExpression.executeLinkExpression(LinkExpression.java:264)
	at org.thymeleaf.standard.expression.SimpleExpression.executeSimple(SimpleExpression.java:85)
	at org.thymeleaf.standard.expression.Expression.execute(Expression.java:109)
	at org.thymeleaf.standard.expression.Expression.execute(Expression.java:138)
	at org.thymeleaf.standard.processor.AbstractStandardExpressionAttributeTagProcessor.doProcess(AbstractStandardExpressionAttributeTagProcessor.java:144)
	at org.thymeleaf.processor.element.AbstractAttributeTagProcessor.doProcess(AbstractAttributeTagProcessor.java:74)
	at org.thymeleaf.processor.element.AbstractElementTagProcessor.process(AbstractElementTagProcessor.java:95)
	at org.thymeleaf.util.ProcessorConfigurationUtils$ElementTagProcessorWrapper.process(ProcessorConfigurationUtils.java:633)
	at org.thymeleaf.engine.ProcessorTemplateHandler.handleStandaloneElement(ProcessorTemplateHandler.java:918)
	at org.thymeleaf.engine.StandaloneElementTag.beHandled(StandaloneElementTag.java:228)
	at org.thymeleaf.engine.Model.process(Model.java:282)
	at org.thymeleaf.engine.ProcessorTemplateHandler.handleOpenElement(ProcessorTemplateHandler.java:1587)
	at org.thymeleaf.engine.OpenElementTag.beHandled(OpenElementTag.java:205)
	at org.thymeleaf.engine.TemplateModel.process(TemplateModel.java:136)
	at org.thymeleaf.engine.TemplateManager.parseAndProcess(TemplateManager.java:661)
	at org.thymeleaf.TemplateEngine.process(TemplateEngine.java:1098)
	at org.thymeleaf.TemplateEngine.process(TemplateEngine.java:1072)
	at org.thymeleaf.spring5.view.ThymeleafView.renderFragment(ThymeleafView.java:366)
	at org.thymeleaf.spring5.view.ThymeleafView.render(ThymeleafView.java:190)
	at org.springframework.web.servlet.DispatcherServlet.render(DispatcherServlet.java:1405)
	at org.springframework.web.servlet.DispatcherServlet.processDispatchResult(DispatcherServlet.java:1149)
	at org.springframework.web.servlet.DispatcherServlet.doDispatch(DispatcherServlet.java:1088)
	at org.springframework.web.servlet.DispatcherServlet.doService(DispatcherServlet.java:964)
	at org.springframework.web.servlet.FrameworkServlet.processRequest(FrameworkServlet.java:1006)
	at org.springframework.web.servlet.FrameworkServlet.doGet(FrameworkServlet.java:898)
	at javax.servlet.http.HttpServlet.service(HttpServlet.java:670)
	at org.springframework.web.servlet.FrameworkServlet.service(FrameworkServlet.java:883)
	at javax.servlet.http.HttpServlet.service(HttpServlet.java:779)
	at org.apache.catalina.core.ApplicationFilterChain.internalDoFilter(ApplicationFilterChain.java:227)
	at org.apache.catalina.core.ApplicationFilterChain.doFilter(ApplicationFilterChain.java:162)
	at org.apache.tomcat.websocket.server.WsFilter.doFilter(WsFilter.java:53)
	at org.apache.catalina.core.ApplicationFilterChain.internalDoFilter(ApplicationFilterChain.java:189)
	at org.apache.catalina.core.ApplicationFilterChain.doFilter(ApplicationFilterChain.java:162)
	at org.springframework.web.filter.CharacterEncodingFilter.doFilterInternal(CharacterEncodingFilter.java:201)
	at org.springframework.web.filter.OncePerRequestFilter.doFilter(OncePerRequestFilter.java:117)
	at org.apache.catalina.core.ApplicationFilterChain.internalDoFilter(ApplicationFilterChain.java:189)
	at org.apache.catalina.core.ApplicationFilterChain.doFilter(ApplicationFilterChain.java:162)
	at org.apache.catalina.core.StandardWrapperValve.invoke(StandardWrapperValve.java:197)
	at org.apache.catalina.core.StandardContextValve.invoke(StandardContextValve.java:97)
	at org.apache.catalina.authenticator.AuthenticatorBase.invoke(AuthenticatorBase.java:541)
	at org.apache.catalina.core.StandardHostValve.invoke(StandardHostValve.java:135)
	at org.apache.catalina.valves.ErrorReportValve.invoke(ErrorReportValve.java:92)
	at org.apache.catalina.core.StandardEngineValve.invoke(StandardEngineValve.java:78)
	at org.apache.catalina.connector.CoyoteAdapter.service(CoyoteAdapter.java:360)
	at org.apache.coyote.http11.Http11Processor.service(Http11Processor.java:399)
	at org.apache.coyote.AbstractProcessorLight.process(AbstractProcessorLight.java:65)
	at org.apache.coyote.AbstractProtocol$ConnectionHandler.process(AbstractProtocol.java:893)
	at org.apache.tomcat.util.net.NioEndpoint$SocketProcessor.doRun(NioEndpoint.java:1789)
	at org.apache.tomcat.util.net.SocketProcessorBase.run(SocketProcessorBase.java:49)
	at org.apache.tomcat.util.threads.ThreadPoolExecutor.runWorker(ThreadPoolExecutor.java:1191)
	at org.apache.tomcat.util.threads.ThreadPoolExecutor$Worker.run(ThreadPoolExecutor.java:659)
	at org.apache.tomcat.util.threads.TaskThread$WrappingRunnable.run(TaskThread.java:61)
	at java.lang.Thread.run(Thread.java:750)
2024-08-29 13:23:38.202 [,] [http-nio-127.0.0.1-8089-exec-2] ERROR o.t.TemplateEngine - [process,1136] - [THYMELEAF][http-nio-127.0.0.1-8089-exec-2] Exception processing template "video": Exception evaluating SpringEL expression: "session.userEntity.icon" (template: "blank" - line 68, col 30)
org.thymeleaf.exceptions.TemplateProcessingException: Exception evaluating SpringEL expression: "session.userEntity.icon" (template: "blank" - line 68, col 30)
	at org.thymeleaf.spring5.expression.SPELVariableExpressionEvaluator.evaluate(SPELVariableExpressionEvaluator.java:292)
	at org.thymeleaf.standard.expression.VariableExpression.executeVariableExpression(VariableExpression.java:166)
	at org.thymeleaf.standard.expression.SimpleExpression.executeSimple(SimpleExpression.java:66)
	at org.thymeleaf.standard.expression.Expression.execute(Expression.java:109)
	at org.thymeleaf.standard.expression.AdditionExpression.executeAddition(AdditionExpression.java:96)
	at org.thymeleaf.standard.expression.ComplexExpression.executeComplex(ComplexExpression.java:62)
	at org.thymeleaf.standard.expression.Expression.execute(Expression.java:112)
	at org.thymeleaf.standard.expression.Expression.execute(Expression.java:138)
	at org.thymeleaf.standard.expression.LinkExpression.executeLinkExpression(LinkExpression.java:264)
	at org.thymeleaf.standard.expression.SimpleExpression.executeSimple(SimpleExpression.java:85)
	at org.thymeleaf.standard.expression.Expression.execute(Expression.java:109)
	at org.thymeleaf.standard.expression.Expression.execute(Expression.java:138)
	at org.thymeleaf.standard.processor.AbstractStandardExpressionAttributeTagProcessor.doProcess(AbstractStandardExpressionAttributeTagProcessor.java:144)
	at org.thymeleaf.processor.element.AbstractAttributeTagProcessor.doProcess(AbstractAttributeTagProcessor.java:74)
	at org.thymeleaf.processor.element.AbstractElementTagProcessor.process(AbstractElementTagProcessor.java:95)
	at org.thymeleaf.util.ProcessorConfigurationUtils$ElementTagProcessorWrapper.process(ProcessorConfigurationUtils.java:633)
	at org.thymeleaf.engine.ProcessorTemplateHandler.handleStandaloneElement(ProcessorTemplateHandler.java:918)
	at org.thymeleaf.engine.StandaloneElementTag.beHandled(StandaloneElementTag.java:228)
	at org.thymeleaf.engine.Model.process(Model.java:282)
	at org.thymeleaf.engine.ProcessorTemplateHandler.handleOpenElement(ProcessorTemplateHandler.java:1587)
	at org.thymeleaf.engine.OpenElementTag.beHandled(OpenElementTag.java:205)
	at org.thymeleaf.engine.TemplateModel.process(TemplateModel.java:136)
	at org.thymeleaf.engine.TemplateManager.parseAndProcess(TemplateManager.java:661)
	at org.thymeleaf.TemplateEngine.process(TemplateEngine.java:1098)
	at org.thymeleaf.TemplateEngine.process(TemplateEngine.java:1072)
	at org.thymeleaf.spring5.view.ThymeleafView.renderFragment(ThymeleafView.java:366)
	at org.thymeleaf.spring5.view.ThymeleafView.render(ThymeleafView.java:190)
	at org.springframework.web.servlet.DispatcherServlet.render(DispatcherServlet.java:1405)
	at org.springframework.web.servlet.DispatcherServlet.processDispatchResult(DispatcherServlet.java:1149)
	at org.springframework.web.servlet.DispatcherServlet.doDispatch(DispatcherServlet.java:1088)
	at org.springframework.web.servlet.DispatcherServlet.doService(DispatcherServlet.java:964)
	at org.springframework.web.servlet.FrameworkServlet.processRequest(FrameworkServlet.java:1006)
	at org.springframework.web.servlet.FrameworkServlet.doGet(FrameworkServlet.java:898)
	at javax.servlet.http.HttpServlet.service(HttpServlet.java:670)
	at org.springframework.web.servlet.FrameworkServlet.service(FrameworkServlet.java:883)
	at javax.servlet.http.HttpServlet.service(HttpServlet.java:779)
	at org.apache.catalina.core.ApplicationFilterChain.internalDoFilter(ApplicationFilterChain.java:227)
	at org.apache.catalina.core.ApplicationFilterChain.doFilter(ApplicationFilterChain.java:162)
	at org.apache.tomcat.websocket.server.WsFilter.doFilter(WsFilter.java:53)
	at org.apache.catalina.core.ApplicationFilterChain.internalDoFilter(ApplicationFilterChain.java:189)
	at org.apache.catalina.core.ApplicationFilterChain.doFilter(ApplicationFilterChain.java:162)
	at org.springframework.web.filter.CharacterEncodingFilter.doFilterInternal(CharacterEncodingFilter.java:201)
	at org.springframework.web.filter.OncePerRequestFilter.doFilter(OncePerRequestFilter.java:117)
	at org.apache.catalina.core.ApplicationFilterChain.internalDoFilter(ApplicationFilterChain.java:189)
	at org.apache.catalina.core.ApplicationFilterChain.doFilter(ApplicationFilterChain.java:162)
	at org.apache.catalina.core.StandardWrapperValve.invoke(StandardWrapperValve.java:197)
	at org.apache.catalina.core.StandardContextValve.invoke(StandardContextValve.java:97)
	at org.apache.catalina.authenticator.AuthenticatorBase.invoke(AuthenticatorBase.java:541)
	at org.apache.catalina.core.StandardHostValve.invoke(StandardHostValve.java:135)
	at org.apache.catalina.valves.ErrorReportValve.invoke(ErrorReportValve.java:92)
	at org.apache.catalina.core.StandardEngineValve.invoke(StandardEngineValve.java:78)
	at org.apache.catalina.connector.CoyoteAdapter.service(CoyoteAdapter.java:360)
	at org.apache.coyote.http11.Http11Processor.service(Http11Processor.java:399)
	at org.apache.coyote.AbstractProcessorLight.process(AbstractProcessorLight.java:65)
	at org.apache.coyote.AbstractProtocol$ConnectionHandler.process(AbstractProtocol.java:893)
	at org.apache.tomcat.util.net.NioEndpoint$SocketProcessor.doRun(NioEndpoint.java:1789)
	at org.apache.tomcat.util.net.SocketProcessorBase.run(SocketProcessorBase.java:49)
	at org.apache.tomcat.util.threads.ThreadPoolExecutor.runWorker(ThreadPoolExecutor.java:1191)
	at org.apache.tomcat.util.threads.ThreadPoolExecutor$Worker.run(ThreadPoolExecutor.java:659)
	at org.apache.tomcat.util.threads.TaskThread$WrappingRunnable.run(TaskThread.java:61)
	at java.lang.Thread.run(Thread.java:750)
Caused by: org.springframework.expression.spel.SpelEvaluationException: EL1007E: Property or field 'icon' cannot be found on null
	at org.springframework.expression.spel.ast.PropertyOrFieldReference.readProperty(PropertyOrFieldReference.java:213)
	at org.springframework.expression.spel.ast.PropertyOrFieldReference.getValueInternal(PropertyOrFieldReference.java:104)
	at org.springframework.expression.spel.ast.PropertyOrFieldReference.access$000(PropertyOrFieldReference.java:51)
	at org.springframework.expression.spel.ast.PropertyOrFieldReference$AccessorLValue.getValue(PropertyOrFieldReference.java:406)
	at org.springframework.expression.spel.ast.CompoundExpression.getValueInternal(CompoundExpression.java:92)
	at org.springframework.expression.spel.ast.SpelNodeImpl.getValue(SpelNodeImpl.java:112)
	at org.springframework.expression.spel.standard.SpelExpression.getValue(SpelExpression.java:338)
	at org.thymeleaf.spring5.expression.SPELVariableExpressionEvaluator.evaluate(SPELVariableExpressionEvaluator.java:265)
	... 60 common frames omitted
2024-08-29 13:23:38.203 [,] [http-nio-127.0.0.1-8089-exec-2] ERROR o.a.c.c.C.[.[.[.[dispatcherServlet] - [log,175] - Servlet.service() for servlet [dispatcherServlet] in context with path [] threw exception [Request processing failed; nested exception is org.thymeleaf.exceptions.TemplateProcessingException: Exception evaluating SpringEL expression: "session.userEntity.icon" (template: "blank" - line 68, col 30)] with root cause
org.springframework.expression.spel.SpelEvaluationException: EL1007E: Property or field 'icon' cannot be found on null
	at org.springframework.expression.spel.ast.PropertyOrFieldReference.readProperty(PropertyOrFieldReference.java:213)
	at org.springframework.expression.spel.ast.PropertyOrFieldReference.getValueInternal(PropertyOrFieldReference.java:104)
	at org.springframework.expression.spel.ast.PropertyOrFieldReference.access$000(PropertyOrFieldReference.java:51)
	at org.springframework.expression.spel.ast.PropertyOrFieldReference$AccessorLValue.getValue(PropertyOrFieldReference.java:406)
	at org.springframework.expression.spel.ast.CompoundExpression.getValueInternal(CompoundExpression.java:92)
	at org.springframework.expression.spel.ast.SpelNodeImpl.getValue(SpelNodeImpl.java:112)
	at org.springframework.expression.spel.standard.SpelExpression.getValue(SpelExpression.java:338)
	at org.thymeleaf.spring5.expression.SPELVariableExpressionEvaluator.evaluate(SPELVariableExpressionEvaluator.java:265)
	at org.thymeleaf.standard.expression.VariableExpression.executeVariableExpression(VariableExpression.java:166)
	at org.thymeleaf.standard.expression.SimpleExpression.executeSimple(SimpleExpression.java:66)
	at org.thymeleaf.standard.expression.Expression.execute(Expression.java:109)
	at org.thymeleaf.standard.expression.AdditionExpression.executeAddition(AdditionExpression.java:96)
	at org.thymeleaf.standard.expression.ComplexExpression.executeComplex(ComplexExpression.java:62)
	at org.thymeleaf.standard.expression.Expression.execute(Expression.java:112)
	at org.thymeleaf.standard.expression.Expression.execute(Expression.java:138)
	at org.thymeleaf.standard.expression.LinkExpression.executeLinkExpression(LinkExpression.java:264)
	at org.thymeleaf.standard.expression.SimpleExpression.executeSimple(SimpleExpression.java:85)
	at org.thymeleaf.standard.expression.Expression.execute(Expression.java:109)
	at org.thymeleaf.standard.expression.Expression.execute(Expression.java:138)
	at org.thymeleaf.standard.processor.AbstractStandardExpressionAttributeTagProcessor.doProcess(AbstractStandardExpressionAttributeTagProcessor.java:144)
	at org.thymeleaf.processor.element.AbstractAttributeTagProcessor.doProcess(AbstractAttributeTagProcessor.java:74)
	at org.thymeleaf.processor.element.AbstractElementTagProcessor.process(AbstractElementTagProcessor.java:95)
	at org.thymeleaf.util.ProcessorConfigurationUtils$ElementTagProcessorWrapper.process(ProcessorConfigurationUtils.java:633)
	at org.thymeleaf.engine.ProcessorTemplateHandler.handleStandaloneElement(ProcessorTemplateHandler.java:918)
	at org.thymeleaf.engine.StandaloneElementTag.beHandled(StandaloneElementTag.java:228)
	at org.thymeleaf.engine.Model.process(Model.java:282)
	at org.thymeleaf.engine.ProcessorTemplateHandler.handleOpenElement(ProcessorTemplateHandler.java:1587)
	at org.thymeleaf.engine.OpenElementTag.beHandled(OpenElementTag.java:205)
	at org.thymeleaf.engine.TemplateModel.process(TemplateModel.java:136)
	at org.thymeleaf.engine.TemplateManager.parseAndProcess(TemplateManager.java:661)
	at org.thymeleaf.TemplateEngine.process(TemplateEngine.java:1098)
	at org.thymeleaf.TemplateEngine.process(TemplateEngine.java:1072)
	at org.thymeleaf.spring5.view.ThymeleafView.renderFragment(ThymeleafView.java:366)
	at org.thymeleaf.spring5.view.ThymeleafView.render(ThymeleafView.java:190)
	at org.springframework.web.servlet.DispatcherServlet.render(DispatcherServlet.java:1405)
	at org.springframework.web.servlet.DispatcherServlet.processDispatchResult(DispatcherServlet.java:1149)
	at org.springframework.web.servlet.DispatcherServlet.doDispatch(DispatcherServlet.java:1088)
	at org.springframework.web.servlet.DispatcherServlet.doService(DispatcherServlet.java:964)
	at org.springframework.web.servlet.FrameworkServlet.processRequest(FrameworkServlet.java:1006)
	at org.springframework.web.servlet.FrameworkServlet.doGet(FrameworkServlet.java:898)
	at javax.servlet.http.HttpServlet.service(HttpServlet.java:670)
	at org.springframework.web.servlet.FrameworkServlet.service(FrameworkServlet.java:883)
	at javax.servlet.http.HttpServlet.service(HttpServlet.java:779)
	at org.apache.catalina.core.ApplicationFilterChain.internalDoFilter(ApplicationFilterChain.java:227)
	at org.apache.catalina.core.ApplicationFilterChain.doFilter(ApplicationFilterChain.java:162)
	at org.apache.tomcat.websocket.server.WsFilter.doFilter(WsFilter.java:53)
	at org.apache.catalina.core.ApplicationFilterChain.internalDoFilter(ApplicationFilterChain.java:189)
	at org.apache.catalina.core.ApplicationFilterChain.doFilter(ApplicationFilterChain.java:162)
	at org.springframework.web.filter.CharacterEncodingFilter.doFilterInternal(CharacterEncodingFilter.java:201)
	at org.springframework.web.filter.OncePerRequestFilter.doFilter(OncePerRequestFilter.java:117)
	at org.apache.catalina.core.ApplicationFilterChain.internalDoFilter(ApplicationFilterChain.java:189)
	at org.apache.catalina.core.ApplicationFilterChain.doFilter(ApplicationFilterChain.java:162)
	at org.apache.catalina.core.StandardWrapperValve.invoke(StandardWrapperValve.java:197)
	at org.apache.catalina.core.StandardContextValve.invoke(StandardContextValve.java:97)
	at org.apache.catalina.authenticator.AuthenticatorBase.invoke(AuthenticatorBase.java:541)
	at org.apache.catalina.core.StandardHostValve.invoke(StandardHostValve.java:135)
	at org.apache.catalina.valves.ErrorReportValve.invoke(ErrorReportValve.java:92)
	at org.apache.catalina.core.StandardEngineValve.invoke(StandardEngineValve.java:78)
	at org.apache.catalina.connector.CoyoteAdapter.service(CoyoteAdapter.java:360)
	at org.apache.coyote.http11.Http11Processor.service(Http11Processor.java:399)
	at org.apache.coyote.AbstractProcessorLight.process(AbstractProcessorLight.java:65)
	at org.apache.coyote.AbstractProtocol$ConnectionHandler.process(AbstractProtocol.java:893)
	at org.apache.tomcat.util.net.NioEndpoint$SocketProcessor.doRun(NioEndpoint.java:1789)
	at org.apache.tomcat.util.net.SocketProcessorBase.run(SocketProcessorBase.java:49)
	at org.apache.tomcat.util.threads.ThreadPoolExecutor.runWorker(ThreadPoolExecutor.java:1191)
	at org.apache.tomcat.util.threads.ThreadPoolExecutor$Worker.run(ThreadPoolExecutor.java:659)
	at org.apache.tomcat.util.threads.TaskThread$WrappingRunnable.run(TaskThread.java:61)
	at java.lang.Thread.run(Thread.java:750)
2024-08-29 13:26:15.544 [,] [scheduling-1] ERROR o.s.s.s.TaskUtils$LoggingErrorHandler - [handleError,95] - Unexpected error occurred in scheduled task
java.lang.InterruptedException: null
	at java.util.concurrent.FutureTask.awaitDone(FutureTask.java:404)
	at java.util.concurrent.FutureTask.get(FutureTask.java:191)
	at com.shark.aio.base.controller.InitFFmpeg.monitorFfmpegProcess(InitFFmpeg.java:106)
	at com.shark.aio.base.controller.InitFFmpeg$$FastClassBySpringCGLIB$$6f28da27.invoke(<generated>)
	at org.springframework.cglib.proxy.MethodProxy.invoke(MethodProxy.java:218)
	at org.springframework.aop.framework.CglibAopProxy$CglibMethodInvocation.invokeJoinpoint(CglibAopProxy.java:793)
	at org.springframework.aop.framework.ReflectiveMethodInvocation.proceed(ReflectiveMethodInvocation.java:163)
	at org.springframework.aop.framework.CglibAopProxy$CglibMethodInvocation.proceed(CglibAopProxy.java:763)
	at org.springframework.aop.framework.adapter.MethodBeforeAdviceInterceptor.invoke(MethodBeforeAdviceInterceptor.java:58)
	at org.springframework.aop.framework.ReflectiveMethodInvocation.proceed(ReflectiveMethodInvocation.java:186)
	at org.springframework.aop.framework.CglibAopProxy$CglibMethodInvocation.proceed(CglibAopProxy.java:763)
	at org.springframework.aop.interceptor.ExposeInvocationInterceptor.invoke(ExposeInvocationInterceptor.java:97)
	at org.springframework.aop.framework.ReflectiveMethodInvocation.proceed(ReflectiveMethodInvocation.java:186)
	at org.springframework.aop.framework.CglibAopProxy$CglibMethodInvocation.proceed(CglibAopProxy.java:763)
	at org.springframework.aop.framework.CglibAopProxy$DynamicAdvisedInterceptor.intercept(CglibAopProxy.java:708)
	at com.shark.aio.base.controller.InitFFmpeg$$EnhancerBySpringCGLIB$$251c05dc.monitorFfmpegProcess(<generated>)
	at sun.reflect.NativeMethodAccessorImpl.invoke0(Native Method)
	at sun.reflect.NativeMethodAccessorImpl.invoke(NativeMethodAccessorImpl.java:62)
	at sun.reflect.DelegatingMethodAccessorImpl.invoke(DelegatingMethodAccessorImpl.java:43)
	at java.lang.reflect.Method.invoke(Method.java:498)
	at org.springframework.scheduling.support.ScheduledMethodRunnable.run(ScheduledMethodRunnable.java:84)
	at org.springframework.scheduling.support.DelegatingErrorHandlingRunnable.run(DelegatingErrorHandlingRunnable.java:54)
	at org.springframework.scheduling.concurrent.ReschedulingRunnable.run(ReschedulingRunnable.java:95)
	at java.util.concurrent.Executors$RunnableAdapter.call(Executors.java:511)
	at java.util.concurrent.FutureTask.run(FutureTask.java:266)
	at java.util.concurrent.ScheduledThreadPoolExecutor$ScheduledFutureTask.access$201(ScheduledThreadPoolExecutor.java:180)
	at java.util.concurrent.ScheduledThreadPoolExecutor$ScheduledFutureTask.run(ScheduledThreadPoolExecutor.java:293)
	at java.util.concurrent.ThreadPoolExecutor.runWorker(ThreadPoolExecutor.java:1149)
	at java.util.concurrent.ThreadPoolExecutor$Worker.run(ThreadPoolExecutor.java:624)
	at java.lang.Thread.run(Thread.java:750)
2024-08-29 13:30:25.486 [,] [scheduling-1] ERROR o.s.s.s.TaskUtils$LoggingErrorHandler - [handleError,95] - Unexpected error occurred in scheduled task
java.lang.InterruptedException: null
	at java.util.concurrent.FutureTask.awaitDone(FutureTask.java:404)
	at java.util.concurrent.FutureTask.get(FutureTask.java:191)
	at com.shark.aio.base.controller.InitFFmpeg.monitorFfmpegProcess(InitFFmpeg.java:106)
	at com.shark.aio.base.controller.InitFFmpeg$$FastClassBySpringCGLIB$$6f28da27.invoke(<generated>)
	at org.springframework.cglib.proxy.MethodProxy.invoke(MethodProxy.java:218)
	at org.springframework.aop.framework.CglibAopProxy$CglibMethodInvocation.invokeJoinpoint(CglibAopProxy.java:793)
	at org.springframework.aop.framework.ReflectiveMethodInvocation.proceed(ReflectiveMethodInvocation.java:163)
	at org.springframework.aop.framework.CglibAopProxy$CglibMethodInvocation.proceed(CglibAopProxy.java:763)
	at org.springframework.aop.framework.adapter.MethodBeforeAdviceInterceptor.invoke(MethodBeforeAdviceInterceptor.java:58)
	at org.springframework.aop.framework.ReflectiveMethodInvocation.proceed(ReflectiveMethodInvocation.java:186)
	at org.springframework.aop.framework.CglibAopProxy$CglibMethodInvocation.proceed(CglibAopProxy.java:763)
	at org.springframework.aop.interceptor.ExposeInvocationInterceptor.invoke(ExposeInvocationInterceptor.java:97)
	at org.springframework.aop.framework.ReflectiveMethodInvocation.proceed(ReflectiveMethodInvocation.java:186)
	at org.springframework.aop.framework.CglibAopProxy$CglibMethodInvocation.proceed(CglibAopProxy.java:763)
	at org.springframework.aop.framework.CglibAopProxy$DynamicAdvisedInterceptor.intercept(CglibAopProxy.java:708)
	at com.shark.aio.base.controller.InitFFmpeg$$EnhancerBySpringCGLIB$$251c05dc.monitorFfmpegProcess(<generated>)
	at sun.reflect.NativeMethodAccessorImpl.invoke0(Native Method)
	at sun.reflect.NativeMethodAccessorImpl.invoke(NativeMethodAccessorImpl.java:62)
	at sun.reflect.DelegatingMethodAccessorImpl.invoke(DelegatingMethodAccessorImpl.java:43)
	at java.lang.reflect.Method.invoke(Method.java:498)
	at org.springframework.scheduling.support.ScheduledMethodRunnable.run(ScheduledMethodRunnable.java:84)
	at org.springframework.scheduling.support.DelegatingErrorHandlingRunnable.run(DelegatingErrorHandlingRunnable.java:54)
	at org.springframework.scheduling.concurrent.ReschedulingRunnable.run(ReschedulingRunnable.java:95)
	at java.util.concurrent.Executors$RunnableAdapter.call(Executors.java:511)
	at java.util.concurrent.FutureTask.run(FutureTask.java:266)
	at java.util.concurrent.ScheduledThreadPoolExecutor$ScheduledFutureTask.access$201(ScheduledThreadPoolExecutor.java:180)
	at java.util.concurrent.ScheduledThreadPoolExecutor$ScheduledFutureTask.run(ScheduledThreadPoolExecutor.java:293)
	at java.util.concurrent.ThreadPoolExecutor.runWorker(ThreadPoolExecutor.java:1149)
	at java.util.concurrent.ThreadPoolExecutor$Worker.run(ThreadPoolExecutor.java:624)
	at java.lang.Thread.run(Thread.java:750)
2024-08-29 13:36:32.360 [,] [threadPoolTaskExecutor-6] ERROR o.s.a.i.SimpleAsyncUncaughtExceptionHandler - [handleUncaughtException,39] - Unexpected exception occurred invoking async method: public void com.shark.aio.data.video.service.VideoRecorderService.startRecordVideo(com.shark.aio.data.video.entity.VideoEntity) throws java.lang.Exception
org.bytedeco.javacv.FrameGrabber$Exception: avformat_open_input() error -1482175992: Could not open input "rtsp://admin:lbx123456@192.168.0.3:554". (Has setFormat() been called?)
	at org.bytedeco.javacv.FFmpegFrameGrabber.startUnsafe(FFmpegFrameGrabber.java:876)
	at org.bytedeco.javacv.FFmpegFrameGrabber.start(FFmpegFrameGrabber.java:801)
	at org.bytedeco.javacv.FFmpegFrameGrabber.start(FFmpegFrameGrabber.java:796)
	at com.shark.aio.data.video.service.VideoRecorderService.recordByFrame(VideoRecorderService.java:178)
	at com.shark.aio.data.video.service.VideoRecorderService.frameRecord(VideoRecorderService.java:170)
	at com.shark.aio.data.video.service.VideoRecorderService.startRecordVideo(VideoRecorderService.java:89)
	at com.shark.aio.data.video.service.VideoRecorderService$$FastClassBySpringCGLIB$$55b707cf.invoke(<generated>)
	at org.springframework.cglib.proxy.MethodProxy.invoke(MethodProxy.java:218)
	at org.springframework.aop.framework.CglibAopProxy$CglibMethodInvocation.invokeJoinpoint(CglibAopProxy.java:793)
	at org.springframework.aop.framework.ReflectiveMethodInvocation.proceed(ReflectiveMethodInvocation.java:163)
	at org.springframework.aop.framework.CglibAopProxy$CglibMethodInvocation.proceed(CglibAopProxy.java:763)
	at org.springframework.aop.interceptor.AsyncExecutionInterceptor.lambda$invoke$0(AsyncExecutionInterceptor.java:115)
	at java.util.concurrent.FutureTask.run(FutureTask.java:266)
	at java.util.concurrent.ThreadPoolExecutor.runWorker(ThreadPoolExecutor.java:1149)
	at java.util.concurrent.ThreadPoolExecutor$Worker.run(ThreadPoolExecutor.java:624)
	at java.lang.Thread.run(Thread.java:750)
2024-08-29 13:36:35.366 [,] [threadPoolTaskExecutor-7] ERROR o.s.a.i.SimpleAsyncUncaughtExceptionHandler - [handleUncaughtException,39] - Unexpected exception occurred invoking async method: public void com.shark.aio.data.video.service.VideoRecorderService.startRecordVideo(com.shark.aio.data.video.entity.VideoEntity) throws java.lang.Exception
org.bytedeco.javacv.FrameGrabber$Exception: avformat_open_input() error -1482175992: Could not open input "rtsp://admin:lbx123456@192.168.0.3:554". (Has setFormat() been called?)
	at org.bytedeco.javacv.FFmpegFrameGrabber.startUnsafe(FFmpegFrameGrabber.java:876)
	at org.bytedeco.javacv.FFmpegFrameGrabber.start(FFmpegFrameGrabber.java:801)
	at org.bytedeco.javacv.FFmpegFrameGrabber.start(FFmpegFrameGrabber.java:796)
	at com.shark.aio.data.video.service.VideoRecorderService.recordByFrame(VideoRecorderService.java:178)
	at com.shark.aio.data.video.service.VideoRecorderService.frameRecord(VideoRecorderService.java:170)
	at com.shark.aio.data.video.service.VideoRecorderService.startRecordVideo(VideoRecorderService.java:89)
	at com.shark.aio.data.video.service.VideoRecorderService$$FastClassBySpringCGLIB$$55b707cf.invoke(<generated>)
	at org.springframework.cglib.proxy.MethodProxy.invoke(MethodProxy.java:218)
	at org.springframework.aop.framework.CglibAopProxy$CglibMethodInvocation.invokeJoinpoint(CglibAopProxy.java:793)
	at org.springframework.aop.framework.ReflectiveMethodInvocation.proceed(ReflectiveMethodInvocation.java:163)
	at org.springframework.aop.framework.CglibAopProxy$CglibMethodInvocation.proceed(CglibAopProxy.java:763)
	at org.springframework.aop.interceptor.AsyncExecutionInterceptor.lambda$invoke$0(AsyncExecutionInterceptor.java:115)
	at java.util.concurrent.FutureTask.run(FutureTask.java:266)
	at java.util.concurrent.ThreadPoolExecutor.runWorker(ThreadPoolExecutor.java:1149)
	at java.util.concurrent.ThreadPoolExecutor$Worker.run(ThreadPoolExecutor.java:624)
	at java.lang.Thread.run(Thread.java:750)
2024-08-29 13:36:38.350 [,] [threadPoolTaskExecutor-8] ERROR o.s.a.i.SimpleAsyncUncaughtExceptionHandler - [handleUncaughtException,39] - Unexpected exception occurred invoking async method: public void com.shark.aio.data.video.service.VideoRecorderService.startRecordVideo(com.shark.aio.data.video.entity.VideoEntity) throws java.lang.Exception
org.bytedeco.javacv.FrameGrabber$Exception: avformat_open_input() error -1482175992: Could not open input "rtsp://admin:lbx123456@192.168.0.3:554". (Has setFormat() been called?)
	at org.bytedeco.javacv.FFmpegFrameGrabber.startUnsafe(FFmpegFrameGrabber.java:876)
	at org.bytedeco.javacv.FFmpegFrameGrabber.start(FFmpegFrameGrabber.java:801)
	at org.bytedeco.javacv.FFmpegFrameGrabber.start(FFmpegFrameGrabber.java:796)
	at com.shark.aio.data.video.service.VideoRecorderService.recordByFrame(VideoRecorderService.java:178)
	at com.shark.aio.data.video.service.VideoRecorderService.frameRecord(VideoRecorderService.java:170)
	at com.shark.aio.data.video.service.VideoRecorderService.startRecordVideo(VideoRecorderService.java:89)
	at com.shark.aio.data.video.service.VideoRecorderService$$FastClassBySpringCGLIB$$55b707cf.invoke(<generated>)
	at org.springframework.cglib.proxy.MethodProxy.invoke(MethodProxy.java:218)
	at org.springframework.aop.framework.CglibAopProxy$CglibMethodInvocation.invokeJoinpoint(CglibAopProxy.java:793)
	at org.springframework.aop.framework.ReflectiveMethodInvocation.proceed(ReflectiveMethodInvocation.java:163)
	at org.springframework.aop.framework.CglibAopProxy$CglibMethodInvocation.proceed(CglibAopProxy.java:763)
	at org.springframework.aop.interceptor.AsyncExecutionInterceptor.lambda$invoke$0(AsyncExecutionInterceptor.java:115)
	at java.util.concurrent.FutureTask.run(FutureTask.java:266)
	at java.util.concurrent.ThreadPoolExecutor.runWorker(ThreadPoolExecutor.java:1149)
	at java.util.concurrent.ThreadPoolExecutor$Worker.run(ThreadPoolExecutor.java:624)
	at java.lang.Thread.run(Thread.java:750)
2024-08-29 13:36:41.381 [,] [threadPoolTaskExecutor-6] ERROR o.s.a.i.SimpleAsyncUncaughtExceptionHandler - [handleUncaughtException,39] - Unexpected exception occurred invoking async method: public void com.shark.aio.data.video.service.VideoRecorderService.startRecordVideo(com.shark.aio.data.video.entity.VideoEntity) throws java.lang.Exception
org.bytedeco.javacv.FrameGrabber$Exception: avformat_open_input() error -1482175992: Could not open input "rtsp://admin:lbx123456@192.168.0.3:554". (Has setFormat() been called?)
	at org.bytedeco.javacv.FFmpegFrameGrabber.startUnsafe(FFmpegFrameGrabber.java:876)
	at org.bytedeco.javacv.FFmpegFrameGrabber.start(FFmpegFrameGrabber.java:801)
	at org.bytedeco.javacv.FFmpegFrameGrabber.start(FFmpegFrameGrabber.java:796)
	at com.shark.aio.data.video.service.VideoRecorderService.recordByFrame(VideoRecorderService.java:178)
	at com.shark.aio.data.video.service.VideoRecorderService.frameRecord(VideoRecorderService.java:170)
	at com.shark.aio.data.video.service.VideoRecorderService.startRecordVideo(VideoRecorderService.java:89)
	at com.shark.aio.data.video.service.VideoRecorderService$$FastClassBySpringCGLIB$$55b707cf.invoke(<generated>)
	at org.springframework.cglib.proxy.MethodProxy.invoke(MethodProxy.java:218)
	at org.springframework.aop.framework.CglibAopProxy$CglibMethodInvocation.invokeJoinpoint(CglibAopProxy.java:793)
	at org.springframework.aop.framework.ReflectiveMethodInvocation.proceed(ReflectiveMethodInvocation.java:163)
	at org.springframework.aop.framework.CglibAopProxy$CglibMethodInvocation.proceed(CglibAopProxy.java:763)
	at org.springframework.aop.interceptor.AsyncExecutionInterceptor.lambda$invoke$0(AsyncExecutionInterceptor.java:115)
	at java.util.concurrent.FutureTask.run(FutureTask.java:266)
	at java.util.concurrent.ThreadPoolExecutor.runWorker(ThreadPoolExecutor.java:1149)
	at java.util.concurrent.ThreadPoolExecutor$Worker.run(ThreadPoolExecutor.java:624)
	at java.lang.Thread.run(Thread.java:750)
2024-08-29 13:36:44.547 [,] [threadPoolTaskExecutor-7] ERROR o.s.a.i.SimpleAsyncUncaughtExceptionHandler - [handleUncaughtException,39] - Unexpected exception occurred invoking async method: public void com.shark.aio.data.video.service.VideoRecorderService.startRecordVideo(com.shark.aio.data.video.entity.VideoEntity) throws java.lang.Exception
org.bytedeco.javacv.FrameGrabber$Exception: avformat_open_input() error -1482175992: Could not open input "rtsp://admin:lbx123456@192.168.0.3:554". (Has setFormat() been called?)
	at org.bytedeco.javacv.FFmpegFrameGrabber.startUnsafe(FFmpegFrameGrabber.java:876)
	at org.bytedeco.javacv.FFmpegFrameGrabber.start(FFmpegFrameGrabber.java:801)
	at org.bytedeco.javacv.FFmpegFrameGrabber.start(FFmpegFrameGrabber.java:796)
	at com.shark.aio.data.video.service.VideoRecorderService.recordByFrame(VideoRecorderService.java:178)
	at com.shark.aio.data.video.service.VideoRecorderService.frameRecord(VideoRecorderService.java:170)
	at com.shark.aio.data.video.service.VideoRecorderService.startRecordVideo(VideoRecorderService.java:89)
	at com.shark.aio.data.video.service.VideoRecorderService$$FastClassBySpringCGLIB$$55b707cf.invoke(<generated>)
	at org.springframework.cglib.proxy.MethodProxy.invoke(MethodProxy.java:218)
	at org.springframework.aop.framework.CglibAopProxy$CglibMethodInvocation.invokeJoinpoint(CglibAopProxy.java:793)
	at org.springframework.aop.framework.ReflectiveMethodInvocation.proceed(ReflectiveMethodInvocation.java:163)
	at org.springframework.aop.framework.CglibAopProxy$CglibMethodInvocation.proceed(CglibAopProxy.java:763)
	at org.springframework.aop.interceptor.AsyncExecutionInterceptor.lambda$invoke$0(AsyncExecutionInterceptor.java:115)
	at java.util.concurrent.FutureTask.run(FutureTask.java:266)
	at java.util.concurrent.ThreadPoolExecutor.runWorker(ThreadPoolExecutor.java:1149)
	at java.util.concurrent.ThreadPoolExecutor$Worker.run(ThreadPoolExecutor.java:624)
	at java.lang.Thread.run(Thread.java:750)
2024-08-29 13:36:47.375 [,] [threadPoolTaskExecutor-8] ERROR o.s.a.i.SimpleAsyncUncaughtExceptionHandler - [handleUncaughtException,39] - Unexpected exception occurred invoking async method: public void com.shark.aio.data.video.service.VideoRecorderService.startRecordVideo(com.shark.aio.data.video.entity.VideoEntity) throws java.lang.Exception
org.bytedeco.javacv.FrameGrabber$Exception: avformat_open_input() error -1482175992: Could not open input "rtsp://admin:lbx123456@192.168.0.3:554". (Has setFormat() been called?)
	at org.bytedeco.javacv.FFmpegFrameGrabber.startUnsafe(FFmpegFrameGrabber.java:876)
	at org.bytedeco.javacv.FFmpegFrameGrabber.start(FFmpegFrameGrabber.java:801)
	at org.bytedeco.javacv.FFmpegFrameGrabber.start(FFmpegFrameGrabber.java:796)
	at com.shark.aio.data.video.service.VideoRecorderService.recordByFrame(VideoRecorderService.java:178)
	at com.shark.aio.data.video.service.VideoRecorderService.frameRecord(VideoRecorderService.java:170)
	at com.shark.aio.data.video.service.VideoRecorderService.startRecordVideo(VideoRecorderService.java:89)
	at com.shark.aio.data.video.service.VideoRecorderService$$FastClassBySpringCGLIB$$55b707cf.invoke(<generated>)
	at org.springframework.cglib.proxy.MethodProxy.invoke(MethodProxy.java:218)
	at org.springframework.aop.framework.CglibAopProxy$CglibMethodInvocation.invokeJoinpoint(CglibAopProxy.java:793)
	at org.springframework.aop.framework.ReflectiveMethodInvocation.proceed(ReflectiveMethodInvocation.java:163)
	at org.springframework.aop.framework.CglibAopProxy$CglibMethodInvocation.proceed(CglibAopProxy.java:763)
	at org.springframework.aop.interceptor.AsyncExecutionInterceptor.lambda$invoke$0(AsyncExecutionInterceptor.java:115)
	at java.util.concurrent.FutureTask.run(FutureTask.java:266)
	at java.util.concurrent.ThreadPoolExecutor.runWorker(ThreadPoolExecutor.java:1149)
	at java.util.concurrent.ThreadPoolExecutor$Worker.run(ThreadPoolExecutor.java:624)
	at java.lang.Thread.run(Thread.java:750)
2024-08-29 13:36:50.379 [,] [threadPoolTaskExecutor-6] ERROR o.s.a.i.SimpleAsyncUncaughtExceptionHandler - [handleUncaughtException,39] - Unexpected exception occurred invoking async method: public void com.shark.aio.data.video.service.VideoRecorderService.startRecordVideo(com.shark.aio.data.video.entity.VideoEntity) throws java.lang.Exception
org.bytedeco.javacv.FrameGrabber$Exception: avformat_open_input() error -1482175992: Could not open input "rtsp://admin:lbx123456@192.168.0.3:554". (Has setFormat() been called?)
	at org.bytedeco.javacv.FFmpegFrameGrabber.startUnsafe(FFmpegFrameGrabber.java:876)
	at org.bytedeco.javacv.FFmpegFrameGrabber.start(FFmpegFrameGrabber.java:801)
	at org.bytedeco.javacv.FFmpegFrameGrabber.start(FFmpegFrameGrabber.java:796)
	at com.shark.aio.data.video.service.VideoRecorderService.recordByFrame(VideoRecorderService.java:178)
	at com.shark.aio.data.video.service.VideoRecorderService.frameRecord(VideoRecorderService.java:170)
	at com.shark.aio.data.video.service.VideoRecorderService.startRecordVideo(VideoRecorderService.java:89)
	at com.shark.aio.data.video.service.VideoRecorderService$$FastClassBySpringCGLIB$$55b707cf.invoke(<generated>)
	at org.springframework.cglib.proxy.MethodProxy.invoke(MethodProxy.java:218)
	at org.springframework.aop.framework.CglibAopProxy$CglibMethodInvocation.invokeJoinpoint(CglibAopProxy.java:793)
	at org.springframework.aop.framework.ReflectiveMethodInvocation.proceed(ReflectiveMethodInvocation.java:163)
	at org.springframework.aop.framework.CglibAopProxy$CglibMethodInvocation.proceed(CglibAopProxy.java:763)
	at org.springframework.aop.interceptor.AsyncExecutionInterceptor.lambda$invoke$0(AsyncExecutionInterceptor.java:115)
	at java.util.concurrent.FutureTask.run(FutureTask.java:266)
	at java.util.concurrent.ThreadPoolExecutor.runWorker(ThreadPoolExecutor.java:1149)
	at java.util.concurrent.ThreadPoolExecutor$Worker.run(ThreadPoolExecutor.java:624)
	at java.lang.Thread.run(Thread.java:750)
2024-08-29 13:36:53.396 [,] [threadPoolTaskExecutor-7] ERROR o.s.a.i.SimpleAsyncUncaughtExceptionHandler - [handleUncaughtException,39] - Unexpected exception occurred invoking async method: public void com.shark.aio.data.video.service.VideoRecorderService.startRecordVideo(com.shark.aio.data.video.entity.VideoEntity) throws java.lang.Exception
org.bytedeco.javacv.FrameGrabber$Exception: avformat_open_input() error -1482175992: Could not open input "rtsp://admin:lbx123456@192.168.0.3:554". (Has setFormat() been called?)
	at org.bytedeco.javacv.FFmpegFrameGrabber.startUnsafe(FFmpegFrameGrabber.java:876)
	at org.bytedeco.javacv.FFmpegFrameGrabber.start(FFmpegFrameGrabber.java:801)
	at org.bytedeco.javacv.FFmpegFrameGrabber.start(FFmpegFrameGrabber.java:796)
	at com.shark.aio.data.video.service.VideoRecorderService.recordByFrame(VideoRecorderService.java:178)
	at com.shark.aio.data.video.service.VideoRecorderService.frameRecord(VideoRecorderService.java:170)
	at com.shark.aio.data.video.service.VideoRecorderService.startRecordVideo(VideoRecorderService.java:89)
	at com.shark.aio.data.video.service.VideoRecorderService$$FastClassBySpringCGLIB$$55b707cf.invoke(<generated>)
	at org.springframework.cglib.proxy.MethodProxy.invoke(MethodProxy.java:218)
	at org.springframework.aop.framework.CglibAopProxy$CglibMethodInvocation.invokeJoinpoint(CglibAopProxy.java:793)
	at org.springframework.aop.framework.ReflectiveMethodInvocation.proceed(ReflectiveMethodInvocation.java:163)
	at org.springframework.aop.framework.CglibAopProxy$CglibMethodInvocation.proceed(CglibAopProxy.java:763)
	at org.springframework.aop.interceptor.AsyncExecutionInterceptor.lambda$invoke$0(AsyncExecutionInterceptor.java:115)
	at java.util.concurrent.FutureTask.run(FutureTask.java:266)
	at java.util.concurrent.ThreadPoolExecutor.runWorker(ThreadPoolExecutor.java:1149)
	at java.util.concurrent.ThreadPoolExecutor$Worker.run(ThreadPoolExecutor.java:624)
	at java.lang.Thread.run(Thread.java:750)
2024-08-29 13:36:56.398 [,] [threadPoolTaskExecutor-8] ERROR o.s.a.i.SimpleAsyncUncaughtExceptionHandler - [handleUncaughtException,39] - Unexpected exception occurred invoking async method: public void com.shark.aio.data.video.service.VideoRecorderService.startRecordVideo(com.shark.aio.data.video.entity.VideoEntity) throws java.lang.Exception
org.bytedeco.javacv.FrameGrabber$Exception: avformat_open_input() error -1482175992: Could not open input "rtsp://admin:lbx123456@192.168.0.3:554". (Has setFormat() been called?)
	at org.bytedeco.javacv.FFmpegFrameGrabber.startUnsafe(FFmpegFrameGrabber.java:876)
	at org.bytedeco.javacv.FFmpegFrameGrabber.start(FFmpegFrameGrabber.java:801)
	at org.bytedeco.javacv.FFmpegFrameGrabber.start(FFmpegFrameGrabber.java:796)
	at com.shark.aio.data.video.service.VideoRecorderService.recordByFrame(VideoRecorderService.java:178)
	at com.shark.aio.data.video.service.VideoRecorderService.frameRecord(VideoRecorderService.java:170)
	at com.shark.aio.data.video.service.VideoRecorderService.startRecordVideo(VideoRecorderService.java:89)
	at com.shark.aio.data.video.service.VideoRecorderService$$FastClassBySpringCGLIB$$55b707cf.invoke(<generated>)
	at org.springframework.cglib.proxy.MethodProxy.invoke(MethodProxy.java:218)
	at org.springframework.aop.framework.CglibAopProxy$CglibMethodInvocation.invokeJoinpoint(CglibAopProxy.java:793)
	at org.springframework.aop.framework.ReflectiveMethodInvocation.proceed(ReflectiveMethodInvocation.java:163)
	at org.springframework.aop.framework.CglibAopProxy$CglibMethodInvocation.proceed(CglibAopProxy.java:763)
	at org.springframework.aop.interceptor.AsyncExecutionInterceptor.lambda$invoke$0(AsyncExecutionInterceptor.java:115)
	at java.util.concurrent.FutureTask.run(FutureTask.java:266)
	at java.util.concurrent.ThreadPoolExecutor.runWorker(ThreadPoolExecutor.java:1149)
	at java.util.concurrent.ThreadPoolExecutor$Worker.run(ThreadPoolExecutor.java:624)
	at java.lang.Thread.run(Thread.java:750)
2024-08-29 13:36:59.423 [,] [threadPoolTaskExecutor-6] ERROR o.s.a.i.SimpleAsyncUncaughtExceptionHandler - [handleUncaughtException,39] - Unexpected exception occurred invoking async method: public void com.shark.aio.data.video.service.VideoRecorderService.startRecordVideo(com.shark.aio.data.video.entity.VideoEntity) throws java.lang.Exception
org.bytedeco.javacv.FrameGrabber$Exception: avformat_open_input() error -1482175992: Could not open input "rtsp://admin:lbx123456@192.168.0.3:554". (Has setFormat() been called?)
	at org.bytedeco.javacv.FFmpegFrameGrabber.startUnsafe(FFmpegFrameGrabber.java:876)
	at org.bytedeco.javacv.FFmpegFrameGrabber.start(FFmpegFrameGrabber.java:801)
	at org.bytedeco.javacv.FFmpegFrameGrabber.start(FFmpegFrameGrabber.java:796)
	at com.shark.aio.data.video.service.VideoRecorderService.recordByFrame(VideoRecorderService.java:178)
	at com.shark.aio.data.video.service.VideoRecorderService.frameRecord(VideoRecorderService.java:170)
	at com.shark.aio.data.video.service.VideoRecorderService.startRecordVideo(VideoRecorderService.java:89)
	at com.shark.aio.data.video.service.VideoRecorderService$$FastClassBySpringCGLIB$$55b707cf.invoke(<generated>)
	at org.springframework.cglib.proxy.MethodProxy.invoke(MethodProxy.java:218)
	at org.springframework.aop.framework.CglibAopProxy$CglibMethodInvocation.invokeJoinpoint(CglibAopProxy.java:793)
	at org.springframework.aop.framework.ReflectiveMethodInvocation.proceed(ReflectiveMethodInvocation.java:163)
	at org.springframework.aop.framework.CglibAopProxy$CglibMethodInvocation.proceed(CglibAopProxy.java:763)
	at org.springframework.aop.interceptor.AsyncExecutionInterceptor.lambda$invoke$0(AsyncExecutionInterceptor.java:115)
	at java.util.concurrent.FutureTask.run(FutureTask.java:266)
	at java.util.concurrent.ThreadPoolExecutor.runWorker(ThreadPoolExecutor.java:1149)
	at java.util.concurrent.ThreadPoolExecutor$Worker.run(ThreadPoolExecutor.java:624)
	at java.lang.Thread.run(Thread.java:750)
2024-08-29 13:37:02.428 [,] [threadPoolTaskExecutor-7] ERROR o.s.a.i.SimpleAsyncUncaughtExceptionHandler - [handleUncaughtException,39] - Unexpected exception occurred invoking async method: public void com.shark.aio.data.video.service.VideoRecorderService.startRecordVideo(com.shark.aio.data.video.entity.VideoEntity) throws java.lang.Exception
org.bytedeco.javacv.FrameGrabber$Exception: avformat_open_input() error -1482175992: Could not open input "rtsp://admin:lbx123456@192.168.0.3:554". (Has setFormat() been called?)
	at org.bytedeco.javacv.FFmpegFrameGrabber.startUnsafe(FFmpegFrameGrabber.java:876)
	at org.bytedeco.javacv.FFmpegFrameGrabber.start(FFmpegFrameGrabber.java:801)
	at org.bytedeco.javacv.FFmpegFrameGrabber.start(FFmpegFrameGrabber.java:796)
	at com.shark.aio.data.video.service.VideoRecorderService.recordByFrame(VideoRecorderService.java:178)
	at com.shark.aio.data.video.service.VideoRecorderService.frameRecord(VideoRecorderService.java:170)
	at com.shark.aio.data.video.service.VideoRecorderService.startRecordVideo(VideoRecorderService.java:89)
	at com.shark.aio.data.video.service.VideoRecorderService$$FastClassBySpringCGLIB$$55b707cf.invoke(<generated>)
	at org.springframework.cglib.proxy.MethodProxy.invoke(MethodProxy.java:218)
	at org.springframework.aop.framework.CglibAopProxy$CglibMethodInvocation.invokeJoinpoint(CglibAopProxy.java:793)
	at org.springframework.aop.framework.ReflectiveMethodInvocation.proceed(ReflectiveMethodInvocation.java:163)
	at org.springframework.aop.framework.CglibAopProxy$CglibMethodInvocation.proceed(CglibAopProxy.java:763)
	at org.springframework.aop.interceptor.AsyncExecutionInterceptor.lambda$invoke$0(AsyncExecutionInterceptor.java:115)
	at java.util.concurrent.FutureTask.run(FutureTask.java:266)
	at java.util.concurrent.ThreadPoolExecutor.runWorker(ThreadPoolExecutor.java:1149)
	at java.util.concurrent.ThreadPoolExecutor$Worker.run(ThreadPoolExecutor.java:624)
	at java.lang.Thread.run(Thread.java:750)
2024-08-29 13:37:05.438 [,] [threadPoolTaskExecutor-8] ERROR o.s.a.i.SimpleAsyncUncaughtExceptionHandler - [handleUncaughtException,39] - Unexpected exception occurred invoking async method: public void com.shark.aio.data.video.service.VideoRecorderService.startRecordVideo(com.shark.aio.data.video.entity.VideoEntity) throws java.lang.Exception
org.bytedeco.javacv.FrameGrabber$Exception: avformat_open_input() error -1482175992: Could not open input "rtsp://admin:lbx123456@192.168.0.3:554". (Has setFormat() been called?)
	at org.bytedeco.javacv.FFmpegFrameGrabber.startUnsafe(FFmpegFrameGrabber.java:876)
	at org.bytedeco.javacv.FFmpegFrameGrabber.start(FFmpegFrameGrabber.java:801)
	at org.bytedeco.javacv.FFmpegFrameGrabber.start(FFmpegFrameGrabber.java:796)
	at com.shark.aio.data.video.service.VideoRecorderService.recordByFrame(VideoRecorderService.java:178)
	at com.shark.aio.data.video.service.VideoRecorderService.frameRecord(VideoRecorderService.java:170)
	at com.shark.aio.data.video.service.VideoRecorderService.startRecordVideo(VideoRecorderService.java:89)
	at com.shark.aio.data.video.service.VideoRecorderService$$FastClassBySpringCGLIB$$55b707cf.invoke(<generated>)
	at org.springframework.cglib.proxy.MethodProxy.invoke(MethodProxy.java:218)
	at org.springframework.aop.framework.CglibAopProxy$CglibMethodInvocation.invokeJoinpoint(CglibAopProxy.java:793)
	at org.springframework.aop.framework.ReflectiveMethodInvocation.proceed(ReflectiveMethodInvocation.java:163)
	at org.springframework.aop.framework.CglibAopProxy$CglibMethodInvocation.proceed(CglibAopProxy.java:763)
	at org.springframework.aop.interceptor.AsyncExecutionInterceptor.lambda$invoke$0(AsyncExecutionInterceptor.java:115)
	at java.util.concurrent.FutureTask.run(FutureTask.java:266)
	at java.util.concurrent.ThreadPoolExecutor.runWorker(ThreadPoolExecutor.java:1149)
	at java.util.concurrent.ThreadPoolExecutor$Worker.run(ThreadPoolExecutor.java:624)
	at java.lang.Thread.run(Thread.java:750)
2024-08-29 13:37:08.448 [,] [threadPoolTaskExecutor-6] ERROR o.s.a.i.SimpleAsyncUncaughtExceptionHandler - [handleUncaughtException,39] - Unexpected exception occurred invoking async method: public void com.shark.aio.data.video.service.VideoRecorderService.startRecordVideo(com.shark.aio.data.video.entity.VideoEntity) throws java.lang.Exception
org.bytedeco.javacv.FrameGrabber$Exception: avformat_open_input() error -1482175992: Could not open input "rtsp://admin:lbx123456@192.168.0.3:554". (Has setFormat() been called?)
	at org.bytedeco.javacv.FFmpegFrameGrabber.startUnsafe(FFmpegFrameGrabber.java:876)
	at org.bytedeco.javacv.FFmpegFrameGrabber.start(FFmpegFrameGrabber.java:801)
	at org.bytedeco.javacv.FFmpegFrameGrabber.start(FFmpegFrameGrabber.java:796)
	at com.shark.aio.data.video.service.VideoRecorderService.recordByFrame(VideoRecorderService.java:178)
	at com.shark.aio.data.video.service.VideoRecorderService.frameRecord(VideoRecorderService.java:170)
	at com.shark.aio.data.video.service.VideoRecorderService.startRecordVideo(VideoRecorderService.java:89)
	at com.shark.aio.data.video.service.VideoRecorderService$$FastClassBySpringCGLIB$$55b707cf.invoke(<generated>)
	at org.springframework.cglib.proxy.MethodProxy.invoke(MethodProxy.java:218)
	at org.springframework.aop.framework.CglibAopProxy$CglibMethodInvocation.invokeJoinpoint(CglibAopProxy.java:793)
	at org.springframework.aop.framework.ReflectiveMethodInvocation.proceed(ReflectiveMethodInvocation.java:163)
	at org.springframework.aop.framework.CglibAopProxy$CglibMethodInvocation.proceed(CglibAopProxy.java:763)
	at org.springframework.aop.interceptor.AsyncExecutionInterceptor.lambda$invoke$0(AsyncExecutionInterceptor.java:115)
	at java.util.concurrent.FutureTask.run(FutureTask.java:266)
	at java.util.concurrent.ThreadPoolExecutor.runWorker(ThreadPoolExecutor.java:1149)
	at java.util.concurrent.ThreadPoolExecutor$Worker.run(ThreadPoolExecutor.java:624)
	at java.lang.Thread.run(Thread.java:750)
2024-08-29 13:37:11.490 [,] [threadPoolTaskExecutor-7] ERROR o.s.a.i.SimpleAsyncUncaughtExceptionHandler - [handleUncaughtException,39] - Unexpected exception occurred invoking async method: public void com.shark.aio.data.video.service.VideoRecorderService.startRecordVideo(com.shark.aio.data.video.entity.VideoEntity) throws java.lang.Exception
org.bytedeco.javacv.FrameGrabber$Exception: avformat_open_input() error -1094995529: Could not open input "rtsp://admin:lbx123456@192.168.0.3:554". (Has setFormat() been called?)
	at org.bytedeco.javacv.FFmpegFrameGrabber.startUnsafe(FFmpegFrameGrabber.java:876)
	at org.bytedeco.javacv.FFmpegFrameGrabber.start(FFmpegFrameGrabber.java:801)
	at org.bytedeco.javacv.FFmpegFrameGrabber.start(FFmpegFrameGrabber.java:796)
	at com.shark.aio.data.video.service.VideoRecorderService.recordByFrame(VideoRecorderService.java:178)
	at com.shark.aio.data.video.service.VideoRecorderService.frameRecord(VideoRecorderService.java:170)
	at com.shark.aio.data.video.service.VideoRecorderService.startRecordVideo(VideoRecorderService.java:89)
	at com.shark.aio.data.video.service.VideoRecorderService$$FastClassBySpringCGLIB$$55b707cf.invoke(<generated>)
	at org.springframework.cglib.proxy.MethodProxy.invoke(MethodProxy.java:218)
	at org.springframework.aop.framework.CglibAopProxy$CglibMethodInvocation.invokeJoinpoint(CglibAopProxy.java:793)
	at org.springframework.aop.framework.ReflectiveMethodInvocation.proceed(ReflectiveMethodInvocation.java:163)
	at org.springframework.aop.framework.CglibAopProxy$CglibMethodInvocation.proceed(CglibAopProxy.java:763)
	at org.springframework.aop.interceptor.AsyncExecutionInterceptor.lambda$invoke$0(AsyncExecutionInterceptor.java:115)
	at java.util.concurrent.FutureTask.run(FutureTask.java:266)
	at java.util.concurrent.ThreadPoolExecutor.runWorker(ThreadPoolExecutor.java:1149)
	at java.util.concurrent.ThreadPoolExecutor$Worker.run(ThreadPoolExecutor.java:624)
	at java.lang.Thread.run(Thread.java:750)
2024-08-29 13:37:14.426 [,] [threadPoolTaskExecutor-8] ERROR o.s.a.i.SimpleAsyncUncaughtExceptionHandler - [handleUncaughtException,39] - Unexpected exception occurred invoking async method: public void com.shark.aio.data.video.service.VideoRecorderService.startRecordVideo(com.shark.aio.data.video.entity.VideoEntity) throws java.lang.Exception
org.bytedeco.javacv.FrameGrabber$Exception: avformat_open_input() error -1482175992: Could not open input "rtsp://admin:lbx123456@192.168.0.3:554". (Has setFormat() been called?)
	at org.bytedeco.javacv.FFmpegFrameGrabber.startUnsafe(FFmpegFrameGrabber.java:876)
	at org.bytedeco.javacv.FFmpegFrameGrabber.start(FFmpegFrameGrabber.java:801)
	at org.bytedeco.javacv.FFmpegFrameGrabber.start(FFmpegFrameGrabber.java:796)
	at com.shark.aio.data.video.service.VideoRecorderService.recordByFrame(VideoRecorderService.java:178)
	at com.shark.aio.data.video.service.VideoRecorderService.frameRecord(VideoRecorderService.java:170)
	at com.shark.aio.data.video.service.VideoRecorderService.startRecordVideo(VideoRecorderService.java:89)
	at com.shark.aio.data.video.service.VideoRecorderService$$FastClassBySpringCGLIB$$55b707cf.invoke(<generated>)
	at org.springframework.cglib.proxy.MethodProxy.invoke(MethodProxy.java:218)
	at org.springframework.aop.framework.CglibAopProxy$CglibMethodInvocation.invokeJoinpoint(CglibAopProxy.java:793)
	at org.springframework.aop.framework.ReflectiveMethodInvocation.proceed(ReflectiveMethodInvocation.java:163)
	at org.springframework.aop.framework.CglibAopProxy$CglibMethodInvocation.proceed(CglibAopProxy.java:763)
	at org.springframework.aop.interceptor.AsyncExecutionInterceptor.lambda$invoke$0(AsyncExecutionInterceptor.java:115)
	at java.util.concurrent.FutureTask.run(FutureTask.java:266)
	at java.util.concurrent.ThreadPoolExecutor.runWorker(ThreadPoolExecutor.java:1149)
	at java.util.concurrent.ThreadPoolExecutor$Worker.run(ThreadPoolExecutor.java:624)
	at java.lang.Thread.run(Thread.java:750)
2024-08-29 13:37:17.467 [,] [threadPoolTaskExecutor-6] ERROR o.s.a.i.SimpleAsyncUncaughtExceptionHandler - [handleUncaughtException,39] - Unexpected exception occurred invoking async method: public void com.shark.aio.data.video.service.VideoRecorderService.startRecordVideo(com.shark.aio.data.video.entity.VideoEntity) throws java.lang.Exception
org.bytedeco.javacv.FrameGrabber$Exception: avformat_open_input() error -1482175992: Could not open input "rtsp://admin:lbx123456@192.168.0.3:554". (Has setFormat() been called?)
	at org.bytedeco.javacv.FFmpegFrameGrabber.startUnsafe(FFmpegFrameGrabber.java:876)
	at org.bytedeco.javacv.FFmpegFrameGrabber.start(FFmpegFrameGrabber.java:801)
	at org.bytedeco.javacv.FFmpegFrameGrabber.start(FFmpegFrameGrabber.java:796)
	at com.shark.aio.data.video.service.VideoRecorderService.recordByFrame(VideoRecorderService.java:178)
	at com.shark.aio.data.video.service.VideoRecorderService.frameRecord(VideoRecorderService.java:170)
	at com.shark.aio.data.video.service.VideoRecorderService.startRecordVideo(VideoRecorderService.java:89)
	at com.shark.aio.data.video.service.VideoRecorderService$$FastClassBySpringCGLIB$$55b707cf.invoke(<generated>)
	at org.springframework.cglib.proxy.MethodProxy.invoke(MethodProxy.java:218)
	at org.springframework.aop.framework.CglibAopProxy$CglibMethodInvocation.invokeJoinpoint(CglibAopProxy.java:793)
	at org.springframework.aop.framework.ReflectiveMethodInvocation.proceed(ReflectiveMethodInvocation.java:163)
	at org.springframework.aop.framework.CglibAopProxy$CglibMethodInvocation.proceed(CglibAopProxy.java:763)
	at org.springframework.aop.interceptor.AsyncExecutionInterceptor.lambda$invoke$0(AsyncExecutionInterceptor.java:115)
	at java.util.concurrent.FutureTask.run(FutureTask.java:266)
	at java.util.concurrent.ThreadPoolExecutor.runWorker(ThreadPoolExecutor.java:1149)
	at java.util.concurrent.ThreadPoolExecutor$Worker.run(ThreadPoolExecutor.java:624)
	at java.lang.Thread.run(Thread.java:750)
2024-08-29 13:37:20.473 [,] [threadPoolTaskExecutor-7] ERROR o.s.a.i.SimpleAsyncUncaughtExceptionHandler - [handleUncaughtException,39] - Unexpected exception occurred invoking async method: public void com.shark.aio.data.video.service.VideoRecorderService.startRecordVideo(com.shark.aio.data.video.entity.VideoEntity) throws java.lang.Exception
org.bytedeco.javacv.FrameGrabber$Exception: avformat_open_input() error -1482175992: Could not open input "rtsp://admin:lbx123456@192.168.0.3:554". (Has setFormat() been called?)
	at org.bytedeco.javacv.FFmpegFrameGrabber.startUnsafe(FFmpegFrameGrabber.java:876)
	at org.bytedeco.javacv.FFmpegFrameGrabber.start(FFmpegFrameGrabber.java:801)
	at org.bytedeco.javacv.FFmpegFrameGrabber.start(FFmpegFrameGrabber.java:796)
	at com.shark.aio.data.video.service.VideoRecorderService.recordByFrame(VideoRecorderService.java:178)
	at com.shark.aio.data.video.service.VideoRecorderService.frameRecord(VideoRecorderService.java:170)
	at com.shark.aio.data.video.service.VideoRecorderService.startRecordVideo(VideoRecorderService.java:89)
	at com.shark.aio.data.video.service.VideoRecorderService$$FastClassBySpringCGLIB$$55b707cf.invoke(<generated>)
	at org.springframework.cglib.proxy.MethodProxy.invoke(MethodProxy.java:218)
	at org.springframework.aop.framework.CglibAopProxy$CglibMethodInvocation.invokeJoinpoint(CglibAopProxy.java:793)
	at org.springframework.aop.framework.ReflectiveMethodInvocation.proceed(ReflectiveMethodInvocation.java:163)
	at org.springframework.aop.framework.CglibAopProxy$CglibMethodInvocation.proceed(CglibAopProxy.java:763)
	at org.springframework.aop.interceptor.AsyncExecutionInterceptor.lambda$invoke$0(AsyncExecutionInterceptor.java:115)
	at java.util.concurrent.FutureTask.run(FutureTask.java:266)
	at java.util.concurrent.ThreadPoolExecutor.runWorker(ThreadPoolExecutor.java:1149)
	at java.util.concurrent.ThreadPoolExecutor$Worker.run(ThreadPoolExecutor.java:624)
	at java.lang.Thread.run(Thread.java:750)
2024-08-29 13:37:23.458 [,] [threadPoolTaskExecutor-8] ERROR o.s.a.i.SimpleAsyncUncaughtExceptionHandler - [handleUncaughtException,39] - Unexpected exception occurred invoking async method: public void com.shark.aio.data.video.service.VideoRecorderService.startRecordVideo(com.shark.aio.data.video.entity.VideoEntity) throws java.lang.Exception
org.bytedeco.javacv.FrameGrabber$Exception: avformat_open_input() error -1482175992: Could not open input "rtsp://admin:lbx123456@192.168.0.3:554". (Has setFormat() been called?)
	at org.bytedeco.javacv.FFmpegFrameGrabber.startUnsafe(FFmpegFrameGrabber.java:876)
	at org.bytedeco.javacv.FFmpegFrameGrabber.start(FFmpegFrameGrabber.java:801)
	at org.bytedeco.javacv.FFmpegFrameGrabber.start(FFmpegFrameGrabber.java:796)
	at com.shark.aio.data.video.service.VideoRecorderService.recordByFrame(VideoRecorderService.java:178)
	at com.shark.aio.data.video.service.VideoRecorderService.frameRecord(VideoRecorderService.java:170)
	at com.shark.aio.data.video.service.VideoRecorderService.startRecordVideo(VideoRecorderService.java:89)
	at com.shark.aio.data.video.service.VideoRecorderService$$FastClassBySpringCGLIB$$55b707cf.invoke(<generated>)
	at org.springframework.cglib.proxy.MethodProxy.invoke(MethodProxy.java:218)
	at org.springframework.aop.framework.CglibAopProxy$CglibMethodInvocation.invokeJoinpoint(CglibAopProxy.java:793)
	at org.springframework.aop.framework.ReflectiveMethodInvocation.proceed(ReflectiveMethodInvocation.java:163)
	at org.springframework.aop.framework.CglibAopProxy$CglibMethodInvocation.proceed(CglibAopProxy.java:763)
	at org.springframework.aop.interceptor.AsyncExecutionInterceptor.lambda$invoke$0(AsyncExecutionInterceptor.java:115)
	at java.util.concurrent.FutureTask.run(FutureTask.java:266)
	at java.util.concurrent.ThreadPoolExecutor.runWorker(ThreadPoolExecutor.java:1149)
	at java.util.concurrent.ThreadPoolExecutor$Worker.run(ThreadPoolExecutor.java:624)
	at java.lang.Thread.run(Thread.java:750)
2024-08-29 13:37:26.499 [,] [threadPoolTaskExecutor-6] ERROR o.s.a.i.SimpleAsyncUncaughtExceptionHandler - [handleUncaughtException,39] - Unexpected exception occurred invoking async method: public void com.shark.aio.data.video.service.VideoRecorderService.startRecordVideo(com.shark.aio.data.video.entity.VideoEntity) throws java.lang.Exception
org.bytedeco.javacv.FrameGrabber$Exception: avformat_open_input() error -1482175992: Could not open input "rtsp://admin:lbx123456@192.168.0.3:554". (Has setFormat() been called?)
	at org.bytedeco.javacv.FFmpegFrameGrabber.startUnsafe(FFmpegFrameGrabber.java:876)
	at org.bytedeco.javacv.FFmpegFrameGrabber.start(FFmpegFrameGrabber.java:801)
	at org.bytedeco.javacv.FFmpegFrameGrabber.start(FFmpegFrameGrabber.java:796)
	at com.shark.aio.data.video.service.VideoRecorderService.recordByFrame(VideoRecorderService.java:178)
	at com.shark.aio.data.video.service.VideoRecorderService.frameRecord(VideoRecorderService.java:170)
	at com.shark.aio.data.video.service.VideoRecorderService.startRecordVideo(VideoRecorderService.java:89)
	at com.shark.aio.data.video.service.VideoRecorderService$$FastClassBySpringCGLIB$$55b707cf.invoke(<generated>)
	at org.springframework.cglib.proxy.MethodProxy.invoke(MethodProxy.java:218)
	at org.springframework.aop.framework.CglibAopProxy$CglibMethodInvocation.invokeJoinpoint(CglibAopProxy.java:793)
	at org.springframework.aop.framework.ReflectiveMethodInvocation.proceed(ReflectiveMethodInvocation.java:163)
	at org.springframework.aop.framework.CglibAopProxy$CglibMethodInvocation.proceed(CglibAopProxy.java:763)
	at org.springframework.aop.interceptor.AsyncExecutionInterceptor.lambda$invoke$0(AsyncExecutionInterceptor.java:115)
	at java.util.concurrent.FutureTask.run(FutureTask.java:266)
	at java.util.concurrent.ThreadPoolExecutor.runWorker(ThreadPoolExecutor.java:1149)
	at java.util.concurrent.ThreadPoolExecutor$Worker.run(ThreadPoolExecutor.java:624)
	at java.lang.Thread.run(Thread.java:750)
2024-08-29 13:37:29.472 [,] [threadPoolTaskExecutor-7] ERROR o.s.a.i.SimpleAsyncUncaughtExceptionHandler - [handleUncaughtException,39] - Unexpected exception occurred invoking async method: public void com.shark.aio.data.video.service.VideoRecorderService.startRecordVideo(com.shark.aio.data.video.entity.VideoEntity) throws java.lang.Exception
org.bytedeco.javacv.FrameGrabber$Exception: avformat_open_input() error -1482175992: Could not open input "rtsp://admin:lbx123456@192.168.0.3:554". (Has setFormat() been called?)
	at org.bytedeco.javacv.FFmpegFrameGrabber.startUnsafe(FFmpegFrameGrabber.java:876)
	at org.bytedeco.javacv.FFmpegFrameGrabber.start(FFmpegFrameGrabber.java:801)
	at org.bytedeco.javacv.FFmpegFrameGrabber.start(FFmpegFrameGrabber.java:796)
	at com.shark.aio.data.video.service.VideoRecorderService.recordByFrame(VideoRecorderService.java:178)
	at com.shark.aio.data.video.service.VideoRecorderService.frameRecord(VideoRecorderService.java:170)
	at com.shark.aio.data.video.service.VideoRecorderService.startRecordVideo(VideoRecorderService.java:89)
	at com.shark.aio.data.video.service.VideoRecorderService$$FastClassBySpringCGLIB$$55b707cf.invoke(<generated>)
	at org.springframework.cglib.proxy.MethodProxy.invoke(MethodProxy.java:218)
	at org.springframework.aop.framework.CglibAopProxy$CglibMethodInvocation.invokeJoinpoint(CglibAopProxy.java:793)
	at org.springframework.aop.framework.ReflectiveMethodInvocation.proceed(ReflectiveMethodInvocation.java:163)
	at org.springframework.aop.framework.CglibAopProxy$CglibMethodInvocation.proceed(CglibAopProxy.java:763)
	at org.springframework.aop.interceptor.AsyncExecutionInterceptor.lambda$invoke$0(AsyncExecutionInterceptor.java:115)
	at java.util.concurrent.FutureTask.run(FutureTask.java:266)
	at java.util.concurrent.ThreadPoolExecutor.runWorker(ThreadPoolExecutor.java:1149)
	at java.util.concurrent.ThreadPoolExecutor$Worker.run(ThreadPoolExecutor.java:624)
	at java.lang.Thread.run(Thread.java:750)
2024-08-29 13:37:32.476 [,] [threadPoolTaskExecutor-8] ERROR o.s.a.i.SimpleAsyncUncaughtExceptionHandler - [handleUncaughtException,39] - Unexpected exception occurred invoking async method: public void com.shark.aio.data.video.service.VideoRecorderService.startRecordVideo(com.shark.aio.data.video.entity.VideoEntity) throws java.lang.Exception
org.bytedeco.javacv.FrameGrabber$Exception: avformat_open_input() error -1482175992: Could not open input "rtsp://admin:lbx123456@192.168.0.3:554". (Has setFormat() been called?)
	at org.bytedeco.javacv.FFmpegFrameGrabber.startUnsafe(FFmpegFrameGrabber.java:876)
	at org.bytedeco.javacv.FFmpegFrameGrabber.start(FFmpegFrameGrabber.java:801)
	at org.bytedeco.javacv.FFmpegFrameGrabber.start(FFmpegFrameGrabber.java:796)
	at com.shark.aio.data.video.service.VideoRecorderService.recordByFrame(VideoRecorderService.java:178)
	at com.shark.aio.data.video.service.VideoRecorderService.frameRecord(VideoRecorderService.java:170)
	at com.shark.aio.data.video.service.VideoRecorderService.startRecordVideo(VideoRecorderService.java:89)
	at com.shark.aio.data.video.service.VideoRecorderService$$FastClassBySpringCGLIB$$55b707cf.invoke(<generated>)
	at org.springframework.cglib.proxy.MethodProxy.invoke(MethodProxy.java:218)
	at org.springframework.aop.framework.CglibAopProxy$CglibMethodInvocation.invokeJoinpoint(CglibAopProxy.java:793)
	at org.springframework.aop.framework.ReflectiveMethodInvocation.proceed(ReflectiveMethodInvocation.java:163)
	at org.springframework.aop.framework.CglibAopProxy$CglibMethodInvocation.proceed(CglibAopProxy.java:763)
	at org.springframework.aop.interceptor.AsyncExecutionInterceptor.lambda$invoke$0(AsyncExecutionInterceptor.java:115)
	at java.util.concurrent.FutureTask.run(FutureTask.java:266)
	at java.util.concurrent.ThreadPoolExecutor.runWorker(ThreadPoolExecutor.java:1149)
	at java.util.concurrent.ThreadPoolExecutor$Worker.run(ThreadPoolExecutor.java:624)
	at java.lang.Thread.run(Thread.java:750)
2024-08-29 13:37:35.506 [,] [threadPoolTaskExecutor-6] ERROR o.s.a.i.SimpleAsyncUncaughtExceptionHandler - [handleUncaughtException,39] - Unexpected exception occurred invoking async method: public void com.shark.aio.data.video.service.VideoRecorderService.startRecordVideo(com.shark.aio.data.video.entity.VideoEntity) throws java.lang.Exception
org.bytedeco.javacv.FrameGrabber$Exception: avformat_open_input() error -1482175992: Could not open input "rtsp://admin:lbx123456@192.168.0.3:554". (Has setFormat() been called?)
	at org.bytedeco.javacv.FFmpegFrameGrabber.startUnsafe(FFmpegFrameGrabber.java:876)
	at org.bytedeco.javacv.FFmpegFrameGrabber.start(FFmpegFrameGrabber.java:801)
	at org.bytedeco.javacv.FFmpegFrameGrabber.start(FFmpegFrameGrabber.java:796)
	at com.shark.aio.data.video.service.VideoRecorderService.recordByFrame(VideoRecorderService.java:178)
	at com.shark.aio.data.video.service.VideoRecorderService.frameRecord(VideoRecorderService.java:170)
	at com.shark.aio.data.video.service.VideoRecorderService.startRecordVideo(VideoRecorderService.java:89)
	at com.shark.aio.data.video.service.VideoRecorderService$$FastClassBySpringCGLIB$$55b707cf.invoke(<generated>)
	at org.springframework.cglib.proxy.MethodProxy.invoke(MethodProxy.java:218)
	at org.springframework.aop.framework.CglibAopProxy$CglibMethodInvocation.invokeJoinpoint(CglibAopProxy.java:793)
	at org.springframework.aop.framework.ReflectiveMethodInvocation.proceed(ReflectiveMethodInvocation.java:163)
	at org.springframework.aop.framework.CglibAopProxy$CglibMethodInvocation.proceed(CglibAopProxy.java:763)
	at org.springframework.aop.interceptor.AsyncExecutionInterceptor.lambda$invoke$0(AsyncExecutionInterceptor.java:115)
	at java.util.concurrent.FutureTask.run(FutureTask.java:266)
	at java.util.concurrent.ThreadPoolExecutor.runWorker(ThreadPoolExecutor.java:1149)
	at java.util.concurrent.ThreadPoolExecutor$Worker.run(ThreadPoolExecutor.java:624)
	at java.lang.Thread.run(Thread.java:750)
2024-08-29 13:37:38.508 [,] [threadPoolTaskExecutor-7] ERROR o.s.a.i.SimpleAsyncUncaughtExceptionHandler - [handleUncaughtException,39] - Unexpected exception occurred invoking async method: public void com.shark.aio.data.video.service.VideoRecorderService.startRecordVideo(com.shark.aio.data.video.entity.VideoEntity) throws java.lang.Exception
org.bytedeco.javacv.FrameGrabber$Exception: avformat_open_input() error -1482175992: Could not open input "rtsp://admin:lbx123456@192.168.0.3:554". (Has setFormat() been called?)
	at org.bytedeco.javacv.FFmpegFrameGrabber.startUnsafe(FFmpegFrameGrabber.java:876)
	at org.bytedeco.javacv.FFmpegFrameGrabber.start(FFmpegFrameGrabber.java:801)
	at org.bytedeco.javacv.FFmpegFrameGrabber.start(FFmpegFrameGrabber.java:796)
	at com.shark.aio.data.video.service.VideoRecorderService.recordByFrame(VideoRecorderService.java:178)
	at com.shark.aio.data.video.service.VideoRecorderService.frameRecord(VideoRecorderService.java:170)
	at com.shark.aio.data.video.service.VideoRecorderService.startRecordVideo(VideoRecorderService.java:89)
	at com.shark.aio.data.video.service.VideoRecorderService$$FastClassBySpringCGLIB$$55b707cf.invoke(<generated>)
	at org.springframework.cglib.proxy.MethodProxy.invoke(MethodProxy.java:218)
	at org.springframework.aop.framework.CglibAopProxy$CglibMethodInvocation.invokeJoinpoint(CglibAopProxy.java:793)
	at org.springframework.aop.framework.ReflectiveMethodInvocation.proceed(ReflectiveMethodInvocation.java:163)
	at org.springframework.aop.framework.CglibAopProxy$CglibMethodInvocation.proceed(CglibAopProxy.java:763)
	at org.springframework.aop.interceptor.AsyncExecutionInterceptor.lambda$invoke$0(AsyncExecutionInterceptor.java:115)
	at java.util.concurrent.FutureTask.run(FutureTask.java:266)
	at java.util.concurrent.ThreadPoolExecutor.runWorker(ThreadPoolExecutor.java:1149)
	at java.util.concurrent.ThreadPoolExecutor$Worker.run(ThreadPoolExecutor.java:624)
	at java.lang.Thread.run(Thread.java:750)
2024-08-29 13:37:41.542 [,] [threadPoolTaskExecutor-8] ERROR o.s.a.i.SimpleAsyncUncaughtExceptionHandler - [handleUncaughtException,39] - Unexpected exception occurred invoking async method: public void com.shark.aio.data.video.service.VideoRecorderService.startRecordVideo(com.shark.aio.data.video.entity.VideoEntity) throws java.lang.Exception
org.bytedeco.javacv.FrameGrabber$Exception: avformat_open_input() error -1482175992: Could not open input "rtsp://admin:lbx123456@192.168.0.3:554". (Has setFormat() been called?)
	at org.bytedeco.javacv.FFmpegFrameGrabber.startUnsafe(FFmpegFrameGrabber.java:876)
	at org.bytedeco.javacv.FFmpegFrameGrabber.start(FFmpegFrameGrabber.java:801)
	at org.bytedeco.javacv.FFmpegFrameGrabber.start(FFmpegFrameGrabber.java:796)
	at com.shark.aio.data.video.service.VideoRecorderService.recordByFrame(VideoRecorderService.java:178)
	at com.shark.aio.data.video.service.VideoRecorderService.frameRecord(VideoRecorderService.java:170)
	at com.shark.aio.data.video.service.VideoRecorderService.startRecordVideo(VideoRecorderService.java:89)
	at com.shark.aio.data.video.service.VideoRecorderService$$FastClassBySpringCGLIB$$55b707cf.invoke(<generated>)
	at org.springframework.cglib.proxy.MethodProxy.invoke(MethodProxy.java:218)
	at org.springframework.aop.framework.CglibAopProxy$CglibMethodInvocation.invokeJoinpoint(CglibAopProxy.java:793)
	at org.springframework.aop.framework.ReflectiveMethodInvocation.proceed(ReflectiveMethodInvocation.java:163)
	at org.springframework.aop.framework.CglibAopProxy$CglibMethodInvocation.proceed(CglibAopProxy.java:763)
	at org.springframework.aop.interceptor.AsyncExecutionInterceptor.lambda$invoke$0(AsyncExecutionInterceptor.java:115)
	at java.util.concurrent.FutureTask.run(FutureTask.java:266)
	at java.util.concurrent.ThreadPoolExecutor.runWorker(ThreadPoolExecutor.java:1149)
	at java.util.concurrent.ThreadPoolExecutor$Worker.run(ThreadPoolExecutor.java:624)
	at java.lang.Thread.run(Thread.java:750)
2024-08-29 13:37:44.537 [,] [threadPoolTaskExecutor-6] ERROR o.s.a.i.SimpleAsyncUncaughtExceptionHandler - [handleUncaughtException,39] - Unexpected exception occurred invoking async method: public void com.shark.aio.data.video.service.VideoRecorderService.startRecordVideo(com.shark.aio.data.video.entity.VideoEntity) throws java.lang.Exception
org.bytedeco.javacv.FrameGrabber$Exception: avformat_open_input() error -1094995529: Could not open input "rtsp://admin:lbx123456@192.168.0.3:554". (Has setFormat() been called?)
	at org.bytedeco.javacv.FFmpegFrameGrabber.startUnsafe(FFmpegFrameGrabber.java:876)
	at org.bytedeco.javacv.FFmpegFrameGrabber.start(FFmpegFrameGrabber.java:801)
	at org.bytedeco.javacv.FFmpegFrameGrabber.start(FFmpegFrameGrabber.java:796)
	at com.shark.aio.data.video.service.VideoRecorderService.recordByFrame(VideoRecorderService.java:178)
	at com.shark.aio.data.video.service.VideoRecorderService.frameRecord(VideoRecorderService.java:170)
	at com.shark.aio.data.video.service.VideoRecorderService.startRecordVideo(VideoRecorderService.java:89)
	at com.shark.aio.data.video.service.VideoRecorderService$$FastClassBySpringCGLIB$$55b707cf.invoke(<generated>)
	at org.springframework.cglib.proxy.MethodProxy.invoke(MethodProxy.java:218)
	at org.springframework.aop.framework.CglibAopProxy$CglibMethodInvocation.invokeJoinpoint(CglibAopProxy.java:793)
	at org.springframework.aop.framework.ReflectiveMethodInvocation.proceed(ReflectiveMethodInvocation.java:163)
	at org.springframework.aop.framework.CglibAopProxy$CglibMethodInvocation.proceed(CglibAopProxy.java:763)
	at org.springframework.aop.interceptor.AsyncExecutionInterceptor.lambda$invoke$0(AsyncExecutionInterceptor.java:115)
	at java.util.concurrent.FutureTask.run(FutureTask.java:266)
	at java.util.concurrent.ThreadPoolExecutor.runWorker(ThreadPoolExecutor.java:1149)
	at java.util.concurrent.ThreadPoolExecutor$Worker.run(ThreadPoolExecutor.java:624)
	at java.lang.Thread.run(Thread.java:750)
2024-08-29 13:37:47.529 [,] [threadPoolTaskExecutor-7] ERROR o.s.a.i.SimpleAsyncUncaughtExceptionHandler - [handleUncaughtException,39] - Unexpected exception occurred invoking async method: public void com.shark.aio.data.video.service.VideoRecorderService.startRecordVideo(com.shark.aio.data.video.entity.VideoEntity) throws java.lang.Exception
org.bytedeco.javacv.FrameGrabber$Exception: avformat_open_input() error -1482175992: Could not open input "rtsp://admin:lbx123456@192.168.0.3:554". (Has setFormat() been called?)
	at org.bytedeco.javacv.FFmpegFrameGrabber.startUnsafe(FFmpegFrameGrabber.java:876)
	at org.bytedeco.javacv.FFmpegFrameGrabber.start(FFmpegFrameGrabber.java:801)
	at org.bytedeco.javacv.FFmpegFrameGrabber.start(FFmpegFrameGrabber.java:796)
	at com.shark.aio.data.video.service.VideoRecorderService.recordByFrame(VideoRecorderService.java:178)
	at com.shark.aio.data.video.service.VideoRecorderService.frameRecord(VideoRecorderService.java:170)
	at com.shark.aio.data.video.service.VideoRecorderService.startRecordVideo(VideoRecorderService.java:89)
	at com.shark.aio.data.video.service.VideoRecorderService$$FastClassBySpringCGLIB$$55b707cf.invoke(<generated>)
	at org.springframework.cglib.proxy.MethodProxy.invoke(MethodProxy.java:218)
	at org.springframework.aop.framework.CglibAopProxy$CglibMethodInvocation.invokeJoinpoint(CglibAopProxy.java:793)
	at org.springframework.aop.framework.ReflectiveMethodInvocation.proceed(ReflectiveMethodInvocation.java:163)
	at org.springframework.aop.framework.CglibAopProxy$CglibMethodInvocation.proceed(CglibAopProxy.java:763)
	at org.springframework.aop.interceptor.AsyncExecutionInterceptor.lambda$invoke$0(AsyncExecutionInterceptor.java:115)
	at java.util.concurrent.FutureTask.run(FutureTask.java:266)
	at java.util.concurrent.ThreadPoolExecutor.runWorker(ThreadPoolExecutor.java:1149)
	at java.util.concurrent.ThreadPoolExecutor$Worker.run(ThreadPoolExecutor.java:624)
	at java.lang.Thread.run(Thread.java:750)
2024-08-29 13:37:50.546 [,] [threadPoolTaskExecutor-8] ERROR o.s.a.i.SimpleAsyncUncaughtExceptionHandler - [handleUncaughtException,39] - Unexpected exception occurred invoking async method: public void com.shark.aio.data.video.service.VideoRecorderService.startRecordVideo(com.shark.aio.data.video.entity.VideoEntity) throws java.lang.Exception
org.bytedeco.javacv.FrameGrabber$Exception: avformat_open_input() error -1482175992: Could not open input "rtsp://admin:lbx123456@192.168.0.3:554". (Has setFormat() been called?)
	at org.bytedeco.javacv.FFmpegFrameGrabber.startUnsafe(FFmpegFrameGrabber.java:876)
	at org.bytedeco.javacv.FFmpegFrameGrabber.start(FFmpegFrameGrabber.java:801)
	at org.bytedeco.javacv.FFmpegFrameGrabber.start(FFmpegFrameGrabber.java:796)
	at com.shark.aio.data.video.service.VideoRecorderService.recordByFrame(VideoRecorderService.java:178)
	at com.shark.aio.data.video.service.VideoRecorderService.frameRecord(VideoRecorderService.java:170)
	at com.shark.aio.data.video.service.VideoRecorderService.startRecordVideo(VideoRecorderService.java:89)
	at com.shark.aio.data.video.service.VideoRecorderService$$FastClassBySpringCGLIB$$55b707cf.invoke(<generated>)
	at org.springframework.cglib.proxy.MethodProxy.invoke(MethodProxy.java:218)
	at org.springframework.aop.framework.CglibAopProxy$CglibMethodInvocation.invokeJoinpoint(CglibAopProxy.java:793)
	at org.springframework.aop.framework.ReflectiveMethodInvocation.proceed(ReflectiveMethodInvocation.java:163)
	at org.springframework.aop.framework.CglibAopProxy$CglibMethodInvocation.proceed(CglibAopProxy.java:763)
	at org.springframework.aop.interceptor.AsyncExecutionInterceptor.lambda$invoke$0(AsyncExecutionInterceptor.java:115)
	at java.util.concurrent.FutureTask.run(FutureTask.java:266)
	at java.util.concurrent.ThreadPoolExecutor.runWorker(ThreadPoolExecutor.java:1149)
	at java.util.concurrent.ThreadPoolExecutor$Worker.run(ThreadPoolExecutor.java:624)
	at java.lang.Thread.run(Thread.java:750)
2024-08-29 13:37:53.542 [,] [threadPoolTaskExecutor-6] ERROR o.s.a.i.SimpleAsyncUncaughtExceptionHandler - [handleUncaughtException,39] - Unexpected exception occurred invoking async method: public void com.shark.aio.data.video.service.VideoRecorderService.startRecordVideo(com.shark.aio.data.video.entity.VideoEntity) throws java.lang.Exception
org.bytedeco.javacv.FrameGrabber$Exception: avformat_open_input() error -1482175992: Could not open input "rtsp://admin:lbx123456@192.168.0.3:554". (Has setFormat() been called?)
	at org.bytedeco.javacv.FFmpegFrameGrabber.startUnsafe(FFmpegFrameGrabber.java:876)
	at org.bytedeco.javacv.FFmpegFrameGrabber.start(FFmpegFrameGrabber.java:801)
	at org.bytedeco.javacv.FFmpegFrameGrabber.start(FFmpegFrameGrabber.java:796)
	at com.shark.aio.data.video.service.VideoRecorderService.recordByFrame(VideoRecorderService.java:178)
	at com.shark.aio.data.video.service.VideoRecorderService.frameRecord(VideoRecorderService.java:170)
	at com.shark.aio.data.video.service.VideoRecorderService.startRecordVideo(VideoRecorderService.java:89)
	at com.shark.aio.data.video.service.VideoRecorderService$$FastClassBySpringCGLIB$$55b707cf.invoke(<generated>)
	at org.springframework.cglib.proxy.MethodProxy.invoke(MethodProxy.java:218)
	at org.springframework.aop.framework.CglibAopProxy$CglibMethodInvocation.invokeJoinpoint(CglibAopProxy.java:793)
	at org.springframework.aop.framework.ReflectiveMethodInvocation.proceed(ReflectiveMethodInvocation.java:163)
	at org.springframework.aop.framework.CglibAopProxy$CglibMethodInvocation.proceed(CglibAopProxy.java:763)
	at org.springframework.aop.interceptor.AsyncExecutionInterceptor.lambda$invoke$0(AsyncExecutionInterceptor.java:115)
	at java.util.concurrent.FutureTask.run(FutureTask.java:266)
	at java.util.concurrent.ThreadPoolExecutor.runWorker(ThreadPoolExecutor.java:1149)
	at java.util.concurrent.ThreadPoolExecutor$Worker.run(ThreadPoolExecutor.java:624)
	at java.lang.Thread.run(Thread.java:750)
2024-08-29 13:37:56.550 [,] [threadPoolTaskExecutor-7] ERROR o.s.a.i.SimpleAsyncUncaughtExceptionHandler - [handleUncaughtException,39] - Unexpected exception occurred invoking async method: public void com.shark.aio.data.video.service.VideoRecorderService.startRecordVideo(com.shark.aio.data.video.entity.VideoEntity) throws java.lang.Exception
org.bytedeco.javacv.FrameGrabber$Exception: avformat_open_input() error -1482175992: Could not open input "rtsp://admin:lbx123456@192.168.0.3:554". (Has setFormat() been called?)
	at org.bytedeco.javacv.FFmpegFrameGrabber.startUnsafe(FFmpegFrameGrabber.java:876)
	at org.bytedeco.javacv.FFmpegFrameGrabber.start(FFmpegFrameGrabber.java:801)
	at org.bytedeco.javacv.FFmpegFrameGrabber.start(FFmpegFrameGrabber.java:796)
	at com.shark.aio.data.video.service.VideoRecorderService.recordByFrame(VideoRecorderService.java:178)
	at com.shark.aio.data.video.service.VideoRecorderService.frameRecord(VideoRecorderService.java:170)
	at com.shark.aio.data.video.service.VideoRecorderService.startRecordVideo(VideoRecorderService.java:89)
	at com.shark.aio.data.video.service.VideoRecorderService$$FastClassBySpringCGLIB$$55b707cf.invoke(<generated>)
	at org.springframework.cglib.proxy.MethodProxy.invoke(MethodProxy.java:218)
	at org.springframework.aop.framework.CglibAopProxy$CglibMethodInvocation.invokeJoinpoint(CglibAopProxy.java:793)
	at org.springframework.aop.framework.ReflectiveMethodInvocation.proceed(ReflectiveMethodInvocation.java:163)
	at org.springframework.aop.framework.CglibAopProxy$CglibMethodInvocation.proceed(CglibAopProxy.java:763)
	at org.springframework.aop.interceptor.AsyncExecutionInterceptor.lambda$invoke$0(AsyncExecutionInterceptor.java:115)
	at java.util.concurrent.FutureTask.run(FutureTask.java:266)
	at java.util.concurrent.ThreadPoolExecutor.runWorker(ThreadPoolExecutor.java:1149)
	at java.util.concurrent.ThreadPoolExecutor$Worker.run(ThreadPoolExecutor.java:624)
	at java.lang.Thread.run(Thread.java:750)
2024-08-29 13:37:59.563 [,] [threadPoolTaskExecutor-8] ERROR o.s.a.i.SimpleAsyncUncaughtExceptionHandler - [handleUncaughtException,39] - Unexpected exception occurred invoking async method: public void com.shark.aio.data.video.service.VideoRecorderService.startRecordVideo(com.shark.aio.data.video.entity.VideoEntity) throws java.lang.Exception
org.bytedeco.javacv.FrameGrabber$Exception: avformat_open_input() error -1482175992: Could not open input "rtsp://admin:lbx123456@192.168.0.3:554". (Has setFormat() been called?)
	at org.bytedeco.javacv.FFmpegFrameGrabber.startUnsafe(FFmpegFrameGrabber.java:876)
	at org.bytedeco.javacv.FFmpegFrameGrabber.start(FFmpegFrameGrabber.java:801)
	at org.bytedeco.javacv.FFmpegFrameGrabber.start(FFmpegFrameGrabber.java:796)
	at com.shark.aio.data.video.service.VideoRecorderService.recordByFrame(VideoRecorderService.java:178)
	at com.shark.aio.data.video.service.VideoRecorderService.frameRecord(VideoRecorderService.java:170)
	at com.shark.aio.data.video.service.VideoRecorderService.startRecordVideo(VideoRecorderService.java:89)
	at com.shark.aio.data.video.service.VideoRecorderService$$FastClassBySpringCGLIB$$55b707cf.invoke(<generated>)
	at org.springframework.cglib.proxy.MethodProxy.invoke(MethodProxy.java:218)
	at org.springframework.aop.framework.CglibAopProxy$CglibMethodInvocation.invokeJoinpoint(CglibAopProxy.java:793)
	at org.springframework.aop.framework.ReflectiveMethodInvocation.proceed(ReflectiveMethodInvocation.java:163)
	at org.springframework.aop.framework.CglibAopProxy$CglibMethodInvocation.proceed(CglibAopProxy.java:763)
	at org.springframework.aop.interceptor.AsyncExecutionInterceptor.lambda$invoke$0(AsyncExecutionInterceptor.java:115)
	at java.util.concurrent.FutureTask.run(FutureTask.java:266)
	at java.util.concurrent.ThreadPoolExecutor.runWorker(ThreadPoolExecutor.java:1149)
	at java.util.concurrent.ThreadPoolExecutor$Worker.run(ThreadPoolExecutor.java:624)
	at java.lang.Thread.run(Thread.java:750)
2024-08-29 13:38:02.586 [,] [threadPoolTaskExecutor-6] ERROR o.s.a.i.SimpleAsyncUncaughtExceptionHandler - [handleUncaughtException,39] - Unexpected exception occurred invoking async method: public void com.shark.aio.data.video.service.VideoRecorderService.startRecordVideo(com.shark.aio.data.video.entity.VideoEntity) throws java.lang.Exception
org.bytedeco.javacv.FrameGrabber$Exception: avformat_open_input() error -1482175992: Could not open input "rtsp://admin:lbx123456@192.168.0.3:554". (Has setFormat() been called?)
	at org.bytedeco.javacv.FFmpegFrameGrabber.startUnsafe(FFmpegFrameGrabber.java:876)
	at org.bytedeco.javacv.FFmpegFrameGrabber.start(FFmpegFrameGrabber.java:801)
	at org.bytedeco.javacv.FFmpegFrameGrabber.start(FFmpegFrameGrabber.java:796)
	at com.shark.aio.data.video.service.VideoRecorderService.recordByFrame(VideoRecorderService.java:178)
	at com.shark.aio.data.video.service.VideoRecorderService.frameRecord(VideoRecorderService.java:170)
	at com.shark.aio.data.video.service.VideoRecorderService.startRecordVideo(VideoRecorderService.java:89)
	at com.shark.aio.data.video.service.VideoRecorderService$$FastClassBySpringCGLIB$$55b707cf.invoke(<generated>)
	at org.springframework.cglib.proxy.MethodProxy.invoke(MethodProxy.java:218)
	at org.springframework.aop.framework.CglibAopProxy$CglibMethodInvocation.invokeJoinpoint(CglibAopProxy.java:793)
	at org.springframework.aop.framework.ReflectiveMethodInvocation.proceed(ReflectiveMethodInvocation.java:163)
	at org.springframework.aop.framework.CglibAopProxy$CglibMethodInvocation.proceed(CglibAopProxy.java:763)
	at org.springframework.aop.interceptor.AsyncExecutionInterceptor.lambda$invoke$0(AsyncExecutionInterceptor.java:115)
	at java.util.concurrent.FutureTask.run(FutureTask.java:266)
	at java.util.concurrent.ThreadPoolExecutor.runWorker(ThreadPoolExecutor.java:1149)
	at java.util.concurrent.ThreadPoolExecutor$Worker.run(ThreadPoolExecutor.java:624)
	at java.lang.Thread.run(Thread.java:750)
2024-08-29 13:38:05.588 [,] [threadPoolTaskExecutor-7] ERROR o.s.a.i.SimpleAsyncUncaughtExceptionHandler - [handleUncaughtException,39] - Unexpected exception occurred invoking async method: public void com.shark.aio.data.video.service.VideoRecorderService.startRecordVideo(com.shark.aio.data.video.entity.VideoEntity) throws java.lang.Exception
org.bytedeco.javacv.FrameGrabber$Exception: avformat_open_input() error -1482175992: Could not open input "rtsp://admin:lbx123456@192.168.0.3:554". (Has setFormat() been called?)
	at org.bytedeco.javacv.FFmpegFrameGrabber.startUnsafe(FFmpegFrameGrabber.java:876)
	at org.bytedeco.javacv.FFmpegFrameGrabber.start(FFmpegFrameGrabber.java:801)
	at org.bytedeco.javacv.FFmpegFrameGrabber.start(FFmpegFrameGrabber.java:796)
	at com.shark.aio.data.video.service.VideoRecorderService.recordByFrame(VideoRecorderService.java:178)
	at com.shark.aio.data.video.service.VideoRecorderService.frameRecord(VideoRecorderService.java:170)
	at com.shark.aio.data.video.service.VideoRecorderService.startRecordVideo(VideoRecorderService.java:89)
	at com.shark.aio.data.video.service.VideoRecorderService$$FastClassBySpringCGLIB$$55b707cf.invoke(<generated>)
	at org.springframework.cglib.proxy.MethodProxy.invoke(MethodProxy.java:218)
	at org.springframework.aop.framework.CglibAopProxy$CglibMethodInvocation.invokeJoinpoint(CglibAopProxy.java:793)
	at org.springframework.aop.framework.ReflectiveMethodInvocation.proceed(ReflectiveMethodInvocation.java:163)
	at org.springframework.aop.framework.CglibAopProxy$CglibMethodInvocation.proceed(CglibAopProxy.java:763)
	at org.springframework.aop.interceptor.AsyncExecutionInterceptor.lambda$invoke$0(AsyncExecutionInterceptor.java:115)
	at java.util.concurrent.FutureTask.run(FutureTask.java:266)
	at java.util.concurrent.ThreadPoolExecutor.runWorker(ThreadPoolExecutor.java:1149)
	at java.util.concurrent.ThreadPoolExecutor$Worker.run(ThreadPoolExecutor.java:624)
	at java.lang.Thread.run(Thread.java:750)
2024-08-29 13:38:06.670 [,] [scheduling-1] ERROR o.s.s.s.TaskUtils$LoggingErrorHandler - [handleError,95] - Unexpected error occurred in scheduled task
java.lang.InterruptedException: null
	at java.util.concurrent.FutureTask.awaitDone(FutureTask.java:404)
	at java.util.concurrent.FutureTask.get(FutureTask.java:191)
	at com.shark.aio.base.controller.InitFFmpeg.monitorFfmpegProcess(InitFFmpeg.java:106)
	at com.shark.aio.base.controller.InitFFmpeg$$FastClassBySpringCGLIB$$6f28da27.invoke(<generated>)
	at org.springframework.cglib.proxy.MethodProxy.invoke(MethodProxy.java:218)
	at org.springframework.aop.framework.CglibAopProxy$CglibMethodInvocation.invokeJoinpoint(CglibAopProxy.java:793)
	at org.springframework.aop.framework.ReflectiveMethodInvocation.proceed(ReflectiveMethodInvocation.java:163)
	at org.springframework.aop.framework.CglibAopProxy$CglibMethodInvocation.proceed(CglibAopProxy.java:763)
	at org.springframework.aop.framework.adapter.MethodBeforeAdviceInterceptor.invoke(MethodBeforeAdviceInterceptor.java:58)
	at org.springframework.aop.framework.ReflectiveMethodInvocation.proceed(ReflectiveMethodInvocation.java:186)
	at org.springframework.aop.framework.CglibAopProxy$CglibMethodInvocation.proceed(CglibAopProxy.java:763)
	at org.springframework.aop.interceptor.ExposeInvocationInterceptor.invoke(ExposeInvocationInterceptor.java:97)
	at org.springframework.aop.framework.ReflectiveMethodInvocation.proceed(ReflectiveMethodInvocation.java:186)
	at org.springframework.aop.framework.CglibAopProxy$CglibMethodInvocation.proceed(CglibAopProxy.java:763)
	at org.springframework.aop.framework.CglibAopProxy$DynamicAdvisedInterceptor.intercept(CglibAopProxy.java:708)
	at com.shark.aio.base.controller.InitFFmpeg$$EnhancerBySpringCGLIB$$251c05dc.monitorFfmpegProcess(<generated>)
	at sun.reflect.NativeMethodAccessorImpl.invoke0(Native Method)
	at sun.reflect.NativeMethodAccessorImpl.invoke(NativeMethodAccessorImpl.java:62)
	at sun.reflect.DelegatingMethodAccessorImpl.invoke(DelegatingMethodAccessorImpl.java:43)
	at java.lang.reflect.Method.invoke(Method.java:498)
	at org.springframework.scheduling.support.ScheduledMethodRunnable.run(ScheduledMethodRunnable.java:84)
	at org.springframework.scheduling.support.DelegatingErrorHandlingRunnable.run(DelegatingErrorHandlingRunnable.java:54)
	at org.springframework.scheduling.concurrent.ReschedulingRunnable.run(ReschedulingRunnable.java:95)
	at java.util.concurrent.Executors$RunnableAdapter.call(Executors.java:511)
	at java.util.concurrent.FutureTask.run(FutureTask.java:266)
	at java.util.concurrent.ScheduledThreadPoolExecutor$ScheduledFutureTask.access$201(ScheduledThreadPoolExecutor.java:180)
	at java.util.concurrent.ScheduledThreadPoolExecutor$ScheduledFutureTask.run(ScheduledThreadPoolExecutor.java:293)
	at java.util.concurrent.ThreadPoolExecutor.runWorker(ThreadPoolExecutor.java:1149)
	at java.util.concurrent.ThreadPoolExecutor$Worker.run(ThreadPoolExecutor.java:624)
	at java.lang.Thread.run(Thread.java:750)
2024-08-29 13:40:23.542 [,] [http-nio-127.0.0.1-8089-exec-7] ERROR o.a.c.c.C.[.[.[.[dispatcherServlet] - [log,175] - Servlet.service() for servlet [dispatcherServlet] in context with path [] threw exception [Request processing failed; nested exception is org.springframework.web.client.ResourceAccessException: I/O error on GET request for "http://localhost:5555/video_feed": java.io.IOException: 你的主机中的软件中止了一个已建立的连接。; nested exception is org.apache.catalina.connector.ClientAbortException: java.io.IOException: 你的主机中的软件中止了一个已建立的连接。] with root cause
java.io.IOException: 你的主机中的软件中止了一个已建立的连接。
	at sun.nio.ch.SocketDispatcher.write0(Native Method)
	at sun.nio.ch.SocketDispatcher.write(SocketDispatcher.java:51)
	at sun.nio.ch.IOUtil.writeFromNativeBuffer(IOUtil.java:93)
	at sun.nio.ch.IOUtil.write(IOUtil.java:65)
	at sun.nio.ch.SocketChannelImpl.write(SocketChannelImpl.java:469)
	at org.apache.tomcat.util.net.NioChannel.write(NioChannel.java:135)
	at org.apache.tomcat.util.net.NioEndpoint$NioSocketWrapper.doWrite(NioEndpoint.java:1424)
	at org.apache.tomcat.util.net.SocketWrapperBase.doWrite(SocketWrapperBase.java:768)
	at org.apache.tomcat.util.net.SocketWrapperBase.writeBlocking(SocketWrapperBase.java:593)
	at org.apache.tomcat.util.net.SocketWrapperBase.write(SocketWrapperBase.java:537)
	at org.apache.coyote.http11.Http11OutputBuffer$SocketOutputBuffer.doWrite(Http11OutputBuffer.java:547)
	at org.apache.coyote.http11.filters.ChunkedOutputFilter.doWrite(ChunkedOutputFilter.java:112)
	at org.apache.coyote.http11.Http11OutputBuffer.doWrite(Http11OutputBuffer.java:194)
	at org.apache.coyote.Response.doWrite(Response.java:615)
	at org.apache.catalina.connector.OutputBuffer.realWriteBytes(OutputBuffer.java:340)
	at org.apache.catalina.connector.OutputBuffer.flushByteBuffer(OutputBuffer.java:784)
	at org.apache.catalina.connector.OutputBuffer.doFlush(OutputBuffer.java:299)
	at org.apache.catalina.connector.OutputBuffer.flush(OutputBuffer.java:273)
	at org.apache.catalina.connector.CoyoteOutputStream.flush(CoyoteOutputStream.java:118)
	at com.shark.aio.videodetect.controller.EmbedController.lambda$getFlaskPage$1(EmbedController.java:54)
	at org.springframework.web.client.RestTemplate.doExecute(RestTemplate.java:778)
	at org.springframework.web.client.RestTemplate.execute(RestTemplate.java:711)
	at com.shark.aio.videodetect.controller.EmbedController.getFlaskPage(EmbedController.java:60)
	at sun.reflect.NativeMethodAccessorImpl.invoke0(Native Method)
	at sun.reflect.NativeMethodAccessorImpl.invoke(NativeMethodAccessorImpl.java:62)
	at sun.reflect.DelegatingMethodAccessorImpl.invoke(DelegatingMethodAccessorImpl.java:43)
	at java.lang.reflect.Method.invoke(Method.java:498)
	at org.springframework.web.method.support.InvocableHandlerMethod.doInvoke(InvocableHandlerMethod.java:205)
	at org.springframework.web.method.support.InvocableHandlerMethod.invokeForRequest(InvocableHandlerMethod.java:150)
	at org.springframework.web.servlet.mvc.method.annotation.ServletInvocableHandlerMethod.invokeAndHandle(ServletInvocableHandlerMethod.java:117)
	at org.springframework.web.servlet.mvc.method.annotation.RequestMappingHandlerAdapter.invokeHandlerMethod(RequestMappingHandlerAdapter.java:895)
	at org.springframework.web.servlet.mvc.method.annotation.RequestMappingHandlerAdapter.handleInternal(RequestMappingHandlerAdapter.java:808)
	at org.springframework.web.servlet.mvc.method.AbstractHandlerMethodAdapter.handle(AbstractHandlerMethodAdapter.java:87)
	at org.springframework.web.servlet.DispatcherServlet.doDispatch(DispatcherServlet.java:1071)
	at org.springframework.web.servlet.DispatcherServlet.doService(DispatcherServlet.java:964)
	at org.springframework.web.servlet.FrameworkServlet.processRequest(FrameworkServlet.java:1006)
	at org.springframework.web.servlet.FrameworkServlet.doGet(FrameworkServlet.java:898)
	at javax.servlet.http.HttpServlet.service(HttpServlet.java:670)
	at org.springframework.web.servlet.FrameworkServlet.service(FrameworkServlet.java:883)
	at javax.servlet.http.HttpServlet.service(HttpServlet.java:779)
	at org.apache.catalina.core.ApplicationFilterChain.internalDoFilter(ApplicationFilterChain.java:227)
	at org.apache.catalina.core.ApplicationFilterChain.doFilter(ApplicationFilterChain.java:162)
	at org.apache.tomcat.websocket.server.WsFilter.doFilter(WsFilter.java:53)
	at org.apache.catalina.core.ApplicationFilterChain.internalDoFilter(ApplicationFilterChain.java:189)
	at org.apache.catalina.core.ApplicationFilterChain.doFilter(ApplicationFilterChain.java:162)
	at org.springframework.web.filter.CharacterEncodingFilter.doFilterInternal(CharacterEncodingFilter.java:201)
	at org.springframework.web.filter.OncePerRequestFilter.doFilter(OncePerRequestFilter.java:117)
	at org.apache.catalina.core.ApplicationFilterChain.internalDoFilter(ApplicationFilterChain.java:189)
	at org.apache.catalina.core.ApplicationFilterChain.doFilter(ApplicationFilterChain.java:162)
	at org.apache.catalina.core.StandardWrapperValve.invoke(StandardWrapperValve.java:197)
	at org.apache.catalina.core.StandardContextValve.invoke(StandardContextValve.java:97)
	at org.apache.catalina.authenticator.AuthenticatorBase.invoke(AuthenticatorBase.java:541)
	at org.apache.catalina.core.StandardHostValve.invoke(StandardHostValve.java:135)
	at org.apache.catalina.valves.ErrorReportValve.invoke(ErrorReportValve.java:92)
	at org.apache.catalina.core.StandardEngineValve.invoke(StandardEngineValve.java:78)
	at org.apache.catalina.connector.CoyoteAdapter.service(CoyoteAdapter.java:360)
	at org.apache.coyote.http11.Http11Processor.service(Http11Processor.java:399)
	at org.apache.coyote.AbstractProcessorLight.process(AbstractProcessorLight.java:65)
	at org.apache.coyote.AbstractProtocol$ConnectionHandler.process(AbstractProtocol.java:893)
	at org.apache.tomcat.util.net.NioEndpoint$SocketProcessor.doRun(NioEndpoint.java:1789)
	at org.apache.tomcat.util.net.SocketProcessorBase.run(SocketProcessorBase.java:49)
	at org.apache.tomcat.util.threads.ThreadPoolExecutor.runWorker(ThreadPoolExecutor.java:1191)
	at org.apache.tomcat.util.threads.ThreadPoolExecutor$Worker.run(ThreadPoolExecutor.java:659)
	at org.apache.tomcat.util.threads.TaskThread$WrappingRunnable.run(TaskThread.java:61)
	at java.lang.Thread.run(Thread.java:750)
2024-08-29 13:46:55.481 [,] [scheduling-1] ERROR o.s.s.s.TaskUtils$LoggingErrorHandler - [handleError,95] - Unexpected error occurred in scheduled task
java.lang.InterruptedException: null
	at java.util.concurrent.FutureTask.awaitDone(FutureTask.java:404)
	at java.util.concurrent.FutureTask.get(FutureTask.java:191)
	at com.shark.aio.base.controller.InitFFmpeg.monitorFfmpegProcess(InitFFmpeg.java:106)
	at com.shark.aio.base.controller.InitFFmpeg$$FastClassBySpringCGLIB$$6f28da27.invoke(<generated>)
	at org.springframework.cglib.proxy.MethodProxy.invoke(MethodProxy.java:218)
	at org.springframework.aop.framework.CglibAopProxy$CglibMethodInvocation.invokeJoinpoint(CglibAopProxy.java:793)
	at org.springframework.aop.framework.ReflectiveMethodInvocation.proceed(ReflectiveMethodInvocation.java:163)
	at org.springframework.aop.framework.CglibAopProxy$CglibMethodInvocation.proceed(CglibAopProxy.java:763)
	at org.springframework.aop.framework.adapter.MethodBeforeAdviceInterceptor.invoke(MethodBeforeAdviceInterceptor.java:58)
	at org.springframework.aop.framework.ReflectiveMethodInvocation.proceed(ReflectiveMethodInvocation.java:186)
	at org.springframework.aop.framework.CglibAopProxy$CglibMethodInvocation.proceed(CglibAopProxy.java:763)
	at org.springframework.aop.interceptor.ExposeInvocationInterceptor.invoke(ExposeInvocationInterceptor.java:97)
	at org.springframework.aop.framework.ReflectiveMethodInvocation.proceed(ReflectiveMethodInvocation.java:186)
	at org.springframework.aop.framework.CglibAopProxy$CglibMethodInvocation.proceed(CglibAopProxy.java:763)
	at org.springframework.aop.framework.CglibAopProxy$DynamicAdvisedInterceptor.intercept(CglibAopProxy.java:708)
	at com.shark.aio.base.controller.InitFFmpeg$$EnhancerBySpringCGLIB$$251c05dc.monitorFfmpegProcess(<generated>)
	at sun.reflect.NativeMethodAccessorImpl.invoke0(Native Method)
	at sun.reflect.NativeMethodAccessorImpl.invoke(NativeMethodAccessorImpl.java:62)
	at sun.reflect.DelegatingMethodAccessorImpl.invoke(DelegatingMethodAccessorImpl.java:43)
	at java.lang.reflect.Method.invoke(Method.java:498)
	at org.springframework.scheduling.support.ScheduledMethodRunnable.run(ScheduledMethodRunnable.java:84)
	at org.springframework.scheduling.support.DelegatingErrorHandlingRunnable.run(DelegatingErrorHandlingRunnable.java:54)
	at org.springframework.scheduling.concurrent.ReschedulingRunnable.run(ReschedulingRunnable.java:95)
	at java.util.concurrent.Executors$RunnableAdapter.call(Executors.java:511)
	at java.util.concurrent.FutureTask.run(FutureTask.java:266)
	at java.util.concurrent.ScheduledThreadPoolExecutor$ScheduledFutureTask.access$201(ScheduledThreadPoolExecutor.java:180)
	at java.util.concurrent.ScheduledThreadPoolExecutor$ScheduledFutureTask.run(ScheduledThreadPoolExecutor.java:293)
	at java.util.concurrent.ThreadPoolExecutor.runWorker(ThreadPoolExecutor.java:1149)
	at java.util.concurrent.ThreadPoolExecutor$Worker.run(ThreadPoolExecutor.java:624)
	at java.lang.Thread.run(Thread.java:750)
2024-08-29 13:48:09.277 [,] [http-nio-127.0.0.1-8089-exec-1] ERROR o.a.c.c.C.[.[.[.[dispatcherServlet] - [log,175] - Servlet.service() for servlet [dispatcherServlet] in context with path [] threw exception [Request processing failed; nested exception is org.springframework.web.client.ResourceAccessException: I/O error on GET request for "http://localhost:5555/video_feed": java.io.IOException: 你的主机中的软件中止了一个已建立的连接。; nested exception is org.apache.catalina.connector.ClientAbortException: java.io.IOException: 你的主机中的软件中止了一个已建立的连接。] with root cause
java.io.IOException: 你的主机中的软件中止了一个已建立的连接。
	at sun.nio.ch.SocketDispatcher.write0(Native Method)
	at sun.nio.ch.SocketDispatcher.write(SocketDispatcher.java:51)
	at sun.nio.ch.IOUtil.writeFromNativeBuffer(IOUtil.java:93)
	at sun.nio.ch.IOUtil.write(IOUtil.java:65)
	at sun.nio.ch.SocketChannelImpl.write(SocketChannelImpl.java:469)
	at org.apache.tomcat.util.net.NioChannel.write(NioChannel.java:135)
	at org.apache.tomcat.util.net.NioEndpoint$NioSocketWrapper.doWrite(NioEndpoint.java:1424)
	at org.apache.tomcat.util.net.SocketWrapperBase.doWrite(SocketWrapperBase.java:768)
	at org.apache.tomcat.util.net.SocketWrapperBase.writeBlocking(SocketWrapperBase.java:593)
	at org.apache.tomcat.util.net.SocketWrapperBase.write(SocketWrapperBase.java:537)
	at org.apache.coyote.http11.Http11OutputBuffer$SocketOutputBuffer.doWrite(Http11OutputBuffer.java:547)
	at org.apache.coyote.http11.filters.ChunkedOutputFilter.doWrite(ChunkedOutputFilter.java:112)
	at org.apache.coyote.http11.Http11OutputBuffer.doWrite(Http11OutputBuffer.java:194)
	at org.apache.coyote.Response.doWrite(Response.java:615)
	at org.apache.catalina.connector.OutputBuffer.realWriteBytes(OutputBuffer.java:340)
	at org.apache.catalina.connector.OutputBuffer.flushByteBuffer(OutputBuffer.java:784)
	at org.apache.catalina.connector.OutputBuffer.doFlush(OutputBuffer.java:299)
	at org.apache.catalina.connector.OutputBuffer.flush(OutputBuffer.java:273)
	at org.apache.catalina.connector.CoyoteOutputStream.flush(CoyoteOutputStream.java:118)
	at com.shark.aio.videodetect.controller.EmbedController.lambda$getFlaskPage$1(EmbedController.java:54)
	at org.springframework.web.client.RestTemplate.doExecute(RestTemplate.java:778)
	at org.springframework.web.client.RestTemplate.execute(RestTemplate.java:711)
	at com.shark.aio.videodetect.controller.EmbedController.getFlaskPage(EmbedController.java:60)
	at sun.reflect.NativeMethodAccessorImpl.invoke0(Native Method)
	at sun.reflect.NativeMethodAccessorImpl.invoke(NativeMethodAccessorImpl.java:62)
	at sun.reflect.DelegatingMethodAccessorImpl.invoke(DelegatingMethodAccessorImpl.java:43)
	at java.lang.reflect.Method.invoke(Method.java:498)
	at org.springframework.web.method.support.InvocableHandlerMethod.doInvoke(InvocableHandlerMethod.java:205)
	at org.springframework.web.method.support.InvocableHandlerMethod.invokeForRequest(InvocableHandlerMethod.java:150)
	at org.springframework.web.servlet.mvc.method.annotation.ServletInvocableHandlerMethod.invokeAndHandle(ServletInvocableHandlerMethod.java:117)
	at org.springframework.web.servlet.mvc.method.annotation.RequestMappingHandlerAdapter.invokeHandlerMethod(RequestMappingHandlerAdapter.java:895)
	at org.springframework.web.servlet.mvc.method.annotation.RequestMappingHandlerAdapter.handleInternal(RequestMappingHandlerAdapter.java:808)
	at org.springframework.web.servlet.mvc.method.AbstractHandlerMethodAdapter.handle(AbstractHandlerMethodAdapter.java:87)
	at org.springframework.web.servlet.DispatcherServlet.doDispatch(DispatcherServlet.java:1071)
	at org.springframework.web.servlet.DispatcherServlet.doService(DispatcherServlet.java:964)
	at org.springframework.web.servlet.FrameworkServlet.processRequest(FrameworkServlet.java:1006)
	at org.springframework.web.servlet.FrameworkServlet.doGet(FrameworkServlet.java:898)
	at javax.servlet.http.HttpServlet.service(HttpServlet.java:670)
	at org.springframework.web.servlet.FrameworkServlet.service(FrameworkServlet.java:883)
	at javax.servlet.http.HttpServlet.service(HttpServlet.java:779)
	at org.apache.catalina.core.ApplicationFilterChain.internalDoFilter(ApplicationFilterChain.java:227)
	at org.apache.catalina.core.ApplicationFilterChain.doFilter(ApplicationFilterChain.java:162)
	at org.apache.tomcat.websocket.server.WsFilter.doFilter(WsFilter.java:53)
	at org.apache.catalina.core.ApplicationFilterChain.internalDoFilter(ApplicationFilterChain.java:189)
	at org.apache.catalina.core.ApplicationFilterChain.doFilter(ApplicationFilterChain.java:162)
	at org.springframework.web.filter.CharacterEncodingFilter.doFilterInternal(CharacterEncodingFilter.java:201)
	at org.springframework.web.filter.OncePerRequestFilter.doFilter(OncePerRequestFilter.java:117)
	at org.apache.catalina.core.ApplicationFilterChain.internalDoFilter(ApplicationFilterChain.java:189)
	at org.apache.catalina.core.ApplicationFilterChain.doFilter(ApplicationFilterChain.java:162)
	at org.apache.catalina.core.StandardWrapperValve.invoke(StandardWrapperValve.java:197)
	at org.apache.catalina.core.StandardContextValve.invoke(StandardContextValve.java:97)
	at org.apache.catalina.authenticator.AuthenticatorBase.invoke(AuthenticatorBase.java:541)
	at org.apache.catalina.core.StandardHostValve.invoke(StandardHostValve.java:135)
	at org.apache.catalina.valves.ErrorReportValve.invoke(ErrorReportValve.java:92)
	at org.apache.catalina.core.StandardEngineValve.invoke(StandardEngineValve.java:78)
	at org.apache.catalina.connector.CoyoteAdapter.service(CoyoteAdapter.java:360)
	at org.apache.coyote.http11.Http11Processor.service(Http11Processor.java:399)
	at org.apache.coyote.AbstractProcessorLight.process(AbstractProcessorLight.java:65)
	at org.apache.coyote.AbstractProtocol$ConnectionHandler.process(AbstractProtocol.java:893)
	at org.apache.tomcat.util.net.NioEndpoint$SocketProcessor.doRun(NioEndpoint.java:1789)
	at org.apache.tomcat.util.net.SocketProcessorBase.run(SocketProcessorBase.java:49)
	at org.apache.tomcat.util.threads.ThreadPoolExecutor.runWorker(ThreadPoolExecutor.java:1191)
	at org.apache.tomcat.util.threads.ThreadPoolExecutor$Worker.run(ThreadPoolExecutor.java:659)
	at org.apache.tomcat.util.threads.TaskThread$WrappingRunnable.run(TaskThread.java:61)
	at java.lang.Thread.run(Thread.java:750)
2024-08-29 13:50:34.597 [,] [scheduling-1] ERROR o.s.s.s.TaskUtils$LoggingErrorHandler - [handleError,95] - Unexpected error occurred in scheduled task
java.lang.InterruptedException: null
	at java.util.concurrent.FutureTask.awaitDone(FutureTask.java:404)
	at java.util.concurrent.FutureTask.get(FutureTask.java:191)
	at com.shark.aio.base.controller.InitFFmpeg.monitorFfmpegProcess(InitFFmpeg.java:106)
	at com.shark.aio.base.controller.InitFFmpeg$$FastClassBySpringCGLIB$$6f28da27.invoke(<generated>)
	at org.springframework.cglib.proxy.MethodProxy.invoke(MethodProxy.java:218)
	at org.springframework.aop.framework.CglibAopProxy$CglibMethodInvocation.invokeJoinpoint(CglibAopProxy.java:793)
	at org.springframework.aop.framework.ReflectiveMethodInvocation.proceed(ReflectiveMethodInvocation.java:163)
	at org.springframework.aop.framework.CglibAopProxy$CglibMethodInvocation.proceed(CglibAopProxy.java:763)
	at org.springframework.aop.framework.adapter.MethodBeforeAdviceInterceptor.invoke(MethodBeforeAdviceInterceptor.java:58)
	at org.springframework.aop.framework.ReflectiveMethodInvocation.proceed(ReflectiveMethodInvocation.java:186)
	at org.springframework.aop.framework.CglibAopProxy$CglibMethodInvocation.proceed(CglibAopProxy.java:763)
	at org.springframework.aop.interceptor.ExposeInvocationInterceptor.invoke(ExposeInvocationInterceptor.java:97)
	at org.springframework.aop.framework.ReflectiveMethodInvocation.proceed(ReflectiveMethodInvocation.java:186)
	at org.springframework.aop.framework.CglibAopProxy$CglibMethodInvocation.proceed(CglibAopProxy.java:763)
	at org.springframework.aop.framework.CglibAopProxy$DynamicAdvisedInterceptor.intercept(CglibAopProxy.java:708)
	at com.shark.aio.base.controller.InitFFmpeg$$EnhancerBySpringCGLIB$$1466892f.monitorFfmpegProcess(<generated>)
	at sun.reflect.NativeMethodAccessorImpl.invoke0(Native Method)
	at sun.reflect.NativeMethodAccessorImpl.invoke(NativeMethodAccessorImpl.java:62)
	at sun.reflect.DelegatingMethodAccessorImpl.invoke(DelegatingMethodAccessorImpl.java:43)
	at java.lang.reflect.Method.invoke(Method.java:498)
	at org.springframework.scheduling.support.ScheduledMethodRunnable.run(ScheduledMethodRunnable.java:84)
	at org.springframework.scheduling.support.DelegatingErrorHandlingRunnable.run(DelegatingErrorHandlingRunnable.java:54)
	at org.springframework.scheduling.concurrent.ReschedulingRunnable.run(ReschedulingRunnable.java:95)
	at java.util.concurrent.Executors$RunnableAdapter.call(Executors.java:511)
	at java.util.concurrent.FutureTask.run(FutureTask.java:266)
	at java.util.concurrent.ScheduledThreadPoolExecutor$ScheduledFutureTask.access$201(ScheduledThreadPoolExecutor.java:180)
	at java.util.concurrent.ScheduledThreadPoolExecutor$ScheduledFutureTask.run(ScheduledThreadPoolExecutor.java:293)
	at java.util.concurrent.ThreadPoolExecutor.runWorker(ThreadPoolExecutor.java:1149)
	at java.util.concurrent.ThreadPoolExecutor$Worker.run(ThreadPoolExecutor.java:624)
	at java.lang.Thread.run(Thread.java:750)
2024-08-29 13:53:31.436 [,] [scheduling-1] ERROR o.s.s.s.TaskUtils$LoggingErrorHandler - [handleError,95] - Unexpected error occurred in scheduled task
java.lang.InterruptedException: null
	at java.util.concurrent.FutureTask.awaitDone(FutureTask.java:404)
	at java.util.concurrent.FutureTask.get(FutureTask.java:191)
	at com.shark.aio.base.controller.InitFFmpeg.monitorFfmpegProcess(InitFFmpeg.java:106)
	at com.shark.aio.base.controller.InitFFmpeg$$FastClassBySpringCGLIB$$6f28da27.invoke(<generated>)
	at org.springframework.cglib.proxy.MethodProxy.invoke(MethodProxy.java:218)
	at org.springframework.aop.framework.CglibAopProxy$CglibMethodInvocation.invokeJoinpoint(CglibAopProxy.java:793)
	at org.springframework.aop.framework.ReflectiveMethodInvocation.proceed(ReflectiveMethodInvocation.java:163)
	at org.springframework.aop.framework.CglibAopProxy$CglibMethodInvocation.proceed(CglibAopProxy.java:763)
	at org.springframework.aop.framework.adapter.MethodBeforeAdviceInterceptor.invoke(MethodBeforeAdviceInterceptor.java:58)
	at org.springframework.aop.framework.ReflectiveMethodInvocation.proceed(ReflectiveMethodInvocation.java:186)
	at org.springframework.aop.framework.CglibAopProxy$CglibMethodInvocation.proceed(CglibAopProxy.java:763)
	at org.springframework.aop.interceptor.ExposeInvocationInterceptor.invoke(ExposeInvocationInterceptor.java:97)
	at org.springframework.aop.framework.ReflectiveMethodInvocation.proceed(ReflectiveMethodInvocation.java:186)
	at org.springframework.aop.framework.CglibAopProxy$CglibMethodInvocation.proceed(CglibAopProxy.java:763)
	at org.springframework.aop.framework.CglibAopProxy$DynamicAdvisedInterceptor.intercept(CglibAopProxy.java:708)
	at com.shark.aio.base.controller.InitFFmpeg$$EnhancerBySpringCGLIB$$251c05dc.monitorFfmpegProcess(<generated>)
	at sun.reflect.NativeMethodAccessorImpl.invoke0(Native Method)
	at sun.reflect.NativeMethodAccessorImpl.invoke(NativeMethodAccessorImpl.java:62)
	at sun.reflect.DelegatingMethodAccessorImpl.invoke(DelegatingMethodAccessorImpl.java:43)
	at java.lang.reflect.Method.invoke(Method.java:498)
	at org.springframework.scheduling.support.ScheduledMethodRunnable.run(ScheduledMethodRunnable.java:84)
	at org.springframework.scheduling.support.DelegatingErrorHandlingRunnable.run(DelegatingErrorHandlingRunnable.java:54)
	at org.springframework.scheduling.concurrent.ReschedulingRunnable.run(ReschedulingRunnable.java:95)
	at java.util.concurrent.Executors$RunnableAdapter.call(Executors.java:511)
	at java.util.concurrent.FutureTask.run(FutureTask.java:266)
	at java.util.concurrent.ScheduledThreadPoolExecutor$ScheduledFutureTask.access$201(ScheduledThreadPoolExecutor.java:180)
	at java.util.concurrent.ScheduledThreadPoolExecutor$ScheduledFutureTask.run(ScheduledThreadPoolExecutor.java:293)
	at java.util.concurrent.ThreadPoolExecutor.runWorker(ThreadPoolExecutor.java:1149)
	at java.util.concurrent.ThreadPoolExecutor$Worker.run(ThreadPoolExecutor.java:624)
	at java.lang.Thread.run(Thread.java:750)
2024-08-29 13:54:46.184 [,] [scheduling-1] ERROR o.s.s.s.TaskUtils$LoggingErrorHandler - [handleError,95] - Unexpected error occurred in scheduled task
java.lang.InterruptedException: null
	at java.util.concurrent.FutureTask.awaitDone(FutureTask.java:404)
	at java.util.concurrent.FutureTask.get(FutureTask.java:191)
	at com.shark.aio.base.controller.InitFFmpeg.monitorFfmpegProcess(InitFFmpeg.java:106)
	at com.shark.aio.base.controller.InitFFmpeg$$FastClassBySpringCGLIB$$6f28da27.invoke(<generated>)
	at org.springframework.cglib.proxy.MethodProxy.invoke(MethodProxy.java:218)
	at org.springframework.aop.framework.CglibAopProxy$CglibMethodInvocation.invokeJoinpoint(CglibAopProxy.java:793)
	at org.springframework.aop.framework.ReflectiveMethodInvocation.proceed(ReflectiveMethodInvocation.java:163)
	at org.springframework.aop.framework.CglibAopProxy$CglibMethodInvocation.proceed(CglibAopProxy.java:763)
	at org.springframework.aop.framework.adapter.MethodBeforeAdviceInterceptor.invoke(MethodBeforeAdviceInterceptor.java:58)
	at org.springframework.aop.framework.ReflectiveMethodInvocation.proceed(ReflectiveMethodInvocation.java:186)
	at org.springframework.aop.framework.CglibAopProxy$CglibMethodInvocation.proceed(CglibAopProxy.java:763)
	at org.springframework.aop.interceptor.ExposeInvocationInterceptor.invoke(ExposeInvocationInterceptor.java:97)
	at org.springframework.aop.framework.ReflectiveMethodInvocation.proceed(ReflectiveMethodInvocation.java:186)
	at org.springframework.aop.framework.CglibAopProxy$CglibMethodInvocation.proceed(CglibAopProxy.java:763)
	at org.springframework.aop.framework.CglibAopProxy$DynamicAdvisedInterceptor.intercept(CglibAopProxy.java:708)
	at com.shark.aio.base.controller.InitFFmpeg$$EnhancerBySpringCGLIB$$251c05dc.monitorFfmpegProcess(<generated>)
	at sun.reflect.NativeMethodAccessorImpl.invoke0(Native Method)
	at sun.reflect.NativeMethodAccessorImpl.invoke(NativeMethodAccessorImpl.java:62)
	at sun.reflect.DelegatingMethodAccessorImpl.invoke(DelegatingMethodAccessorImpl.java:43)
	at java.lang.reflect.Method.invoke(Method.java:498)
	at org.springframework.scheduling.support.ScheduledMethodRunnable.run(ScheduledMethodRunnable.java:84)
	at org.springframework.scheduling.support.DelegatingErrorHandlingRunnable.run(DelegatingErrorHandlingRunnable.java:54)
	at org.springframework.scheduling.concurrent.ReschedulingRunnable.run(ReschedulingRunnable.java:95)
	at java.util.concurrent.Executors$RunnableAdapter.call(Executors.java:511)
	at java.util.concurrent.FutureTask.run(FutureTask.java:266)
	at java.util.concurrent.ScheduledThreadPoolExecutor$ScheduledFutureTask.access$201(ScheduledThreadPoolExecutor.java:180)
	at java.util.concurrent.ScheduledThreadPoolExecutor$ScheduledFutureTask.run(ScheduledThreadPoolExecutor.java:293)
	at java.util.concurrent.ThreadPoolExecutor.runWorker(ThreadPoolExecutor.java:1149)
	at java.util.concurrent.ThreadPoolExecutor$Worker.run(ThreadPoolExecutor.java:624)
	at java.lang.Thread.run(Thread.java:750)
2024-08-29 13:58:02.440 [,] [scheduling-1] ERROR o.s.s.s.TaskUtils$LoggingErrorHandler - [handleError,95] - Unexpected error occurred in scheduled task
java.lang.InterruptedException: null
	at java.util.concurrent.FutureTask.awaitDone(FutureTask.java:404)
	at java.util.concurrent.FutureTask.get(FutureTask.java:191)
	at com.shark.aio.base.controller.InitFFmpeg.monitorFfmpegProcess(InitFFmpeg.java:106)
	at com.shark.aio.base.controller.InitFFmpeg$$FastClassBySpringCGLIB$$6f28da27.invoke(<generated>)
	at org.springframework.cglib.proxy.MethodProxy.invoke(MethodProxy.java:218)
	at org.springframework.aop.framework.CglibAopProxy$CglibMethodInvocation.invokeJoinpoint(CglibAopProxy.java:793)
	at org.springframework.aop.framework.ReflectiveMethodInvocation.proceed(ReflectiveMethodInvocation.java:163)
	at org.springframework.aop.framework.CglibAopProxy$CglibMethodInvocation.proceed(CglibAopProxy.java:763)
	at org.springframework.aop.framework.adapter.MethodBeforeAdviceInterceptor.invoke(MethodBeforeAdviceInterceptor.java:58)
	at org.springframework.aop.framework.ReflectiveMethodInvocation.proceed(ReflectiveMethodInvocation.java:186)
	at org.springframework.aop.framework.CglibAopProxy$CglibMethodInvocation.proceed(CglibAopProxy.java:763)
	at org.springframework.aop.interceptor.ExposeInvocationInterceptor.invoke(ExposeInvocationInterceptor.java:97)
	at org.springframework.aop.framework.ReflectiveMethodInvocation.proceed(ReflectiveMethodInvocation.java:186)
	at org.springframework.aop.framework.CglibAopProxy$CglibMethodInvocation.proceed(CglibAopProxy.java:763)
	at org.springframework.aop.framework.CglibAopProxy$DynamicAdvisedInterceptor.intercept(CglibAopProxy.java:708)
	at com.shark.aio.base.controller.InitFFmpeg$$EnhancerBySpringCGLIB$$251c05dc.monitorFfmpegProcess(<generated>)
	at sun.reflect.NativeMethodAccessorImpl.invoke0(Native Method)
	at sun.reflect.NativeMethodAccessorImpl.invoke(NativeMethodAccessorImpl.java:62)
	at sun.reflect.DelegatingMethodAccessorImpl.invoke(DelegatingMethodAccessorImpl.java:43)
	at java.lang.reflect.Method.invoke(Method.java:498)
	at org.springframework.scheduling.support.ScheduledMethodRunnable.run(ScheduledMethodRunnable.java:84)
	at org.springframework.scheduling.support.DelegatingErrorHandlingRunnable.run(DelegatingErrorHandlingRunnable.java:54)
	at org.springframework.scheduling.concurrent.ReschedulingRunnable.run(ReschedulingRunnable.java:95)
	at java.util.concurrent.Executors$RunnableAdapter.call(Executors.java:511)
	at java.util.concurrent.FutureTask.run(FutureTask.java:266)
	at java.util.concurrent.ScheduledThreadPoolExecutor$ScheduledFutureTask.access$201(ScheduledThreadPoolExecutor.java:180)
	at java.util.concurrent.ScheduledThreadPoolExecutor$ScheduledFutureTask.run(ScheduledThreadPoolExecutor.java:293)
	at java.util.concurrent.ThreadPoolExecutor.runWorker(ThreadPoolExecutor.java:1149)
	at java.util.concurrent.ThreadPoolExecutor$Worker.run(ThreadPoolExecutor.java:624)
	at java.lang.Thread.run(Thread.java:750)
2024-08-29 14:06:09.302 [,] [http-nio-127.0.0.1-8089-exec-1] ERROR o.a.c.c.C.[.[.[.[dispatcherServlet] - [log,175] - Servlet.service() for servlet [dispatcherServlet] in context with path [] threw exception [Request processing failed; nested exception is org.springframework.web.client.ResourceAccessException: I/O error on GET request for "http://localhost:5555/video_feed": java.io.IOException: 你的主机中的软件中止了一个已建立的连接。; nested exception is org.apache.catalina.connector.ClientAbortException: java.io.IOException: 你的主机中的软件中止了一个已建立的连接。] with root cause
java.io.IOException: 你的主机中的软件中止了一个已建立的连接。
	at sun.nio.ch.SocketDispatcher.write0(Native Method)
	at sun.nio.ch.SocketDispatcher.write(SocketDispatcher.java:51)
	at sun.nio.ch.IOUtil.writeFromNativeBuffer(IOUtil.java:93)
	at sun.nio.ch.IOUtil.write(IOUtil.java:65)
	at sun.nio.ch.SocketChannelImpl.write(SocketChannelImpl.java:469)
	at org.apache.tomcat.util.net.NioChannel.write(NioChannel.java:135)
	at org.apache.tomcat.util.net.NioEndpoint$NioSocketWrapper.doWrite(NioEndpoint.java:1424)
	at org.apache.tomcat.util.net.SocketWrapperBase.doWrite(SocketWrapperBase.java:768)
	at org.apache.tomcat.util.net.SocketWrapperBase.writeBlocking(SocketWrapperBase.java:593)
	at org.apache.tomcat.util.net.SocketWrapperBase.write(SocketWrapperBase.java:537)
	at org.apache.coyote.http11.Http11OutputBuffer$SocketOutputBuffer.doWrite(Http11OutputBuffer.java:547)
	at org.apache.coyote.http11.filters.ChunkedOutputFilter.doWrite(ChunkedOutputFilter.java:112)
	at org.apache.coyote.http11.Http11OutputBuffer.doWrite(Http11OutputBuffer.java:194)
	at org.apache.coyote.Response.doWrite(Response.java:615)
	at org.apache.catalina.connector.OutputBuffer.realWriteBytes(OutputBuffer.java:340)
	at org.apache.catalina.connector.OutputBuffer.flushByteBuffer(OutputBuffer.java:784)
	at org.apache.catalina.connector.OutputBuffer.doFlush(OutputBuffer.java:299)
	at org.apache.catalina.connector.OutputBuffer.flush(OutputBuffer.java:273)
	at org.apache.catalina.connector.CoyoteOutputStream.flush(CoyoteOutputStream.java:118)
	at com.shark.aio.videodetect.controller.EmbedController.lambda$getFlaskPage$1(EmbedController.java:54)
	at org.springframework.web.client.RestTemplate.doExecute(RestTemplate.java:778)
	at org.springframework.web.client.RestTemplate.execute(RestTemplate.java:711)
	at com.shark.aio.videodetect.controller.EmbedController.getFlaskPage(EmbedController.java:60)
	at sun.reflect.NativeMethodAccessorImpl.invoke0(Native Method)
	at sun.reflect.NativeMethodAccessorImpl.invoke(NativeMethodAccessorImpl.java:62)
	at sun.reflect.DelegatingMethodAccessorImpl.invoke(DelegatingMethodAccessorImpl.java:43)
	at java.lang.reflect.Method.invoke(Method.java:498)
	at org.springframework.web.method.support.InvocableHandlerMethod.doInvoke(InvocableHandlerMethod.java:205)
	at org.springframework.web.method.support.InvocableHandlerMethod.invokeForRequest(InvocableHandlerMethod.java:150)
	at org.springframework.web.servlet.mvc.method.annotation.ServletInvocableHandlerMethod.invokeAndHandle(ServletInvocableHandlerMethod.java:117)
	at org.springframework.web.servlet.mvc.method.annotation.RequestMappingHandlerAdapter.invokeHandlerMethod(RequestMappingHandlerAdapter.java:895)
	at org.springframework.web.servlet.mvc.method.annotation.RequestMappingHandlerAdapter.handleInternal(RequestMappingHandlerAdapter.java:808)
	at org.springframework.web.servlet.mvc.method.AbstractHandlerMethodAdapter.handle(AbstractHandlerMethodAdapter.java:87)
	at org.springframework.web.servlet.DispatcherServlet.doDispatch(DispatcherServlet.java:1071)
	at org.springframework.web.servlet.DispatcherServlet.doService(DispatcherServlet.java:964)
	at org.springframework.web.servlet.FrameworkServlet.processRequest(FrameworkServlet.java:1006)
	at org.springframework.web.servlet.FrameworkServlet.doGet(FrameworkServlet.java:898)
	at javax.servlet.http.HttpServlet.service(HttpServlet.java:670)
	at org.springframework.web.servlet.FrameworkServlet.service(FrameworkServlet.java:883)
	at javax.servlet.http.HttpServlet.service(HttpServlet.java:779)
	at org.apache.catalina.core.ApplicationFilterChain.internalDoFilter(ApplicationFilterChain.java:227)
	at org.apache.catalina.core.ApplicationFilterChain.doFilter(ApplicationFilterChain.java:162)
	at org.apache.tomcat.websocket.server.WsFilter.doFilter(WsFilter.java:53)
	at org.apache.catalina.core.ApplicationFilterChain.internalDoFilter(ApplicationFilterChain.java:189)
	at org.apache.catalina.core.ApplicationFilterChain.doFilter(ApplicationFilterChain.java:162)
	at org.springframework.web.filter.CharacterEncodingFilter.doFilterInternal(CharacterEncodingFilter.java:201)
	at org.springframework.web.filter.OncePerRequestFilter.doFilter(OncePerRequestFilter.java:117)
	at org.apache.catalina.core.ApplicationFilterChain.internalDoFilter(ApplicationFilterChain.java:189)
	at org.apache.catalina.core.ApplicationFilterChain.doFilter(ApplicationFilterChain.java:162)
	at org.apache.catalina.core.StandardWrapperValve.invoke(StandardWrapperValve.java:197)
	at org.apache.catalina.core.StandardContextValve.invoke(StandardContextValve.java:97)
	at org.apache.catalina.authenticator.AuthenticatorBase.invoke(AuthenticatorBase.java:541)
	at org.apache.catalina.core.StandardHostValve.invoke(StandardHostValve.java:135)
	at org.apache.catalina.valves.ErrorReportValve.invoke(ErrorReportValve.java:92)
	at org.apache.catalina.core.StandardEngineValve.invoke(StandardEngineValve.java:78)
	at org.apache.catalina.connector.CoyoteAdapter.service(CoyoteAdapter.java:360)
	at org.apache.coyote.http11.Http11Processor.service(Http11Processor.java:399)
	at org.apache.coyote.AbstractProcessorLight.process(AbstractProcessorLight.java:65)
	at org.apache.coyote.AbstractProtocol$ConnectionHandler.process(AbstractProtocol.java:893)
	at org.apache.tomcat.util.net.NioEndpoint$SocketProcessor.doRun(NioEndpoint.java:1789)
	at org.apache.tomcat.util.net.SocketProcessorBase.run(SocketProcessorBase.java:49)
	at org.apache.tomcat.util.threads.ThreadPoolExecutor.runWorker(ThreadPoolExecutor.java:1191)
	at org.apache.tomcat.util.threads.ThreadPoolExecutor$Worker.run(ThreadPoolExecutor.java:659)
	at org.apache.tomcat.util.threads.TaskThread$WrappingRunnable.run(TaskThread.java:61)
	at java.lang.Thread.run(Thread.java:750)
2024-08-29 14:06:57.462 [,] [http-nio-127.0.0.1-8089-exec-4] ERROR o.a.c.c.C.[.[.[.[dispatcherServlet] - [log,175] - Servlet.service() for servlet [dispatcherServlet] in context with path [] threw exception [Request processing failed; nested exception is org.springframework.web.client.ResourceAccessException: I/O error on GET request for "http://localhost:5555/video_feed": java.io.IOException: 你的主机中的软件中止了一个已建立的连接。; nested exception is org.apache.catalina.connector.ClientAbortException: java.io.IOException: 你的主机中的软件中止了一个已建立的连接。] with root cause
java.io.IOException: 你的主机中的软件中止了一个已建立的连接。
	at sun.nio.ch.SocketDispatcher.write0(Native Method)
	at sun.nio.ch.SocketDispatcher.write(SocketDispatcher.java:51)
	at sun.nio.ch.IOUtil.writeFromNativeBuffer(IOUtil.java:93)
	at sun.nio.ch.IOUtil.write(IOUtil.java:65)
	at sun.nio.ch.SocketChannelImpl.write(SocketChannelImpl.java:469)
	at org.apache.tomcat.util.net.NioChannel.write(NioChannel.java:135)
	at org.apache.tomcat.util.net.NioEndpoint$NioSocketWrapper.doWrite(NioEndpoint.java:1424)
	at org.apache.tomcat.util.net.SocketWrapperBase.doWrite(SocketWrapperBase.java:768)
	at org.apache.tomcat.util.net.SocketWrapperBase.flushBlocking(SocketWrapperBase.java:732)
	at org.apache.tomcat.util.net.SocketWrapperBase.flush(SocketWrapperBase.java:716)
	at org.apache.coyote.http11.Http11OutputBuffer$SocketOutputBuffer.flush(Http11OutputBuffer.java:573)
	at org.apache.coyote.http11.filters.ChunkedOutputFilter.flush(ChunkedOutputFilter.java:157)
	at org.apache.coyote.http11.Http11OutputBuffer.flush(Http11OutputBuffer.java:221)
	at org.apache.coyote.http11.Http11Processor.flush(Http11Processor.java:1253)
	at org.apache.coyote.AbstractProcessor.action(AbstractProcessor.java:402)
	at org.apache.coyote.Response.action(Response.java:209)
	at org.apache.catalina.connector.OutputBuffer.doFlush(OutputBuffer.java:306)
	at org.apache.catalina.connector.OutputBuffer.flush(OutputBuffer.java:273)
	at org.apache.catalina.connector.CoyoteOutputStream.flush(CoyoteOutputStream.java:118)
	at com.shark.aio.videodetect.controller.EmbedController.lambda$getFlaskPage$1(EmbedController.java:54)
	at org.springframework.web.client.RestTemplate.doExecute(RestTemplate.java:778)
	at org.springframework.web.client.RestTemplate.execute(RestTemplate.java:711)
	at com.shark.aio.videodetect.controller.EmbedController.getFlaskPage(EmbedController.java:60)
	at sun.reflect.NativeMethodAccessorImpl.invoke0(Native Method)
	at sun.reflect.NativeMethodAccessorImpl.invoke(NativeMethodAccessorImpl.java:62)
	at sun.reflect.DelegatingMethodAccessorImpl.invoke(DelegatingMethodAccessorImpl.java:43)
	at java.lang.reflect.Method.invoke(Method.java:498)
	at org.springframework.web.method.support.InvocableHandlerMethod.doInvoke(InvocableHandlerMethod.java:205)
	at org.springframework.web.method.support.InvocableHandlerMethod.invokeForRequest(InvocableHandlerMethod.java:150)
	at org.springframework.web.servlet.mvc.method.annotation.ServletInvocableHandlerMethod.invokeAndHandle(ServletInvocableHandlerMethod.java:117)
	at org.springframework.web.servlet.mvc.method.annotation.RequestMappingHandlerAdapter.invokeHandlerMethod(RequestMappingHandlerAdapter.java:895)
	at org.springframework.web.servlet.mvc.method.annotation.RequestMappingHandlerAdapter.handleInternal(RequestMappingHandlerAdapter.java:808)
	at org.springframework.web.servlet.mvc.method.AbstractHandlerMethodAdapter.handle(AbstractHandlerMethodAdapter.java:87)
	at org.springframework.web.servlet.DispatcherServlet.doDispatch(DispatcherServlet.java:1071)
	at org.springframework.web.servlet.DispatcherServlet.doService(DispatcherServlet.java:964)
	at org.springframework.web.servlet.FrameworkServlet.processRequest(FrameworkServlet.java:1006)
	at org.springframework.web.servlet.FrameworkServlet.doGet(FrameworkServlet.java:898)
	at javax.servlet.http.HttpServlet.service(HttpServlet.java:670)
	at org.springframework.web.servlet.FrameworkServlet.service(FrameworkServlet.java:883)
	at javax.servlet.http.HttpServlet.service(HttpServlet.java:779)
	at org.apache.catalina.core.ApplicationFilterChain.internalDoFilter(ApplicationFilterChain.java:227)
	at org.apache.catalina.core.ApplicationFilterChain.doFilter(ApplicationFilterChain.java:162)
	at org.apache.tomcat.websocket.server.WsFilter.doFilter(WsFilter.java:53)
	at org.apache.catalina.core.ApplicationFilterChain.internalDoFilter(ApplicationFilterChain.java:189)
	at org.apache.catalina.core.ApplicationFilterChain.doFilter(ApplicationFilterChain.java:162)
	at org.springframework.web.filter.CharacterEncodingFilter.doFilterInternal(CharacterEncodingFilter.java:201)
	at org.springframework.web.filter.OncePerRequestFilter.doFilter(OncePerRequestFilter.java:117)
	at org.apache.catalina.core.ApplicationFilterChain.internalDoFilter(ApplicationFilterChain.java:189)
	at org.apache.catalina.core.ApplicationFilterChain.doFilter(ApplicationFilterChain.java:162)
	at org.apache.catalina.core.StandardWrapperValve.invoke(StandardWrapperValve.java:197)
	at org.apache.catalina.core.StandardContextValve.invoke(StandardContextValve.java:97)
	at org.apache.catalina.authenticator.AuthenticatorBase.invoke(AuthenticatorBase.java:541)
	at org.apache.catalina.core.StandardHostValve.invoke(StandardHostValve.java:135)
	at org.apache.catalina.valves.ErrorReportValve.invoke(ErrorReportValve.java:92)
	at org.apache.catalina.core.StandardEngineValve.invoke(StandardEngineValve.java:78)
	at org.apache.catalina.connector.CoyoteAdapter.service(CoyoteAdapter.java:360)
	at org.apache.coyote.http11.Http11Processor.service(Http11Processor.java:399)
	at org.apache.coyote.AbstractProcessorLight.process(AbstractProcessorLight.java:65)
	at org.apache.coyote.AbstractProtocol$ConnectionHandler.process(AbstractProtocol.java:893)
	at org.apache.tomcat.util.net.NioEndpoint$SocketProcessor.doRun(NioEndpoint.java:1789)
	at org.apache.tomcat.util.net.SocketProcessorBase.run(SocketProcessorBase.java:49)
	at org.apache.tomcat.util.threads.ThreadPoolExecutor.runWorker(ThreadPoolExecutor.java:1191)
	at org.apache.tomcat.util.threads.ThreadPoolExecutor$Worker.run(ThreadPoolExecutor.java:659)
	at org.apache.tomcat.util.threads.TaskThread$WrappingRunnable.run(TaskThread.java:61)
	at java.lang.Thread.run(Thread.java:750)
2024-08-29 14:15:37.509 [,] [scheduling-1] ERROR o.s.s.s.TaskUtils$LoggingErrorHandler - [handleError,95] - Unexpected error occurred in scheduled task
java.lang.InterruptedException: null
	at java.util.concurrent.FutureTask.awaitDone(FutureTask.java:404)
	at java.util.concurrent.FutureTask.get(FutureTask.java:191)
	at com.shark.aio.base.controller.InitFFmpeg.monitorFfmpegProcess(InitFFmpeg.java:106)
	at com.shark.aio.base.controller.InitFFmpeg$$FastClassBySpringCGLIB$$6f28da27.invoke(<generated>)
	at org.springframework.cglib.proxy.MethodProxy.invoke(MethodProxy.java:218)
	at org.springframework.aop.framework.CglibAopProxy$CglibMethodInvocation.invokeJoinpoint(CglibAopProxy.java:793)
	at org.springframework.aop.framework.ReflectiveMethodInvocation.proceed(ReflectiveMethodInvocation.java:163)
	at org.springframework.aop.framework.CglibAopProxy$CglibMethodInvocation.proceed(CglibAopProxy.java:763)
	at org.springframework.aop.framework.adapter.MethodBeforeAdviceInterceptor.invoke(MethodBeforeAdviceInterceptor.java:58)
	at org.springframework.aop.framework.ReflectiveMethodInvocation.proceed(ReflectiveMethodInvocation.java:186)
	at org.springframework.aop.framework.CglibAopProxy$CglibMethodInvocation.proceed(CglibAopProxy.java:763)
	at org.springframework.aop.interceptor.ExposeInvocationInterceptor.invoke(ExposeInvocationInterceptor.java:97)
	at org.springframework.aop.framework.ReflectiveMethodInvocation.proceed(ReflectiveMethodInvocation.java:186)
	at org.springframework.aop.framework.CglibAopProxy$CglibMethodInvocation.proceed(CglibAopProxy.java:763)
	at org.springframework.aop.framework.CglibAopProxy$DynamicAdvisedInterceptor.intercept(CglibAopProxy.java:708)
	at com.shark.aio.base.controller.InitFFmpeg$$EnhancerBySpringCGLIB$$63db7888.monitorFfmpegProcess(<generated>)
	at sun.reflect.NativeMethodAccessorImpl.invoke0(Native Method)
	at sun.reflect.NativeMethodAccessorImpl.invoke(NativeMethodAccessorImpl.java:62)
	at sun.reflect.DelegatingMethodAccessorImpl.invoke(DelegatingMethodAccessorImpl.java:43)
	at java.lang.reflect.Method.invoke(Method.java:498)
	at org.springframework.scheduling.support.ScheduledMethodRunnable.run(ScheduledMethodRunnable.java:84)
	at org.springframework.scheduling.support.DelegatingErrorHandlingRunnable.run(DelegatingErrorHandlingRunnable.java:54)
	at org.springframework.scheduling.concurrent.ReschedulingRunnable.run(ReschedulingRunnable.java:95)
	at java.util.concurrent.Executors$RunnableAdapter.call(Executors.java:511)
	at java.util.concurrent.FutureTask.run(FutureTask.java:266)
	at java.util.concurrent.ScheduledThreadPoolExecutor$ScheduledFutureTask.access$201(ScheduledThreadPoolExecutor.java:180)
	at java.util.concurrent.ScheduledThreadPoolExecutor$ScheduledFutureTask.run(ScheduledThreadPoolExecutor.java:293)
	at java.util.concurrent.ThreadPoolExecutor.runWorker(ThreadPoolExecutor.java:1149)
	at java.util.concurrent.ThreadPoolExecutor$Worker.run(ThreadPoolExecutor.java:624)
	at java.lang.Thread.run(Thread.java:750)
2024-08-29 14:19:25.235 [,] [scheduling-1] ERROR o.s.s.s.TaskUtils$LoggingErrorHandler - [handleError,95] - Unexpected error occurred in scheduled task
java.lang.InterruptedException: null
	at java.util.concurrent.FutureTask.awaitDone(FutureTask.java:404)
	at java.util.concurrent.FutureTask.get(FutureTask.java:191)
	at com.shark.aio.base.controller.InitFFmpeg.monitorFfmpegProcess(InitFFmpeg.java:106)
	at com.shark.aio.base.controller.InitFFmpeg$$FastClassBySpringCGLIB$$6f28da27.invoke(<generated>)
	at org.springframework.cglib.proxy.MethodProxy.invoke(MethodProxy.java:218)
	at org.springframework.aop.framework.CglibAopProxy$CglibMethodInvocation.invokeJoinpoint(CglibAopProxy.java:793)
	at org.springframework.aop.framework.ReflectiveMethodInvocation.proceed(ReflectiveMethodInvocation.java:163)
	at org.springframework.aop.framework.CglibAopProxy$CglibMethodInvocation.proceed(CglibAopProxy.java:763)
	at org.springframework.aop.framework.adapter.MethodBeforeAdviceInterceptor.invoke(MethodBeforeAdviceInterceptor.java:58)
	at org.springframework.aop.framework.ReflectiveMethodInvocation.proceed(ReflectiveMethodInvocation.java:186)
	at org.springframework.aop.framework.CglibAopProxy$CglibMethodInvocation.proceed(CglibAopProxy.java:763)
	at org.springframework.aop.interceptor.ExposeInvocationInterceptor.invoke(ExposeInvocationInterceptor.java:97)
	at org.springframework.aop.framework.ReflectiveMethodInvocation.proceed(ReflectiveMethodInvocation.java:186)
	at org.springframework.aop.framework.CglibAopProxy$CglibMethodInvocation.proceed(CglibAopProxy.java:763)
	at org.springframework.aop.framework.CglibAopProxy$DynamicAdvisedInterceptor.intercept(CglibAopProxy.java:708)
	at com.shark.aio.base.controller.InitFFmpeg$$EnhancerBySpringCGLIB$$63db7888.monitorFfmpegProcess(<generated>)
	at sun.reflect.NativeMethodAccessorImpl.invoke0(Native Method)
	at sun.reflect.NativeMethodAccessorImpl.invoke(NativeMethodAccessorImpl.java:62)
	at sun.reflect.DelegatingMethodAccessorImpl.invoke(DelegatingMethodAccessorImpl.java:43)
	at java.lang.reflect.Method.invoke(Method.java:498)
	at org.springframework.scheduling.support.ScheduledMethodRunnable.run(ScheduledMethodRunnable.java:84)
	at org.springframework.scheduling.support.DelegatingErrorHandlingRunnable.run(DelegatingErrorHandlingRunnable.java:54)
	at org.springframework.scheduling.concurrent.ReschedulingRunnable.run(ReschedulingRunnable.java:95)
	at java.util.concurrent.Executors$RunnableAdapter.call(Executors.java:511)
	at java.util.concurrent.FutureTask.run(FutureTask.java:266)
	at java.util.concurrent.ScheduledThreadPoolExecutor$ScheduledFutureTask.access$201(ScheduledThreadPoolExecutor.java:180)
	at java.util.concurrent.ScheduledThreadPoolExecutor$ScheduledFutureTask.run(ScheduledThreadPoolExecutor.java:293)
	at java.util.concurrent.ThreadPoolExecutor.runWorker(ThreadPoolExecutor.java:1149)
	at java.util.concurrent.ThreadPoolExecutor$Worker.run(ThreadPoolExecutor.java:624)
	at java.lang.Thread.run(Thread.java:750)
2024-08-29 14:28:22.651 [,] [scheduling-1] ERROR o.s.s.s.TaskUtils$LoggingErrorHandler - [handleError,95] - Unexpected error occurred in scheduled task
java.lang.InterruptedException: null
	at java.util.concurrent.FutureTask.awaitDone(FutureTask.java:404)
	at java.util.concurrent.FutureTask.get(FutureTask.java:191)
	at com.shark.aio.base.controller.InitFFmpeg.monitorFfmpegProcess(InitFFmpeg.java:106)
	at com.shark.aio.base.controller.InitFFmpeg$$FastClassBySpringCGLIB$$6f28da27.invoke(<generated>)
	at org.springframework.cglib.proxy.MethodProxy.invoke(MethodProxy.java:218)
	at org.springframework.aop.framework.CglibAopProxy$CglibMethodInvocation.invokeJoinpoint(CglibAopProxy.java:793)
	at org.springframework.aop.framework.ReflectiveMethodInvocation.proceed(ReflectiveMethodInvocation.java:163)
	at org.springframework.aop.framework.CglibAopProxy$CglibMethodInvocation.proceed(CglibAopProxy.java:763)
	at org.springframework.aop.framework.adapter.MethodBeforeAdviceInterceptor.invoke(MethodBeforeAdviceInterceptor.java:58)
	at org.springframework.aop.framework.ReflectiveMethodInvocation.proceed(ReflectiveMethodInvocation.java:186)
	at org.springframework.aop.framework.CglibAopProxy$CglibMethodInvocation.proceed(CglibAopProxy.java:763)
	at org.springframework.aop.interceptor.ExposeInvocationInterceptor.invoke(ExposeInvocationInterceptor.java:97)
	at org.springframework.aop.framework.ReflectiveMethodInvocation.proceed(ReflectiveMethodInvocation.java:186)
	at org.springframework.aop.framework.CglibAopProxy$CglibMethodInvocation.proceed(CglibAopProxy.java:763)
	at org.springframework.aop.framework.CglibAopProxy$DynamicAdvisedInterceptor.intercept(CglibAopProxy.java:708)
	at com.shark.aio.base.controller.InitFFmpeg$$EnhancerBySpringCGLIB$$251c05dc.monitorFfmpegProcess(<generated>)
	at sun.reflect.NativeMethodAccessorImpl.invoke0(Native Method)
	at sun.reflect.NativeMethodAccessorImpl.invoke(NativeMethodAccessorImpl.java:62)
	at sun.reflect.DelegatingMethodAccessorImpl.invoke(DelegatingMethodAccessorImpl.java:43)
	at java.lang.reflect.Method.invoke(Method.java:498)
	at org.springframework.scheduling.support.ScheduledMethodRunnable.run(ScheduledMethodRunnable.java:84)
	at org.springframework.scheduling.support.DelegatingErrorHandlingRunnable.run(DelegatingErrorHandlingRunnable.java:54)
	at org.springframework.scheduling.concurrent.ReschedulingRunnable.run(ReschedulingRunnable.java:95)
	at java.util.concurrent.Executors$RunnableAdapter.call(Executors.java:511)
	at java.util.concurrent.FutureTask.run(FutureTask.java:266)
	at java.util.concurrent.ScheduledThreadPoolExecutor$ScheduledFutureTask.access$201(ScheduledThreadPoolExecutor.java:180)
	at java.util.concurrent.ScheduledThreadPoolExecutor$ScheduledFutureTask.run(ScheduledThreadPoolExecutor.java:293)
	at java.util.concurrent.ThreadPoolExecutor.runWorker(ThreadPoolExecutor.java:1149)
	at java.util.concurrent.ThreadPoolExecutor$Worker.run(ThreadPoolExecutor.java:624)
	at java.lang.Thread.run(Thread.java:750)
2024-08-29 14:30:38.788 [,] [scheduling-1] ERROR o.s.s.s.TaskUtils$LoggingErrorHandler - [handleError,95] - Unexpected error occurred in scheduled task
java.lang.InterruptedException: null
	at java.util.concurrent.FutureTask.awaitDone(FutureTask.java:404)
	at java.util.concurrent.FutureTask.get(FutureTask.java:191)
	at com.shark.aio.base.controller.InitFFmpeg.monitorFfmpegProcess(InitFFmpeg.java:106)
	at com.shark.aio.base.controller.InitFFmpeg$$FastClassBySpringCGLIB$$6f28da27.invoke(<generated>)
	at org.springframework.cglib.proxy.MethodProxy.invoke(MethodProxy.java:218)
	at org.springframework.aop.framework.CglibAopProxy$CglibMethodInvocation.invokeJoinpoint(CglibAopProxy.java:793)
	at org.springframework.aop.framework.ReflectiveMethodInvocation.proceed(ReflectiveMethodInvocation.java:163)
	at org.springframework.aop.framework.CglibAopProxy$CglibMethodInvocation.proceed(CglibAopProxy.java:763)
	at org.springframework.aop.framework.adapter.MethodBeforeAdviceInterceptor.invoke(MethodBeforeAdviceInterceptor.java:58)
	at org.springframework.aop.framework.ReflectiveMethodInvocation.proceed(ReflectiveMethodInvocation.java:186)
	at org.springframework.aop.framework.CglibAopProxy$CglibMethodInvocation.proceed(CglibAopProxy.java:763)
	at org.springframework.aop.interceptor.ExposeInvocationInterceptor.invoke(ExposeInvocationInterceptor.java:97)
	at org.springframework.aop.framework.ReflectiveMethodInvocation.proceed(ReflectiveMethodInvocation.java:186)
	at org.springframework.aop.framework.CglibAopProxy$CglibMethodInvocation.proceed(CglibAopProxy.java:763)
	at org.springframework.aop.framework.CglibAopProxy$DynamicAdvisedInterceptor.intercept(CglibAopProxy.java:708)
	at com.shark.aio.base.controller.InitFFmpeg$$EnhancerBySpringCGLIB$$251c05dc.monitorFfmpegProcess(<generated>)
	at sun.reflect.NativeMethodAccessorImpl.invoke0(Native Method)
	at sun.reflect.NativeMethodAccessorImpl.invoke(NativeMethodAccessorImpl.java:62)
	at sun.reflect.DelegatingMethodAccessorImpl.invoke(DelegatingMethodAccessorImpl.java:43)
	at java.lang.reflect.Method.invoke(Method.java:498)
	at org.springframework.scheduling.support.ScheduledMethodRunnable.run(ScheduledMethodRunnable.java:84)
	at org.springframework.scheduling.support.DelegatingErrorHandlingRunnable.run(DelegatingErrorHandlingRunnable.java:54)
	at org.springframework.scheduling.concurrent.ReschedulingRunnable.run(ReschedulingRunnable.java:95)
	at java.util.concurrent.Executors$RunnableAdapter.call(Executors.java:511)
	at java.util.concurrent.FutureTask.run(FutureTask.java:266)
	at java.util.concurrent.ScheduledThreadPoolExecutor$ScheduledFutureTask.access$201(ScheduledThreadPoolExecutor.java:180)
	at java.util.concurrent.ScheduledThreadPoolExecutor$ScheduledFutureTask.run(ScheduledThreadPoolExecutor.java:293)
	at java.util.concurrent.ThreadPoolExecutor.runWorker(ThreadPoolExecutor.java:1149)
	at java.util.concurrent.ThreadPoolExecutor$Worker.run(ThreadPoolExecutor.java:624)
	at java.lang.Thread.run(Thread.java:750)
2024-08-29 14:32:39.795 [,] [http-nio-127.0.0.1-8089-exec-1] ERROR o.a.c.c.C.[.[.[.[dispatcherServlet] - [log,175] - Servlet.service() for servlet [dispatcherServlet] in context with path [] threw exception [Request processing failed; nested exception is org.springframework.web.client.ResourceAccessException: I/O error on GET request for "http://localhost:5555/video_feed": java.io.IOException: 你的主机中的软件中止了一个已建立的连接。; nested exception is org.apache.catalina.connector.ClientAbortException: java.io.IOException: 你的主机中的软件中止了一个已建立的连接。] with root cause
java.io.IOException: 你的主机中的软件中止了一个已建立的连接。
	at sun.nio.ch.SocketDispatcher.write0(Native Method)
	at sun.nio.ch.SocketDispatcher.write(SocketDispatcher.java:51)
	at sun.nio.ch.IOUtil.writeFromNativeBuffer(IOUtil.java:93)
	at sun.nio.ch.IOUtil.write(IOUtil.java:65)
	at sun.nio.ch.SocketChannelImpl.write(SocketChannelImpl.java:469)
	at org.apache.tomcat.util.net.NioChannel.write(NioChannel.java:135)
	at org.apache.tomcat.util.net.NioEndpoint$NioSocketWrapper.doWrite(NioEndpoint.java:1424)
	at org.apache.tomcat.util.net.SocketWrapperBase.doWrite(SocketWrapperBase.java:768)
	at org.apache.tomcat.util.net.SocketWrapperBase.writeBlocking(SocketWrapperBase.java:593)
	at org.apache.tomcat.util.net.SocketWrapperBase.write(SocketWrapperBase.java:537)
	at org.apache.coyote.http11.Http11OutputBuffer$SocketOutputBuffer.doWrite(Http11OutputBuffer.java:547)
	at org.apache.coyote.http11.filters.ChunkedOutputFilter.doWrite(ChunkedOutputFilter.java:112)
	at org.apache.coyote.http11.Http11OutputBuffer.doWrite(Http11OutputBuffer.java:194)
	at org.apache.coyote.Response.doWrite(Response.java:615)
	at org.apache.catalina.connector.OutputBuffer.realWriteBytes(OutputBuffer.java:340)
	at org.apache.catalina.connector.OutputBuffer.flushByteBuffer(OutputBuffer.java:784)
	at org.apache.catalina.connector.OutputBuffer.doFlush(OutputBuffer.java:299)
	at org.apache.catalina.connector.OutputBuffer.flush(OutputBuffer.java:273)
	at org.apache.catalina.connector.CoyoteOutputStream.flush(CoyoteOutputStream.java:118)
	at com.shark.aio.videodetect.controller.EmbedController.lambda$getFlaskPage$1(EmbedController.java:54)
	at org.springframework.web.client.RestTemplate.doExecute(RestTemplate.java:778)
	at org.springframework.web.client.RestTemplate.execute(RestTemplate.java:711)
	at com.shark.aio.videodetect.controller.EmbedController.getFlaskPage(EmbedController.java:60)
	at sun.reflect.NativeMethodAccessorImpl.invoke0(Native Method)
	at sun.reflect.NativeMethodAccessorImpl.invoke(NativeMethodAccessorImpl.java:62)
	at sun.reflect.DelegatingMethodAccessorImpl.invoke(DelegatingMethodAccessorImpl.java:43)
	at java.lang.reflect.Method.invoke(Method.java:498)
	at org.springframework.web.method.support.InvocableHandlerMethod.doInvoke(InvocableHandlerMethod.java:205)
	at org.springframework.web.method.support.InvocableHandlerMethod.invokeForRequest(InvocableHandlerMethod.java:150)
	at org.springframework.web.servlet.mvc.method.annotation.ServletInvocableHandlerMethod.invokeAndHandle(ServletInvocableHandlerMethod.java:117)
	at org.springframework.web.servlet.mvc.method.annotation.RequestMappingHandlerAdapter.invokeHandlerMethod(RequestMappingHandlerAdapter.java:895)
	at org.springframework.web.servlet.mvc.method.annotation.RequestMappingHandlerAdapter.handleInternal(RequestMappingHandlerAdapter.java:808)
	at org.springframework.web.servlet.mvc.method.AbstractHandlerMethodAdapter.handle(AbstractHandlerMethodAdapter.java:87)
	at org.springframework.web.servlet.DispatcherServlet.doDispatch(DispatcherServlet.java:1071)
	at org.springframework.web.servlet.DispatcherServlet.doService(DispatcherServlet.java:964)
	at org.springframework.web.servlet.FrameworkServlet.processRequest(FrameworkServlet.java:1006)
	at org.springframework.web.servlet.FrameworkServlet.doGet(FrameworkServlet.java:898)
	at javax.servlet.http.HttpServlet.service(HttpServlet.java:670)
	at org.springframework.web.servlet.FrameworkServlet.service(FrameworkServlet.java:883)
	at javax.servlet.http.HttpServlet.service(HttpServlet.java:779)
	at org.apache.catalina.core.ApplicationFilterChain.internalDoFilter(ApplicationFilterChain.java:227)
	at org.apache.catalina.core.ApplicationFilterChain.doFilter(ApplicationFilterChain.java:162)
	at org.apache.tomcat.websocket.server.WsFilter.doFilter(WsFilter.java:53)
	at org.apache.catalina.core.ApplicationFilterChain.internalDoFilter(ApplicationFilterChain.java:189)
	at org.apache.catalina.core.ApplicationFilterChain.doFilter(ApplicationFilterChain.java:162)
	at org.springframework.web.filter.CharacterEncodingFilter.doFilterInternal(CharacterEncodingFilter.java:201)
	at org.springframework.web.filter.OncePerRequestFilter.doFilter(OncePerRequestFilter.java:117)
	at org.apache.catalina.core.ApplicationFilterChain.internalDoFilter(ApplicationFilterChain.java:189)
	at org.apache.catalina.core.ApplicationFilterChain.doFilter(ApplicationFilterChain.java:162)
	at org.apache.catalina.core.StandardWrapperValve.invoke(StandardWrapperValve.java:197)
	at org.apache.catalina.core.StandardContextValve.invoke(StandardContextValve.java:97)
	at org.apache.catalina.authenticator.AuthenticatorBase.invoke(AuthenticatorBase.java:541)
	at org.apache.catalina.core.StandardHostValve.invoke(StandardHostValve.java:135)
	at org.apache.catalina.valves.ErrorReportValve.invoke(ErrorReportValve.java:92)
	at org.apache.catalina.core.StandardEngineValve.invoke(StandardEngineValve.java:78)
	at org.apache.catalina.connector.CoyoteAdapter.service(CoyoteAdapter.java:360)
	at org.apache.coyote.http11.Http11Processor.service(Http11Processor.java:399)
	at org.apache.coyote.AbstractProcessorLight.process(AbstractProcessorLight.java:65)
	at org.apache.coyote.AbstractProtocol$ConnectionHandler.process(AbstractProtocol.java:893)
	at org.apache.tomcat.util.net.NioEndpoint$SocketProcessor.doRun(NioEndpoint.java:1789)
	at org.apache.tomcat.util.net.SocketProcessorBase.run(SocketProcessorBase.java:49)
	at org.apache.tomcat.util.threads.ThreadPoolExecutor.runWorker(ThreadPoolExecutor.java:1191)
	at org.apache.tomcat.util.threads.ThreadPoolExecutor$Worker.run(ThreadPoolExecutor.java:659)
	at org.apache.tomcat.util.threads.TaskThread$WrappingRunnable.run(TaskThread.java:61)
	at java.lang.Thread.run(Thread.java:750)
2024-08-29 14:33:23.627 [,] [http-nio-127.0.0.1-8089-exec-6] ERROR o.a.c.c.C.[.[.[.[dispatcherServlet] - [log,175] - Servlet.service() for servlet [dispatcherServlet] in context with path [] threw exception [Request processing failed; nested exception is org.springframework.web.client.ResourceAccessException: I/O error on GET request for "http://localhost:5555/video_feed": java.io.IOException: 你的主机中的软件中止了一个已建立的连接。; nested exception is org.apache.catalina.connector.ClientAbortException: java.io.IOException: 你的主机中的软件中止了一个已建立的连接。] with root cause
java.io.IOException: 你的主机中的软件中止了一个已建立的连接。
	at sun.nio.ch.SocketDispatcher.write0(Native Method)
	at sun.nio.ch.SocketDispatcher.write(SocketDispatcher.java:51)
	at sun.nio.ch.IOUtil.writeFromNativeBuffer(IOUtil.java:93)
	at sun.nio.ch.IOUtil.write(IOUtil.java:65)
	at sun.nio.ch.SocketChannelImpl.write(SocketChannelImpl.java:469)
	at org.apache.tomcat.util.net.NioChannel.write(NioChannel.java:135)
	at org.apache.tomcat.util.net.NioEndpoint$NioSocketWrapper.doWrite(NioEndpoint.java:1424)
	at org.apache.tomcat.util.net.SocketWrapperBase.doWrite(SocketWrapperBase.java:768)
	at org.apache.tomcat.util.net.SocketWrapperBase.writeBlocking(SocketWrapperBase.java:593)
	at org.apache.tomcat.util.net.SocketWrapperBase.write(SocketWrapperBase.java:537)
	at org.apache.coyote.http11.Http11OutputBuffer$SocketOutputBuffer.doWrite(Http11OutputBuffer.java:547)
	at org.apache.coyote.http11.filters.ChunkedOutputFilter.doWrite(ChunkedOutputFilter.java:112)
	at org.apache.coyote.http11.Http11OutputBuffer.doWrite(Http11OutputBuffer.java:194)
	at org.apache.coyote.Response.doWrite(Response.java:615)
	at org.apache.catalina.connector.OutputBuffer.realWriteBytes(OutputBuffer.java:340)
	at org.apache.catalina.connector.OutputBuffer.flushByteBuffer(OutputBuffer.java:784)
	at org.apache.catalina.connector.OutputBuffer.doFlush(OutputBuffer.java:299)
	at org.apache.catalina.connector.OutputBuffer.flush(OutputBuffer.java:273)
	at org.apache.catalina.connector.CoyoteOutputStream.flush(CoyoteOutputStream.java:118)
	at com.shark.aio.videodetect.controller.EmbedController.lambda$getFlaskPage$1(EmbedController.java:54)
	at org.springframework.web.client.RestTemplate.doExecute(RestTemplate.java:778)
	at org.springframework.web.client.RestTemplate.execute(RestTemplate.java:711)
	at com.shark.aio.videodetect.controller.EmbedController.getFlaskPage(EmbedController.java:60)
	at sun.reflect.NativeMethodAccessorImpl.invoke0(Native Method)
	at sun.reflect.NativeMethodAccessorImpl.invoke(NativeMethodAccessorImpl.java:62)
	at sun.reflect.DelegatingMethodAccessorImpl.invoke(DelegatingMethodAccessorImpl.java:43)
	at java.lang.reflect.Method.invoke(Method.java:498)
	at org.springframework.web.method.support.InvocableHandlerMethod.doInvoke(InvocableHandlerMethod.java:205)
	at org.springframework.web.method.support.InvocableHandlerMethod.invokeForRequest(InvocableHandlerMethod.java:150)
	at org.springframework.web.servlet.mvc.method.annotation.ServletInvocableHandlerMethod.invokeAndHandle(ServletInvocableHandlerMethod.java:117)
	at org.springframework.web.servlet.mvc.method.annotation.RequestMappingHandlerAdapter.invokeHandlerMethod(RequestMappingHandlerAdapter.java:895)
	at org.springframework.web.servlet.mvc.method.annotation.RequestMappingHandlerAdapter.handleInternal(RequestMappingHandlerAdapter.java:808)
	at org.springframework.web.servlet.mvc.method.AbstractHandlerMethodAdapter.handle(AbstractHandlerMethodAdapter.java:87)
	at org.springframework.web.servlet.DispatcherServlet.doDispatch(DispatcherServlet.java:1071)
	at org.springframework.web.servlet.DispatcherServlet.doService(DispatcherServlet.java:964)
	at org.springframework.web.servlet.FrameworkServlet.processRequest(FrameworkServlet.java:1006)
	at org.springframework.web.servlet.FrameworkServlet.doGet(FrameworkServlet.java:898)
	at javax.servlet.http.HttpServlet.service(HttpServlet.java:670)
	at org.springframework.web.servlet.FrameworkServlet.service(FrameworkServlet.java:883)
	at javax.servlet.http.HttpServlet.service(HttpServlet.java:779)
	at org.apache.catalina.core.ApplicationFilterChain.internalDoFilter(ApplicationFilterChain.java:227)
	at org.apache.catalina.core.ApplicationFilterChain.doFilter(ApplicationFilterChain.java:162)
	at org.apache.tomcat.websocket.server.WsFilter.doFilter(WsFilter.java:53)
	at org.apache.catalina.core.ApplicationFilterChain.internalDoFilter(ApplicationFilterChain.java:189)
	at org.apache.catalina.core.ApplicationFilterChain.doFilter(ApplicationFilterChain.java:162)
	at org.springframework.web.filter.CharacterEncodingFilter.doFilterInternal(CharacterEncodingFilter.java:201)
	at org.springframework.web.filter.OncePerRequestFilter.doFilter(OncePerRequestFilter.java:117)
	at org.apache.catalina.core.ApplicationFilterChain.internalDoFilter(ApplicationFilterChain.java:189)
	at org.apache.catalina.core.ApplicationFilterChain.doFilter(ApplicationFilterChain.java:162)
	at org.apache.catalina.core.StandardWrapperValve.invoke(StandardWrapperValve.java:197)
	at org.apache.catalina.core.StandardContextValve.invoke(StandardContextValve.java:97)
	at org.apache.catalina.authenticator.AuthenticatorBase.invoke(AuthenticatorBase.java:541)
	at org.apache.catalina.core.StandardHostValve.invoke(StandardHostValve.java:135)
	at org.apache.catalina.valves.ErrorReportValve.invoke(ErrorReportValve.java:92)
	at org.apache.catalina.core.StandardEngineValve.invoke(StandardEngineValve.java:78)
	at org.apache.catalina.connector.CoyoteAdapter.service(CoyoteAdapter.java:360)
	at org.apache.coyote.http11.Http11Processor.service(Http11Processor.java:399)
	at org.apache.coyote.AbstractProcessorLight.process(AbstractProcessorLight.java:65)
	at org.apache.coyote.AbstractProtocol$ConnectionHandler.process(AbstractProtocol.java:893)
	at org.apache.tomcat.util.net.NioEndpoint$SocketProcessor.doRun(NioEndpoint.java:1789)
	at org.apache.tomcat.util.net.SocketProcessorBase.run(SocketProcessorBase.java:49)
	at org.apache.tomcat.util.threads.ThreadPoolExecutor.runWorker(ThreadPoolExecutor.java:1191)
	at org.apache.tomcat.util.threads.ThreadPoolExecutor$Worker.run(ThreadPoolExecutor.java:659)
	at org.apache.tomcat.util.threads.TaskThread$WrappingRunnable.run(TaskThread.java:61)
	at java.lang.Thread.run(Thread.java:750)
2024-08-29 14:43:05.855 [,] [threadPoolTaskExecutor-4] ERROR o.s.a.i.SimpleAsyncUncaughtExceptionHandler - [handleUncaughtException,39] - Unexpected exception occurred invoking async method: public void com.shark.aio.data.video.service.VideoRecorderService.startRecordVideo(com.shark.aio.data.video.entity.VideoEntity) throws java.lang.Exception
org.bytedeco.javacv.FrameGrabber$Exception: avformat_open_input() error -1094995529: Could not open input "rtsp://admin:lbx123456@192.168.0.3:554". (Has setFormat() been called?)
	at org.bytedeco.javacv.FFmpegFrameGrabber.startUnsafe(FFmpegFrameGrabber.java:876)
	at org.bytedeco.javacv.FFmpegFrameGrabber.start(FFmpegFrameGrabber.java:801)
	at org.bytedeco.javacv.FFmpegFrameGrabber.start(FFmpegFrameGrabber.java:796)
	at com.shark.aio.data.video.service.VideoRecorderService.recordByFrame(VideoRecorderService.java:178)
	at com.shark.aio.data.video.service.VideoRecorderService.frameRecord(VideoRecorderService.java:170)
	at com.shark.aio.data.video.service.VideoRecorderService.startRecordVideo(VideoRecorderService.java:89)
	at com.shark.aio.data.video.service.VideoRecorderService$$FastClassBySpringCGLIB$$55b707cf.invoke(<generated>)
	at org.springframework.cglib.proxy.MethodProxy.invoke(MethodProxy.java:218)
	at org.springframework.aop.framework.CglibAopProxy$CglibMethodInvocation.invokeJoinpoint(CglibAopProxy.java:793)
	at org.springframework.aop.framework.ReflectiveMethodInvocation.proceed(ReflectiveMethodInvocation.java:163)
	at org.springframework.aop.framework.CglibAopProxy$CglibMethodInvocation.proceed(CglibAopProxy.java:763)
	at org.springframework.aop.interceptor.AsyncExecutionInterceptor.lambda$invoke$0(AsyncExecutionInterceptor.java:115)
	at java.util.concurrent.FutureTask.run(FutureTask.java:266)
	at java.util.concurrent.ThreadPoolExecutor.runWorker(ThreadPoolExecutor.java:1149)
	at java.util.concurrent.ThreadPoolExecutor$Worker.run(ThreadPoolExecutor.java:624)
	at java.lang.Thread.run(Thread.java:750)
2024-08-29 14:43:08.775 [,] [threadPoolTaskExecutor-5] ERROR o.s.a.i.SimpleAsyncUncaughtExceptionHandler - [handleUncaughtException,39] - Unexpected exception occurred invoking async method: public void com.shark.aio.data.video.service.VideoRecorderService.startRecordVideo(com.shark.aio.data.video.entity.VideoEntity) throws java.lang.Exception
org.bytedeco.javacv.FrameGrabber$Exception: avformat_open_input() error -1482175992: Could not open input "rtsp://admin:lbx123456@192.168.0.3:554". (Has setFormat() been called?)
	at org.bytedeco.javacv.FFmpegFrameGrabber.startUnsafe(FFmpegFrameGrabber.java:876)
	at org.bytedeco.javacv.FFmpegFrameGrabber.start(FFmpegFrameGrabber.java:801)
	at org.bytedeco.javacv.FFmpegFrameGrabber.start(FFmpegFrameGrabber.java:796)
	at com.shark.aio.data.video.service.VideoRecorderService.recordByFrame(VideoRecorderService.java:178)
	at com.shark.aio.data.video.service.VideoRecorderService.frameRecord(VideoRecorderService.java:170)
	at com.shark.aio.data.video.service.VideoRecorderService.startRecordVideo(VideoRecorderService.java:89)
	at com.shark.aio.data.video.service.VideoRecorderService$$FastClassBySpringCGLIB$$55b707cf.invoke(<generated>)
	at org.springframework.cglib.proxy.MethodProxy.invoke(MethodProxy.java:218)
	at org.springframework.aop.framework.CglibAopProxy$CglibMethodInvocation.invokeJoinpoint(CglibAopProxy.java:793)
	at org.springframework.aop.framework.ReflectiveMethodInvocation.proceed(ReflectiveMethodInvocation.java:163)
	at org.springframework.aop.framework.CglibAopProxy$CglibMethodInvocation.proceed(CglibAopProxy.java:763)
	at org.springframework.aop.interceptor.AsyncExecutionInterceptor.lambda$invoke$0(AsyncExecutionInterceptor.java:115)
	at java.util.concurrent.FutureTask.run(FutureTask.java:266)
	at java.util.concurrent.ThreadPoolExecutor.runWorker(ThreadPoolExecutor.java:1149)
	at java.util.concurrent.ThreadPoolExecutor$Worker.run(ThreadPoolExecutor.java:624)
	at java.lang.Thread.run(Thread.java:750)
2024-08-29 14:43:11.789 [,] [threadPoolTaskExecutor-6] ERROR o.s.a.i.SimpleAsyncUncaughtExceptionHandler - [handleUncaughtException,39] - Unexpected exception occurred invoking async method: public void com.shark.aio.data.video.service.VideoRecorderService.startRecordVideo(com.shark.aio.data.video.entity.VideoEntity) throws java.lang.Exception
org.bytedeco.javacv.FrameGrabber$Exception: avformat_open_input() error -1482175992: Could not open input "rtsp://admin:lbx123456@192.168.0.3:554". (Has setFormat() been called?)
	at org.bytedeco.javacv.FFmpegFrameGrabber.startUnsafe(FFmpegFrameGrabber.java:876)
	at org.bytedeco.javacv.FFmpegFrameGrabber.start(FFmpegFrameGrabber.java:801)
	at org.bytedeco.javacv.FFmpegFrameGrabber.start(FFmpegFrameGrabber.java:796)
	at com.shark.aio.data.video.service.VideoRecorderService.recordByFrame(VideoRecorderService.java:178)
	at com.shark.aio.data.video.service.VideoRecorderService.frameRecord(VideoRecorderService.java:170)
	at com.shark.aio.data.video.service.VideoRecorderService.startRecordVideo(VideoRecorderService.java:89)
	at com.shark.aio.data.video.service.VideoRecorderService$$FastClassBySpringCGLIB$$55b707cf.invoke(<generated>)
	at org.springframework.cglib.proxy.MethodProxy.invoke(MethodProxy.java:218)
	at org.springframework.aop.framework.CglibAopProxy$CglibMethodInvocation.invokeJoinpoint(CglibAopProxy.java:793)
	at org.springframework.aop.framework.ReflectiveMethodInvocation.proceed(ReflectiveMethodInvocation.java:163)
	at org.springframework.aop.framework.CglibAopProxy$CglibMethodInvocation.proceed(CglibAopProxy.java:763)
	at org.springframework.aop.interceptor.AsyncExecutionInterceptor.lambda$invoke$0(AsyncExecutionInterceptor.java:115)
	at java.util.concurrent.FutureTask.run(FutureTask.java:266)
	at java.util.concurrent.ThreadPoolExecutor.runWorker(ThreadPoolExecutor.java:1149)
	at java.util.concurrent.ThreadPoolExecutor$Worker.run(ThreadPoolExecutor.java:624)
	at java.lang.Thread.run(Thread.java:750)
2024-08-29 14:43:14.807 [,] [threadPoolTaskExecutor-7] ERROR o.s.a.i.SimpleAsyncUncaughtExceptionHandler - [handleUncaughtException,39] - Unexpected exception occurred invoking async method: public void com.shark.aio.data.video.service.VideoRecorderService.startRecordVideo(com.shark.aio.data.video.entity.VideoEntity) throws java.lang.Exception
org.bytedeco.javacv.FrameGrabber$Exception: avformat_open_input() error -1482175992: Could not open input "rtsp://admin:lbx123456@192.168.0.3:554". (Has setFormat() been called?)
	at org.bytedeco.javacv.FFmpegFrameGrabber.startUnsafe(FFmpegFrameGrabber.java:876)
	at org.bytedeco.javacv.FFmpegFrameGrabber.start(FFmpegFrameGrabber.java:801)
	at org.bytedeco.javacv.FFmpegFrameGrabber.start(FFmpegFrameGrabber.java:796)
	at com.shark.aio.data.video.service.VideoRecorderService.recordByFrame(VideoRecorderService.java:178)
	at com.shark.aio.data.video.service.VideoRecorderService.frameRecord(VideoRecorderService.java:170)
	at com.shark.aio.data.video.service.VideoRecorderService.startRecordVideo(VideoRecorderService.java:89)
	at com.shark.aio.data.video.service.VideoRecorderService$$FastClassBySpringCGLIB$$55b707cf.invoke(<generated>)
	at org.springframework.cglib.proxy.MethodProxy.invoke(MethodProxy.java:218)
	at org.springframework.aop.framework.CglibAopProxy$CglibMethodInvocation.invokeJoinpoint(CglibAopProxy.java:793)
	at org.springframework.aop.framework.ReflectiveMethodInvocation.proceed(ReflectiveMethodInvocation.java:163)
	at org.springframework.aop.framework.CglibAopProxy$CglibMethodInvocation.proceed(CglibAopProxy.java:763)
	at org.springframework.aop.interceptor.AsyncExecutionInterceptor.lambda$invoke$0(AsyncExecutionInterceptor.java:115)
	at java.util.concurrent.FutureTask.run(FutureTask.java:266)
	at java.util.concurrent.ThreadPoolExecutor.runWorker(ThreadPoolExecutor.java:1149)
	at java.util.concurrent.ThreadPoolExecutor$Worker.run(ThreadPoolExecutor.java:624)
	at java.lang.Thread.run(Thread.java:750)
2024-08-29 14:43:17.801 [,] [threadPoolTaskExecutor-8] ERROR o.s.a.i.SimpleAsyncUncaughtExceptionHandler - [handleUncaughtException,39] - Unexpected exception occurred invoking async method: public void com.shark.aio.data.video.service.VideoRecorderService.startRecordVideo(com.shark.aio.data.video.entity.VideoEntity) throws java.lang.Exception
org.bytedeco.javacv.FrameGrabber$Exception: avformat_open_input() error -1482175992: Could not open input "rtsp://admin:lbx123456@192.168.0.3:554". (Has setFormat() been called?)
	at org.bytedeco.javacv.FFmpegFrameGrabber.startUnsafe(FFmpegFrameGrabber.java:876)
	at org.bytedeco.javacv.FFmpegFrameGrabber.start(FFmpegFrameGrabber.java:801)
	at org.bytedeco.javacv.FFmpegFrameGrabber.start(FFmpegFrameGrabber.java:796)
	at com.shark.aio.data.video.service.VideoRecorderService.recordByFrame(VideoRecorderService.java:178)
	at com.shark.aio.data.video.service.VideoRecorderService.frameRecord(VideoRecorderService.java:170)
	at com.shark.aio.data.video.service.VideoRecorderService.startRecordVideo(VideoRecorderService.java:89)
	at com.shark.aio.data.video.service.VideoRecorderService$$FastClassBySpringCGLIB$$55b707cf.invoke(<generated>)
	at org.springframework.cglib.proxy.MethodProxy.invoke(MethodProxy.java:218)
	at org.springframework.aop.framework.CglibAopProxy$CglibMethodInvocation.invokeJoinpoint(CglibAopProxy.java:793)
	at org.springframework.aop.framework.ReflectiveMethodInvocation.proceed(ReflectiveMethodInvocation.java:163)
	at org.springframework.aop.framework.CglibAopProxy$CglibMethodInvocation.proceed(CglibAopProxy.java:763)
	at org.springframework.aop.interceptor.AsyncExecutionInterceptor.lambda$invoke$0(AsyncExecutionInterceptor.java:115)
	at java.util.concurrent.FutureTask.run(FutureTask.java:266)
	at java.util.concurrent.ThreadPoolExecutor.runWorker(ThreadPoolExecutor.java:1149)
	at java.util.concurrent.ThreadPoolExecutor$Worker.run(ThreadPoolExecutor.java:624)
	at java.lang.Thread.run(Thread.java:750)
2024-08-29 14:43:20.821 [,] [threadPoolTaskExecutor-1] ERROR o.s.a.i.SimpleAsyncUncaughtExceptionHandler - [handleUncaughtException,39] - Unexpected exception occurred invoking async method: public void com.shark.aio.data.video.service.VideoRecorderService.startRecordVideo(com.shark.aio.data.video.entity.VideoEntity) throws java.lang.Exception
org.bytedeco.javacv.FrameGrabber$Exception: avformat_open_input() error -1482175992: Could not open input "rtsp://admin:lbx123456@192.168.0.3:554". (Has setFormat() been called?)
	at org.bytedeco.javacv.FFmpegFrameGrabber.startUnsafe(FFmpegFrameGrabber.java:876)
	at org.bytedeco.javacv.FFmpegFrameGrabber.start(FFmpegFrameGrabber.java:801)
	at org.bytedeco.javacv.FFmpegFrameGrabber.start(FFmpegFrameGrabber.java:796)
	at com.shark.aio.data.video.service.VideoRecorderService.recordByFrame(VideoRecorderService.java:178)
	at com.shark.aio.data.video.service.VideoRecorderService.frameRecord(VideoRecorderService.java:170)
	at com.shark.aio.data.video.service.VideoRecorderService.startRecordVideo(VideoRecorderService.java:89)
	at com.shark.aio.data.video.service.VideoRecorderService$$FastClassBySpringCGLIB$$55b707cf.invoke(<generated>)
	at org.springframework.cglib.proxy.MethodProxy.invoke(MethodProxy.java:218)
	at org.springframework.aop.framework.CglibAopProxy$CglibMethodInvocation.invokeJoinpoint(CglibAopProxy.java:793)
	at org.springframework.aop.framework.ReflectiveMethodInvocation.proceed(ReflectiveMethodInvocation.java:163)
	at org.springframework.aop.framework.CglibAopProxy$CglibMethodInvocation.proceed(CglibAopProxy.java:763)
	at org.springframework.aop.interceptor.AsyncExecutionInterceptor.lambda$invoke$0(AsyncExecutionInterceptor.java:115)
	at java.util.concurrent.FutureTask.run(FutureTask.java:266)
	at java.util.concurrent.ThreadPoolExecutor.runWorker(ThreadPoolExecutor.java:1149)
	at java.util.concurrent.ThreadPoolExecutor$Worker.run(ThreadPoolExecutor.java:624)
	at java.lang.Thread.run(Thread.java:750)
2024-08-29 14:43:23.817 [,] [threadPoolTaskExecutor-2] ERROR o.s.a.i.SimpleAsyncUncaughtExceptionHandler - [handleUncaughtException,39] - Unexpected exception occurred invoking async method: public void com.shark.aio.data.video.service.VideoRecorderService.startRecordVideo(com.shark.aio.data.video.entity.VideoEntity) throws java.lang.Exception
org.bytedeco.javacv.FrameGrabber$Exception: avformat_open_input() error -1482175992: Could not open input "rtsp://admin:lbx123456@192.168.0.3:554". (Has setFormat() been called?)
	at org.bytedeco.javacv.FFmpegFrameGrabber.startUnsafe(FFmpegFrameGrabber.java:876)
	at org.bytedeco.javacv.FFmpegFrameGrabber.start(FFmpegFrameGrabber.java:801)
	at org.bytedeco.javacv.FFmpegFrameGrabber.start(FFmpegFrameGrabber.java:796)
	at com.shark.aio.data.video.service.VideoRecorderService.recordByFrame(VideoRecorderService.java:178)
	at com.shark.aio.data.video.service.VideoRecorderService.frameRecord(VideoRecorderService.java:170)
	at com.shark.aio.data.video.service.VideoRecorderService.startRecordVideo(VideoRecorderService.java:89)
	at com.shark.aio.data.video.service.VideoRecorderService$$FastClassBySpringCGLIB$$55b707cf.invoke(<generated>)
	at org.springframework.cglib.proxy.MethodProxy.invoke(MethodProxy.java:218)
	at org.springframework.aop.framework.CglibAopProxy$CglibMethodInvocation.invokeJoinpoint(CglibAopProxy.java:793)
	at org.springframework.aop.framework.ReflectiveMethodInvocation.proceed(ReflectiveMethodInvocation.java:163)
	at org.springframework.aop.framework.CglibAopProxy$CglibMethodInvocation.proceed(CglibAopProxy.java:763)
	at org.springframework.aop.interceptor.AsyncExecutionInterceptor.lambda$invoke$0(AsyncExecutionInterceptor.java:115)
	at java.util.concurrent.FutureTask.run(FutureTask.java:266)
	at java.util.concurrent.ThreadPoolExecutor.runWorker(ThreadPoolExecutor.java:1149)
	at java.util.concurrent.ThreadPoolExecutor$Worker.run(ThreadPoolExecutor.java:624)
	at java.lang.Thread.run(Thread.java:750)
2024-08-29 14:43:26.824 [,] [threadPoolTaskExecutor-4] ERROR o.s.a.i.SimpleAsyncUncaughtExceptionHandler - [handleUncaughtException,39] - Unexpected exception occurred invoking async method: public void com.shark.aio.data.video.service.VideoRecorderService.startRecordVideo(com.shark.aio.data.video.entity.VideoEntity) throws java.lang.Exception
org.bytedeco.javacv.FrameGrabber$Exception: avformat_open_input() error -1482175992: Could not open input "rtsp://admin:lbx123456@192.168.0.3:554". (Has setFormat() been called?)
	at org.bytedeco.javacv.FFmpegFrameGrabber.startUnsafe(FFmpegFrameGrabber.java:876)
	at org.bytedeco.javacv.FFmpegFrameGrabber.start(FFmpegFrameGrabber.java:801)
	at org.bytedeco.javacv.FFmpegFrameGrabber.start(FFmpegFrameGrabber.java:796)
	at com.shark.aio.data.video.service.VideoRecorderService.recordByFrame(VideoRecorderService.java:178)
	at com.shark.aio.data.video.service.VideoRecorderService.frameRecord(VideoRecorderService.java:170)
	at com.shark.aio.data.video.service.VideoRecorderService.startRecordVideo(VideoRecorderService.java:89)
	at com.shark.aio.data.video.service.VideoRecorderService$$FastClassBySpringCGLIB$$55b707cf.invoke(<generated>)
	at org.springframework.cglib.proxy.MethodProxy.invoke(MethodProxy.java:218)
	at org.springframework.aop.framework.CglibAopProxy$CglibMethodInvocation.invokeJoinpoint(CglibAopProxy.java:793)
	at org.springframework.aop.framework.ReflectiveMethodInvocation.proceed(ReflectiveMethodInvocation.java:163)
	at org.springframework.aop.framework.CglibAopProxy$CglibMethodInvocation.proceed(CglibAopProxy.java:763)
	at org.springframework.aop.interceptor.AsyncExecutionInterceptor.lambda$invoke$0(AsyncExecutionInterceptor.java:115)
	at java.util.concurrent.FutureTask.run(FutureTask.java:266)
	at java.util.concurrent.ThreadPoolExecutor.runWorker(ThreadPoolExecutor.java:1149)
	at java.util.concurrent.ThreadPoolExecutor$Worker.run(ThreadPoolExecutor.java:624)
	at java.lang.Thread.run(Thread.java:750)
2024-08-29 14:43:29.821 [,] [threadPoolTaskExecutor-5] ERROR o.s.a.i.SimpleAsyncUncaughtExceptionHandler - [handleUncaughtException,39] - Unexpected exception occurred invoking async method: public void com.shark.aio.data.video.service.VideoRecorderService.startRecordVideo(com.shark.aio.data.video.entity.VideoEntity) throws java.lang.Exception
org.bytedeco.javacv.FrameGrabber$Exception: avformat_open_input() error -1482175992: Could not open input "rtsp://admin:lbx123456@192.168.0.3:554". (Has setFormat() been called?)
	at org.bytedeco.javacv.FFmpegFrameGrabber.startUnsafe(FFmpegFrameGrabber.java:876)
	at org.bytedeco.javacv.FFmpegFrameGrabber.start(FFmpegFrameGrabber.java:801)
	at org.bytedeco.javacv.FFmpegFrameGrabber.start(FFmpegFrameGrabber.java:796)
	at com.shark.aio.data.video.service.VideoRecorderService.recordByFrame(VideoRecorderService.java:178)
	at com.shark.aio.data.video.service.VideoRecorderService.frameRecord(VideoRecorderService.java:170)
	at com.shark.aio.data.video.service.VideoRecorderService.startRecordVideo(VideoRecorderService.java:89)
	at com.shark.aio.data.video.service.VideoRecorderService$$FastClassBySpringCGLIB$$55b707cf.invoke(<generated>)
	at org.springframework.cglib.proxy.MethodProxy.invoke(MethodProxy.java:218)
	at org.springframework.aop.framework.CglibAopProxy$CglibMethodInvocation.invokeJoinpoint(CglibAopProxy.java:793)
	at org.springframework.aop.framework.ReflectiveMethodInvocation.proceed(ReflectiveMethodInvocation.java:163)
	at org.springframework.aop.framework.CglibAopProxy$CglibMethodInvocation.proceed(CglibAopProxy.java:763)
	at org.springframework.aop.interceptor.AsyncExecutionInterceptor.lambda$invoke$0(AsyncExecutionInterceptor.java:115)
	at java.util.concurrent.FutureTask.run(FutureTask.java:266)
	at java.util.concurrent.ThreadPoolExecutor.runWorker(ThreadPoolExecutor.java:1149)
	at java.util.concurrent.ThreadPoolExecutor$Worker.run(ThreadPoolExecutor.java:624)
	at java.lang.Thread.run(Thread.java:750)
2024-08-29 14:43:32.844 [,] [threadPoolTaskExecutor-6] ERROR o.s.a.i.SimpleAsyncUncaughtExceptionHandler - [handleUncaughtException,39] - Unexpected exception occurred invoking async method: public void com.shark.aio.data.video.service.VideoRecorderService.startRecordVideo(com.shark.aio.data.video.entity.VideoEntity) throws java.lang.Exception
org.bytedeco.javacv.FrameGrabber$Exception: avformat_open_input() error -1482175992: Could not open input "rtsp://admin:lbx123456@192.168.0.3:554". (Has setFormat() been called?)
	at org.bytedeco.javacv.FFmpegFrameGrabber.startUnsafe(FFmpegFrameGrabber.java:876)
	at org.bytedeco.javacv.FFmpegFrameGrabber.start(FFmpegFrameGrabber.java:801)
	at org.bytedeco.javacv.FFmpegFrameGrabber.start(FFmpegFrameGrabber.java:796)
	at com.shark.aio.data.video.service.VideoRecorderService.recordByFrame(VideoRecorderService.java:178)
	at com.shark.aio.data.video.service.VideoRecorderService.frameRecord(VideoRecorderService.java:170)
	at com.shark.aio.data.video.service.VideoRecorderService.startRecordVideo(VideoRecorderService.java:89)
	at com.shark.aio.data.video.service.VideoRecorderService$$FastClassBySpringCGLIB$$55b707cf.invoke(<generated>)
	at org.springframework.cglib.proxy.MethodProxy.invoke(MethodProxy.java:218)
	at org.springframework.aop.framework.CglibAopProxy$CglibMethodInvocation.invokeJoinpoint(CglibAopProxy.java:793)
	at org.springframework.aop.framework.ReflectiveMethodInvocation.proceed(ReflectiveMethodInvocation.java:163)
	at org.springframework.aop.framework.CglibAopProxy$CglibMethodInvocation.proceed(CglibAopProxy.java:763)
	at org.springframework.aop.interceptor.AsyncExecutionInterceptor.lambda$invoke$0(AsyncExecutionInterceptor.java:115)
	at java.util.concurrent.FutureTask.run(FutureTask.java:266)
	at java.util.concurrent.ThreadPoolExecutor.runWorker(ThreadPoolExecutor.java:1149)
	at java.util.concurrent.ThreadPoolExecutor$Worker.run(ThreadPoolExecutor.java:624)
	at java.lang.Thread.run(Thread.java:750)
2024-08-29 14:44:29.978 [,] [threadPoolTaskExecutor-2] ERROR o.s.a.i.SimpleAsyncUncaughtExceptionHandler - [handleUncaughtException,39] - Unexpected exception occurred invoking async method: public void com.shark.aio.data.video.service.VideoRecorderService.startRecordVideo(com.shark.aio.data.video.entity.VideoEntity) throws java.lang.Exception
org.bytedeco.javacv.FrameGrabber$Exception: avformat_open_input() error -1482175992: Could not open input "rtsp://admin:lbx123456@192.168.0.3:554". (Has setFormat() been called?)
	at org.bytedeco.javacv.FFmpegFrameGrabber.startUnsafe(FFmpegFrameGrabber.java:876)
	at org.bytedeco.javacv.FFmpegFrameGrabber.start(FFmpegFrameGrabber.java:801)
	at org.bytedeco.javacv.FFmpegFrameGrabber.start(FFmpegFrameGrabber.java:796)
	at com.shark.aio.data.video.service.VideoRecorderService.recordByFrame(VideoRecorderService.java:178)
	at com.shark.aio.data.video.service.VideoRecorderService.frameRecord(VideoRecorderService.java:170)
	at com.shark.aio.data.video.service.VideoRecorderService.startRecordVideo(VideoRecorderService.java:89)
	at com.shark.aio.data.video.service.VideoRecorderService$$FastClassBySpringCGLIB$$55b707cf.invoke(<generated>)
	at org.springframework.cglib.proxy.MethodProxy.invoke(MethodProxy.java:218)
	at org.springframework.aop.framework.CglibAopProxy$CglibMethodInvocation.invokeJoinpoint(CglibAopProxy.java:793)
	at org.springframework.aop.framework.ReflectiveMethodInvocation.proceed(ReflectiveMethodInvocation.java:163)
	at org.springframework.aop.framework.CglibAopProxy$CglibMethodInvocation.proceed(CglibAopProxy.java:763)
	at org.springframework.aop.interceptor.AsyncExecutionInterceptor.lambda$invoke$0(AsyncExecutionInterceptor.java:115)
	at java.util.concurrent.FutureTask.run(FutureTask.java:266)
	at java.util.concurrent.ThreadPoolExecutor.runWorker(ThreadPoolExecutor.java:1149)
	at java.util.concurrent.ThreadPoolExecutor$Worker.run(ThreadPoolExecutor.java:624)
	at java.lang.Thread.run(Thread.java:750)
2024-08-29 14:44:32.979 [,] [threadPoolTaskExecutor-4] ERROR o.s.a.i.SimpleAsyncUncaughtExceptionHandler - [handleUncaughtException,39] - Unexpected exception occurred invoking async method: public void com.shark.aio.data.video.service.VideoRecorderService.startRecordVideo(com.shark.aio.data.video.entity.VideoEntity) throws java.lang.Exception
org.bytedeco.javacv.FrameGrabber$Exception: avformat_open_input() error -1482175992: Could not open input "rtsp://admin:lbx123456@192.168.0.3:554". (Has setFormat() been called?)
	at org.bytedeco.javacv.FFmpegFrameGrabber.startUnsafe(FFmpegFrameGrabber.java:876)
	at org.bytedeco.javacv.FFmpegFrameGrabber.start(FFmpegFrameGrabber.java:801)
	at org.bytedeco.javacv.FFmpegFrameGrabber.start(FFmpegFrameGrabber.java:796)
	at com.shark.aio.data.video.service.VideoRecorderService.recordByFrame(VideoRecorderService.java:178)
	at com.shark.aio.data.video.service.VideoRecorderService.frameRecord(VideoRecorderService.java:170)
	at com.shark.aio.data.video.service.VideoRecorderService.startRecordVideo(VideoRecorderService.java:89)
	at com.shark.aio.data.video.service.VideoRecorderService$$FastClassBySpringCGLIB$$55b707cf.invoke(<generated>)
	at org.springframework.cglib.proxy.MethodProxy.invoke(MethodProxy.java:218)
	at org.springframework.aop.framework.CglibAopProxy$CglibMethodInvocation.invokeJoinpoint(CglibAopProxy.java:793)
	at org.springframework.aop.framework.ReflectiveMethodInvocation.proceed(ReflectiveMethodInvocation.java:163)
	at org.springframework.aop.framework.CglibAopProxy$CglibMethodInvocation.proceed(CglibAopProxy.java:763)
	at org.springframework.aop.interceptor.AsyncExecutionInterceptor.lambda$invoke$0(AsyncExecutionInterceptor.java:115)
	at java.util.concurrent.FutureTask.run(FutureTask.java:266)
	at java.util.concurrent.ThreadPoolExecutor.runWorker(ThreadPoolExecutor.java:1149)
	at java.util.concurrent.ThreadPoolExecutor$Worker.run(ThreadPoolExecutor.java:624)
	at java.lang.Thread.run(Thread.java:750)
2024-08-29 14:44:35.980 [,] [threadPoolTaskExecutor-5] ERROR o.s.a.i.SimpleAsyncUncaughtExceptionHandler - [handleUncaughtException,39] - Unexpected exception occurred invoking async method: public void com.shark.aio.data.video.service.VideoRecorderService.startRecordVideo(com.shark.aio.data.video.entity.VideoEntity) throws java.lang.Exception
org.bytedeco.javacv.FrameGrabber$Exception: avformat_open_input() error -1482175992: Could not open input "rtsp://admin:lbx123456@192.168.0.3:554". (Has setFormat() been called?)
	at org.bytedeco.javacv.FFmpegFrameGrabber.startUnsafe(FFmpegFrameGrabber.java:876)
	at org.bytedeco.javacv.FFmpegFrameGrabber.start(FFmpegFrameGrabber.java:801)
	at org.bytedeco.javacv.FFmpegFrameGrabber.start(FFmpegFrameGrabber.java:796)
	at com.shark.aio.data.video.service.VideoRecorderService.recordByFrame(VideoRecorderService.java:178)
	at com.shark.aio.data.video.service.VideoRecorderService.frameRecord(VideoRecorderService.java:170)
	at com.shark.aio.data.video.service.VideoRecorderService.startRecordVideo(VideoRecorderService.java:89)
	at com.shark.aio.data.video.service.VideoRecorderService$$FastClassBySpringCGLIB$$55b707cf.invoke(<generated>)
	at org.springframework.cglib.proxy.MethodProxy.invoke(MethodProxy.java:218)
	at org.springframework.aop.framework.CglibAopProxy$CglibMethodInvocation.invokeJoinpoint(CglibAopProxy.java:793)
	at org.springframework.aop.framework.ReflectiveMethodInvocation.proceed(ReflectiveMethodInvocation.java:163)
	at org.springframework.aop.framework.CglibAopProxy$CglibMethodInvocation.proceed(CglibAopProxy.java:763)
	at org.springframework.aop.interceptor.AsyncExecutionInterceptor.lambda$invoke$0(AsyncExecutionInterceptor.java:115)
	at java.util.concurrent.FutureTask.run(FutureTask.java:266)
	at java.util.concurrent.ThreadPoolExecutor.runWorker(ThreadPoolExecutor.java:1149)
	at java.util.concurrent.ThreadPoolExecutor$Worker.run(ThreadPoolExecutor.java:624)
	at java.lang.Thread.run(Thread.java:750)
2024-08-29 14:44:39.005 [,] [threadPoolTaskExecutor-6] ERROR o.s.a.i.SimpleAsyncUncaughtExceptionHandler - [handleUncaughtException,39] - Unexpected exception occurred invoking async method: public void com.shark.aio.data.video.service.VideoRecorderService.startRecordVideo(com.shark.aio.data.video.entity.VideoEntity) throws java.lang.Exception
org.bytedeco.javacv.FrameGrabber$Exception: avformat_open_input() error -1482175992: Could not open input "rtsp://admin:lbx123456@192.168.0.3:554". (Has setFormat() been called?)
	at org.bytedeco.javacv.FFmpegFrameGrabber.startUnsafe(FFmpegFrameGrabber.java:876)
	at org.bytedeco.javacv.FFmpegFrameGrabber.start(FFmpegFrameGrabber.java:801)
	at org.bytedeco.javacv.FFmpegFrameGrabber.start(FFmpegFrameGrabber.java:796)
	at com.shark.aio.data.video.service.VideoRecorderService.recordByFrame(VideoRecorderService.java:178)
	at com.shark.aio.data.video.service.VideoRecorderService.frameRecord(VideoRecorderService.java:170)
	at com.shark.aio.data.video.service.VideoRecorderService.startRecordVideo(VideoRecorderService.java:89)
	at com.shark.aio.data.video.service.VideoRecorderService$$FastClassBySpringCGLIB$$55b707cf.invoke(<generated>)
	at org.springframework.cglib.proxy.MethodProxy.invoke(MethodProxy.java:218)
	at org.springframework.aop.framework.CglibAopProxy$CglibMethodInvocation.invokeJoinpoint(CglibAopProxy.java:793)
	at org.springframework.aop.framework.ReflectiveMethodInvocation.proceed(ReflectiveMethodInvocation.java:163)
	at org.springframework.aop.framework.CglibAopProxy$CglibMethodInvocation.proceed(CglibAopProxy.java:763)
	at org.springframework.aop.interceptor.AsyncExecutionInterceptor.lambda$invoke$0(AsyncExecutionInterceptor.java:115)
	at java.util.concurrent.FutureTask.run(FutureTask.java:266)
	at java.util.concurrent.ThreadPoolExecutor.runWorker(ThreadPoolExecutor.java:1149)
	at java.util.concurrent.ThreadPoolExecutor$Worker.run(ThreadPoolExecutor.java:624)
	at java.lang.Thread.run(Thread.java:750)
2024-08-29 14:44:40.361 [,] [scheduling-1] ERROR o.s.s.s.TaskUtils$LoggingErrorHandler - [handleError,95] - Unexpected error occurred in scheduled task
java.lang.InterruptedException: null
	at java.util.concurrent.FutureTask.awaitDone(FutureTask.java:404)
	at java.util.concurrent.FutureTask.get(FutureTask.java:191)
	at com.shark.aio.base.controller.InitFFmpeg.monitorFfmpegProcess(InitFFmpeg.java:106)
	at com.shark.aio.base.controller.InitFFmpeg$$FastClassBySpringCGLIB$$6f28da27.invoke(<generated>)
	at org.springframework.cglib.proxy.MethodProxy.invoke(MethodProxy.java:218)
	at org.springframework.aop.framework.CglibAopProxy$CglibMethodInvocation.invokeJoinpoint(CglibAopProxy.java:793)
	at org.springframework.aop.framework.ReflectiveMethodInvocation.proceed(ReflectiveMethodInvocation.java:163)
	at org.springframework.aop.framework.CglibAopProxy$CglibMethodInvocation.proceed(CglibAopProxy.java:763)
	at org.springframework.aop.framework.adapter.MethodBeforeAdviceInterceptor.invoke(MethodBeforeAdviceInterceptor.java:58)
	at org.springframework.aop.framework.ReflectiveMethodInvocation.proceed(ReflectiveMethodInvocation.java:186)
	at org.springframework.aop.framework.CglibAopProxy$CglibMethodInvocation.proceed(CglibAopProxy.java:763)
	at org.springframework.aop.interceptor.ExposeInvocationInterceptor.invoke(ExposeInvocationInterceptor.java:97)
	at org.springframework.aop.framework.ReflectiveMethodInvocation.proceed(ReflectiveMethodInvocation.java:186)
	at org.springframework.aop.framework.CglibAopProxy$CglibMethodInvocation.proceed(CglibAopProxy.java:763)
	at org.springframework.aop.framework.CglibAopProxy$DynamicAdvisedInterceptor.intercept(CglibAopProxy.java:708)
	at com.shark.aio.base.controller.InitFFmpeg$$EnhancerBySpringCGLIB$$1466892f.monitorFfmpegProcess(<generated>)
	at sun.reflect.NativeMethodAccessorImpl.invoke0(Native Method)
	at sun.reflect.NativeMethodAccessorImpl.invoke(NativeMethodAccessorImpl.java:62)
	at sun.reflect.DelegatingMethodAccessorImpl.invoke(DelegatingMethodAccessorImpl.java:43)
	at java.lang.reflect.Method.invoke(Method.java:498)
	at org.springframework.scheduling.support.ScheduledMethodRunnable.run(ScheduledMethodRunnable.java:84)
	at org.springframework.scheduling.support.DelegatingErrorHandlingRunnable.run(DelegatingErrorHandlingRunnable.java:54)
	at org.springframework.scheduling.concurrent.ReschedulingRunnable.run(ReschedulingRunnable.java:95)
	at java.util.concurrent.Executors$RunnableAdapter.call(Executors.java:511)
	at java.util.concurrent.FutureTask.run(FutureTask.java:266)
	at java.util.concurrent.ScheduledThreadPoolExecutor$ScheduledFutureTask.access$201(ScheduledThreadPoolExecutor.java:180)
	at java.util.concurrent.ScheduledThreadPoolExecutor$ScheduledFutureTask.run(ScheduledThreadPoolExecutor.java:293)
	at java.util.concurrent.ThreadPoolExecutor.runWorker(ThreadPoolExecutor.java:1149)
	at java.util.concurrent.ThreadPoolExecutor$Worker.run(ThreadPoolExecutor.java:624)
	at java.lang.Thread.run(Thread.java:750)
2024-08-29 14:59:09.166 [,] [scheduling-1] ERROR o.s.s.s.TaskUtils$LoggingErrorHandler - [handleError,95] - Unexpected error occurred in scheduled task
java.lang.InterruptedException: null
	at java.util.concurrent.FutureTask.awaitDone(FutureTask.java:404)
	at java.util.concurrent.FutureTask.get(FutureTask.java:191)
	at com.shark.aio.base.controller.InitFFmpeg.monitorFfmpegProcess(InitFFmpeg.java:106)
	at com.shark.aio.base.controller.InitFFmpeg$$FastClassBySpringCGLIB$$6f28da27.invoke(<generated>)
	at org.springframework.cglib.proxy.MethodProxy.invoke(MethodProxy.java:218)
	at org.springframework.aop.framework.CglibAopProxy$CglibMethodInvocation.invokeJoinpoint(CglibAopProxy.java:793)
	at org.springframework.aop.framework.ReflectiveMethodInvocation.proceed(ReflectiveMethodInvocation.java:163)
	at org.springframework.aop.framework.CglibAopProxy$CglibMethodInvocation.proceed(CglibAopProxy.java:763)
	at org.springframework.aop.framework.adapter.MethodBeforeAdviceInterceptor.invoke(MethodBeforeAdviceInterceptor.java:58)
	at org.springframework.aop.framework.ReflectiveMethodInvocation.proceed(ReflectiveMethodInvocation.java:186)
	at org.springframework.aop.framework.CglibAopProxy$CglibMethodInvocation.proceed(CglibAopProxy.java:763)
	at org.springframework.aop.interceptor.ExposeInvocationInterceptor.invoke(ExposeInvocationInterceptor.java:97)
	at org.springframework.aop.framework.ReflectiveMethodInvocation.proceed(ReflectiveMethodInvocation.java:186)
	at org.springframework.aop.framework.CglibAopProxy$CglibMethodInvocation.proceed(CglibAopProxy.java:763)
	at org.springframework.aop.framework.CglibAopProxy$DynamicAdvisedInterceptor.intercept(CglibAopProxy.java:708)
	at com.shark.aio.base.controller.InitFFmpeg$$EnhancerBySpringCGLIB$$251c05dc.monitorFfmpegProcess(<generated>)
	at sun.reflect.NativeMethodAccessorImpl.invoke0(Native Method)
	at sun.reflect.NativeMethodAccessorImpl.invoke(NativeMethodAccessorImpl.java:62)
	at sun.reflect.DelegatingMethodAccessorImpl.invoke(DelegatingMethodAccessorImpl.java:43)
	at java.lang.reflect.Method.invoke(Method.java:498)
	at org.springframework.scheduling.support.ScheduledMethodRunnable.run(ScheduledMethodRunnable.java:84)
	at org.springframework.scheduling.support.DelegatingErrorHandlingRunnable.run(DelegatingErrorHandlingRunnable.java:54)
	at org.springframework.scheduling.concurrent.ReschedulingRunnable.run(ReschedulingRunnable.java:95)
	at java.util.concurrent.Executors$RunnableAdapter.call(Executors.java:511)
	at java.util.concurrent.FutureTask.run(FutureTask.java:266)
	at java.util.concurrent.ScheduledThreadPoolExecutor$ScheduledFutureTask.access$201(ScheduledThreadPoolExecutor.java:180)
	at java.util.concurrent.ScheduledThreadPoolExecutor$ScheduledFutureTask.run(ScheduledThreadPoolExecutor.java:293)
	at java.util.concurrent.ThreadPoolExecutor.runWorker(ThreadPoolExecutor.java:1149)
	at java.util.concurrent.ThreadPoolExecutor$Worker.run(ThreadPoolExecutor.java:624)
	at java.lang.Thread.run(Thread.java:750)
2024-08-29 15:01:25.672 [,] [scheduling-1] ERROR o.s.s.s.TaskUtils$LoggingErrorHandler - [handleError,95] - Unexpected error occurred in scheduled task
java.lang.InterruptedException: null
	at java.util.concurrent.FutureTask.awaitDone(FutureTask.java:404)
	at java.util.concurrent.FutureTask.get(FutureTask.java:191)
	at com.shark.aio.base.controller.InitFFmpeg.monitorFfmpegProcess(InitFFmpeg.java:106)
	at com.shark.aio.base.controller.InitFFmpeg$$FastClassBySpringCGLIB$$6f28da27.invoke(<generated>)
	at org.springframework.cglib.proxy.MethodProxy.invoke(MethodProxy.java:218)
	at org.springframework.aop.framework.CglibAopProxy$CglibMethodInvocation.invokeJoinpoint(CglibAopProxy.java:793)
	at org.springframework.aop.framework.ReflectiveMethodInvocation.proceed(ReflectiveMethodInvocation.java:163)
	at org.springframework.aop.framework.CglibAopProxy$CglibMethodInvocation.proceed(CglibAopProxy.java:763)
	at org.springframework.aop.framework.adapter.MethodBeforeAdviceInterceptor.invoke(MethodBeforeAdviceInterceptor.java:58)
	at org.springframework.aop.framework.ReflectiveMethodInvocation.proceed(ReflectiveMethodInvocation.java:186)
	at org.springframework.aop.framework.CglibAopProxy$CglibMethodInvocation.proceed(CglibAopProxy.java:763)
	at org.springframework.aop.interceptor.ExposeInvocationInterceptor.invoke(ExposeInvocationInterceptor.java:97)
	at org.springframework.aop.framework.ReflectiveMethodInvocation.proceed(ReflectiveMethodInvocation.java:186)
	at org.springframework.aop.framework.CglibAopProxy$CglibMethodInvocation.proceed(CglibAopProxy.java:763)
	at org.springframework.aop.framework.CglibAopProxy$DynamicAdvisedInterceptor.intercept(CglibAopProxy.java:708)
	at com.shark.aio.base.controller.InitFFmpeg$$EnhancerBySpringCGLIB$$251c05dc.monitorFfmpegProcess(<generated>)
	at sun.reflect.NativeMethodAccessorImpl.invoke0(Native Method)
	at sun.reflect.NativeMethodAccessorImpl.invoke(NativeMethodAccessorImpl.java:62)
	at sun.reflect.DelegatingMethodAccessorImpl.invoke(DelegatingMethodAccessorImpl.java:43)
	at java.lang.reflect.Method.invoke(Method.java:498)
	at org.springframework.scheduling.support.ScheduledMethodRunnable.run(ScheduledMethodRunnable.java:84)
	at org.springframework.scheduling.support.DelegatingErrorHandlingRunnable.run(DelegatingErrorHandlingRunnable.java:54)
	at org.springframework.scheduling.concurrent.ReschedulingRunnable.run(ReschedulingRunnable.java:95)
	at java.util.concurrent.Executors$RunnableAdapter.call(Executors.java:511)
	at java.util.concurrent.FutureTask.run(FutureTask.java:266)
	at java.util.concurrent.ScheduledThreadPoolExecutor$ScheduledFutureTask.access$201(ScheduledThreadPoolExecutor.java:180)
	at java.util.concurrent.ScheduledThreadPoolExecutor$ScheduledFutureTask.run(ScheduledThreadPoolExecutor.java:293)
	at java.util.concurrent.ThreadPoolExecutor.runWorker(ThreadPoolExecutor.java:1149)
	at java.util.concurrent.ThreadPoolExecutor$Worker.run(ThreadPoolExecutor.java:624)
	at java.lang.Thread.run(Thread.java:750)
2024-08-29 15:08:15.019 [,] [scheduling-1] ERROR o.s.s.s.TaskUtils$LoggingErrorHandler - [handleError,95] - Unexpected error occurred in scheduled task
java.lang.InterruptedException: null
	at java.util.concurrent.FutureTask.awaitDone(FutureTask.java:404)
	at java.util.concurrent.FutureTask.get(FutureTask.java:191)
	at com.shark.aio.base.controller.InitFFmpeg.monitorFfmpegProcess(InitFFmpeg.java:106)
	at com.shark.aio.base.controller.InitFFmpeg$$FastClassBySpringCGLIB$$6f28da27.invoke(<generated>)
	at org.springframework.cglib.proxy.MethodProxy.invoke(MethodProxy.java:218)
	at org.springframework.aop.framework.CglibAopProxy$CglibMethodInvocation.invokeJoinpoint(CglibAopProxy.java:793)
	at org.springframework.aop.framework.ReflectiveMethodInvocation.proceed(ReflectiveMethodInvocation.java:163)
	at org.springframework.aop.framework.CglibAopProxy$CglibMethodInvocation.proceed(CglibAopProxy.java:763)
	at org.springframework.aop.framework.adapter.MethodBeforeAdviceInterceptor.invoke(MethodBeforeAdviceInterceptor.java:58)
	at org.springframework.aop.framework.ReflectiveMethodInvocation.proceed(ReflectiveMethodInvocation.java:186)
	at org.springframework.aop.framework.CglibAopProxy$CglibMethodInvocation.proceed(CglibAopProxy.java:763)
	at org.springframework.aop.interceptor.ExposeInvocationInterceptor.invoke(ExposeInvocationInterceptor.java:97)
	at org.springframework.aop.framework.ReflectiveMethodInvocation.proceed(ReflectiveMethodInvocation.java:186)
	at org.springframework.aop.framework.CglibAopProxy$CglibMethodInvocation.proceed(CglibAopProxy.java:763)
	at org.springframework.aop.framework.CglibAopProxy$DynamicAdvisedInterceptor.intercept(CglibAopProxy.java:708)
	at com.shark.aio.base.controller.InitFFmpeg$$EnhancerBySpringCGLIB$$63db7888.monitorFfmpegProcess(<generated>)
	at sun.reflect.NativeMethodAccessorImpl.invoke0(Native Method)
	at sun.reflect.NativeMethodAccessorImpl.invoke(NativeMethodAccessorImpl.java:62)
	at sun.reflect.DelegatingMethodAccessorImpl.invoke(DelegatingMethodAccessorImpl.java:43)
	at java.lang.reflect.Method.invoke(Method.java:498)
	at org.springframework.scheduling.support.ScheduledMethodRunnable.run(ScheduledMethodRunnable.java:84)
	at org.springframework.scheduling.support.DelegatingErrorHandlingRunnable.run(DelegatingErrorHandlingRunnable.java:54)
	at org.springframework.scheduling.concurrent.ReschedulingRunnable.run(ReschedulingRunnable.java:95)
	at java.util.concurrent.Executors$RunnableAdapter.call(Executors.java:511)
	at java.util.concurrent.FutureTask.run(FutureTask.java:266)
	at java.util.concurrent.ScheduledThreadPoolExecutor$ScheduledFutureTask.access$201(ScheduledThreadPoolExecutor.java:180)
	at java.util.concurrent.ScheduledThreadPoolExecutor$ScheduledFutureTask.run(ScheduledThreadPoolExecutor.java:293)
	at java.util.concurrent.ThreadPoolExecutor.runWorker(ThreadPoolExecutor.java:1149)
	at java.util.concurrent.ThreadPoolExecutor$Worker.run(ThreadPoolExecutor.java:624)
	at java.lang.Thread.run(Thread.java:750)
2024-08-29 15:20:05.038 [,] [http-nio-127.0.0.1-8089-exec-1] ERROR o.a.c.c.C.[.[.[.[dispatcherServlet] - [log,175] - Servlet.service() for servlet [dispatcherServlet] in context with path [] threw exception [Request processing failed; nested exception is org.springframework.web.client.ResourceAccessException: I/O error on GET request for "http://localhost:5555/video_feed": Connection reset; nested exception is java.net.SocketException: Connection reset] with root cause
java.net.SocketException: Connection reset
	at java.net.SocketInputStream.read(SocketInputStream.java:210)
	at java.net.SocketInputStream.read(SocketInputStream.java:141)
	at java.io.BufferedInputStream.fill(BufferedInputStream.java:246)
	at java.io.BufferedInputStream.read1(BufferedInputStream.java:286)
	at java.io.BufferedInputStream.read(BufferedInputStream.java:345)
	at sun.net.www.http.ChunkedInputStream.readAheadBlocking(ChunkedInputStream.java:552)
	at sun.net.www.http.ChunkedInputStream.readAhead(ChunkedInputStream.java:609)
	at sun.net.www.http.ChunkedInputStream.read(ChunkedInputStream.java:696)
	at java.io.FilterInputStream.read(FilterInputStream.java:133)
	at sun.net.www.protocol.http.HttpURLConnection$HttpInputStream.read(HttpURLConnection.java:3510)
	at sun.net.www.protocol.http.HttpURLConnection$HttpInputStream.read(HttpURLConnection.java:3503)
	at com.shark.aio.videodetect.controller.EmbedController.lambda$getFlaskPage$1(EmbedController.java:52)
	at org.springframework.web.client.RestTemplate.doExecute(RestTemplate.java:778)
	at org.springframework.web.client.RestTemplate.execute(RestTemplate.java:711)
	at com.shark.aio.videodetect.controller.EmbedController.getFlaskPage(EmbedController.java:60)
	at sun.reflect.NativeMethodAccessorImpl.invoke0(Native Method)
	at sun.reflect.NativeMethodAccessorImpl.invoke(NativeMethodAccessorImpl.java:62)
	at sun.reflect.DelegatingMethodAccessorImpl.invoke(DelegatingMethodAccessorImpl.java:43)
	at java.lang.reflect.Method.invoke(Method.java:498)
	at org.springframework.web.method.support.InvocableHandlerMethod.doInvoke(InvocableHandlerMethod.java:205)
	at org.springframework.web.method.support.InvocableHandlerMethod.invokeForRequest(InvocableHandlerMethod.java:150)
	at org.springframework.web.servlet.mvc.method.annotation.ServletInvocableHandlerMethod.invokeAndHandle(ServletInvocableHandlerMethod.java:117)
	at org.springframework.web.servlet.mvc.method.annotation.RequestMappingHandlerAdapter.invokeHandlerMethod(RequestMappingHandlerAdapter.java:895)
	at org.springframework.web.servlet.mvc.method.annotation.RequestMappingHandlerAdapter.handleInternal(RequestMappingHandlerAdapter.java:808)
	at org.springframework.web.servlet.mvc.method.AbstractHandlerMethodAdapter.handle(AbstractHandlerMethodAdapter.java:87)
	at org.springframework.web.servlet.DispatcherServlet.doDispatch(DispatcherServlet.java:1071)
	at org.springframework.web.servlet.DispatcherServlet.doService(DispatcherServlet.java:964)
	at org.springframework.web.servlet.FrameworkServlet.processRequest(FrameworkServlet.java:1006)
	at org.springframework.web.servlet.FrameworkServlet.doGet(FrameworkServlet.java:898)
	at javax.servlet.http.HttpServlet.service(HttpServlet.java:670)
	at org.springframework.web.servlet.FrameworkServlet.service(FrameworkServlet.java:883)
	at javax.servlet.http.HttpServlet.service(HttpServlet.java:779)
	at org.apache.catalina.core.ApplicationFilterChain.internalDoFilter(ApplicationFilterChain.java:227)
	at org.apache.catalina.core.ApplicationFilterChain.doFilter(ApplicationFilterChain.java:162)
	at org.apache.tomcat.websocket.server.WsFilter.doFilter(WsFilter.java:53)
	at org.apache.catalina.core.ApplicationFilterChain.internalDoFilter(ApplicationFilterChain.java:189)
	at org.apache.catalina.core.ApplicationFilterChain.doFilter(ApplicationFilterChain.java:162)
	at org.springframework.web.filter.CharacterEncodingFilter.doFilterInternal(CharacterEncodingFilter.java:201)
	at org.springframework.web.filter.OncePerRequestFilter.doFilter(OncePerRequestFilter.java:117)
	at org.apache.catalina.core.ApplicationFilterChain.internalDoFilter(ApplicationFilterChain.java:189)
	at org.apache.catalina.core.ApplicationFilterChain.doFilter(ApplicationFilterChain.java:162)
	at org.apache.catalina.core.StandardWrapperValve.invoke(StandardWrapperValve.java:197)
	at org.apache.catalina.core.StandardContextValve.invoke(StandardContextValve.java:97)
	at org.apache.catalina.authenticator.AuthenticatorBase.invoke(AuthenticatorBase.java:541)
	at org.apache.catalina.core.StandardHostValve.invoke(StandardHostValve.java:135)
	at org.apache.catalina.valves.ErrorReportValve.invoke(ErrorReportValve.java:92)
	at org.apache.catalina.core.StandardEngineValve.invoke(StandardEngineValve.java:78)
	at org.apache.catalina.connector.CoyoteAdapter.service(CoyoteAdapter.java:360)
	at org.apache.coyote.http11.Http11Processor.service(Http11Processor.java:399)
	at org.apache.coyote.AbstractProcessorLight.process(AbstractProcessorLight.java:65)
	at org.apache.coyote.AbstractProtocol$ConnectionHandler.process(AbstractProtocol.java:893)
	at org.apache.tomcat.util.net.NioEndpoint$SocketProcessor.doRun(NioEndpoint.java:1789)
	at org.apache.tomcat.util.net.SocketProcessorBase.run(SocketProcessorBase.java:49)
	at org.apache.tomcat.util.threads.ThreadPoolExecutor.runWorker(ThreadPoolExecutor.java:1191)
	at org.apache.tomcat.util.threads.ThreadPoolExecutor$Worker.run(ThreadPoolExecutor.java:659)
	at org.apache.tomcat.util.threads.TaskThread$WrappingRunnable.run(TaskThread.java:61)
	at java.lang.Thread.run(Thread.java:750)
2024-08-29 15:20:05.068 [,] [http-nio-127.0.0.1-8089-exec-1] ERROR o.s.b.a.w.s.e.ErrorMvcAutoConfiguration$StaticView - [render,204] - Cannot render error page for request [/embed] as the response has already been committed. As a result, the response may have the wrong status code.
2024-08-29 15:20:37.680 [,] [scheduling-1] ERROR o.s.s.s.TaskUtils$LoggingErrorHandler - [handleError,95] - Unexpected error occurred in scheduled task
java.lang.InterruptedException: null
	at java.util.concurrent.FutureTask.awaitDone(FutureTask.java:404)
	at java.util.concurrent.FutureTask.get(FutureTask.java:191)
	at com.shark.aio.base.controller.InitFFmpeg.monitorFfmpegProcess(InitFFmpeg.java:106)
	at com.shark.aio.base.controller.InitFFmpeg$$FastClassBySpringCGLIB$$6f28da27.invoke(<generated>)
	at org.springframework.cglib.proxy.MethodProxy.invoke(MethodProxy.java:218)
	at org.springframework.aop.framework.CglibAopProxy$CglibMethodInvocation.invokeJoinpoint(CglibAopProxy.java:793)
	at org.springframework.aop.framework.ReflectiveMethodInvocation.proceed(ReflectiveMethodInvocation.java:163)
	at org.springframework.aop.framework.CglibAopProxy$CglibMethodInvocation.proceed(CglibAopProxy.java:763)
	at org.springframework.aop.framework.adapter.MethodBeforeAdviceInterceptor.invoke(MethodBeforeAdviceInterceptor.java:58)
	at org.springframework.aop.framework.ReflectiveMethodInvocation.proceed(ReflectiveMethodInvocation.java:186)
	at org.springframework.aop.framework.CglibAopProxy$CglibMethodInvocation.proceed(CglibAopProxy.java:763)
	at org.springframework.aop.interceptor.ExposeInvocationInterceptor.invoke(ExposeInvocationInterceptor.java:97)
	at org.springframework.aop.framework.ReflectiveMethodInvocation.proceed(ReflectiveMethodInvocation.java:186)
	at org.springframework.aop.framework.CglibAopProxy$CglibMethodInvocation.proceed(CglibAopProxy.java:763)
	at org.springframework.aop.framework.CglibAopProxy$DynamicAdvisedInterceptor.intercept(CglibAopProxy.java:708)
	at com.shark.aio.base.controller.InitFFmpeg$$EnhancerBySpringCGLIB$$251c05dc.monitorFfmpegProcess(<generated>)
	at sun.reflect.NativeMethodAccessorImpl.invoke0(Native Method)
	at sun.reflect.NativeMethodAccessorImpl.invoke(NativeMethodAccessorImpl.java:62)
	at sun.reflect.DelegatingMethodAccessorImpl.invoke(DelegatingMethodAccessorImpl.java:43)
	at java.lang.reflect.Method.invoke(Method.java:498)
	at org.springframework.scheduling.support.ScheduledMethodRunnable.run(ScheduledMethodRunnable.java:84)
	at org.springframework.scheduling.support.DelegatingErrorHandlingRunnable.run(DelegatingErrorHandlingRunnable.java:54)
	at org.springframework.scheduling.concurrent.ReschedulingRunnable.run(ReschedulingRunnable.java:95)
	at java.util.concurrent.Executors$RunnableAdapter.call(Executors.java:511)
	at java.util.concurrent.FutureTask.run(FutureTask.java:266)
	at java.util.concurrent.ScheduledThreadPoolExecutor$ScheduledFutureTask.access$201(ScheduledThreadPoolExecutor.java:180)
	at java.util.concurrent.ScheduledThreadPoolExecutor$ScheduledFutureTask.run(ScheduledThreadPoolExecutor.java:293)
	at java.util.concurrent.ThreadPoolExecutor.runWorker(ThreadPoolExecutor.java:1149)
	at java.util.concurrent.ThreadPoolExecutor$Worker.run(ThreadPoolExecutor.java:624)
	at java.lang.Thread.run(Thread.java:750)
2024-08-29 15:29:40.297 [,] [http-nio-127.0.0.1-8089-exec-1] ERROR o.a.c.c.C.[.[.[.[dispatcherServlet] - [log,175] - Servlet.service() for servlet [dispatcherServlet] in context with path [] threw exception [Request processing failed; nested exception is org.springframework.web.client.ResourceAccessException: I/O error on GET request for "http://localhost:5555/video_feed": java.io.IOException: 你的主机中的软件中止了一个已建立的连接。; nested exception is org.apache.catalina.connector.ClientAbortException: java.io.IOException: 你的主机中的软件中止了一个已建立的连接。] with root cause
java.io.IOException: 你的主机中的软件中止了一个已建立的连接。
	at sun.nio.ch.SocketDispatcher.write0(Native Method)
	at sun.nio.ch.SocketDispatcher.write(SocketDispatcher.java:51)
	at sun.nio.ch.IOUtil.writeFromNativeBuffer(IOUtil.java:93)
	at sun.nio.ch.IOUtil.write(IOUtil.java:65)
	at sun.nio.ch.SocketChannelImpl.write(SocketChannelImpl.java:469)
	at org.apache.tomcat.util.net.NioChannel.write(NioChannel.java:135)
	at org.apache.tomcat.util.net.NioEndpoint$NioSocketWrapper.doWrite(NioEndpoint.java:1424)
	at org.apache.tomcat.util.net.SocketWrapperBase.doWrite(SocketWrapperBase.java:768)
	at org.apache.tomcat.util.net.SocketWrapperBase.writeBlocking(SocketWrapperBase.java:593)
	at org.apache.tomcat.util.net.SocketWrapperBase.write(SocketWrapperBase.java:537)
	at org.apache.coyote.http11.Http11OutputBuffer$SocketOutputBuffer.doWrite(Http11OutputBuffer.java:547)
	at org.apache.coyote.http11.filters.ChunkedOutputFilter.doWrite(ChunkedOutputFilter.java:112)
	at org.apache.coyote.http11.Http11OutputBuffer.doWrite(Http11OutputBuffer.java:194)
	at org.apache.coyote.Response.doWrite(Response.java:615)
	at org.apache.catalina.connector.OutputBuffer.realWriteBytes(OutputBuffer.java:340)
	at org.apache.catalina.connector.OutputBuffer.flushByteBuffer(OutputBuffer.java:784)
	at org.apache.catalina.connector.OutputBuffer.doFlush(OutputBuffer.java:299)
	at org.apache.catalina.connector.OutputBuffer.flush(OutputBuffer.java:273)
	at org.apache.catalina.connector.CoyoteOutputStream.flush(CoyoteOutputStream.java:118)
	at com.shark.aio.videodetect.controller.EmbedController.lambda$getFlaskPage$1(EmbedController.java:54)
	at org.springframework.web.client.RestTemplate.doExecute(RestTemplate.java:778)
	at org.springframework.web.client.RestTemplate.execute(RestTemplate.java:711)
	at com.shark.aio.videodetect.controller.EmbedController.getFlaskPage(EmbedController.java:60)
	at sun.reflect.NativeMethodAccessorImpl.invoke0(Native Method)
	at sun.reflect.NativeMethodAccessorImpl.invoke(NativeMethodAccessorImpl.java:62)
	at sun.reflect.DelegatingMethodAccessorImpl.invoke(DelegatingMethodAccessorImpl.java:43)
	at java.lang.reflect.Method.invoke(Method.java:498)
	at org.springframework.web.method.support.InvocableHandlerMethod.doInvoke(InvocableHandlerMethod.java:205)
	at org.springframework.web.method.support.InvocableHandlerMethod.invokeForRequest(InvocableHandlerMethod.java:150)
	at org.springframework.web.servlet.mvc.method.annotation.ServletInvocableHandlerMethod.invokeAndHandle(ServletInvocableHandlerMethod.java:117)
	at org.springframework.web.servlet.mvc.method.annotation.RequestMappingHandlerAdapter.invokeHandlerMethod(RequestMappingHandlerAdapter.java:895)
	at org.springframework.web.servlet.mvc.method.annotation.RequestMappingHandlerAdapter.handleInternal(RequestMappingHandlerAdapter.java:808)
	at org.springframework.web.servlet.mvc.method.AbstractHandlerMethodAdapter.handle(AbstractHandlerMethodAdapter.java:87)
	at org.springframework.web.servlet.DispatcherServlet.doDispatch(DispatcherServlet.java:1071)
	at org.springframework.web.servlet.DispatcherServlet.doService(DispatcherServlet.java:964)
	at org.springframework.web.servlet.FrameworkServlet.processRequest(FrameworkServlet.java:1006)
	at org.springframework.web.servlet.FrameworkServlet.doGet(FrameworkServlet.java:898)
	at javax.servlet.http.HttpServlet.service(HttpServlet.java:670)
	at org.springframework.web.servlet.FrameworkServlet.service(FrameworkServlet.java:883)
	at javax.servlet.http.HttpServlet.service(HttpServlet.java:779)
	at org.apache.catalina.core.ApplicationFilterChain.internalDoFilter(ApplicationFilterChain.java:227)
	at org.apache.catalina.core.ApplicationFilterChain.doFilter(ApplicationFilterChain.java:162)
	at org.apache.tomcat.websocket.server.WsFilter.doFilter(WsFilter.java:53)
	at org.apache.catalina.core.ApplicationFilterChain.internalDoFilter(ApplicationFilterChain.java:189)
	at org.apache.catalina.core.ApplicationFilterChain.doFilter(ApplicationFilterChain.java:162)
	at org.springframework.web.filter.CharacterEncodingFilter.doFilterInternal(CharacterEncodingFilter.java:201)
	at org.springframework.web.filter.OncePerRequestFilter.doFilter(OncePerRequestFilter.java:117)
	at org.apache.catalina.core.ApplicationFilterChain.internalDoFilter(ApplicationFilterChain.java:189)
	at org.apache.catalina.core.ApplicationFilterChain.doFilter(ApplicationFilterChain.java:162)
	at org.apache.catalina.core.StandardWrapperValve.invoke(StandardWrapperValve.java:197)
	at org.apache.catalina.core.StandardContextValve.invoke(StandardContextValve.java:97)
	at org.apache.catalina.authenticator.AuthenticatorBase.invoke(AuthenticatorBase.java:541)
	at org.apache.catalina.core.StandardHostValve.invoke(StandardHostValve.java:135)
	at org.apache.catalina.valves.ErrorReportValve.invoke(ErrorReportValve.java:92)
	at org.apache.catalina.core.StandardEngineValve.invoke(StandardEngineValve.java:78)
	at org.apache.catalina.connector.CoyoteAdapter.service(CoyoteAdapter.java:360)
	at org.apache.coyote.http11.Http11Processor.service(Http11Processor.java:399)
	at org.apache.coyote.AbstractProcessorLight.process(AbstractProcessorLight.java:65)
	at org.apache.coyote.AbstractProtocol$ConnectionHandler.process(AbstractProtocol.java:893)
	at org.apache.tomcat.util.net.NioEndpoint$SocketProcessor.doRun(NioEndpoint.java:1789)
	at org.apache.tomcat.util.net.SocketProcessorBase.run(SocketProcessorBase.java:49)
	at org.apache.tomcat.util.threads.ThreadPoolExecutor.runWorker(ThreadPoolExecutor.java:1191)
	at org.apache.tomcat.util.threads.ThreadPoolExecutor$Worker.run(ThreadPoolExecutor.java:659)
	at org.apache.tomcat.util.threads.TaskThread$WrappingRunnable.run(TaskThread.java:61)
	at java.lang.Thread.run(Thread.java:750)
2024-08-29 15:31:37.274 [,] [scheduling-1] ERROR o.s.s.s.TaskUtils$LoggingErrorHandler - [handleError,95] - Unexpected error occurred in scheduled task
java.lang.InterruptedException: null
	at java.util.concurrent.FutureTask.awaitDone(FutureTask.java:404)
	at java.util.concurrent.FutureTask.get(FutureTask.java:191)
	at com.shark.aio.base.controller.InitFFmpeg.monitorFfmpegProcess(InitFFmpeg.java:106)
	at com.shark.aio.base.controller.InitFFmpeg$$FastClassBySpringCGLIB$$6f28da27.invoke(<generated>)
	at org.springframework.cglib.proxy.MethodProxy.invoke(MethodProxy.java:218)
	at org.springframework.aop.framework.CglibAopProxy$CglibMethodInvocation.invokeJoinpoint(CglibAopProxy.java:793)
	at org.springframework.aop.framework.ReflectiveMethodInvocation.proceed(ReflectiveMethodInvocation.java:163)
	at org.springframework.aop.framework.CglibAopProxy$CglibMethodInvocation.proceed(CglibAopProxy.java:763)
	at org.springframework.aop.framework.adapter.MethodBeforeAdviceInterceptor.invoke(MethodBeforeAdviceInterceptor.java:58)
	at org.springframework.aop.framework.ReflectiveMethodInvocation.proceed(ReflectiveMethodInvocation.java:186)
	at org.springframework.aop.framework.CglibAopProxy$CglibMethodInvocation.proceed(CglibAopProxy.java:763)
	at org.springframework.aop.interceptor.ExposeInvocationInterceptor.invoke(ExposeInvocationInterceptor.java:97)
	at org.springframework.aop.framework.ReflectiveMethodInvocation.proceed(ReflectiveMethodInvocation.java:186)
	at org.springframework.aop.framework.CglibAopProxy$CglibMethodInvocation.proceed(CglibAopProxy.java:763)
	at org.springframework.aop.framework.CglibAopProxy$DynamicAdvisedInterceptor.intercept(CglibAopProxy.java:708)
	at com.shark.aio.base.controller.InitFFmpeg$$EnhancerBySpringCGLIB$$251c05dc.monitorFfmpegProcess(<generated>)
	at sun.reflect.NativeMethodAccessorImpl.invoke0(Native Method)
	at sun.reflect.NativeMethodAccessorImpl.invoke(NativeMethodAccessorImpl.java:62)
	at sun.reflect.DelegatingMethodAccessorImpl.invoke(DelegatingMethodAccessorImpl.java:43)
	at java.lang.reflect.Method.invoke(Method.java:498)
	at org.springframework.scheduling.support.ScheduledMethodRunnable.run(ScheduledMethodRunnable.java:84)
	at org.springframework.scheduling.support.DelegatingErrorHandlingRunnable.run(DelegatingErrorHandlingRunnable.java:54)
	at org.springframework.scheduling.concurrent.ReschedulingRunnable.run(ReschedulingRunnable.java:95)
	at java.util.concurrent.Executors$RunnableAdapter.call(Executors.java:511)
	at java.util.concurrent.FutureTask.run(FutureTask.java:266)
	at java.util.concurrent.ScheduledThreadPoolExecutor$ScheduledFutureTask.access$201(ScheduledThreadPoolExecutor.java:180)
	at java.util.concurrent.ScheduledThreadPoolExecutor$ScheduledFutureTask.run(ScheduledThreadPoolExecutor.java:293)
	at java.util.concurrent.ThreadPoolExecutor.runWorker(ThreadPoolExecutor.java:1149)
	at java.util.concurrent.ThreadPoolExecutor$Worker.run(ThreadPoolExecutor.java:624)
	at java.lang.Thread.run(Thread.java:750)
2024-08-29 15:34:56.765 [,] [scheduling-1] ERROR o.s.s.s.TaskUtils$LoggingErrorHandler - [handleError,95] - Unexpected error occurred in scheduled task
java.lang.InterruptedException: null
	at java.util.concurrent.FutureTask.awaitDone(FutureTask.java:404)
	at java.util.concurrent.FutureTask.get(FutureTask.java:191)
	at com.shark.aio.base.controller.InitFFmpeg.monitorFfmpegProcess(InitFFmpeg.java:106)
	at com.shark.aio.base.controller.InitFFmpeg$$FastClassBySpringCGLIB$$6f28da27.invoke(<generated>)
	at org.springframework.cglib.proxy.MethodProxy.invoke(MethodProxy.java:218)
	at org.springframework.aop.framework.CglibAopProxy$CglibMethodInvocation.invokeJoinpoint(CglibAopProxy.java:793)
	at org.springframework.aop.framework.ReflectiveMethodInvocation.proceed(ReflectiveMethodInvocation.java:163)
	at org.springframework.aop.framework.CglibAopProxy$CglibMethodInvocation.proceed(CglibAopProxy.java:763)
	at org.springframework.aop.framework.adapter.MethodBeforeAdviceInterceptor.invoke(MethodBeforeAdviceInterceptor.java:58)
	at org.springframework.aop.framework.ReflectiveMethodInvocation.proceed(ReflectiveMethodInvocation.java:186)
	at org.springframework.aop.framework.CglibAopProxy$CglibMethodInvocation.proceed(CglibAopProxy.java:763)
	at org.springframework.aop.interceptor.ExposeInvocationInterceptor.invoke(ExposeInvocationInterceptor.java:97)
	at org.springframework.aop.framework.ReflectiveMethodInvocation.proceed(ReflectiveMethodInvocation.java:186)
	at org.springframework.aop.framework.CglibAopProxy$CglibMethodInvocation.proceed(CglibAopProxy.java:763)
	at org.springframework.aop.framework.CglibAopProxy$DynamicAdvisedInterceptor.intercept(CglibAopProxy.java:708)
	at com.shark.aio.base.controller.InitFFmpeg$$EnhancerBySpringCGLIB$$251c05dc.monitorFfmpegProcess(<generated>)
	at sun.reflect.NativeMethodAccessorImpl.invoke0(Native Method)
	at sun.reflect.NativeMethodAccessorImpl.invoke(NativeMethodAccessorImpl.java:62)
	at sun.reflect.DelegatingMethodAccessorImpl.invoke(DelegatingMethodAccessorImpl.java:43)
	at java.lang.reflect.Method.invoke(Method.java:498)
	at org.springframework.scheduling.support.ScheduledMethodRunnable.run(ScheduledMethodRunnable.java:84)
	at org.springframework.scheduling.support.DelegatingErrorHandlingRunnable.run(DelegatingErrorHandlingRunnable.java:54)
	at org.springframework.scheduling.concurrent.ReschedulingRunnable.run(ReschedulingRunnable.java:95)
	at java.util.concurrent.Executors$RunnableAdapter.call(Executors.java:511)
	at java.util.concurrent.FutureTask.run(FutureTask.java:266)
	at java.util.concurrent.ScheduledThreadPoolExecutor$ScheduledFutureTask.access$201(ScheduledThreadPoolExecutor.java:180)
	at java.util.concurrent.ScheduledThreadPoolExecutor$ScheduledFutureTask.run(ScheduledThreadPoolExecutor.java:293)
	at java.util.concurrent.ThreadPoolExecutor.runWorker(ThreadPoolExecutor.java:1149)
	at java.util.concurrent.ThreadPoolExecutor$Worker.run(ThreadPoolExecutor.java:624)
	at java.lang.Thread.run(Thread.java:750)
2024-08-29 15:36:53.485 [,] [scheduling-1] ERROR o.s.s.s.TaskUtils$LoggingErrorHandler - [handleError,95] - Unexpected error occurred in scheduled task
java.lang.InterruptedException: null
	at java.util.concurrent.FutureTask.awaitDone(FutureTask.java:404)
	at java.util.concurrent.FutureTask.get(FutureTask.java:191)
	at com.shark.aio.base.controller.InitFFmpeg.monitorFfmpegProcess(InitFFmpeg.java:106)
	at com.shark.aio.base.controller.InitFFmpeg$$FastClassBySpringCGLIB$$6f28da27.invoke(<generated>)
	at org.springframework.cglib.proxy.MethodProxy.invoke(MethodProxy.java:218)
	at org.springframework.aop.framework.CglibAopProxy$CglibMethodInvocation.invokeJoinpoint(CglibAopProxy.java:793)
	at org.springframework.aop.framework.ReflectiveMethodInvocation.proceed(ReflectiveMethodInvocation.java:163)
	at org.springframework.aop.framework.CglibAopProxy$CglibMethodInvocation.proceed(CglibAopProxy.java:763)
	at org.springframework.aop.framework.adapter.MethodBeforeAdviceInterceptor.invoke(MethodBeforeAdviceInterceptor.java:58)
	at org.springframework.aop.framework.ReflectiveMethodInvocation.proceed(ReflectiveMethodInvocation.java:186)
	at org.springframework.aop.framework.CglibAopProxy$CglibMethodInvocation.proceed(CglibAopProxy.java:763)
	at org.springframework.aop.interceptor.ExposeInvocationInterceptor.invoke(ExposeInvocationInterceptor.java:97)
	at org.springframework.aop.framework.ReflectiveMethodInvocation.proceed(ReflectiveMethodInvocation.java:186)
	at org.springframework.aop.framework.CglibAopProxy$CglibMethodInvocation.proceed(CglibAopProxy.java:763)
	at org.springframework.aop.framework.CglibAopProxy$DynamicAdvisedInterceptor.intercept(CglibAopProxy.java:708)
	at com.shark.aio.base.controller.InitFFmpeg$$EnhancerBySpringCGLIB$$251c05dc.monitorFfmpegProcess(<generated>)
	at sun.reflect.NativeMethodAccessorImpl.invoke0(Native Method)
	at sun.reflect.NativeMethodAccessorImpl.invoke(NativeMethodAccessorImpl.java:62)
	at sun.reflect.DelegatingMethodAccessorImpl.invoke(DelegatingMethodAccessorImpl.java:43)
	at java.lang.reflect.Method.invoke(Method.java:498)
	at org.springframework.scheduling.support.ScheduledMethodRunnable.run(ScheduledMethodRunnable.java:84)
	at org.springframework.scheduling.support.DelegatingErrorHandlingRunnable.run(DelegatingErrorHandlingRunnable.java:54)
	at org.springframework.scheduling.concurrent.ReschedulingRunnable.run(ReschedulingRunnable.java:95)
	at java.util.concurrent.Executors$RunnableAdapter.call(Executors.java:511)
	at java.util.concurrent.FutureTask.run(FutureTask.java:266)
	at java.util.concurrent.ScheduledThreadPoolExecutor$ScheduledFutureTask.access$201(ScheduledThreadPoolExecutor.java:180)
	at java.util.concurrent.ScheduledThreadPoolExecutor$ScheduledFutureTask.run(ScheduledThreadPoolExecutor.java:293)
	at java.util.concurrent.ThreadPoolExecutor.runWorker(ThreadPoolExecutor.java:1149)
	at java.util.concurrent.ThreadPoolExecutor$Worker.run(ThreadPoolExecutor.java:624)
	at java.lang.Thread.run(Thread.java:750)
2024-08-29 15:37:53.966 [,] [scheduling-1] ERROR o.s.s.s.TaskUtils$LoggingErrorHandler - [handleError,95] - Unexpected error occurred in scheduled task
java.lang.InterruptedException: null
	at java.util.concurrent.FutureTask.awaitDone(FutureTask.java:404)
	at java.util.concurrent.FutureTask.get(FutureTask.java:191)
	at com.shark.aio.base.controller.InitFFmpeg.monitorFfmpegProcess(InitFFmpeg.java:106)
	at com.shark.aio.base.controller.InitFFmpeg$$FastClassBySpringCGLIB$$6f28da27.invoke(<generated>)
	at org.springframework.cglib.proxy.MethodProxy.invoke(MethodProxy.java:218)
	at org.springframework.aop.framework.CglibAopProxy$CglibMethodInvocation.invokeJoinpoint(CglibAopProxy.java:793)
	at org.springframework.aop.framework.ReflectiveMethodInvocation.proceed(ReflectiveMethodInvocation.java:163)
	at org.springframework.aop.framework.CglibAopProxy$CglibMethodInvocation.proceed(CglibAopProxy.java:763)
	at org.springframework.aop.framework.adapter.MethodBeforeAdviceInterceptor.invoke(MethodBeforeAdviceInterceptor.java:58)
	at org.springframework.aop.framework.ReflectiveMethodInvocation.proceed(ReflectiveMethodInvocation.java:186)
	at org.springframework.aop.framework.CglibAopProxy$CglibMethodInvocation.proceed(CglibAopProxy.java:763)
	at org.springframework.aop.interceptor.ExposeInvocationInterceptor.invoke(ExposeInvocationInterceptor.java:97)
	at org.springframework.aop.framework.ReflectiveMethodInvocation.proceed(ReflectiveMethodInvocation.java:186)
	at org.springframework.aop.framework.CglibAopProxy$CglibMethodInvocation.proceed(CglibAopProxy.java:763)
	at org.springframework.aop.framework.CglibAopProxy$DynamicAdvisedInterceptor.intercept(CglibAopProxy.java:708)
	at com.shark.aio.base.controller.InitFFmpeg$$EnhancerBySpringCGLIB$$b08a26b4.monitorFfmpegProcess(<generated>)
	at sun.reflect.NativeMethodAccessorImpl.invoke0(Native Method)
	at sun.reflect.NativeMethodAccessorImpl.invoke(NativeMethodAccessorImpl.java:62)
	at sun.reflect.DelegatingMethodAccessorImpl.invoke(DelegatingMethodAccessorImpl.java:43)
	at java.lang.reflect.Method.invoke(Method.java:498)
	at org.springframework.scheduling.support.ScheduledMethodRunnable.run(ScheduledMethodRunnable.java:84)
	at org.springframework.scheduling.support.DelegatingErrorHandlingRunnable.run(DelegatingErrorHandlingRunnable.java:54)
	at org.springframework.scheduling.concurrent.ReschedulingRunnable.run(ReschedulingRunnable.java:95)
	at java.util.concurrent.Executors$RunnableAdapter.call(Executors.java:511)
	at java.util.concurrent.FutureTask.run(FutureTask.java:266)
	at java.util.concurrent.ScheduledThreadPoolExecutor$ScheduledFutureTask.access$201(ScheduledThreadPoolExecutor.java:180)
	at java.util.concurrent.ScheduledThreadPoolExecutor$ScheduledFutureTask.run(ScheduledThreadPoolExecutor.java:293)
	at java.util.concurrent.ThreadPoolExecutor.runWorker(ThreadPoolExecutor.java:1149)
	at java.util.concurrent.ThreadPoolExecutor$Worker.run(ThreadPoolExecutor.java:624)
	at java.lang.Thread.run(Thread.java:750)
2024-08-29 15:38:52.789 [,] [scheduling-1] ERROR o.s.s.s.TaskUtils$LoggingErrorHandler - [handleError,95] - Unexpected error occurred in scheduled task
java.lang.InterruptedException: null
	at java.util.concurrent.FutureTask.awaitDone(FutureTask.java:404)
	at java.util.concurrent.FutureTask.get(FutureTask.java:191)
	at com.shark.aio.base.controller.InitFFmpeg.monitorFfmpegProcess(InitFFmpeg.java:106)
	at com.shark.aio.base.controller.InitFFmpeg$$FastClassBySpringCGLIB$$6f28da27.invoke(<generated>)
	at org.springframework.cglib.proxy.MethodProxy.invoke(MethodProxy.java:218)
	at org.springframework.aop.framework.CglibAopProxy$CglibMethodInvocation.invokeJoinpoint(CglibAopProxy.java:793)
	at org.springframework.aop.framework.ReflectiveMethodInvocation.proceed(ReflectiveMethodInvocation.java:163)
	at org.springframework.aop.framework.CglibAopProxy$CglibMethodInvocation.proceed(CglibAopProxy.java:763)
	at org.springframework.aop.framework.adapter.MethodBeforeAdviceInterceptor.invoke(MethodBeforeAdviceInterceptor.java:58)
	at org.springframework.aop.framework.ReflectiveMethodInvocation.proceed(ReflectiveMethodInvocation.java:186)
	at org.springframework.aop.framework.CglibAopProxy$CglibMethodInvocation.proceed(CglibAopProxy.java:763)
	at org.springframework.aop.interceptor.ExposeInvocationInterceptor.invoke(ExposeInvocationInterceptor.java:97)
	at org.springframework.aop.framework.ReflectiveMethodInvocation.proceed(ReflectiveMethodInvocation.java:186)
	at org.springframework.aop.framework.CglibAopProxy$CglibMethodInvocation.proceed(CglibAopProxy.java:763)
	at org.springframework.aop.framework.CglibAopProxy$DynamicAdvisedInterceptor.intercept(CglibAopProxy.java:708)
	at com.shark.aio.base.controller.InitFFmpeg$$EnhancerBySpringCGLIB$$251c05dc.monitorFfmpegProcess(<generated>)
	at sun.reflect.NativeMethodAccessorImpl.invoke0(Native Method)
	at sun.reflect.NativeMethodAccessorImpl.invoke(NativeMethodAccessorImpl.java:62)
	at sun.reflect.DelegatingMethodAccessorImpl.invoke(DelegatingMethodAccessorImpl.java:43)
	at java.lang.reflect.Method.invoke(Method.java:498)
	at org.springframework.scheduling.support.ScheduledMethodRunnable.run(ScheduledMethodRunnable.java:84)
	at org.springframework.scheduling.support.DelegatingErrorHandlingRunnable.run(DelegatingErrorHandlingRunnable.java:54)
	at org.springframework.scheduling.concurrent.ReschedulingRunnable.run(ReschedulingRunnable.java:95)
	at java.util.concurrent.Executors$RunnableAdapter.call(Executors.java:511)
	at java.util.concurrent.FutureTask.run(FutureTask.java:266)
	at java.util.concurrent.ScheduledThreadPoolExecutor$ScheduledFutureTask.access$201(ScheduledThreadPoolExecutor.java:180)
	at java.util.concurrent.ScheduledThreadPoolExecutor$ScheduledFutureTask.run(ScheduledThreadPoolExecutor.java:293)
	at java.util.concurrent.ThreadPoolExecutor.runWorker(ThreadPoolExecutor.java:1149)
	at java.util.concurrent.ThreadPoolExecutor$Worker.run(ThreadPoolExecutor.java:624)
	at java.lang.Thread.run(Thread.java:750)
2024-08-29 15:39:51.352 [,] [scheduling-1] ERROR o.s.s.s.TaskUtils$LoggingErrorHandler - [handleError,95] - Unexpected error occurred in scheduled task
java.lang.InterruptedException: null
	at java.util.concurrent.FutureTask.awaitDone(FutureTask.java:404)
	at java.util.concurrent.FutureTask.get(FutureTask.java:191)
	at com.shark.aio.base.controller.InitFFmpeg.monitorFfmpegProcess(InitFFmpeg.java:106)
	at com.shark.aio.base.controller.InitFFmpeg$$FastClassBySpringCGLIB$$6f28da27.invoke(<generated>)
	at org.springframework.cglib.proxy.MethodProxy.invoke(MethodProxy.java:218)
	at org.springframework.aop.framework.CglibAopProxy$CglibMethodInvocation.invokeJoinpoint(CglibAopProxy.java:793)
	at org.springframework.aop.framework.ReflectiveMethodInvocation.proceed(ReflectiveMethodInvocation.java:163)
	at org.springframework.aop.framework.CglibAopProxy$CglibMethodInvocation.proceed(CglibAopProxy.java:763)
	at org.springframework.aop.framework.adapter.MethodBeforeAdviceInterceptor.invoke(MethodBeforeAdviceInterceptor.java:58)
	at org.springframework.aop.framework.ReflectiveMethodInvocation.proceed(ReflectiveMethodInvocation.java:186)
	at org.springframework.aop.framework.CglibAopProxy$CglibMethodInvocation.proceed(CglibAopProxy.java:763)
	at org.springframework.aop.interceptor.ExposeInvocationInterceptor.invoke(ExposeInvocationInterceptor.java:97)
	at org.springframework.aop.framework.ReflectiveMethodInvocation.proceed(ReflectiveMethodInvocation.java:186)
	at org.springframework.aop.framework.CglibAopProxy$CglibMethodInvocation.proceed(CglibAopProxy.java:763)
	at org.springframework.aop.framework.CglibAopProxy$DynamicAdvisedInterceptor.intercept(CglibAopProxy.java:708)
	at com.shark.aio.base.controller.InitFFmpeg$$EnhancerBySpringCGLIB$$251c05dc.monitorFfmpegProcess(<generated>)
	at sun.reflect.NativeMethodAccessorImpl.invoke0(Native Method)
	at sun.reflect.NativeMethodAccessorImpl.invoke(NativeMethodAccessorImpl.java:62)
	at sun.reflect.DelegatingMethodAccessorImpl.invoke(DelegatingMethodAccessorImpl.java:43)
	at java.lang.reflect.Method.invoke(Method.java:498)
	at org.springframework.scheduling.support.ScheduledMethodRunnable.run(ScheduledMethodRunnable.java:84)
	at org.springframework.scheduling.support.DelegatingErrorHandlingRunnable.run(DelegatingErrorHandlingRunnable.java:54)
	at org.springframework.scheduling.concurrent.ReschedulingRunnable.run(ReschedulingRunnable.java:95)
	at java.util.concurrent.Executors$RunnableAdapter.call(Executors.java:511)
	at java.util.concurrent.FutureTask.run(FutureTask.java:266)
	at java.util.concurrent.ScheduledThreadPoolExecutor$ScheduledFutureTask.access$201(ScheduledThreadPoolExecutor.java:180)
	at java.util.concurrent.ScheduledThreadPoolExecutor$ScheduledFutureTask.run(ScheduledThreadPoolExecutor.java:293)
	at java.util.concurrent.ThreadPoolExecutor.runWorker(ThreadPoolExecutor.java:1149)
	at java.util.concurrent.ThreadPoolExecutor$Worker.run(ThreadPoolExecutor.java:624)
	at java.lang.Thread.run(Thread.java:750)
2024-08-29 15:40:28.231 [,] [scheduling-1] ERROR o.s.s.s.TaskUtils$LoggingErrorHandler - [handleError,95] - Unexpected error occurred in scheduled task
java.lang.InterruptedException: null
	at java.util.concurrent.FutureTask.awaitDone(FutureTask.java:404)
	at java.util.concurrent.FutureTask.get(FutureTask.java:191)
	at com.shark.aio.base.controller.InitFFmpeg.monitorFfmpegProcess(InitFFmpeg.java:106)
	at com.shark.aio.base.controller.InitFFmpeg$$FastClassBySpringCGLIB$$6f28da27.invoke(<generated>)
	at org.springframework.cglib.proxy.MethodProxy.invoke(MethodProxy.java:218)
	at org.springframework.aop.framework.CglibAopProxy$CglibMethodInvocation.invokeJoinpoint(CglibAopProxy.java:793)
	at org.springframework.aop.framework.ReflectiveMethodInvocation.proceed(ReflectiveMethodInvocation.java:163)
	at org.springframework.aop.framework.CglibAopProxy$CglibMethodInvocation.proceed(CglibAopProxy.java:763)
	at org.springframework.aop.framework.adapter.MethodBeforeAdviceInterceptor.invoke(MethodBeforeAdviceInterceptor.java:58)
	at org.springframework.aop.framework.ReflectiveMethodInvocation.proceed(ReflectiveMethodInvocation.java:186)
	at org.springframework.aop.framework.CglibAopProxy$CglibMethodInvocation.proceed(CglibAopProxy.java:763)
	at org.springframework.aop.interceptor.ExposeInvocationInterceptor.invoke(ExposeInvocationInterceptor.java:97)
	at org.springframework.aop.framework.ReflectiveMethodInvocation.proceed(ReflectiveMethodInvocation.java:186)
	at org.springframework.aop.framework.CglibAopProxy$CglibMethodInvocation.proceed(CglibAopProxy.java:763)
	at org.springframework.aop.framework.CglibAopProxy$DynamicAdvisedInterceptor.intercept(CglibAopProxy.java:708)
	at com.shark.aio.base.controller.InitFFmpeg$$EnhancerBySpringCGLIB$$251c05dc.monitorFfmpegProcess(<generated>)
	at sun.reflect.NativeMethodAccessorImpl.invoke0(Native Method)
	at sun.reflect.NativeMethodAccessorImpl.invoke(NativeMethodAccessorImpl.java:62)
	at sun.reflect.DelegatingMethodAccessorImpl.invoke(DelegatingMethodAccessorImpl.java:43)
	at java.lang.reflect.Method.invoke(Method.java:498)
	at org.springframework.scheduling.support.ScheduledMethodRunnable.run(ScheduledMethodRunnable.java:84)
	at org.springframework.scheduling.support.DelegatingErrorHandlingRunnable.run(DelegatingErrorHandlingRunnable.java:54)
	at org.springframework.scheduling.concurrent.ReschedulingRunnable.run(ReschedulingRunnable.java:95)
	at java.util.concurrent.Executors$RunnableAdapter.call(Executors.java:511)
	at java.util.concurrent.FutureTask.run(FutureTask.java:266)
	at java.util.concurrent.ScheduledThreadPoolExecutor$ScheduledFutureTask.access$201(ScheduledThreadPoolExecutor.java:180)
	at java.util.concurrent.ScheduledThreadPoolExecutor$ScheduledFutureTask.run(ScheduledThreadPoolExecutor.java:293)
	at java.util.concurrent.ThreadPoolExecutor.runWorker(ThreadPoolExecutor.java:1149)
	at java.util.concurrent.ThreadPoolExecutor$Worker.run(ThreadPoolExecutor.java:624)
	at java.lang.Thread.run(Thread.java:750)
2024-08-29 15:46:57.849 [,] [scheduling-1] ERROR o.s.s.s.TaskUtils$LoggingErrorHandler - [handleError,95] - Unexpected error occurred in scheduled task
java.lang.InterruptedException: null
	at java.util.concurrent.FutureTask.awaitDone(FutureTask.java:404)
	at java.util.concurrent.FutureTask.get(FutureTask.java:191)
	at com.shark.aio.base.controller.InitFFmpeg.monitorFfmpegProcess(InitFFmpeg.java:106)
	at com.shark.aio.base.controller.InitFFmpeg$$FastClassBySpringCGLIB$$6f28da27.invoke(<generated>)
	at org.springframework.cglib.proxy.MethodProxy.invoke(MethodProxy.java:218)
	at org.springframework.aop.framework.CglibAopProxy$CglibMethodInvocation.invokeJoinpoint(CglibAopProxy.java:793)
	at org.springframework.aop.framework.ReflectiveMethodInvocation.proceed(ReflectiveMethodInvocation.java:163)
	at org.springframework.aop.framework.CglibAopProxy$CglibMethodInvocation.proceed(CglibAopProxy.java:763)
	at org.springframework.aop.framework.adapter.MethodBeforeAdviceInterceptor.invoke(MethodBeforeAdviceInterceptor.java:58)
	at org.springframework.aop.framework.ReflectiveMethodInvocation.proceed(ReflectiveMethodInvocation.java:186)
	at org.springframework.aop.framework.CglibAopProxy$CglibMethodInvocation.proceed(CglibAopProxy.java:763)
	at org.springframework.aop.interceptor.ExposeInvocationInterceptor.invoke(ExposeInvocationInterceptor.java:97)
	at org.springframework.aop.framework.ReflectiveMethodInvocation.proceed(ReflectiveMethodInvocation.java:186)
	at org.springframework.aop.framework.CglibAopProxy$CglibMethodInvocation.proceed(CglibAopProxy.java:763)
	at org.springframework.aop.framework.CglibAopProxy$DynamicAdvisedInterceptor.intercept(CglibAopProxy.java:708)
	at com.shark.aio.base.controller.InitFFmpeg$$EnhancerBySpringCGLIB$$251c05dc.monitorFfmpegProcess(<generated>)
	at sun.reflect.NativeMethodAccessorImpl.invoke0(Native Method)
	at sun.reflect.NativeMethodAccessorImpl.invoke(NativeMethodAccessorImpl.java:62)
	at sun.reflect.DelegatingMethodAccessorImpl.invoke(DelegatingMethodAccessorImpl.java:43)
	at java.lang.reflect.Method.invoke(Method.java:498)
	at org.springframework.scheduling.support.ScheduledMethodRunnable.run(ScheduledMethodRunnable.java:84)
	at org.springframework.scheduling.support.DelegatingErrorHandlingRunnable.run(DelegatingErrorHandlingRunnable.java:54)
	at org.springframework.scheduling.concurrent.ReschedulingRunnable.run(ReschedulingRunnable.java:95)
	at java.util.concurrent.Executors$RunnableAdapter.call(Executors.java:511)
	at java.util.concurrent.FutureTask.run(FutureTask.java:266)
	at java.util.concurrent.ScheduledThreadPoolExecutor$ScheduledFutureTask.access$201(ScheduledThreadPoolExecutor.java:180)
	at java.util.concurrent.ScheduledThreadPoolExecutor$ScheduledFutureTask.run(ScheduledThreadPoolExecutor.java:293)
	at java.util.concurrent.ThreadPoolExecutor.runWorker(ThreadPoolExecutor.java:1149)
	at java.util.concurrent.ThreadPoolExecutor$Worker.run(ThreadPoolExecutor.java:624)
	at java.lang.Thread.run(Thread.java:750)
2024-08-29 15:52:52.975 [,] [scheduling-1] ERROR o.s.s.s.TaskUtils$LoggingErrorHandler - [handleError,95] - Unexpected error occurred in scheduled task
java.lang.InterruptedException: null
	at java.util.concurrent.FutureTask.awaitDone(FutureTask.java:404)
	at java.util.concurrent.FutureTask.get(FutureTask.java:191)
	at com.shark.aio.base.controller.InitFFmpeg.monitorFfmpegProcess(InitFFmpeg.java:106)
	at com.shark.aio.base.controller.InitFFmpeg$$FastClassBySpringCGLIB$$6f28da27.invoke(<generated>)
	at org.springframework.cglib.proxy.MethodProxy.invoke(MethodProxy.java:218)
	at org.springframework.aop.framework.CglibAopProxy$CglibMethodInvocation.invokeJoinpoint(CglibAopProxy.java:793)
	at org.springframework.aop.framework.ReflectiveMethodInvocation.proceed(ReflectiveMethodInvocation.java:163)
	at org.springframework.aop.framework.CglibAopProxy$CglibMethodInvocation.proceed(CglibAopProxy.java:763)
	at org.springframework.aop.framework.adapter.MethodBeforeAdviceInterceptor.invoke(MethodBeforeAdviceInterceptor.java:58)
	at org.springframework.aop.framework.ReflectiveMethodInvocation.proceed(ReflectiveMethodInvocation.java:186)
	at org.springframework.aop.framework.CglibAopProxy$CglibMethodInvocation.proceed(CglibAopProxy.java:763)
	at org.springframework.aop.interceptor.ExposeInvocationInterceptor.invoke(ExposeInvocationInterceptor.java:97)
	at org.springframework.aop.framework.ReflectiveMethodInvocation.proceed(ReflectiveMethodInvocation.java:186)
	at org.springframework.aop.framework.CglibAopProxy$CglibMethodInvocation.proceed(CglibAopProxy.java:763)
	at org.springframework.aop.framework.CglibAopProxy$DynamicAdvisedInterceptor.intercept(CglibAopProxy.java:708)
	at com.shark.aio.base.controller.InitFFmpeg$$EnhancerBySpringCGLIB$$63db7888.monitorFfmpegProcess(<generated>)
	at sun.reflect.NativeMethodAccessorImpl.invoke0(Native Method)
	at sun.reflect.NativeMethodAccessorImpl.invoke(NativeMethodAccessorImpl.java:62)
	at sun.reflect.DelegatingMethodAccessorImpl.invoke(DelegatingMethodAccessorImpl.java:43)
	at java.lang.reflect.Method.invoke(Method.java:498)
	at org.springframework.scheduling.support.ScheduledMethodRunnable.run(ScheduledMethodRunnable.java:84)
	at org.springframework.scheduling.support.DelegatingErrorHandlingRunnable.run(DelegatingErrorHandlingRunnable.java:54)
	at org.springframework.scheduling.concurrent.ReschedulingRunnable.run(ReschedulingRunnable.java:95)
	at java.util.concurrent.Executors$RunnableAdapter.call(Executors.java:511)
	at java.util.concurrent.FutureTask.run(FutureTask.java:266)
	at java.util.concurrent.ScheduledThreadPoolExecutor$ScheduledFutureTask.access$201(ScheduledThreadPoolExecutor.java:180)
	at java.util.concurrent.ScheduledThreadPoolExecutor$ScheduledFutureTask.run(ScheduledThreadPoolExecutor.java:293)
	at java.util.concurrent.ThreadPoolExecutor.runWorker(ThreadPoolExecutor.java:1149)
	at java.util.concurrent.ThreadPoolExecutor$Worker.run(ThreadPoolExecutor.java:624)
	at java.lang.Thread.run(Thread.java:750)
2024-08-29 15:59:48.682 [,] [scheduling-1] ERROR o.s.s.s.TaskUtils$LoggingErrorHandler - [handleError,95] - Unexpected error occurred in scheduled task
java.lang.InterruptedException: null
	at java.util.concurrent.FutureTask.awaitDone(FutureTask.java:404)
	at java.util.concurrent.FutureTask.get(FutureTask.java:191)
	at com.shark.aio.base.controller.InitFFmpeg.monitorFfmpegProcess(InitFFmpeg.java:106)
	at com.shark.aio.base.controller.InitFFmpeg$$FastClassBySpringCGLIB$$6f28da27.invoke(<generated>)
	at org.springframework.cglib.proxy.MethodProxy.invoke(MethodProxy.java:218)
	at org.springframework.aop.framework.CglibAopProxy$CglibMethodInvocation.invokeJoinpoint(CglibAopProxy.java:793)
	at org.springframework.aop.framework.ReflectiveMethodInvocation.proceed(ReflectiveMethodInvocation.java:163)
	at org.springframework.aop.framework.CglibAopProxy$CglibMethodInvocation.proceed(CglibAopProxy.java:763)
	at org.springframework.aop.framework.adapter.MethodBeforeAdviceInterceptor.invoke(MethodBeforeAdviceInterceptor.java:58)
	at org.springframework.aop.framework.ReflectiveMethodInvocation.proceed(ReflectiveMethodInvocation.java:186)
	at org.springframework.aop.framework.CglibAopProxy$CglibMethodInvocation.proceed(CglibAopProxy.java:763)
	at org.springframework.aop.interceptor.ExposeInvocationInterceptor.invoke(ExposeInvocationInterceptor.java:97)
	at org.springframework.aop.framework.ReflectiveMethodInvocation.proceed(ReflectiveMethodInvocation.java:186)
	at org.springframework.aop.framework.CglibAopProxy$CglibMethodInvocation.proceed(CglibAopProxy.java:763)
	at org.springframework.aop.framework.CglibAopProxy$DynamicAdvisedInterceptor.intercept(CglibAopProxy.java:708)
	at com.shark.aio.base.controller.InitFFmpeg$$EnhancerBySpringCGLIB$$251c05dc.monitorFfmpegProcess(<generated>)
	at sun.reflect.NativeMethodAccessorImpl.invoke0(Native Method)
	at sun.reflect.NativeMethodAccessorImpl.invoke(NativeMethodAccessorImpl.java:62)
	at sun.reflect.DelegatingMethodAccessorImpl.invoke(DelegatingMethodAccessorImpl.java:43)
	at java.lang.reflect.Method.invoke(Method.java:498)
	at org.springframework.scheduling.support.ScheduledMethodRunnable.run(ScheduledMethodRunnable.java:84)
	at org.springframework.scheduling.support.DelegatingErrorHandlingRunnable.run(DelegatingErrorHandlingRunnable.java:54)
	at org.springframework.scheduling.concurrent.ReschedulingRunnable.run(ReschedulingRunnable.java:95)
	at java.util.concurrent.Executors$RunnableAdapter.call(Executors.java:511)
	at java.util.concurrent.FutureTask.run(FutureTask.java:266)
	at java.util.concurrent.ScheduledThreadPoolExecutor$ScheduledFutureTask.access$201(ScheduledThreadPoolExecutor.java:180)
	at java.util.concurrent.ScheduledThreadPoolExecutor$ScheduledFutureTask.run(ScheduledThreadPoolExecutor.java:293)
	at java.util.concurrent.ThreadPoolExecutor.runWorker(ThreadPoolExecutor.java:1149)
	at java.util.concurrent.ThreadPoolExecutor$Worker.run(ThreadPoolExecutor.java:624)
	at java.lang.Thread.run(Thread.java:750)
2024-08-29 16:10:03.730 [,] [scheduling-1] ERROR o.s.s.s.TaskUtils$LoggingErrorHandler - [handleError,95] - Unexpected error occurred in scheduled task
java.lang.InterruptedException: null
	at java.util.concurrent.FutureTask.awaitDone(FutureTask.java:404)
	at java.util.concurrent.FutureTask.get(FutureTask.java:191)
	at com.shark.aio.base.controller.InitFFmpeg.monitorFfmpegProcess(InitFFmpeg.java:106)
	at com.shark.aio.base.controller.InitFFmpeg$$FastClassBySpringCGLIB$$6f28da27.invoke(<generated>)
	at org.springframework.cglib.proxy.MethodProxy.invoke(MethodProxy.java:218)
	at org.springframework.aop.framework.CglibAopProxy$CglibMethodInvocation.invokeJoinpoint(CglibAopProxy.java:793)
	at org.springframework.aop.framework.ReflectiveMethodInvocation.proceed(ReflectiveMethodInvocation.java:163)
	at org.springframework.aop.framework.CglibAopProxy$CglibMethodInvocation.proceed(CglibAopProxy.java:763)
	at org.springframework.aop.framework.adapter.MethodBeforeAdviceInterceptor.invoke(MethodBeforeAdviceInterceptor.java:58)
	at org.springframework.aop.framework.ReflectiveMethodInvocation.proceed(ReflectiveMethodInvocation.java:186)
	at org.springframework.aop.framework.CglibAopProxy$CglibMethodInvocation.proceed(CglibAopProxy.java:763)
	at org.springframework.aop.interceptor.ExposeInvocationInterceptor.invoke(ExposeInvocationInterceptor.java:97)
	at org.springframework.aop.framework.ReflectiveMethodInvocation.proceed(ReflectiveMethodInvocation.java:186)
	at org.springframework.aop.framework.CglibAopProxy$CglibMethodInvocation.proceed(CglibAopProxy.java:763)
	at org.springframework.aop.framework.CglibAopProxy$DynamicAdvisedInterceptor.intercept(CglibAopProxy.java:708)
	at com.shark.aio.base.controller.InitFFmpeg$$EnhancerBySpringCGLIB$$251c05dc.monitorFfmpegProcess(<generated>)
	at sun.reflect.NativeMethodAccessorImpl.invoke0(Native Method)
	at sun.reflect.NativeMethodAccessorImpl.invoke(NativeMethodAccessorImpl.java:62)
	at sun.reflect.DelegatingMethodAccessorImpl.invoke(DelegatingMethodAccessorImpl.java:43)
	at java.lang.reflect.Method.invoke(Method.java:498)
	at org.springframework.scheduling.support.ScheduledMethodRunnable.run(ScheduledMethodRunnable.java:84)
	at org.springframework.scheduling.support.DelegatingErrorHandlingRunnable.run(DelegatingErrorHandlingRunnable.java:54)
	at org.springframework.scheduling.concurrent.ReschedulingRunnable.run(ReschedulingRunnable.java:95)
	at java.util.concurrent.Executors$RunnableAdapter.call(Executors.java:511)
	at java.util.concurrent.FutureTask.run(FutureTask.java:266)
	at java.util.concurrent.ScheduledThreadPoolExecutor$ScheduledFutureTask.access$201(ScheduledThreadPoolExecutor.java:180)
	at java.util.concurrent.ScheduledThreadPoolExecutor$ScheduledFutureTask.run(ScheduledThreadPoolExecutor.java:293)
	at java.util.concurrent.ThreadPoolExecutor.runWorker(ThreadPoolExecutor.java:1149)
	at java.util.concurrent.ThreadPoolExecutor$Worker.run(ThreadPoolExecutor.java:624)
	at java.lang.Thread.run(Thread.java:750)
2024-08-29 16:13:09.694 [,] [scheduling-1] ERROR o.s.s.s.TaskUtils$LoggingErrorHandler - [handleError,95] - Unexpected error occurred in scheduled task
java.lang.InterruptedException: null
	at java.util.concurrent.FutureTask.awaitDone(FutureTask.java:404)
	at java.util.concurrent.FutureTask.get(FutureTask.java:191)
	at com.shark.aio.base.controller.InitFFmpeg.monitorFfmpegProcess(InitFFmpeg.java:106)
	at com.shark.aio.base.controller.InitFFmpeg$$FastClassBySpringCGLIB$$6f28da27.invoke(<generated>)
	at org.springframework.cglib.proxy.MethodProxy.invoke(MethodProxy.java:218)
	at org.springframework.aop.framework.CglibAopProxy$CglibMethodInvocation.invokeJoinpoint(CglibAopProxy.java:793)
	at org.springframework.aop.framework.ReflectiveMethodInvocation.proceed(ReflectiveMethodInvocation.java:163)
	at org.springframework.aop.framework.CglibAopProxy$CglibMethodInvocation.proceed(CglibAopProxy.java:763)
	at org.springframework.aop.framework.adapter.MethodBeforeAdviceInterceptor.invoke(MethodBeforeAdviceInterceptor.java:58)
	at org.springframework.aop.framework.ReflectiveMethodInvocation.proceed(ReflectiveMethodInvocation.java:186)
	at org.springframework.aop.framework.CglibAopProxy$CglibMethodInvocation.proceed(CglibAopProxy.java:763)
	at org.springframework.aop.interceptor.ExposeInvocationInterceptor.invoke(ExposeInvocationInterceptor.java:97)
	at org.springframework.aop.framework.ReflectiveMethodInvocation.proceed(ReflectiveMethodInvocation.java:186)
	at org.springframework.aop.framework.CglibAopProxy$CglibMethodInvocation.proceed(CglibAopProxy.java:763)
	at org.springframework.aop.framework.CglibAopProxy$DynamicAdvisedInterceptor.intercept(CglibAopProxy.java:708)
	at com.shark.aio.base.controller.InitFFmpeg$$EnhancerBySpringCGLIB$$251c05dc.monitorFfmpegProcess(<generated>)
	at sun.reflect.NativeMethodAccessorImpl.invoke0(Native Method)
	at sun.reflect.NativeMethodAccessorImpl.invoke(NativeMethodAccessorImpl.java:62)
	at sun.reflect.DelegatingMethodAccessorImpl.invoke(DelegatingMethodAccessorImpl.java:43)
	at java.lang.reflect.Method.invoke(Method.java:498)
	at org.springframework.scheduling.support.ScheduledMethodRunnable.run(ScheduledMethodRunnable.java:84)
	at org.springframework.scheduling.support.DelegatingErrorHandlingRunnable.run(DelegatingErrorHandlingRunnable.java:54)
	at org.springframework.scheduling.concurrent.ReschedulingRunnable.run(ReschedulingRunnable.java:95)
	at java.util.concurrent.Executors$RunnableAdapter.call(Executors.java:511)
	at java.util.concurrent.FutureTask.run(FutureTask.java:266)
	at java.util.concurrent.ScheduledThreadPoolExecutor$ScheduledFutureTask.access$201(ScheduledThreadPoolExecutor.java:180)
	at java.util.concurrent.ScheduledThreadPoolExecutor$ScheduledFutureTask.run(ScheduledThreadPoolExecutor.java:293)
	at java.util.concurrent.ThreadPoolExecutor.runWorker(ThreadPoolExecutor.java:1149)
	at java.util.concurrent.ThreadPoolExecutor$Worker.run(ThreadPoolExecutor.java:624)
	at java.lang.Thread.run(Thread.java:750)
2024-08-29 16:14:09.740 [,] [scheduling-1] ERROR o.s.s.s.TaskUtils$LoggingErrorHandler - [handleError,95] - Unexpected error occurred in scheduled task
java.lang.InterruptedException: null
	at java.util.concurrent.FutureTask.awaitDone(FutureTask.java:404)
	at java.util.concurrent.FutureTask.get(FutureTask.java:191)
	at com.shark.aio.base.controller.InitFFmpeg.monitorFfmpegProcess(InitFFmpeg.java:106)
	at com.shark.aio.base.controller.InitFFmpeg$$FastClassBySpringCGLIB$$6f28da27.invoke(<generated>)
	at org.springframework.cglib.proxy.MethodProxy.invoke(MethodProxy.java:218)
	at org.springframework.aop.framework.CglibAopProxy$CglibMethodInvocation.invokeJoinpoint(CglibAopProxy.java:793)
	at org.springframework.aop.framework.ReflectiveMethodInvocation.proceed(ReflectiveMethodInvocation.java:163)
	at org.springframework.aop.framework.CglibAopProxy$CglibMethodInvocation.proceed(CglibAopProxy.java:763)
	at org.springframework.aop.framework.adapter.MethodBeforeAdviceInterceptor.invoke(MethodBeforeAdviceInterceptor.java:58)
	at org.springframework.aop.framework.ReflectiveMethodInvocation.proceed(ReflectiveMethodInvocation.java:186)
	at org.springframework.aop.framework.CglibAopProxy$CglibMethodInvocation.proceed(CglibAopProxy.java:763)
	at org.springframework.aop.interceptor.ExposeInvocationInterceptor.invoke(ExposeInvocationInterceptor.java:97)
	at org.springframework.aop.framework.ReflectiveMethodInvocation.proceed(ReflectiveMethodInvocation.java:186)
	at org.springframework.aop.framework.CglibAopProxy$CglibMethodInvocation.proceed(CglibAopProxy.java:763)
	at org.springframework.aop.framework.CglibAopProxy$DynamicAdvisedInterceptor.intercept(CglibAopProxy.java:708)
	at com.shark.aio.base.controller.InitFFmpeg$$EnhancerBySpringCGLIB$$251c05dc.monitorFfmpegProcess(<generated>)
	at sun.reflect.NativeMethodAccessorImpl.invoke0(Native Method)
	at sun.reflect.NativeMethodAccessorImpl.invoke(NativeMethodAccessorImpl.java:62)
	at sun.reflect.DelegatingMethodAccessorImpl.invoke(DelegatingMethodAccessorImpl.java:43)
	at java.lang.reflect.Method.invoke(Method.java:498)
	at org.springframework.scheduling.support.ScheduledMethodRunnable.run(ScheduledMethodRunnable.java:84)
	at org.springframework.scheduling.support.DelegatingErrorHandlingRunnable.run(DelegatingErrorHandlingRunnable.java:54)
	at org.springframework.scheduling.concurrent.ReschedulingRunnable.run(ReschedulingRunnable.java:95)
	at java.util.concurrent.Executors$RunnableAdapter.call(Executors.java:511)
	at java.util.concurrent.FutureTask.run(FutureTask.java:266)
	at java.util.concurrent.ScheduledThreadPoolExecutor$ScheduledFutureTask.access$201(ScheduledThreadPoolExecutor.java:180)
	at java.util.concurrent.ScheduledThreadPoolExecutor$ScheduledFutureTask.run(ScheduledThreadPoolExecutor.java:293)
	at java.util.concurrent.ThreadPoolExecutor.runWorker(ThreadPoolExecutor.java:1149)
	at java.util.concurrent.ThreadPoolExecutor$Worker.run(ThreadPoolExecutor.java:624)
	at java.lang.Thread.run(Thread.java:750)
2024-08-29 16:16:20.955 [,] [scheduling-1] ERROR o.s.s.s.TaskUtils$LoggingErrorHandler - [handleError,95] - Unexpected error occurred in scheduled task
java.lang.InterruptedException: null
	at java.util.concurrent.FutureTask.awaitDone(FutureTask.java:404)
	at java.util.concurrent.FutureTask.get(FutureTask.java:191)
	at com.shark.aio.base.controller.InitFFmpeg.monitorFfmpegProcess(InitFFmpeg.java:106)
	at com.shark.aio.base.controller.InitFFmpeg$$FastClassBySpringCGLIB$$6f28da27.invoke(<generated>)
	at org.springframework.cglib.proxy.MethodProxy.invoke(MethodProxy.java:218)
	at org.springframework.aop.framework.CglibAopProxy$CglibMethodInvocation.invokeJoinpoint(CglibAopProxy.java:793)
	at org.springframework.aop.framework.ReflectiveMethodInvocation.proceed(ReflectiveMethodInvocation.java:163)
	at org.springframework.aop.framework.CglibAopProxy$CglibMethodInvocation.proceed(CglibAopProxy.java:763)
	at org.springframework.aop.framework.adapter.MethodBeforeAdviceInterceptor.invoke(MethodBeforeAdviceInterceptor.java:58)
	at org.springframework.aop.framework.ReflectiveMethodInvocation.proceed(ReflectiveMethodInvocation.java:186)
	at org.springframework.aop.framework.CglibAopProxy$CglibMethodInvocation.proceed(CglibAopProxy.java:763)
	at org.springframework.aop.interceptor.ExposeInvocationInterceptor.invoke(ExposeInvocationInterceptor.java:97)
	at org.springframework.aop.framework.ReflectiveMethodInvocation.proceed(ReflectiveMethodInvocation.java:186)
	at org.springframework.aop.framework.CglibAopProxy$CglibMethodInvocation.proceed(CglibAopProxy.java:763)
	at org.springframework.aop.framework.CglibAopProxy$DynamicAdvisedInterceptor.intercept(CglibAopProxy.java:708)
	at com.shark.aio.base.controller.InitFFmpeg$$EnhancerBySpringCGLIB$$251c05dc.monitorFfmpegProcess(<generated>)
	at sun.reflect.NativeMethodAccessorImpl.invoke0(Native Method)
	at sun.reflect.NativeMethodAccessorImpl.invoke(NativeMethodAccessorImpl.java:62)
	at sun.reflect.DelegatingMethodAccessorImpl.invoke(DelegatingMethodAccessorImpl.java:43)
	at java.lang.reflect.Method.invoke(Method.java:498)
	at org.springframework.scheduling.support.ScheduledMethodRunnable.run(ScheduledMethodRunnable.java:84)
	at org.springframework.scheduling.support.DelegatingErrorHandlingRunnable.run(DelegatingErrorHandlingRunnable.java:54)
	at org.springframework.scheduling.concurrent.ReschedulingRunnable.run(ReschedulingRunnable.java:95)
	at java.util.concurrent.Executors$RunnableAdapter.call(Executors.java:511)
	at java.util.concurrent.FutureTask.run(FutureTask.java:266)
	at java.util.concurrent.ScheduledThreadPoolExecutor$ScheduledFutureTask.access$201(ScheduledThreadPoolExecutor.java:180)
	at java.util.concurrent.ScheduledThreadPoolExecutor$ScheduledFutureTask.run(ScheduledThreadPoolExecutor.java:293)
	at java.util.concurrent.ThreadPoolExecutor.runWorker(ThreadPoolExecutor.java:1149)
	at java.util.concurrent.ThreadPoolExecutor$Worker.run(ThreadPoolExecutor.java:624)
	at java.lang.Thread.run(Thread.java:750)
2024-08-29 16:17:38.815 [,] [scheduling-1] ERROR o.s.s.s.TaskUtils$LoggingErrorHandler - [handleError,95] - Unexpected error occurred in scheduled task
java.lang.InterruptedException: null
	at java.util.concurrent.FutureTask.awaitDone(FutureTask.java:404)
	at java.util.concurrent.FutureTask.get(FutureTask.java:191)
	at com.shark.aio.base.controller.InitFFmpeg.monitorFfmpegProcess(InitFFmpeg.java:106)
	at com.shark.aio.base.controller.InitFFmpeg$$FastClassBySpringCGLIB$$6f28da27.invoke(<generated>)
	at org.springframework.cglib.proxy.MethodProxy.invoke(MethodProxy.java:218)
	at org.springframework.aop.framework.CglibAopProxy$CglibMethodInvocation.invokeJoinpoint(CglibAopProxy.java:793)
	at org.springframework.aop.framework.ReflectiveMethodInvocation.proceed(ReflectiveMethodInvocation.java:163)
	at org.springframework.aop.framework.CglibAopProxy$CglibMethodInvocation.proceed(CglibAopProxy.java:763)
	at org.springframework.aop.framework.adapter.MethodBeforeAdviceInterceptor.invoke(MethodBeforeAdviceInterceptor.java:58)
	at org.springframework.aop.framework.ReflectiveMethodInvocation.proceed(ReflectiveMethodInvocation.java:186)
	at org.springframework.aop.framework.CglibAopProxy$CglibMethodInvocation.proceed(CglibAopProxy.java:763)
	at org.springframework.aop.interceptor.ExposeInvocationInterceptor.invoke(ExposeInvocationInterceptor.java:97)
	at org.springframework.aop.framework.ReflectiveMethodInvocation.proceed(ReflectiveMethodInvocation.java:186)
	at org.springframework.aop.framework.CglibAopProxy$CglibMethodInvocation.proceed(CglibAopProxy.java:763)
	at org.springframework.aop.framework.CglibAopProxy$DynamicAdvisedInterceptor.intercept(CglibAopProxy.java:708)
	at com.shark.aio.base.controller.InitFFmpeg$$EnhancerBySpringCGLIB$$251c05dc.monitorFfmpegProcess(<generated>)
	at sun.reflect.NativeMethodAccessorImpl.invoke0(Native Method)
	at sun.reflect.NativeMethodAccessorImpl.invoke(NativeMethodAccessorImpl.java:62)
	at sun.reflect.DelegatingMethodAccessorImpl.invoke(DelegatingMethodAccessorImpl.java:43)
	at java.lang.reflect.Method.invoke(Method.java:498)
	at org.springframework.scheduling.support.ScheduledMethodRunnable.run(ScheduledMethodRunnable.java:84)
	at org.springframework.scheduling.support.DelegatingErrorHandlingRunnable.run(DelegatingErrorHandlingRunnable.java:54)
	at org.springframework.scheduling.concurrent.ReschedulingRunnable.run(ReschedulingRunnable.java:95)
	at java.util.concurrent.Executors$RunnableAdapter.call(Executors.java:511)
	at java.util.concurrent.FutureTask.run(FutureTask.java:266)
	at java.util.concurrent.ScheduledThreadPoolExecutor$ScheduledFutureTask.access$201(ScheduledThreadPoolExecutor.java:180)
	at java.util.concurrent.ScheduledThreadPoolExecutor$ScheduledFutureTask.run(ScheduledThreadPoolExecutor.java:293)
	at java.util.concurrent.ThreadPoolExecutor.runWorker(ThreadPoolExecutor.java:1149)
	at java.util.concurrent.ThreadPoolExecutor$Worker.run(ThreadPoolExecutor.java:624)
	at java.lang.Thread.run(Thread.java:750)
2024-08-29 16:18:35.576 [,] [scheduling-1] ERROR o.s.s.s.TaskUtils$LoggingErrorHandler - [handleError,95] - Unexpected error occurred in scheduled task
java.lang.InterruptedException: null
	at java.util.concurrent.FutureTask.awaitDone(FutureTask.java:404)
	at java.util.concurrent.FutureTask.get(FutureTask.java:191)
	at com.shark.aio.base.controller.InitFFmpeg.monitorFfmpegProcess(InitFFmpeg.java:106)
	at com.shark.aio.base.controller.InitFFmpeg$$FastClassBySpringCGLIB$$6f28da27.invoke(<generated>)
	at org.springframework.cglib.proxy.MethodProxy.invoke(MethodProxy.java:218)
	at org.springframework.aop.framework.CglibAopProxy$CglibMethodInvocation.invokeJoinpoint(CglibAopProxy.java:793)
	at org.springframework.aop.framework.ReflectiveMethodInvocation.proceed(ReflectiveMethodInvocation.java:163)
	at org.springframework.aop.framework.CglibAopProxy$CglibMethodInvocation.proceed(CglibAopProxy.java:763)
	at org.springframework.aop.framework.adapter.MethodBeforeAdviceInterceptor.invoke(MethodBeforeAdviceInterceptor.java:58)
	at org.springframework.aop.framework.ReflectiveMethodInvocation.proceed(ReflectiveMethodInvocation.java:186)
	at org.springframework.aop.framework.CglibAopProxy$CglibMethodInvocation.proceed(CglibAopProxy.java:763)
	at org.springframework.aop.interceptor.ExposeInvocationInterceptor.invoke(ExposeInvocationInterceptor.java:97)
	at org.springframework.aop.framework.ReflectiveMethodInvocation.proceed(ReflectiveMethodInvocation.java:186)
	at org.springframework.aop.framework.CglibAopProxy$CglibMethodInvocation.proceed(CglibAopProxy.java:763)
	at org.springframework.aop.framework.CglibAopProxy$DynamicAdvisedInterceptor.intercept(CglibAopProxy.java:708)
	at com.shark.aio.base.controller.InitFFmpeg$$EnhancerBySpringCGLIB$$251c05dc.monitorFfmpegProcess(<generated>)
	at sun.reflect.NativeMethodAccessorImpl.invoke0(Native Method)
	at sun.reflect.NativeMethodAccessorImpl.invoke(NativeMethodAccessorImpl.java:62)
	at sun.reflect.DelegatingMethodAccessorImpl.invoke(DelegatingMethodAccessorImpl.java:43)
	at java.lang.reflect.Method.invoke(Method.java:498)
	at org.springframework.scheduling.support.ScheduledMethodRunnable.run(ScheduledMethodRunnable.java:84)
	at org.springframework.scheduling.support.DelegatingErrorHandlingRunnable.run(DelegatingErrorHandlingRunnable.java:54)
	at org.springframework.scheduling.concurrent.ReschedulingRunnable.run(ReschedulingRunnable.java:95)
	at java.util.concurrent.Executors$RunnableAdapter.call(Executors.java:511)
	at java.util.concurrent.FutureTask.run(FutureTask.java:266)
	at java.util.concurrent.ScheduledThreadPoolExecutor$ScheduledFutureTask.access$201(ScheduledThreadPoolExecutor.java:180)
	at java.util.concurrent.ScheduledThreadPoolExecutor$ScheduledFutureTask.run(ScheduledThreadPoolExecutor.java:293)
	at java.util.concurrent.ThreadPoolExecutor.runWorker(ThreadPoolExecutor.java:1149)
	at java.util.concurrent.ThreadPoolExecutor$Worker.run(ThreadPoolExecutor.java:624)
	at java.lang.Thread.run(Thread.java:750)
2024-08-29 16:20:56.493 [,] [scheduling-1] ERROR o.s.s.s.TaskUtils$LoggingErrorHandler - [handleError,95] - Unexpected error occurred in scheduled task
java.lang.InterruptedException: null
	at java.util.concurrent.FutureTask.awaitDone(FutureTask.java:404)
	at java.util.concurrent.FutureTask.get(FutureTask.java:191)
	at com.shark.aio.base.controller.InitFFmpeg.monitorFfmpegProcess(InitFFmpeg.java:106)
	at com.shark.aio.base.controller.InitFFmpeg$$FastClassBySpringCGLIB$$6f28da27.invoke(<generated>)
	at org.springframework.cglib.proxy.MethodProxy.invoke(MethodProxy.java:218)
	at org.springframework.aop.framework.CglibAopProxy$CglibMethodInvocation.invokeJoinpoint(CglibAopProxy.java:793)
	at org.springframework.aop.framework.ReflectiveMethodInvocation.proceed(ReflectiveMethodInvocation.java:163)
	at org.springframework.aop.framework.CglibAopProxy$CglibMethodInvocation.proceed(CglibAopProxy.java:763)
	at org.springframework.aop.framework.adapter.MethodBeforeAdviceInterceptor.invoke(MethodBeforeAdviceInterceptor.java:58)
	at org.springframework.aop.framework.ReflectiveMethodInvocation.proceed(ReflectiveMethodInvocation.java:186)
	at org.springframework.aop.framework.CglibAopProxy$CglibMethodInvocation.proceed(CglibAopProxy.java:763)
	at org.springframework.aop.interceptor.ExposeInvocationInterceptor.invoke(ExposeInvocationInterceptor.java:97)
	at org.springframework.aop.framework.ReflectiveMethodInvocation.proceed(ReflectiveMethodInvocation.java:186)
	at org.springframework.aop.framework.CglibAopProxy$CglibMethodInvocation.proceed(CglibAopProxy.java:763)
	at org.springframework.aop.framework.CglibAopProxy$DynamicAdvisedInterceptor.intercept(CglibAopProxy.java:708)
	at com.shark.aio.base.controller.InitFFmpeg$$EnhancerBySpringCGLIB$$251c05dc.monitorFfmpegProcess(<generated>)
	at sun.reflect.NativeMethodAccessorImpl.invoke0(Native Method)
	at sun.reflect.NativeMethodAccessorImpl.invoke(NativeMethodAccessorImpl.java:62)
	at sun.reflect.DelegatingMethodAccessorImpl.invoke(DelegatingMethodAccessorImpl.java:43)
	at java.lang.reflect.Method.invoke(Method.java:498)
	at org.springframework.scheduling.support.ScheduledMethodRunnable.run(ScheduledMethodRunnable.java:84)
	at org.springframework.scheduling.support.DelegatingErrorHandlingRunnable.run(DelegatingErrorHandlingRunnable.java:54)
	at org.springframework.scheduling.concurrent.ReschedulingRunnable.run(ReschedulingRunnable.java:95)
	at java.util.concurrent.Executors$RunnableAdapter.call(Executors.java:511)
	at java.util.concurrent.FutureTask.run(FutureTask.java:266)
	at java.util.concurrent.ScheduledThreadPoolExecutor$ScheduledFutureTask.access$201(ScheduledThreadPoolExecutor.java:180)
	at java.util.concurrent.ScheduledThreadPoolExecutor$ScheduledFutureTask.run(ScheduledThreadPoolExecutor.java:293)
	at java.util.concurrent.ThreadPoolExecutor.runWorker(ThreadPoolExecutor.java:1149)
	at java.util.concurrent.ThreadPoolExecutor$Worker.run(ThreadPoolExecutor.java:624)
	at java.lang.Thread.run(Thread.java:750)
2024-08-29 16:22:16.041 [,] [scheduling-1] ERROR o.s.s.s.TaskUtils$LoggingErrorHandler - [handleError,95] - Unexpected error occurred in scheduled task
java.lang.InterruptedException: null
	at java.util.concurrent.FutureTask.awaitDone(FutureTask.java:404)
	at java.util.concurrent.FutureTask.get(FutureTask.java:191)
	at com.shark.aio.base.controller.InitFFmpeg.monitorFfmpegProcess(InitFFmpeg.java:106)
	at com.shark.aio.base.controller.InitFFmpeg$$FastClassBySpringCGLIB$$6f28da27.invoke(<generated>)
	at org.springframework.cglib.proxy.MethodProxy.invoke(MethodProxy.java:218)
	at org.springframework.aop.framework.CglibAopProxy$CglibMethodInvocation.invokeJoinpoint(CglibAopProxy.java:793)
	at org.springframework.aop.framework.ReflectiveMethodInvocation.proceed(ReflectiveMethodInvocation.java:163)
	at org.springframework.aop.framework.CglibAopProxy$CglibMethodInvocation.proceed(CglibAopProxy.java:763)
	at org.springframework.aop.framework.adapter.MethodBeforeAdviceInterceptor.invoke(MethodBeforeAdviceInterceptor.java:58)
	at org.springframework.aop.framework.ReflectiveMethodInvocation.proceed(ReflectiveMethodInvocation.java:186)
	at org.springframework.aop.framework.CglibAopProxy$CglibMethodInvocation.proceed(CglibAopProxy.java:763)
	at org.springframework.aop.interceptor.ExposeInvocationInterceptor.invoke(ExposeInvocationInterceptor.java:97)
	at org.springframework.aop.framework.ReflectiveMethodInvocation.proceed(ReflectiveMethodInvocation.java:186)
	at org.springframework.aop.framework.CglibAopProxy$CglibMethodInvocation.proceed(CglibAopProxy.java:763)
	at org.springframework.aop.framework.CglibAopProxy$DynamicAdvisedInterceptor.intercept(CglibAopProxy.java:708)
	at com.shark.aio.base.controller.InitFFmpeg$$EnhancerBySpringCGLIB$$251c05dc.monitorFfmpegProcess(<generated>)
	at sun.reflect.NativeMethodAccessorImpl.invoke0(Native Method)
	at sun.reflect.NativeMethodAccessorImpl.invoke(NativeMethodAccessorImpl.java:62)
	at sun.reflect.DelegatingMethodAccessorImpl.invoke(DelegatingMethodAccessorImpl.java:43)
	at java.lang.reflect.Method.invoke(Method.java:498)
	at org.springframework.scheduling.support.ScheduledMethodRunnable.run(ScheduledMethodRunnable.java:84)
	at org.springframework.scheduling.support.DelegatingErrorHandlingRunnable.run(DelegatingErrorHandlingRunnable.java:54)
	at org.springframework.scheduling.concurrent.ReschedulingRunnable.run(ReschedulingRunnable.java:95)
	at java.util.concurrent.Executors$RunnableAdapter.call(Executors.java:511)
	at java.util.concurrent.FutureTask.run(FutureTask.java:266)
	at java.util.concurrent.ScheduledThreadPoolExecutor$ScheduledFutureTask.access$201(ScheduledThreadPoolExecutor.java:180)
	at java.util.concurrent.ScheduledThreadPoolExecutor$ScheduledFutureTask.run(ScheduledThreadPoolExecutor.java:293)
	at java.util.concurrent.ThreadPoolExecutor.runWorker(ThreadPoolExecutor.java:1149)
	at java.util.concurrent.ThreadPoolExecutor$Worker.run(ThreadPoolExecutor.java:624)
	at java.lang.Thread.run(Thread.java:750)
2024-08-29 16:23:18.234 [,] [scheduling-1] ERROR o.s.s.s.TaskUtils$LoggingErrorHandler - [handleError,95] - Unexpected error occurred in scheduled task
java.lang.InterruptedException: null
	at java.util.concurrent.FutureTask.awaitDone(FutureTask.java:404)
	at java.util.concurrent.FutureTask.get(FutureTask.java:191)
	at com.shark.aio.base.controller.InitFFmpeg.monitorFfmpegProcess(InitFFmpeg.java:106)
	at com.shark.aio.base.controller.InitFFmpeg$$FastClassBySpringCGLIB$$6f28da27.invoke(<generated>)
	at org.springframework.cglib.proxy.MethodProxy.invoke(MethodProxy.java:218)
	at org.springframework.aop.framework.CglibAopProxy$CglibMethodInvocation.invokeJoinpoint(CglibAopProxy.java:793)
	at org.springframework.aop.framework.ReflectiveMethodInvocation.proceed(ReflectiveMethodInvocation.java:163)
	at org.springframework.aop.framework.CglibAopProxy$CglibMethodInvocation.proceed(CglibAopProxy.java:763)
	at org.springframework.aop.framework.adapter.MethodBeforeAdviceInterceptor.invoke(MethodBeforeAdviceInterceptor.java:58)
	at org.springframework.aop.framework.ReflectiveMethodInvocation.proceed(ReflectiveMethodInvocation.java:186)
	at org.springframework.aop.framework.CglibAopProxy$CglibMethodInvocation.proceed(CglibAopProxy.java:763)
	at org.springframework.aop.interceptor.ExposeInvocationInterceptor.invoke(ExposeInvocationInterceptor.java:97)
	at org.springframework.aop.framework.ReflectiveMethodInvocation.proceed(ReflectiveMethodInvocation.java:186)
	at org.springframework.aop.framework.CglibAopProxy$CglibMethodInvocation.proceed(CglibAopProxy.java:763)
	at org.springframework.aop.framework.CglibAopProxy$DynamicAdvisedInterceptor.intercept(CglibAopProxy.java:708)
	at com.shark.aio.base.controller.InitFFmpeg$$EnhancerBySpringCGLIB$$251c05dc.monitorFfmpegProcess(<generated>)
	at sun.reflect.NativeMethodAccessorImpl.invoke0(Native Method)
	at sun.reflect.NativeMethodAccessorImpl.invoke(NativeMethodAccessorImpl.java:62)
	at sun.reflect.DelegatingMethodAccessorImpl.invoke(DelegatingMethodAccessorImpl.java:43)
	at java.lang.reflect.Method.invoke(Method.java:498)
	at org.springframework.scheduling.support.ScheduledMethodRunnable.run(ScheduledMethodRunnable.java:84)
	at org.springframework.scheduling.support.DelegatingErrorHandlingRunnable.run(DelegatingErrorHandlingRunnable.java:54)
	at org.springframework.scheduling.concurrent.ReschedulingRunnable.run(ReschedulingRunnable.java:95)
	at java.util.concurrent.Executors$RunnableAdapter.call(Executors.java:511)
	at java.util.concurrent.FutureTask.run(FutureTask.java:266)
	at java.util.concurrent.ScheduledThreadPoolExecutor$ScheduledFutureTask.access$201(ScheduledThreadPoolExecutor.java:180)
	at java.util.concurrent.ScheduledThreadPoolExecutor$ScheduledFutureTask.run(ScheduledThreadPoolExecutor.java:293)
	at java.util.concurrent.ThreadPoolExecutor.runWorker(ThreadPoolExecutor.java:1149)
	at java.util.concurrent.ThreadPoolExecutor$Worker.run(ThreadPoolExecutor.java:624)
	at java.lang.Thread.run(Thread.java:750)
2024-08-29 16:24:17.629 [,] [scheduling-1] ERROR o.s.s.s.TaskUtils$LoggingErrorHandler - [handleError,95] - Unexpected error occurred in scheduled task
java.lang.InterruptedException: null
	at java.util.concurrent.FutureTask.awaitDone(FutureTask.java:404)
	at java.util.concurrent.FutureTask.get(FutureTask.java:191)
	at com.shark.aio.base.controller.InitFFmpeg.monitorFfmpegProcess(InitFFmpeg.java:106)
	at com.shark.aio.base.controller.InitFFmpeg$$FastClassBySpringCGLIB$$6f28da27.invoke(<generated>)
	at org.springframework.cglib.proxy.MethodProxy.invoke(MethodProxy.java:218)
	at org.springframework.aop.framework.CglibAopProxy$CglibMethodInvocation.invokeJoinpoint(CglibAopProxy.java:793)
	at org.springframework.aop.framework.ReflectiveMethodInvocation.proceed(ReflectiveMethodInvocation.java:163)
	at org.springframework.aop.framework.CglibAopProxy$CglibMethodInvocation.proceed(CglibAopProxy.java:763)
	at org.springframework.aop.framework.adapter.MethodBeforeAdviceInterceptor.invoke(MethodBeforeAdviceInterceptor.java:58)
	at org.springframework.aop.framework.ReflectiveMethodInvocation.proceed(ReflectiveMethodInvocation.java:186)
	at org.springframework.aop.framework.CglibAopProxy$CglibMethodInvocation.proceed(CglibAopProxy.java:763)
	at org.springframework.aop.interceptor.ExposeInvocationInterceptor.invoke(ExposeInvocationInterceptor.java:97)
	at org.springframework.aop.framework.ReflectiveMethodInvocation.proceed(ReflectiveMethodInvocation.java:186)
	at org.springframework.aop.framework.CglibAopProxy$CglibMethodInvocation.proceed(CglibAopProxy.java:763)
	at org.springframework.aop.framework.CglibAopProxy$DynamicAdvisedInterceptor.intercept(CglibAopProxy.java:708)
	at com.shark.aio.base.controller.InitFFmpeg$$EnhancerBySpringCGLIB$$251c05dc.monitorFfmpegProcess(<generated>)
	at sun.reflect.NativeMethodAccessorImpl.invoke0(Native Method)
	at sun.reflect.NativeMethodAccessorImpl.invoke(NativeMethodAccessorImpl.java:62)
	at sun.reflect.DelegatingMethodAccessorImpl.invoke(DelegatingMethodAccessorImpl.java:43)
	at java.lang.reflect.Method.invoke(Method.java:498)
	at org.springframework.scheduling.support.ScheduledMethodRunnable.run(ScheduledMethodRunnable.java:84)
	at org.springframework.scheduling.support.DelegatingErrorHandlingRunnable.run(DelegatingErrorHandlingRunnable.java:54)
	at org.springframework.scheduling.concurrent.ReschedulingRunnable.run(ReschedulingRunnable.java:95)
	at java.util.concurrent.Executors$RunnableAdapter.call(Executors.java:511)
	at java.util.concurrent.FutureTask.run(FutureTask.java:266)
	at java.util.concurrent.ScheduledThreadPoolExecutor$ScheduledFutureTask.access$201(ScheduledThreadPoolExecutor.java:180)
	at java.util.concurrent.ScheduledThreadPoolExecutor$ScheduledFutureTask.run(ScheduledThreadPoolExecutor.java:293)
	at java.util.concurrent.ThreadPoolExecutor.runWorker(ThreadPoolExecutor.java:1149)
	at java.util.concurrent.ThreadPoolExecutor$Worker.run(ThreadPoolExecutor.java:624)
	at java.lang.Thread.run(Thread.java:750)
2024-08-29 16:24:57.093 [,] [scheduling-1] ERROR o.s.s.s.TaskUtils$LoggingErrorHandler - [handleError,95] - Unexpected error occurred in scheduled task
java.lang.InterruptedException: null
	at java.util.concurrent.FutureTask.awaitDone(FutureTask.java:404)
	at java.util.concurrent.FutureTask.get(FutureTask.java:191)
	at com.shark.aio.base.controller.InitFFmpeg.monitorFfmpegProcess(InitFFmpeg.java:106)
	at com.shark.aio.base.controller.InitFFmpeg$$FastClassBySpringCGLIB$$6f28da27.invoke(<generated>)
	at org.springframework.cglib.proxy.MethodProxy.invoke(MethodProxy.java:218)
	at org.springframework.aop.framework.CglibAopProxy$CglibMethodInvocation.invokeJoinpoint(CglibAopProxy.java:793)
	at org.springframework.aop.framework.ReflectiveMethodInvocation.proceed(ReflectiveMethodInvocation.java:163)
	at org.springframework.aop.framework.CglibAopProxy$CglibMethodInvocation.proceed(CglibAopProxy.java:763)
	at org.springframework.aop.framework.adapter.MethodBeforeAdviceInterceptor.invoke(MethodBeforeAdviceInterceptor.java:58)
	at org.springframework.aop.framework.ReflectiveMethodInvocation.proceed(ReflectiveMethodInvocation.java:186)
	at org.springframework.aop.framework.CglibAopProxy$CglibMethodInvocation.proceed(CglibAopProxy.java:763)
	at org.springframework.aop.interceptor.ExposeInvocationInterceptor.invoke(ExposeInvocationInterceptor.java:97)
	at org.springframework.aop.framework.ReflectiveMethodInvocation.proceed(ReflectiveMethodInvocation.java:186)
	at org.springframework.aop.framework.CglibAopProxy$CglibMethodInvocation.proceed(CglibAopProxy.java:763)
	at org.springframework.aop.framework.CglibAopProxy$DynamicAdvisedInterceptor.intercept(CglibAopProxy.java:708)
	at com.shark.aio.base.controller.InitFFmpeg$$EnhancerBySpringCGLIB$$251c05dc.monitorFfmpegProcess(<generated>)
	at sun.reflect.NativeMethodAccessorImpl.invoke0(Native Method)
	at sun.reflect.NativeMethodAccessorImpl.invoke(NativeMethodAccessorImpl.java:62)
	at sun.reflect.DelegatingMethodAccessorImpl.invoke(DelegatingMethodAccessorImpl.java:43)
	at java.lang.reflect.Method.invoke(Method.java:498)
	at org.springframework.scheduling.support.ScheduledMethodRunnable.run(ScheduledMethodRunnable.java:84)
	at org.springframework.scheduling.support.DelegatingErrorHandlingRunnable.run(DelegatingErrorHandlingRunnable.java:54)
	at org.springframework.scheduling.concurrent.ReschedulingRunnable.run(ReschedulingRunnable.java:95)
	at java.util.concurrent.Executors$RunnableAdapter.call(Executors.java:511)
	at java.util.concurrent.FutureTask.run(FutureTask.java:266)
	at java.util.concurrent.ScheduledThreadPoolExecutor$ScheduledFutureTask.access$201(ScheduledThreadPoolExecutor.java:180)
	at java.util.concurrent.ScheduledThreadPoolExecutor$ScheduledFutureTask.run(ScheduledThreadPoolExecutor.java:293)
	at java.util.concurrent.ThreadPoolExecutor.runWorker(ThreadPoolExecutor.java:1149)
	at java.util.concurrent.ThreadPoolExecutor$Worker.run(ThreadPoolExecutor.java:624)
	at java.lang.Thread.run(Thread.java:750)
2024-08-29 16:26:10.695 [,] [scheduling-1] ERROR o.s.s.s.TaskUtils$LoggingErrorHandler - [handleError,95] - Unexpected error occurred in scheduled task
java.lang.InterruptedException: null
	at java.util.concurrent.FutureTask.awaitDone(FutureTask.java:404)
	at java.util.concurrent.FutureTask.get(FutureTask.java:191)
	at com.shark.aio.base.controller.InitFFmpeg.monitorFfmpegProcess(InitFFmpeg.java:106)
	at com.shark.aio.base.controller.InitFFmpeg$$FastClassBySpringCGLIB$$6f28da27.invoke(<generated>)
	at org.springframework.cglib.proxy.MethodProxy.invoke(MethodProxy.java:218)
	at org.springframework.aop.framework.CglibAopProxy$CglibMethodInvocation.invokeJoinpoint(CglibAopProxy.java:793)
	at org.springframework.aop.framework.ReflectiveMethodInvocation.proceed(ReflectiveMethodInvocation.java:163)
	at org.springframework.aop.framework.CglibAopProxy$CglibMethodInvocation.proceed(CglibAopProxy.java:763)
	at org.springframework.aop.framework.adapter.MethodBeforeAdviceInterceptor.invoke(MethodBeforeAdviceInterceptor.java:58)
	at org.springframework.aop.framework.ReflectiveMethodInvocation.proceed(ReflectiveMethodInvocation.java:186)
	at org.springframework.aop.framework.CglibAopProxy$CglibMethodInvocation.proceed(CglibAopProxy.java:763)
	at org.springframework.aop.interceptor.ExposeInvocationInterceptor.invoke(ExposeInvocationInterceptor.java:97)
	at org.springframework.aop.framework.ReflectiveMethodInvocation.proceed(ReflectiveMethodInvocation.java:186)
	at org.springframework.aop.framework.CglibAopProxy$CglibMethodInvocation.proceed(CglibAopProxy.java:763)
	at org.springframework.aop.framework.CglibAopProxy$DynamicAdvisedInterceptor.intercept(CglibAopProxy.java:708)
	at com.shark.aio.base.controller.InitFFmpeg$$EnhancerBySpringCGLIB$$251c05dc.monitorFfmpegProcess(<generated>)
	at sun.reflect.NativeMethodAccessorImpl.invoke0(Native Method)
	at sun.reflect.NativeMethodAccessorImpl.invoke(NativeMethodAccessorImpl.java:62)
	at sun.reflect.DelegatingMethodAccessorImpl.invoke(DelegatingMethodAccessorImpl.java:43)
	at java.lang.reflect.Method.invoke(Method.java:498)
	at org.springframework.scheduling.support.ScheduledMethodRunnable.run(ScheduledMethodRunnable.java:84)
	at org.springframework.scheduling.support.DelegatingErrorHandlingRunnable.run(DelegatingErrorHandlingRunnable.java:54)
	at org.springframework.scheduling.concurrent.ReschedulingRunnable.run(ReschedulingRunnable.java:95)
	at java.util.concurrent.Executors$RunnableAdapter.call(Executors.java:511)
	at java.util.concurrent.FutureTask.run(FutureTask.java:266)
	at java.util.concurrent.ScheduledThreadPoolExecutor$ScheduledFutureTask.access$201(ScheduledThreadPoolExecutor.java:180)
	at java.util.concurrent.ScheduledThreadPoolExecutor$ScheduledFutureTask.run(ScheduledThreadPoolExecutor.java:293)
	at java.util.concurrent.ThreadPoolExecutor.runWorker(ThreadPoolExecutor.java:1149)
	at java.util.concurrent.ThreadPoolExecutor$Worker.run(ThreadPoolExecutor.java:624)
	at java.lang.Thread.run(Thread.java:750)
2024-08-29 16:38:24.811 [,] [scheduling-1] ERROR o.s.s.s.TaskUtils$LoggingErrorHandler - [handleError,95] - Unexpected error occurred in scheduled task
java.lang.InterruptedException: null
	at java.util.concurrent.FutureTask.awaitDone(FutureTask.java:404)
	at java.util.concurrent.FutureTask.get(FutureTask.java:191)
	at com.shark.aio.base.controller.InitFFmpeg.monitorFfmpegProcess(InitFFmpeg.java:106)
	at com.shark.aio.base.controller.InitFFmpeg$$FastClassBySpringCGLIB$$6f28da27.invoke(<generated>)
	at org.springframework.cglib.proxy.MethodProxy.invoke(MethodProxy.java:218)
	at org.springframework.aop.framework.CglibAopProxy$CglibMethodInvocation.invokeJoinpoint(CglibAopProxy.java:793)
	at org.springframework.aop.framework.ReflectiveMethodInvocation.proceed(ReflectiveMethodInvocation.java:163)
	at org.springframework.aop.framework.CglibAopProxy$CglibMethodInvocation.proceed(CglibAopProxy.java:763)
	at org.springframework.aop.framework.adapter.MethodBeforeAdviceInterceptor.invoke(MethodBeforeAdviceInterceptor.java:58)
	at org.springframework.aop.framework.ReflectiveMethodInvocation.proceed(ReflectiveMethodInvocation.java:186)
	at org.springframework.aop.framework.CglibAopProxy$CglibMethodInvocation.proceed(CglibAopProxy.java:763)
	at org.springframework.aop.interceptor.ExposeInvocationInterceptor.invoke(ExposeInvocationInterceptor.java:97)
	at org.springframework.aop.framework.ReflectiveMethodInvocation.proceed(ReflectiveMethodInvocation.java:186)
	at org.springframework.aop.framework.CglibAopProxy$CglibMethodInvocation.proceed(CglibAopProxy.java:763)
	at org.springframework.aop.framework.CglibAopProxy$DynamicAdvisedInterceptor.intercept(CglibAopProxy.java:708)
	at com.shark.aio.base.controller.InitFFmpeg$$EnhancerBySpringCGLIB$$251c05dc.monitorFfmpegProcess(<generated>)
	at sun.reflect.NativeMethodAccessorImpl.invoke0(Native Method)
	at sun.reflect.NativeMethodAccessorImpl.invoke(NativeMethodAccessorImpl.java:62)
	at sun.reflect.DelegatingMethodAccessorImpl.invoke(DelegatingMethodAccessorImpl.java:43)
	at java.lang.reflect.Method.invoke(Method.java:498)
	at org.springframework.scheduling.support.ScheduledMethodRunnable.run(ScheduledMethodRunnable.java:84)
	at org.springframework.scheduling.support.DelegatingErrorHandlingRunnable.run(DelegatingErrorHandlingRunnable.java:54)
	at org.springframework.scheduling.concurrent.ReschedulingRunnable.run(ReschedulingRunnable.java:95)
	at java.util.concurrent.Executors$RunnableAdapter.call(Executors.java:511)
	at java.util.concurrent.FutureTask.run(FutureTask.java:266)
	at java.util.concurrent.ScheduledThreadPoolExecutor$ScheduledFutureTask.access$201(ScheduledThreadPoolExecutor.java:180)
	at java.util.concurrent.ScheduledThreadPoolExecutor$ScheduledFutureTask.run(ScheduledThreadPoolExecutor.java:293)
	at java.util.concurrent.ThreadPoolExecutor.runWorker(ThreadPoolExecutor.java:1149)
	at java.util.concurrent.ThreadPoolExecutor$Worker.run(ThreadPoolExecutor.java:624)
	at java.lang.Thread.run(Thread.java:750)
2024-08-29 16:40:45.243 [,] [scheduling-1] ERROR o.s.s.s.TaskUtils$LoggingErrorHandler - [handleError,95] - Unexpected error occurred in scheduled task
java.lang.InterruptedException: null
	at java.util.concurrent.FutureTask.awaitDone(FutureTask.java:404)
	at java.util.concurrent.FutureTask.get(FutureTask.java:191)
	at com.shark.aio.base.controller.InitFFmpeg.monitorFfmpegProcess(InitFFmpeg.java:106)
	at com.shark.aio.base.controller.InitFFmpeg$$FastClassBySpringCGLIB$$6f28da27.invoke(<generated>)
	at org.springframework.cglib.proxy.MethodProxy.invoke(MethodProxy.java:218)
	at org.springframework.aop.framework.CglibAopProxy$CglibMethodInvocation.invokeJoinpoint(CglibAopProxy.java:793)
	at org.springframework.aop.framework.ReflectiveMethodInvocation.proceed(ReflectiveMethodInvocation.java:163)
	at org.springframework.aop.framework.CglibAopProxy$CglibMethodInvocation.proceed(CglibAopProxy.java:763)
	at org.springframework.aop.framework.adapter.MethodBeforeAdviceInterceptor.invoke(MethodBeforeAdviceInterceptor.java:58)
	at org.springframework.aop.framework.ReflectiveMethodInvocation.proceed(ReflectiveMethodInvocation.java:186)
	at org.springframework.aop.framework.CglibAopProxy$CglibMethodInvocation.proceed(CglibAopProxy.java:763)
	at org.springframework.aop.interceptor.ExposeInvocationInterceptor.invoke(ExposeInvocationInterceptor.java:97)
	at org.springframework.aop.framework.ReflectiveMethodInvocation.proceed(ReflectiveMethodInvocation.java:186)
	at org.springframework.aop.framework.CglibAopProxy$CglibMethodInvocation.proceed(CglibAopProxy.java:763)
	at org.springframework.aop.framework.CglibAopProxy$DynamicAdvisedInterceptor.intercept(CglibAopProxy.java:708)
	at com.shark.aio.base.controller.InitFFmpeg$$EnhancerBySpringCGLIB$$251c05dc.monitorFfmpegProcess(<generated>)
	at sun.reflect.NativeMethodAccessorImpl.invoke0(Native Method)
	at sun.reflect.NativeMethodAccessorImpl.invoke(NativeMethodAccessorImpl.java:62)
	at sun.reflect.DelegatingMethodAccessorImpl.invoke(DelegatingMethodAccessorImpl.java:43)
	at java.lang.reflect.Method.invoke(Method.java:498)
	at org.springframework.scheduling.support.ScheduledMethodRunnable.run(ScheduledMethodRunnable.java:84)
	at org.springframework.scheduling.support.DelegatingErrorHandlingRunnable.run(DelegatingErrorHandlingRunnable.java:54)
	at org.springframework.scheduling.concurrent.ReschedulingRunnable.run(ReschedulingRunnable.java:95)
	at java.util.concurrent.Executors$RunnableAdapter.call(Executors.java:511)
	at java.util.concurrent.FutureTask.run(FutureTask.java:266)
	at java.util.concurrent.ScheduledThreadPoolExecutor$ScheduledFutureTask.access$201(ScheduledThreadPoolExecutor.java:180)
	at java.util.concurrent.ScheduledThreadPoolExecutor$ScheduledFutureTask.run(ScheduledThreadPoolExecutor.java:293)
	at java.util.concurrent.ThreadPoolExecutor.runWorker(ThreadPoolExecutor.java:1149)
	at java.util.concurrent.ThreadPoolExecutor$Worker.run(ThreadPoolExecutor.java:624)
	at java.lang.Thread.run(Thread.java:750)
2024-08-29 16:46:29.533 [,] [scheduling-1] ERROR o.s.s.s.TaskUtils$LoggingErrorHandler - [handleError,95] - Unexpected error occurred in scheduled task
java.lang.InterruptedException: null
	at java.util.concurrent.FutureTask.awaitDone(FutureTask.java:404)
	at java.util.concurrent.FutureTask.get(FutureTask.java:191)
	at com.shark.aio.base.controller.InitFFmpeg.monitorFfmpegProcess(InitFFmpeg.java:106)
	at com.shark.aio.base.controller.InitFFmpeg$$FastClassBySpringCGLIB$$6f28da27.invoke(<generated>)
	at org.springframework.cglib.proxy.MethodProxy.invoke(MethodProxy.java:218)
	at org.springframework.aop.framework.CglibAopProxy$CglibMethodInvocation.invokeJoinpoint(CglibAopProxy.java:793)
	at org.springframework.aop.framework.ReflectiveMethodInvocation.proceed(ReflectiveMethodInvocation.java:163)
	at org.springframework.aop.framework.CglibAopProxy$CglibMethodInvocation.proceed(CglibAopProxy.java:763)
	at org.springframework.aop.framework.adapter.MethodBeforeAdviceInterceptor.invoke(MethodBeforeAdviceInterceptor.java:58)
	at org.springframework.aop.framework.ReflectiveMethodInvocation.proceed(ReflectiveMethodInvocation.java:186)
	at org.springframework.aop.framework.CglibAopProxy$CglibMethodInvocation.proceed(CglibAopProxy.java:763)
	at org.springframework.aop.interceptor.ExposeInvocationInterceptor.invoke(ExposeInvocationInterceptor.java:97)
	at org.springframework.aop.framework.ReflectiveMethodInvocation.proceed(ReflectiveMethodInvocation.java:186)
	at org.springframework.aop.framework.CglibAopProxy$CglibMethodInvocation.proceed(CglibAopProxy.java:763)
	at org.springframework.aop.framework.CglibAopProxy$DynamicAdvisedInterceptor.intercept(CglibAopProxy.java:708)
	at com.shark.aio.base.controller.InitFFmpeg$$EnhancerBySpringCGLIB$$80f51559.monitorFfmpegProcess(<generated>)
	at sun.reflect.NativeMethodAccessorImpl.invoke0(Native Method)
	at sun.reflect.NativeMethodAccessorImpl.invoke(NativeMethodAccessorImpl.java:62)
	at sun.reflect.DelegatingMethodAccessorImpl.invoke(DelegatingMethodAccessorImpl.java:43)
	at java.lang.reflect.Method.invoke(Method.java:498)
	at org.springframework.scheduling.support.ScheduledMethodRunnable.run(ScheduledMethodRunnable.java:84)
	at org.springframework.scheduling.support.DelegatingErrorHandlingRunnable.run(DelegatingErrorHandlingRunnable.java:54)
	at org.springframework.scheduling.concurrent.ReschedulingRunnable.run(ReschedulingRunnable.java:95)
	at java.util.concurrent.Executors$RunnableAdapter.call(Executors.java:511)
	at java.util.concurrent.FutureTask.run(FutureTask.java:266)
	at java.util.concurrent.ScheduledThreadPoolExecutor$ScheduledFutureTask.access$201(ScheduledThreadPoolExecutor.java:180)
	at java.util.concurrent.ScheduledThreadPoolExecutor$ScheduledFutureTask.run(ScheduledThreadPoolExecutor.java:293)
	at java.util.concurrent.ThreadPoolExecutor.runWorker(ThreadPoolExecutor.java:1149)
	at java.util.concurrent.ThreadPoolExecutor$Worker.run(ThreadPoolExecutor.java:624)
	at java.lang.Thread.run(Thread.java:750)
2024-08-29 17:04:55.650 [,] [scheduling-1] ERROR o.s.s.s.TaskUtils$LoggingErrorHandler - [handleError,95] - Unexpected error occurred in scheduled task
java.lang.InterruptedException: null
	at java.util.concurrent.FutureTask.awaitDone(FutureTask.java:404)
	at java.util.concurrent.FutureTask.get(FutureTask.java:191)
	at com.shark.aio.base.controller.InitFFmpeg.monitorFfmpegProcess(InitFFmpeg.java:106)
	at com.shark.aio.base.controller.InitFFmpeg$$FastClassBySpringCGLIB$$6f28da27.invoke(<generated>)
	at org.springframework.cglib.proxy.MethodProxy.invoke(MethodProxy.java:218)
	at org.springframework.aop.framework.CglibAopProxy$CglibMethodInvocation.invokeJoinpoint(CglibAopProxy.java:793)
	at org.springframework.aop.framework.ReflectiveMethodInvocation.proceed(ReflectiveMethodInvocation.java:163)
	at org.springframework.aop.framework.CglibAopProxy$CglibMethodInvocation.proceed(CglibAopProxy.java:763)
	at org.springframework.aop.framework.adapter.MethodBeforeAdviceInterceptor.invoke(MethodBeforeAdviceInterceptor.java:58)
	at org.springframework.aop.framework.ReflectiveMethodInvocation.proceed(ReflectiveMethodInvocation.java:186)
	at org.springframework.aop.framework.CglibAopProxy$CglibMethodInvocation.proceed(CglibAopProxy.java:763)
	at org.springframework.aop.interceptor.ExposeInvocationInterceptor.invoke(ExposeInvocationInterceptor.java:97)
	at org.springframework.aop.framework.ReflectiveMethodInvocation.proceed(ReflectiveMethodInvocation.java:186)
	at org.springframework.aop.framework.CglibAopProxy$CglibMethodInvocation.proceed(CglibAopProxy.java:763)
	at org.springframework.aop.framework.CglibAopProxy$DynamicAdvisedInterceptor.intercept(CglibAopProxy.java:708)
	at com.shark.aio.base.controller.InitFFmpeg$$EnhancerBySpringCGLIB$$251c05dc.monitorFfmpegProcess(<generated>)
	at sun.reflect.NativeMethodAccessorImpl.invoke0(Native Method)
	at sun.reflect.NativeMethodAccessorImpl.invoke(NativeMethodAccessorImpl.java:62)
	at sun.reflect.DelegatingMethodAccessorImpl.invoke(DelegatingMethodAccessorImpl.java:43)
	at java.lang.reflect.Method.invoke(Method.java:498)
	at org.springframework.scheduling.support.ScheduledMethodRunnable.run(ScheduledMethodRunnable.java:84)
	at org.springframework.scheduling.support.DelegatingErrorHandlingRunnable.run(DelegatingErrorHandlingRunnable.java:54)
	at org.springframework.scheduling.concurrent.ReschedulingRunnable.run(ReschedulingRunnable.java:95)
	at java.util.concurrent.Executors$RunnableAdapter.call(Executors.java:511)
	at java.util.concurrent.FutureTask.run(FutureTask.java:266)
	at java.util.concurrent.ScheduledThreadPoolExecutor$ScheduledFutureTask.access$201(ScheduledThreadPoolExecutor.java:180)
	at java.util.concurrent.ScheduledThreadPoolExecutor$ScheduledFutureTask.run(ScheduledThreadPoolExecutor.java:293)
	at java.util.concurrent.ThreadPoolExecutor.runWorker(ThreadPoolExecutor.java:1149)
	at java.util.concurrent.ThreadPoolExecutor$Worker.run(ThreadPoolExecutor.java:624)
	at java.lang.Thread.run(Thread.java:750)
2024-08-29 17:06:07.495 [,] [scheduling-1] ERROR o.s.s.s.TaskUtils$LoggingErrorHandler - [handleError,95] - Unexpected error occurred in scheduled task
java.lang.InterruptedException: null
	at java.util.concurrent.FutureTask.awaitDone(FutureTask.java:404)
	at java.util.concurrent.FutureTask.get(FutureTask.java:191)
	at com.shark.aio.base.controller.InitFFmpeg.monitorFfmpegProcess(InitFFmpeg.java:106)
	at com.shark.aio.base.controller.InitFFmpeg$$FastClassBySpringCGLIB$$6f28da27.invoke(<generated>)
	at org.springframework.cglib.proxy.MethodProxy.invoke(MethodProxy.java:218)
	at org.springframework.aop.framework.CglibAopProxy$CglibMethodInvocation.invokeJoinpoint(CglibAopProxy.java:793)
	at org.springframework.aop.framework.ReflectiveMethodInvocation.proceed(ReflectiveMethodInvocation.java:163)
	at org.springframework.aop.framework.CglibAopProxy$CglibMethodInvocation.proceed(CglibAopProxy.java:763)
	at org.springframework.aop.framework.adapter.MethodBeforeAdviceInterceptor.invoke(MethodBeforeAdviceInterceptor.java:58)
	at org.springframework.aop.framework.ReflectiveMethodInvocation.proceed(ReflectiveMethodInvocation.java:186)
	at org.springframework.aop.framework.CglibAopProxy$CglibMethodInvocation.proceed(CglibAopProxy.java:763)
	at org.springframework.aop.interceptor.ExposeInvocationInterceptor.invoke(ExposeInvocationInterceptor.java:97)
	at org.springframework.aop.framework.ReflectiveMethodInvocation.proceed(ReflectiveMethodInvocation.java:186)
	at org.springframework.aop.framework.CglibAopProxy$CglibMethodInvocation.proceed(CglibAopProxy.java:763)
	at org.springframework.aop.framework.CglibAopProxy$DynamicAdvisedInterceptor.intercept(CglibAopProxy.java:708)
	at com.shark.aio.base.controller.InitFFmpeg$$EnhancerBySpringCGLIB$$db376dc5.monitorFfmpegProcess(<generated>)
	at sun.reflect.NativeMethodAccessorImpl.invoke0(Native Method)
	at sun.reflect.NativeMethodAccessorImpl.invoke(NativeMethodAccessorImpl.java:62)
	at sun.reflect.DelegatingMethodAccessorImpl.invoke(DelegatingMethodAccessorImpl.java:43)
	at java.lang.reflect.Method.invoke(Method.java:498)
	at org.springframework.scheduling.support.ScheduledMethodRunnable.run(ScheduledMethodRunnable.java:84)
	at org.springframework.scheduling.support.DelegatingErrorHandlingRunnable.run(DelegatingErrorHandlingRunnable.java:54)
	at org.springframework.scheduling.concurrent.ReschedulingRunnable.run(ReschedulingRunnable.java:95)
	at java.util.concurrent.Executors$RunnableAdapter.call(Executors.java:511)
	at java.util.concurrent.FutureTask.run(FutureTask.java:266)
	at java.util.concurrent.ScheduledThreadPoolExecutor$ScheduledFutureTask.access$201(ScheduledThreadPoolExecutor.java:180)
	at java.util.concurrent.ScheduledThreadPoolExecutor$ScheduledFutureTask.run(ScheduledThreadPoolExecutor.java:293)
	at java.util.concurrent.ThreadPoolExecutor.runWorker(ThreadPoolExecutor.java:1149)
	at java.util.concurrent.ThreadPoolExecutor$Worker.run(ThreadPoolExecutor.java:624)
	at java.lang.Thread.run(Thread.java:750)
2024-08-29 17:07:36.841 [,] [scheduling-1] ERROR o.s.s.s.TaskUtils$LoggingErrorHandler - [handleError,95] - Unexpected error occurred in scheduled task
java.lang.InterruptedException: null
	at java.util.concurrent.FutureTask.awaitDone(FutureTask.java:404)
	at java.util.concurrent.FutureTask.get(FutureTask.java:191)
	at com.shark.aio.base.controller.InitFFmpeg.monitorFfmpegProcess(InitFFmpeg.java:106)
	at com.shark.aio.base.controller.InitFFmpeg$$FastClassBySpringCGLIB$$6f28da27.invoke(<generated>)
	at org.springframework.cglib.proxy.MethodProxy.invoke(MethodProxy.java:218)
	at org.springframework.aop.framework.CglibAopProxy$CglibMethodInvocation.invokeJoinpoint(CglibAopProxy.java:793)
	at org.springframework.aop.framework.ReflectiveMethodInvocation.proceed(ReflectiveMethodInvocation.java:163)
	at org.springframework.aop.framework.CglibAopProxy$CglibMethodInvocation.proceed(CglibAopProxy.java:763)
	at org.springframework.aop.framework.adapter.MethodBeforeAdviceInterceptor.invoke(MethodBeforeAdviceInterceptor.java:58)
	at org.springframework.aop.framework.ReflectiveMethodInvocation.proceed(ReflectiveMethodInvocation.java:186)
	at org.springframework.aop.framework.CglibAopProxy$CglibMethodInvocation.proceed(CglibAopProxy.java:763)
	at org.springframework.aop.interceptor.ExposeInvocationInterceptor.invoke(ExposeInvocationInterceptor.java:97)
	at org.springframework.aop.framework.ReflectiveMethodInvocation.proceed(ReflectiveMethodInvocation.java:186)
	at org.springframework.aop.framework.CglibAopProxy$CglibMethodInvocation.proceed(CglibAopProxy.java:763)
	at org.springframework.aop.framework.CglibAopProxy$DynamicAdvisedInterceptor.intercept(CglibAopProxy.java:708)
	at com.shark.aio.base.controller.InitFFmpeg$$EnhancerBySpringCGLIB$$b08a26b4.monitorFfmpegProcess(<generated>)
	at sun.reflect.NativeMethodAccessorImpl.invoke0(Native Method)
	at sun.reflect.NativeMethodAccessorImpl.invoke(NativeMethodAccessorImpl.java:62)
	at sun.reflect.DelegatingMethodAccessorImpl.invoke(DelegatingMethodAccessorImpl.java:43)
	at java.lang.reflect.Method.invoke(Method.java:498)
	at org.springframework.scheduling.support.ScheduledMethodRunnable.run(ScheduledMethodRunnable.java:84)
	at org.springframework.scheduling.support.DelegatingErrorHandlingRunnable.run(DelegatingErrorHandlingRunnable.java:54)
	at org.springframework.scheduling.concurrent.ReschedulingRunnable.run(ReschedulingRunnable.java:95)
	at java.util.concurrent.Executors$RunnableAdapter.call(Executors.java:511)
	at java.util.concurrent.FutureTask.run(FutureTask.java:266)
	at java.util.concurrent.ScheduledThreadPoolExecutor$ScheduledFutureTask.access$201(ScheduledThreadPoolExecutor.java:180)
	at java.util.concurrent.ScheduledThreadPoolExecutor$ScheduledFutureTask.run(ScheduledThreadPoolExecutor.java:293)
	at java.util.concurrent.ThreadPoolExecutor.runWorker(ThreadPoolExecutor.java:1149)
	at java.util.concurrent.ThreadPoolExecutor$Worker.run(ThreadPoolExecutor.java:624)
	at java.lang.Thread.run(Thread.java:750)
2024-08-29 17:10:02.982 [,] [scheduling-1] ERROR o.s.s.s.TaskUtils$LoggingErrorHandler - [handleError,95] - Unexpected error occurred in scheduled task
java.lang.InterruptedException: null
	at java.util.concurrent.FutureTask.awaitDone(FutureTask.java:404)
	at java.util.concurrent.FutureTask.get(FutureTask.java:191)
	at com.shark.aio.base.controller.InitFFmpeg.monitorFfmpegProcess(InitFFmpeg.java:106)
	at com.shark.aio.base.controller.InitFFmpeg$$FastClassBySpringCGLIB$$6f28da27.invoke(<generated>)
	at org.springframework.cglib.proxy.MethodProxy.invoke(MethodProxy.java:218)
	at org.springframework.aop.framework.CglibAopProxy$CglibMethodInvocation.invokeJoinpoint(CglibAopProxy.java:793)
	at org.springframework.aop.framework.ReflectiveMethodInvocation.proceed(ReflectiveMethodInvocation.java:163)
	at org.springframework.aop.framework.CglibAopProxy$CglibMethodInvocation.proceed(CglibAopProxy.java:763)
	at org.springframework.aop.framework.adapter.MethodBeforeAdviceInterceptor.invoke(MethodBeforeAdviceInterceptor.java:58)
	at org.springframework.aop.framework.ReflectiveMethodInvocation.proceed(ReflectiveMethodInvocation.java:186)
	at org.springframework.aop.framework.CglibAopProxy$CglibMethodInvocation.proceed(CglibAopProxy.java:763)
	at org.springframework.aop.interceptor.ExposeInvocationInterceptor.invoke(ExposeInvocationInterceptor.java:97)
	at org.springframework.aop.framework.ReflectiveMethodInvocation.proceed(ReflectiveMethodInvocation.java:186)
	at org.springframework.aop.framework.CglibAopProxy$CglibMethodInvocation.proceed(CglibAopProxy.java:763)
	at org.springframework.aop.framework.CglibAopProxy$DynamicAdvisedInterceptor.intercept(CglibAopProxy.java:708)
	at com.shark.aio.base.controller.InitFFmpeg$$EnhancerBySpringCGLIB$$251c05dc.monitorFfmpegProcess(<generated>)
	at sun.reflect.NativeMethodAccessorImpl.invoke0(Native Method)
	at sun.reflect.NativeMethodAccessorImpl.invoke(NativeMethodAccessorImpl.java:62)
	at sun.reflect.DelegatingMethodAccessorImpl.invoke(DelegatingMethodAccessorImpl.java:43)
	at java.lang.reflect.Method.invoke(Method.java:498)
	at org.springframework.scheduling.support.ScheduledMethodRunnable.run(ScheduledMethodRunnable.java:84)
	at org.springframework.scheduling.support.DelegatingErrorHandlingRunnable.run(DelegatingErrorHandlingRunnable.java:54)
	at org.springframework.scheduling.concurrent.ReschedulingRunnable.run(ReschedulingRunnable.java:95)
	at java.util.concurrent.Executors$RunnableAdapter.call(Executors.java:511)
	at java.util.concurrent.FutureTask.run(FutureTask.java:266)
	at java.util.concurrent.ScheduledThreadPoolExecutor$ScheduledFutureTask.access$201(ScheduledThreadPoolExecutor.java:180)
	at java.util.concurrent.ScheduledThreadPoolExecutor$ScheduledFutureTask.run(ScheduledThreadPoolExecutor.java:293)
	at java.util.concurrent.ThreadPoolExecutor.runWorker(ThreadPoolExecutor.java:1149)
	at java.util.concurrent.ThreadPoolExecutor$Worker.run(ThreadPoolExecutor.java:624)
	at java.lang.Thread.run(Thread.java:750)
2024-08-29 17:24:04.673 [,] [scheduling-1] ERROR o.s.s.s.TaskUtils$LoggingErrorHandler - [handleError,95] - Unexpected error occurred in scheduled task
java.lang.InterruptedException: null
	at java.util.concurrent.FutureTask.awaitDone(FutureTask.java:404)
	at java.util.concurrent.FutureTask.get(FutureTask.java:191)
	at com.shark.aio.base.controller.InitFFmpeg.monitorFfmpegProcess(InitFFmpeg.java:106)
	at com.shark.aio.base.controller.InitFFmpeg$$FastClassBySpringCGLIB$$6f28da27.invoke(<generated>)
	at org.springframework.cglib.proxy.MethodProxy.invoke(MethodProxy.java:218)
	at org.springframework.aop.framework.CglibAopProxy$CglibMethodInvocation.invokeJoinpoint(CglibAopProxy.java:793)
	at org.springframework.aop.framework.ReflectiveMethodInvocation.proceed(ReflectiveMethodInvocation.java:163)
	at org.springframework.aop.framework.CglibAopProxy$CglibMethodInvocation.proceed(CglibAopProxy.java:763)
	at org.springframework.aop.framework.adapter.MethodBeforeAdviceInterceptor.invoke(MethodBeforeAdviceInterceptor.java:58)
	at org.springframework.aop.framework.ReflectiveMethodInvocation.proceed(ReflectiveMethodInvocation.java:186)
	at org.springframework.aop.framework.CglibAopProxy$CglibMethodInvocation.proceed(CglibAopProxy.java:763)
	at org.springframework.aop.interceptor.ExposeInvocationInterceptor.invoke(ExposeInvocationInterceptor.java:97)
	at org.springframework.aop.framework.ReflectiveMethodInvocation.proceed(ReflectiveMethodInvocation.java:186)
	at org.springframework.aop.framework.CglibAopProxy$CglibMethodInvocation.proceed(CglibAopProxy.java:763)
	at org.springframework.aop.framework.CglibAopProxy$DynamicAdvisedInterceptor.intercept(CglibAopProxy.java:708)
	at com.shark.aio.base.controller.InitFFmpeg$$EnhancerBySpringCGLIB$$251c05dc.monitorFfmpegProcess(<generated>)
	at sun.reflect.NativeMethodAccessorImpl.invoke0(Native Method)
	at sun.reflect.NativeMethodAccessorImpl.invoke(NativeMethodAccessorImpl.java:62)
	at sun.reflect.DelegatingMethodAccessorImpl.invoke(DelegatingMethodAccessorImpl.java:43)
	at java.lang.reflect.Method.invoke(Method.java:498)
	at org.springframework.scheduling.support.ScheduledMethodRunnable.run(ScheduledMethodRunnable.java:84)
	at org.springframework.scheduling.support.DelegatingErrorHandlingRunnable.run(DelegatingErrorHandlingRunnable.java:54)
	at org.springframework.scheduling.concurrent.ReschedulingRunnable.run(ReschedulingRunnable.java:95)
	at java.util.concurrent.Executors$RunnableAdapter.call(Executors.java:511)
	at java.util.concurrent.FutureTask.run(FutureTask.java:266)
	at java.util.concurrent.ScheduledThreadPoolExecutor$ScheduledFutureTask.access$201(ScheduledThreadPoolExecutor.java:180)
	at java.util.concurrent.ScheduledThreadPoolExecutor$ScheduledFutureTask.run(ScheduledThreadPoolExecutor.java:293)
	at java.util.concurrent.ThreadPoolExecutor.runWorker(ThreadPoolExecutor.java:1149)
	at java.util.concurrent.ThreadPoolExecutor$Worker.run(ThreadPoolExecutor.java:624)
	at java.lang.Thread.run(Thread.java:750)
2024-08-29 17:26:18.009 [,] [scheduling-1] ERROR o.s.s.s.TaskUtils$LoggingErrorHandler - [handleError,95] - Unexpected error occurred in scheduled task
java.lang.InterruptedException: null
	at java.util.concurrent.FutureTask.awaitDone(FutureTask.java:404)
	at java.util.concurrent.FutureTask.get(FutureTask.java:191)
	at com.shark.aio.base.controller.InitFFmpeg.monitorFfmpegProcess(InitFFmpeg.java:106)
	at com.shark.aio.base.controller.InitFFmpeg$$FastClassBySpringCGLIB$$6f28da27.invoke(<generated>)
	at org.springframework.cglib.proxy.MethodProxy.invoke(MethodProxy.java:218)
	at org.springframework.aop.framework.CglibAopProxy$CglibMethodInvocation.invokeJoinpoint(CglibAopProxy.java:793)
	at org.springframework.aop.framework.ReflectiveMethodInvocation.proceed(ReflectiveMethodInvocation.java:163)
	at org.springframework.aop.framework.CglibAopProxy$CglibMethodInvocation.proceed(CglibAopProxy.java:763)
	at org.springframework.aop.framework.adapter.MethodBeforeAdviceInterceptor.invoke(MethodBeforeAdviceInterceptor.java:58)
	at org.springframework.aop.framework.ReflectiveMethodInvocation.proceed(ReflectiveMethodInvocation.java:186)
	at org.springframework.aop.framework.CglibAopProxy$CglibMethodInvocation.proceed(CglibAopProxy.java:763)
	at org.springframework.aop.interceptor.ExposeInvocationInterceptor.invoke(ExposeInvocationInterceptor.java:97)
	at org.springframework.aop.framework.ReflectiveMethodInvocation.proceed(ReflectiveMethodInvocation.java:186)
	at org.springframework.aop.framework.CglibAopProxy$CglibMethodInvocation.proceed(CglibAopProxy.java:763)
	at org.springframework.aop.framework.CglibAopProxy$DynamicAdvisedInterceptor.intercept(CglibAopProxy.java:708)
	at com.shark.aio.base.controller.InitFFmpeg$$EnhancerBySpringCGLIB$$251c05dc.monitorFfmpegProcess(<generated>)
	at sun.reflect.NativeMethodAccessorImpl.invoke0(Native Method)
	at sun.reflect.NativeMethodAccessorImpl.invoke(NativeMethodAccessorImpl.java:62)
	at sun.reflect.DelegatingMethodAccessorImpl.invoke(DelegatingMethodAccessorImpl.java:43)
	at java.lang.reflect.Method.invoke(Method.java:498)
	at org.springframework.scheduling.support.ScheduledMethodRunnable.run(ScheduledMethodRunnable.java:84)
	at org.springframework.scheduling.support.DelegatingErrorHandlingRunnable.run(DelegatingErrorHandlingRunnable.java:54)
	at org.springframework.scheduling.concurrent.ReschedulingRunnable.run(ReschedulingRunnable.java:95)
	at java.util.concurrent.Executors$RunnableAdapter.call(Executors.java:511)
	at java.util.concurrent.FutureTask.run(FutureTask.java:266)
	at java.util.concurrent.ScheduledThreadPoolExecutor$ScheduledFutureTask.access$201(ScheduledThreadPoolExecutor.java:180)
	at java.util.concurrent.ScheduledThreadPoolExecutor$ScheduledFutureTask.run(ScheduledThreadPoolExecutor.java:293)
	at java.util.concurrent.ThreadPoolExecutor.runWorker(ThreadPoolExecutor.java:1149)
	at java.util.concurrent.ThreadPoolExecutor$Worker.run(ThreadPoolExecutor.java:624)
	at java.lang.Thread.run(Thread.java:750)
2024-08-29 17:27:37.070 [,] [scheduling-1] ERROR o.s.s.s.TaskUtils$LoggingErrorHandler - [handleError,95] - Unexpected error occurred in scheduled task
java.lang.InterruptedException: null
	at java.util.concurrent.FutureTask.awaitDone(FutureTask.java:404)
	at java.util.concurrent.FutureTask.get(FutureTask.java:191)
	at com.shark.aio.base.controller.InitFFmpeg.monitorFfmpegProcess(InitFFmpeg.java:106)
	at com.shark.aio.base.controller.InitFFmpeg$$FastClassBySpringCGLIB$$6f28da27.invoke(<generated>)
	at org.springframework.cglib.proxy.MethodProxy.invoke(MethodProxy.java:218)
	at org.springframework.aop.framework.CglibAopProxy$CglibMethodInvocation.invokeJoinpoint(CglibAopProxy.java:793)
	at org.springframework.aop.framework.ReflectiveMethodInvocation.proceed(ReflectiveMethodInvocation.java:163)
	at org.springframework.aop.framework.CglibAopProxy$CglibMethodInvocation.proceed(CglibAopProxy.java:763)
	at org.springframework.aop.framework.adapter.MethodBeforeAdviceInterceptor.invoke(MethodBeforeAdviceInterceptor.java:58)
	at org.springframework.aop.framework.ReflectiveMethodInvocation.proceed(ReflectiveMethodInvocation.java:186)
	at org.springframework.aop.framework.CglibAopProxy$CglibMethodInvocation.proceed(CglibAopProxy.java:763)
	at org.springframework.aop.interceptor.ExposeInvocationInterceptor.invoke(ExposeInvocationInterceptor.java:97)
	at org.springframework.aop.framework.ReflectiveMethodInvocation.proceed(ReflectiveMethodInvocation.java:186)
	at org.springframework.aop.framework.CglibAopProxy$CglibMethodInvocation.proceed(CglibAopProxy.java:763)
	at org.springframework.aop.framework.CglibAopProxy$DynamicAdvisedInterceptor.intercept(CglibAopProxy.java:708)
	at com.shark.aio.base.controller.InitFFmpeg$$EnhancerBySpringCGLIB$$251c05dc.monitorFfmpegProcess(<generated>)
	at sun.reflect.NativeMethodAccessorImpl.invoke0(Native Method)
	at sun.reflect.NativeMethodAccessorImpl.invoke(NativeMethodAccessorImpl.java:62)
	at sun.reflect.DelegatingMethodAccessorImpl.invoke(DelegatingMethodAccessorImpl.java:43)
	at java.lang.reflect.Method.invoke(Method.java:498)
	at org.springframework.scheduling.support.ScheduledMethodRunnable.run(ScheduledMethodRunnable.java:84)
	at org.springframework.scheduling.support.DelegatingErrorHandlingRunnable.run(DelegatingErrorHandlingRunnable.java:54)
	at org.springframework.scheduling.concurrent.ReschedulingRunnable.run(ReschedulingRunnable.java:95)
	at java.util.concurrent.Executors$RunnableAdapter.call(Executors.java:511)
	at java.util.concurrent.FutureTask.run(FutureTask.java:266)
	at java.util.concurrent.ScheduledThreadPoolExecutor$ScheduledFutureTask.access$201(ScheduledThreadPoolExecutor.java:180)
	at java.util.concurrent.ScheduledThreadPoolExecutor$ScheduledFutureTask.run(ScheduledThreadPoolExecutor.java:293)
	at java.util.concurrent.ThreadPoolExecutor.runWorker(ThreadPoolExecutor.java:1149)
	at java.util.concurrent.ThreadPoolExecutor$Worker.run(ThreadPoolExecutor.java:624)
	at java.lang.Thread.run(Thread.java:750)
2024-08-29 17:37:39.668 [,] [scheduling-1] ERROR o.s.s.s.TaskUtils$LoggingErrorHandler - [handleError,95] - Unexpected error occurred in scheduled task
java.lang.InterruptedException: null
	at java.util.concurrent.FutureTask.awaitDone(FutureTask.java:404)
	at java.util.concurrent.FutureTask.get(FutureTask.java:191)
	at com.shark.aio.base.controller.InitFFmpeg.monitorFfmpegProcess(InitFFmpeg.java:106)
	at com.shark.aio.base.controller.InitFFmpeg$$FastClassBySpringCGLIB$$6f28da27.invoke(<generated>)
	at org.springframework.cglib.proxy.MethodProxy.invoke(MethodProxy.java:218)
	at org.springframework.aop.framework.CglibAopProxy$CglibMethodInvocation.invokeJoinpoint(CglibAopProxy.java:793)
	at org.springframework.aop.framework.ReflectiveMethodInvocation.proceed(ReflectiveMethodInvocation.java:163)
	at org.springframework.aop.framework.CglibAopProxy$CglibMethodInvocation.proceed(CglibAopProxy.java:763)
	at org.springframework.aop.framework.adapter.MethodBeforeAdviceInterceptor.invoke(MethodBeforeAdviceInterceptor.java:58)
	at org.springframework.aop.framework.ReflectiveMethodInvocation.proceed(ReflectiveMethodInvocation.java:186)
	at org.springframework.aop.framework.CglibAopProxy$CglibMethodInvocation.proceed(CglibAopProxy.java:763)
	at org.springframework.aop.interceptor.ExposeInvocationInterceptor.invoke(ExposeInvocationInterceptor.java:97)
	at org.springframework.aop.framework.ReflectiveMethodInvocation.proceed(ReflectiveMethodInvocation.java:186)
	at org.springframework.aop.framework.CglibAopProxy$CglibMethodInvocation.proceed(CglibAopProxy.java:763)
	at org.springframework.aop.framework.CglibAopProxy$DynamicAdvisedInterceptor.intercept(CglibAopProxy.java:708)
	at com.shark.aio.base.controller.InitFFmpeg$$EnhancerBySpringCGLIB$$63db7888.monitorFfmpegProcess(<generated>)
	at sun.reflect.NativeMethodAccessorImpl.invoke0(Native Method)
	at sun.reflect.NativeMethodAccessorImpl.invoke(NativeMethodAccessorImpl.java:62)
	at sun.reflect.DelegatingMethodAccessorImpl.invoke(DelegatingMethodAccessorImpl.java:43)
	at java.lang.reflect.Method.invoke(Method.java:498)
	at org.springframework.scheduling.support.ScheduledMethodRunnable.run(ScheduledMethodRunnable.java:84)
	at org.springframework.scheduling.support.DelegatingErrorHandlingRunnable.run(DelegatingErrorHandlingRunnable.java:54)
	at org.springframework.scheduling.concurrent.ReschedulingRunnable.run(ReschedulingRunnable.java:95)
	at java.util.concurrent.Executors$RunnableAdapter.call(Executors.java:511)
	at java.util.concurrent.FutureTask.run(FutureTask.java:266)
	at java.util.concurrent.ScheduledThreadPoolExecutor$ScheduledFutureTask.access$201(ScheduledThreadPoolExecutor.java:180)
	at java.util.concurrent.ScheduledThreadPoolExecutor$ScheduledFutureTask.run(ScheduledThreadPoolExecutor.java:293)
	at java.util.concurrent.ThreadPoolExecutor.runWorker(ThreadPoolExecutor.java:1149)
	at java.util.concurrent.ThreadPoolExecutor$Worker.run(ThreadPoolExecutor.java:624)
	at java.lang.Thread.run(Thread.java:750)
