2024-08-26 15:19:06.141 [,] [main] INFO  c.s.a.AIOCompanyApplication - [logStarting,55] - Starting AIOCompanyApplication using Java 1.8.0_411 on DESKTOP-0QJEBFD with PID 22736 (E:\AIO_2024.08.16\AIO - 副本 - 测试\AIO-company\target\classes started by neko in E:\AIO_2024.08.16\AIO - 副本 - 测试\AIO-company)
2024-08-26 15:19:06.144 [,] [main] INFO  c.s.a.AIOCompanyApplication - [logStartupProfileInfo,634] - No active profile set, falling back to 1 default profile: "default"
2024-08-26 15:19:08.698 [,] [main] INFO  o.a.c.h.Http11NioProtocol - [log,173] - Initializing ProtocolHandler ["http-nio-8089"]
2024-08-26 15:19:08.699 [,] [main] INFO  o.a.c.c.StandardService - [log,173] - Starting service [Tomcat]
2024-08-26 15:19:08.699 [,] [main] INFO  o.a.c.c.StandardEngine - [log,173] - Starting Servlet engine: [Apache Tomcat/9.0.68]
2024-08-26 15:19:08.853 [,] [main] INFO  o.a.c.c.C.[.[.[/] - [log,173] - Initializing Spring embedded WebApplicationContext
2024-08-26 15:19:09.100 [,] [main] INFO  o.h.j.i.u.LogHelper - [logPersistenceUnitInformation,31] - HHH000204: Processing PersistenceUnitInfo [name: default]
2024-08-26 15:19:09.153 [,] [main] INFO  o.hibernate.Version - [logVersion,44] - HHH000412: Hibernate ORM core version 5.6.12.Final
2024-08-26 15:19:09.328 [,] [main] INFO  o.h.a.common.Version - [<clinit>,56] - HCANN000001: Hibernate Commons Annotations {5.1.2.Final}
2024-08-26 15:19:09.429 [,] [main] INFO  c.z.h.HikariDataSource - [getConnection,110] - HikariPool-1 - Starting...
2024-08-26 15:19:09.586 [,] [main] INFO  c.z.h.HikariDataSource - [getConnection,123] - HikariPool-1 - Start completed.
2024-08-26 15:19:09.599 [,] [main] INFO  o.h.dialect.Dialect - [<init>,175] - HHH000400: Using dialect: org.hibernate.dialect.MySQL8Dialect
2024-08-26 15:19:10.271 [,] [main] INFO  o.h.e.t.j.p.i.JtaPlatformInitiator - [initiateService,52] - HHH000490: Using JtaPlatform implementation: [org.hibernate.engine.transaction.jta.platform.internal.NoJtaPlatform]
2024-08-26 15:19:12.696 [,] [main] INFO  User_Operation - [User_Operationlog,20] - After User_Operation method: initFFmpeg
2024-08-26 15:19:14.427 [,] [main] INFO  o.a.c.h.Http11NioProtocol - [log,173] - Starting ProtocolHandler ["http-nio-8089"]
2024-08-26 15:19:14.574 [,] [main] INFO  c.s.a.AIOCompanyApplication - [logStarted,61] - Started AIOCompanyApplication in 8.898 seconds (JVM running for 10.578)
2024-08-26 15:19:14.575 [,] [main] INFO  User_Operation - [User_Operationlog,20] - After User_Operation method: onApplicationEvent
2024-08-26 15:19:20.013 [,] [scheduling-1] INFO  User_Operation - [User_Operationlog,20] - After User_Operation method: monitorFfmpegProcess
2024-08-26 15:19:34.464 [,] [http-nio-8089-exec-1] INFO  o.a.c.c.C.[.[.[/] - [log,173] - Initializing Spring DispatcherServlet 'dispatcherServlet'
2024-08-26 15:19:34.481 [,] [http-nio-8089-exec-1] INFO  User_Operation - [User_Operationlog,20] - After User_Operation method: AIO
2024-08-26 15:19:50.002 [,] [scheduling-1] INFO  User_Operation - [User_Operationlog,20] - After User_Operation method: monitorFfmpegProcess
2024-08-26 15:19:50.390 [,] [http-nio-8089-exec-2] INFO  User_Operation - [User_Operationlog,20] - After User_Operation method: indexWeb
2024-08-26 15:19:50.392 [,] [http-nio-8089-exec-2] INFO  User_Operation - [User_Operationlog,20] - After User_Operation method: getInformation
2024-08-26 15:20:00.015 [,] [scheduling-1] INFO  User_Operation - [User_Operationlog,20] - After User_Operation method: monitorFfmpegProcess
2024-08-26 15:20:10.006 [,] [scheduling-1] INFO  User_Operation - [User_Operationlog,20] - After User_Operation method: monitorFfmpegProcess
2024-08-26 15:20:20.013 [,] [scheduling-1] INFO  User_Operation - [User_Operationlog,20] - After User_Operation method: monitorFfmpegProcess
2024-08-26 15:20:30.047 [,] [scheduling-1] INFO  User_Operation - [User_Operationlog,20] - After User_Operation method: monitorFfmpegProcess
2024-08-26 15:20:40.015 [,] [scheduling-1] INFO  User_Operation - [User_Operationlog,20] - After User_Operation method: monitorFfmpegProcess
2024-08-26 15:20:50.103 [,] [scheduling-1] INFO  User_Operation - [User_Operationlog,20] - After User_Operation method: monitorFfmpegProcess
2024-08-26 15:21:00.028 [,] [scheduling-1] INFO  User_Operation - [User_Operationlog,20] - After User_Operation method: monitorFfmpegProcess
2024-08-26 15:21:10.015 [,] [scheduling-1] INFO  User_Operation - [User_Operationlog,20] - After User_Operation method: monitorFfmpegProcess
2024-08-26 15:21:20.011 [,] [scheduling-1] INFO  User_Operation - [User_Operationlog,20] - After User_Operation method: monitorFfmpegProcess
2024-08-26 15:21:30.025 [,] [scheduling-1] INFO  User_Operation - [User_Operationlog,20] - After User_Operation method: monitorFfmpegProcess
2024-08-26 15:21:40.010 [,] [scheduling-1] INFO  User_Operation - [User_Operationlog,20] - After User_Operation method: monitorFfmpegProcess
2024-08-26 15:21:50.014 [,] [scheduling-1] INFO  User_Operation - [User_Operationlog,20] - After User_Operation method: monitorFfmpegProcess
2024-08-26 15:22:00.017 [,] [scheduling-1] INFO  User_Operation - [User_Operationlog,20] - After User_Operation method: monitorFfmpegProcess
2024-08-26 15:22:10.008 [,] [scheduling-1] INFO  User_Operation - [User_Operationlog,20] - After User_Operation method: monitorFfmpegProcess
2024-08-26 15:22:20.004 [,] [scheduling-1] INFO  User_Operation - [User_Operationlog,20] - After User_Operation method: monitorFfmpegProcess
2024-08-26 15:22:30.007 [,] [scheduling-1] INFO  User_Operation - [User_Operationlog,20] - After User_Operation method: monitorFfmpegProcess
2024-08-26 15:22:40.001 [,] [scheduling-1] INFO  User_Operation - [User_Operationlog,20] - After User_Operation method: monitorFfmpegProcess
2024-08-26 15:22:50.003 [,] [scheduling-1] INFO  User_Operation - [User_Operationlog,20] - After User_Operation method: monitorFfmpegProcess
2024-08-26 15:23:00.013 [,] [scheduling-1] INFO  User_Operation - [User_Operationlog,20] - After User_Operation method: monitorFfmpegProcess
2024-08-26 15:23:10.012 [,] [scheduling-1] INFO  User_Operation - [User_Operationlog,20] - After User_Operation method: monitorFfmpegProcess
2024-08-26 15:23:20.014 [,] [scheduling-1] INFO  User_Operation - [User_Operationlog,20] - After User_Operation method: monitorFfmpegProcess
2024-08-26 15:23:30.012 [,] [scheduling-1] INFO  User_Operation - [User_Operationlog,20] - After User_Operation method: monitorFfmpegProcess
2024-08-26 15:23:40.015 [,] [scheduling-1] INFO  User_Operation - [User_Operationlog,20] - After User_Operation method: monitorFfmpegProcess
2024-08-26 15:23:50.008 [,] [scheduling-1] INFO  User_Operation - [User_Operationlog,20] - After User_Operation method: monitorFfmpegProcess
2024-08-26 15:24:00.010 [,] [scheduling-1] INFO  User_Operation - [User_Operationlog,20] - After User_Operation method: monitorFfmpegProcess
2024-08-26 15:24:10.011 [,] [scheduling-1] INFO  User_Operation - [User_Operationlog,20] - After User_Operation method: monitorFfmpegProcess
2024-08-26 15:24:20.011 [,] [scheduling-1] INFO  User_Operation - [User_Operationlog,20] - After User_Operation method: monitorFfmpegProcess
2024-08-26 15:24:30.002 [,] [scheduling-1] INFO  User_Operation - [User_Operationlog,20] - After User_Operation method: monitorFfmpegProcess
2024-08-26 15:24:40.004 [,] [scheduling-1] INFO  User_Operation - [User_Operationlog,20] - After User_Operation method: monitorFfmpegProcess
2024-08-26 15:24:50.012 [,] [scheduling-1] INFO  User_Operation - [User_Operationlog,20] - After User_Operation method: monitorFfmpegProcess
2024-08-26 15:25:00.008 [,] [scheduling-1] INFO  User_Operation - [User_Operationlog,20] - After User_Operation method: monitorFfmpegProcess
2024-08-26 15:25:10.011 [,] [scheduling-1] INFO  User_Operation - [User_Operationlog,20] - After User_Operation method: monitorFfmpegProcess
2024-08-26 15:25:20.009 [,] [scheduling-1] INFO  User_Operation - [User_Operationlog,20] - After User_Operation method: monitorFfmpegProcess
2024-08-26 15:25:30.009 [,] [scheduling-1] INFO  User_Operation - [User_Operationlog,20] - After User_Operation method: monitorFfmpegProcess
2024-08-26 15:25:40.002 [,] [scheduling-1] INFO  User_Operation - [User_Operationlog,20] - After User_Operation method: monitorFfmpegProcess
2024-08-26 15:25:50.003 [,] [scheduling-1] INFO  User_Operation - [User_Operationlog,20] - After User_Operation method: monitorFfmpegProcess
2024-08-26 15:26:00.004 [,] [scheduling-1] INFO  User_Operation - [User_Operationlog,20] - After User_Operation method: monitorFfmpegProcess
2024-08-26 15:26:10.011 [,] [scheduling-1] INFO  User_Operation - [User_Operationlog,20] - After User_Operation method: monitorFfmpegProcess
2024-08-26 15:26:20.004 [,] [scheduling-1] INFO  User_Operation - [User_Operationlog,20] - After User_Operation method: monitorFfmpegProcess
2024-08-26 15:26:30.001 [,] [scheduling-1] INFO  User_Operation - [User_Operationlog,20] - After User_Operation method: monitorFfmpegProcess
2024-08-26 15:26:40.012 [,] [scheduling-1] INFO  User_Operation - [User_Operationlog,20] - After User_Operation method: monitorFfmpegProcess
2024-08-26 15:26:50.006 [,] [scheduling-1] INFO  User_Operation - [User_Operationlog,20] - After User_Operation method: monitorFfmpegProcess
2024-08-26 15:27:00.012 [,] [scheduling-1] INFO  User_Operation - [User_Operationlog,20] - After User_Operation method: monitorFfmpegProcess
2024-08-26 15:27:10.008 [,] [scheduling-1] INFO  User_Operation - [User_Operationlog,20] - After User_Operation method: monitorFfmpegProcess
2024-08-26 15:27:20.012 [,] [scheduling-1] INFO  User_Operation - [User_Operationlog,20] - After User_Operation method: monitorFfmpegProcess
2024-08-26 15:27:30.009 [,] [scheduling-1] INFO  User_Operation - [User_Operationlog,20] - After User_Operation method: monitorFfmpegProcess
2024-08-26 15:27:40.003 [,] [scheduling-1] INFO  User_Operation - [User_Operationlog,20] - After User_Operation method: monitorFfmpegProcess
2024-08-26 15:27:50.016 [,] [scheduling-1] INFO  User_Operation - [User_Operationlog,20] - After User_Operation method: monitorFfmpegProcess
2024-08-26 15:28:00.013 [,] [scheduling-1] INFO  User_Operation - [User_Operationlog,20] - After User_Operation method: monitorFfmpegProcess
2024-08-26 15:28:10.007 [,] [scheduling-1] INFO  User_Operation - [User_Operationlog,20] - After User_Operation method: monitorFfmpegProcess
2024-08-26 15:28:20.009 [,] [scheduling-1] INFO  User_Operation - [User_Operationlog,20] - After User_Operation method: monitorFfmpegProcess
2024-08-26 15:28:30.003 [,] [scheduling-1] INFO  User_Operation - [User_Operationlog,20] - After User_Operation method: monitorFfmpegProcess
2024-08-26 15:28:40.009 [,] [scheduling-1] INFO  User_Operation - [User_Operationlog,20] - After User_Operation method: monitorFfmpegProcess
2024-08-26 15:28:50.012 [,] [scheduling-1] INFO  User_Operation - [User_Operationlog,20] - After User_Operation method: monitorFfmpegProcess
2024-08-26 15:29:00.000 [,] [scheduling-1] INFO  User_Operation - [User_Operationlog,20] - After User_Operation method: monitorFfmpegProcess
2024-08-26 15:29:10.005 [,] [scheduling-1] INFO  User_Operation - [User_Operationlog,20] - After User_Operation method: monitorFfmpegProcess
2024-08-26 15:29:20.002 [,] [scheduling-1] INFO  User_Operation - [User_Operationlog,20] - After User_Operation method: monitorFfmpegProcess
2024-08-26 15:29:30.013 [,] [scheduling-1] INFO  User_Operation - [User_Operationlog,20] - After User_Operation method: monitorFfmpegProcess
2024-08-26 15:29:40.001 [,] [scheduling-1] INFO  User_Operation - [User_Operationlog,20] - After User_Operation method: monitorFfmpegProcess
2024-08-26 15:29:50.003 [,] [scheduling-1] INFO  User_Operation - [User_Operationlog,20] - After User_Operation method: monitorFfmpegProcess
2024-08-26 15:30:00.003 [,] [scheduling-1] INFO  User_Operation - [User_Operationlog,20] - After User_Operation method: monitorFfmpegProcess
2024-08-26 15:30:10.006 [,] [scheduling-1] INFO  User_Operation - [User_Operationlog,20] - After User_Operation method: monitorFfmpegProcess
2024-08-26 15:30:20.007 [,] [scheduling-1] INFO  User_Operation - [User_Operationlog,20] - After User_Operation method: monitorFfmpegProcess
2024-08-26 15:30:30.009 [,] [scheduling-1] INFO  User_Operation - [User_Operationlog,20] - After User_Operation method: monitorFfmpegProcess
2024-08-26 15:30:40.009 [,] [scheduling-1] INFO  User_Operation - [User_Operationlog,20] - After User_Operation method: monitorFfmpegProcess
2024-08-26 15:30:50.004 [,] [scheduling-1] INFO  User_Operation - [User_Operationlog,20] - After User_Operation method: monitorFfmpegProcess
2024-08-26 15:31:00.015 [,] [scheduling-1] INFO  User_Operation - [User_Operationlog,20] - After User_Operation method: monitorFfmpegProcess
2024-08-26 15:31:10.003 [,] [scheduling-1] INFO  User_Operation - [User_Operationlog,20] - After User_Operation method: monitorFfmpegProcess
2024-08-26 15:31:20.001 [,] [scheduling-1] INFO  User_Operation - [User_Operationlog,20] - After User_Operation method: monitorFfmpegProcess
2024-08-26 15:31:30.014 [,] [scheduling-1] INFO  User_Operation - [User_Operationlog,20] - After User_Operation method: monitorFfmpegProcess
2024-08-26 15:31:40.011 [,] [scheduling-1] INFO  User_Operation - [User_Operationlog,20] - After User_Operation method: monitorFfmpegProcess
2024-08-26 15:31:50.016 [,] [scheduling-1] INFO  User_Operation - [User_Operationlog,20] - After User_Operation method: monitorFfmpegProcess
2024-08-26 15:32:00.014 [,] [scheduling-1] INFO  User_Operation - [User_Operationlog,20] - After User_Operation method: monitorFfmpegProcess
2024-08-26 15:32:10.008 [,] [scheduling-1] INFO  User_Operation - [User_Operationlog,20] - After User_Operation method: monitorFfmpegProcess
2024-08-26 15:32:20.048 [,] [scheduling-1] INFO  User_Operation - [User_Operationlog,20] - After User_Operation method: monitorFfmpegProcess
2024-08-26 15:32:30.015 [,] [scheduling-1] INFO  User_Operation - [User_Operationlog,20] - After User_Operation method: monitorFfmpegProcess
2024-08-26 15:32:40.009 [,] [scheduling-1] INFO  User_Operation - [User_Operationlog,20] - After User_Operation method: monitorFfmpegProcess
2024-08-26 15:32:50.010 [,] [scheduling-1] INFO  User_Operation - [User_Operationlog,20] - After User_Operation method: monitorFfmpegProcess
2024-08-26 15:33:00.007 [,] [scheduling-1] INFO  User_Operation - [User_Operationlog,20] - After User_Operation method: monitorFfmpegProcess
2024-08-26 15:33:10.004 [,] [scheduling-1] INFO  User_Operation - [User_Operationlog,20] - After User_Operation method: monitorFfmpegProcess
2024-08-26 15:33:20.009 [,] [scheduling-1] INFO  User_Operation - [User_Operationlog,20] - After User_Operation method: monitorFfmpegProcess
2024-08-26 15:33:30.011 [,] [scheduling-1] INFO  User_Operation - [User_Operationlog,20] - After User_Operation method: monitorFfmpegProcess
2024-08-26 15:33:40.005 [,] [scheduling-1] INFO  User_Operation - [User_Operationlog,20] - After User_Operation method: monitorFfmpegProcess
2024-08-26 15:33:50.013 [,] [scheduling-1] INFO  User_Operation - [User_Operationlog,20] - After User_Operation method: monitorFfmpegProcess
2024-08-26 15:34:00.010 [,] [scheduling-1] INFO  User_Operation - [User_Operationlog,20] - After User_Operation method: monitorFfmpegProcess
2024-08-26 15:34:10.017 [,] [scheduling-1] INFO  User_Operation - [User_Operationlog,20] - After User_Operation method: monitorFfmpegProcess
2024-08-26 15:34:20.008 [,] [scheduling-1] INFO  User_Operation - [User_Operationlog,20] - After User_Operation method: monitorFfmpegProcess
2024-08-26 15:34:30.001 [,] [scheduling-1] INFO  User_Operation - [User_Operationlog,20] - After User_Operation method: monitorFfmpegProcess
2024-08-26 15:34:40.005 [,] [scheduling-1] INFO  User_Operation - [User_Operationlog,20] - After User_Operation method: monitorFfmpegProcess
2024-08-26 15:34:50.013 [,] [scheduling-1] INFO  User_Operation - [User_Operationlog,20] - After User_Operation method: monitorFfmpegProcess
2024-08-26 15:35:00.007 [,] [scheduling-1] INFO  User_Operation - [User_Operationlog,20] - After User_Operation method: monitorFfmpegProcess
2024-08-26 15:35:10.011 [,] [scheduling-1] INFO  User_Operation - [User_Operationlog,20] - After User_Operation method: monitorFfmpegProcess
2024-08-26 15:35:20.005 [,] [scheduling-1] INFO  User_Operation - [User_Operationlog,20] - After User_Operation method: monitorFfmpegProcess
2024-08-26 15:35:30.013 [,] [scheduling-1] INFO  User_Operation - [User_Operationlog,20] - After User_Operation method: monitorFfmpegProcess
2024-08-26 15:35:40.015 [,] [scheduling-1] INFO  User_Operation - [User_Operationlog,20] - After User_Operation method: monitorFfmpegProcess
2024-08-26 15:35:50.006 [,] [scheduling-1] INFO  User_Operation - [User_Operationlog,20] - After User_Operation method: monitorFfmpegProcess
2024-08-26 15:36:00.007 [,] [scheduling-1] INFO  User_Operation - [User_Operationlog,20] - After User_Operation method: monitorFfmpegProcess
2024-08-26 15:36:10.010 [,] [scheduling-1] INFO  User_Operation - [User_Operationlog,20] - After User_Operation method: monitorFfmpegProcess
2024-08-26 15:36:20.009 [,] [scheduling-1] INFO  User_Operation - [User_Operationlog,20] - After User_Operation method: monitorFfmpegProcess
2024-08-26 15:36:27.035 [,] [SpringApplicationShutdownHook] INFO  c.z.h.HikariDataSource - [close,350] - HikariPool-1 - Shutdown initiated...
2024-08-26 15:36:27.046 [,] [SpringApplicationShutdownHook] INFO  c.z.h.HikariDataSource - [close,352] - HikariPool-1 - Shutdown completed.
2024-08-26 15:42:33.300 [,] [main] INFO  c.s.a.AIOCompanyApplication - [logStarting,55] - Starting AIOCompanyApplication using Java 1.8.0_411 on DESKTOP-0QJEBFD with PID 3564 (E:\AIO_2024.08.16\AIO - 副本 - 测试\AIO-company\target\classes started by neko in E:\AIO_2024.08.16\AIO - 副本 - 测试\AIO-company)
2024-08-26 15:42:33.309 [,] [main] INFO  c.s.a.AIOCompanyApplication - [logStartupProfileInfo,634] - No active profile set, falling back to 1 default profile: "default"
2024-08-26 15:42:35.020 [,] [main] INFO  o.a.c.h.Http11NioProtocol - [log,173] - Initializing ProtocolHandler ["http-nio-8089"]
2024-08-26 15:42:35.021 [,] [main] INFO  o.a.c.c.StandardService - [log,173] - Starting service [Tomcat]
2024-08-26 15:42:35.021 [,] [main] INFO  o.a.c.c.StandardEngine - [log,173] - Starting Servlet engine: [Apache Tomcat/9.0.68]
2024-08-26 15:42:35.143 [,] [main] INFO  o.a.c.c.C.[.[.[/] - [log,173] - Initializing Spring embedded WebApplicationContext
2024-08-26 15:42:35.328 [,] [main] INFO  o.h.j.i.u.LogHelper - [logPersistenceUnitInformation,31] - HHH000204: Processing PersistenceUnitInfo [name: default]
2024-08-26 15:42:35.366 [,] [main] INFO  o.hibernate.Version - [logVersion,44] - HHH000412: Hibernate ORM core version 5.6.12.Final
2024-08-26 15:42:35.470 [,] [main] INFO  o.h.a.common.Version - [<clinit>,56] - HCANN000001: Hibernate Commons Annotations {5.1.2.Final}
2024-08-26 15:42:35.542 [,] [main] INFO  c.z.h.HikariDataSource - [getConnection,110] - HikariPool-1 - Starting...
2024-08-26 15:42:35.651 [,] [main] INFO  c.z.h.HikariDataSource - [getConnection,123] - HikariPool-1 - Start completed.
2024-08-26 15:42:35.661 [,] [main] INFO  o.h.dialect.Dialect - [<init>,175] - HHH000400: Using dialect: org.hibernate.dialect.MySQL8Dialect
2024-08-26 15:42:36.215 [,] [main] INFO  o.h.e.t.j.p.i.JtaPlatformInitiator - [initiateService,52] - HHH000490: Using JtaPlatform implementation: [org.hibernate.engine.transaction.jta.platform.internal.NoJtaPlatform]
2024-08-26 15:42:38.217 [,] [main] INFO  User_Operation - [User_Operationlog,20] - After User_Operation method: initFFmpeg
2024-08-26 15:42:38.810 [,] [main] INFO  o.a.c.h.Http11NioProtocol - [log,173] - Starting ProtocolHandler ["http-nio-8089"]
2024-08-26 15:42:38.876 [,] [main] INFO  c.s.a.AIOCompanyApplication - [logStarted,61] - Started AIOCompanyApplication in 5.899 seconds (JVM running for 7.097)
2024-08-26 15:42:38.876 [,] [main] INFO  User_Operation - [User_Operationlog,20] - After User_Operation method: onApplicationEvent
2024-08-26 15:42:38.897 [,] [http-nio-8089-exec-1] INFO  o.a.c.c.C.[.[.[/] - [log,173] - Initializing Spring DispatcherServlet 'dispatcherServlet'
2024-08-26 15:42:38.913 [,] [http-nio-8089-exec-1] INFO  User_Operation - [User_Operationlog,20] - After User_Operation method: AIO
2024-08-26 15:42:39.006 [,] [http-nio-8089-exec-1] INFO  User_Operation - [User_Operationlog,20] - After User_Operation method: getFfmpegEnabled
2024-08-26 15:42:39.006 [,] [http-nio-8089-exec-1] INFO  User_Operation - [User_Operationlog,20] - After User_Operation method: indexWeb
2024-08-26 15:42:39.008 [,] [http-nio-8089-exec-1] INFO  User_Operation - [User_Operationlog,20] - After User_Operation method: getInformation
2024-08-26 15:42:40.011 [,] [scheduling-1] INFO  User_Operation - [User_Operationlog,20] - After User_Operation method: monitorFfmpegProcess
2024-08-26 15:43:30.007 [,] [scheduling-1] INFO  User_Operation - [User_Operationlog,20] - After User_Operation method: monitorFfmpegProcess
2024-08-26 15:43:40.016 [,] [scheduling-1] INFO  User_Operation - [User_Operationlog,20] - After User_Operation method: monitorFfmpegProcess
2024-08-26 15:43:50.010 [,] [scheduling-1] INFO  User_Operation - [User_Operationlog,20] - After User_Operation method: monitorFfmpegProcess
2024-08-26 15:44:00.011 [,] [scheduling-1] INFO  User_Operation - [User_Operationlog,20] - After User_Operation method: monitorFfmpegProcess
2024-08-26 15:44:03.280 [,] [SpringApplicationShutdownHook] INFO  c.z.h.HikariDataSource - [close,350] - HikariPool-1 - Shutdown initiated...
2024-08-26 15:44:03.292 [,] [SpringApplicationShutdownHook] INFO  c.z.h.HikariDataSource - [close,352] - HikariPool-1 - Shutdown completed.
2024-08-26 15:45:10.636 [,] [main] INFO  c.s.a.AIOCompanyApplication - [logStarting,55] - Starting AIOCompanyApplication using Java 1.8.0_411 on DESKTOP-0QJEBFD with PID 12828 (E:\AIO_2024.08.16\AIO - 副本 - 测试\AIO-company\target\classes started by neko in E:\AIO_2024.08.16\AIO - 副本 - 测试\AIO-company)
2024-08-26 15:45:10.647 [,] [main] INFO  c.s.a.AIOCompanyApplication - [logStartupProfileInfo,634] - No active profile set, falling back to 1 default profile: "default"
2024-08-26 15:45:12.801 [,] [main] INFO  o.a.c.h.Http11NioProtocol - [log,173] - Initializing ProtocolHandler ["http-nio-8089"]
2024-08-26 15:45:12.801 [,] [main] INFO  o.a.c.c.StandardService - [log,173] - Starting service [Tomcat]
2024-08-26 15:45:12.801 [,] [main] INFO  o.a.c.c.StandardEngine - [log,173] - Starting Servlet engine: [Apache Tomcat/9.0.68]
2024-08-26 15:45:12.921 [,] [main] INFO  o.a.c.c.C.[.[.[/] - [log,173] - Initializing Spring embedded WebApplicationContext
2024-08-26 15:45:13.103 [,] [main] INFO  o.h.j.i.u.LogHelper - [logPersistenceUnitInformation,31] - HHH000204: Processing PersistenceUnitInfo [name: default]
2024-08-26 15:45:13.143 [,] [main] INFO  o.hibernate.Version - [logVersion,44] - HHH000412: Hibernate ORM core version 5.6.12.Final
2024-08-26 15:45:13.256 [,] [main] INFO  o.h.a.common.Version - [<clinit>,56] - HCANN000001: Hibernate Commons Annotations {5.1.2.Final}
2024-08-26 15:45:13.333 [,] [main] INFO  c.z.h.HikariDataSource - [getConnection,110] - HikariPool-1 - Starting...
2024-08-26 15:45:13.432 [,] [main] INFO  c.z.h.HikariDataSource - [getConnection,123] - HikariPool-1 - Start completed.
2024-08-26 15:45:13.442 [,] [main] INFO  o.h.dialect.Dialect - [<init>,175] - HHH000400: Using dialect: org.hibernate.dialect.MySQL8Dialect
2024-08-26 15:45:13.916 [,] [main] INFO  o.h.e.t.j.p.i.JtaPlatformInitiator - [initiateService,52] - HHH000490: Using JtaPlatform implementation: [org.hibernate.engine.transaction.jta.platform.internal.NoJtaPlatform]
2024-08-26 15:45:15.825 [,] [main] INFO  User_Operation - [User_Operationlog,20] - After User_Operation method: initFFmpeg
2024-08-26 15:45:16.418 [,] [main] INFO  o.a.c.h.Http11NioProtocol - [log,173] - Starting ProtocolHandler ["http-nio-8089"]
2024-08-26 15:45:16.481 [,] [main] INFO  c.s.a.AIOCompanyApplication - [logStarted,61] - Started AIOCompanyApplication in 6.233 seconds (JVM running for 7.58)
2024-08-26 15:45:16.481 [,] [main] INFO  User_Operation - [User_Operationlog,20] - After User_Operation method: onApplicationEvent
2024-08-26 15:45:20.015 [,] [scheduling-1] INFO  User_Operation - [User_Operationlog,20] - After User_Operation method: monitorFfmpegProcess
2024-08-26 15:45:23.952 [,] [http-nio-8089-exec-1] INFO  o.a.c.c.C.[.[.[/] - [log,173] - Initializing Spring DispatcherServlet 'dispatcherServlet'
2024-08-26 15:45:23.975 [,] [http-nio-8089-exec-1] INFO  User_Operation - [User_Operationlog,20] - After User_Operation method: AIO
2024-08-26 15:45:23.986 [,] [http-nio-8089-exec-1] INFO  User_Operation - [User_Operationlog,20] - After User_Operation method: getFfmpegEnabled
2024-08-26 15:45:23.986 [,] [http-nio-8089-exec-1] INFO  User_Operation - [User_Operationlog,20] - After User_Operation method: indexWeb
2024-08-26 15:45:23.988 [,] [http-nio-8089-exec-1] INFO  User_Operation - [User_Operationlog,20] - After User_Operation method: getInformation
2024-08-26 15:45:50.005 [,] [scheduling-1] INFO  User_Operation - [User_Operationlog,20] - After User_Operation method: monitorFfmpegProcess
2024-08-26 15:46:00.012 [,] [scheduling-1] INFO  User_Operation - [User_Operationlog,20] - After User_Operation method: monitorFfmpegProcess
2024-08-26 15:46:10.013 [,] [scheduling-1] INFO  User_Operation - [User_Operationlog,20] - After User_Operation method: monitorFfmpegProcess
2024-08-26 15:46:20.000 [,] [scheduling-1] INFO  User_Operation - [User_Operationlog,20] - After User_Operation method: monitorFfmpegProcess
2024-08-26 15:46:30.016 [,] [scheduling-1] INFO  User_Operation - [User_Operationlog,20] - After User_Operation method: monitorFfmpegProcess
2024-08-26 15:46:38.317 [,] [SpringApplicationShutdownHook] INFO  c.z.h.HikariDataSource - [close,350] - HikariPool-1 - Shutdown initiated...
2024-08-26 15:46:38.326 [,] [SpringApplicationShutdownHook] INFO  c.z.h.HikariDataSource - [close,352] - HikariPool-1 - Shutdown completed.
2024-08-26 15:46:41.841 [,] [main] INFO  c.s.a.AIOCompanyApplication - [logStarting,55] - Starting AIOCompanyApplication using Java 1.8.0_411 on DESKTOP-0QJEBFD with PID 16672 (E:\AIO_2024.08.16\AIO - 副本 - 测试\AIO-company\target\classes started by neko in E:\AIO_2024.08.16\AIO - 副本 - 测试\AIO-company)
2024-08-26 15:46:41.844 [,] [main] INFO  c.s.a.AIOCompanyApplication - [logStartupProfileInfo,634] - No active profile set, falling back to 1 default profile: "default"
2024-08-26 15:46:43.483 [,] [main] INFO  o.a.c.h.Http11NioProtocol - [log,173] - Initializing ProtocolHandler ["http-nio-8089"]
2024-08-26 15:46:43.484 [,] [main] INFO  o.a.c.c.StandardService - [log,173] - Starting service [Tomcat]
2024-08-26 15:46:43.484 [,] [main] INFO  o.a.c.c.StandardEngine - [log,173] - Starting Servlet engine: [Apache Tomcat/9.0.68]
2024-08-26 15:46:43.618 [,] [main] INFO  o.a.c.c.C.[.[.[/] - [log,173] - Initializing Spring embedded WebApplicationContext
2024-08-26 15:46:43.789 [,] [main] INFO  o.h.j.i.u.LogHelper - [logPersistenceUnitInformation,31] - HHH000204: Processing PersistenceUnitInfo [name: default]
2024-08-26 15:46:43.829 [,] [main] INFO  o.hibernate.Version - [logVersion,44] - HHH000412: Hibernate ORM core version 5.6.12.Final
2024-08-26 15:46:43.942 [,] [main] INFO  o.h.a.common.Version - [<clinit>,56] - HCANN000001: Hibernate Commons Annotations {5.1.2.Final}
2024-08-26 15:46:44.020 [,] [main] INFO  c.z.h.HikariDataSource - [getConnection,110] - HikariPool-1 - Starting...
2024-08-26 15:46:44.128 [,] [main] INFO  c.z.h.HikariDataSource - [getConnection,123] - HikariPool-1 - Start completed.
2024-08-26 15:46:44.138 [,] [main] INFO  o.h.dialect.Dialect - [<init>,175] - HHH000400: Using dialect: org.hibernate.dialect.MySQL8Dialect
2024-08-26 15:46:44.583 [,] [main] INFO  o.h.e.t.j.p.i.JtaPlatformInitiator - [initiateService,52] - HHH000490: Using JtaPlatform implementation: [org.hibernate.engine.transaction.jta.platform.internal.NoJtaPlatform]
2024-08-26 15:46:46.606 [,] [main] INFO  User_Operation - [User_Operationlog,20] - After User_Operation method: initFFmpeg
2024-08-26 15:46:47.204 [,] [main] INFO  o.a.c.h.Http11NioProtocol - [log,173] - Starting ProtocolHandler ["http-nio-8089"]
2024-08-26 15:46:47.273 [,] [main] INFO  c.s.a.AIOCompanyApplication - [logStarted,61] - Started AIOCompanyApplication in 5.834 seconds (JVM running for 6.968)
2024-08-26 15:46:47.274 [,] [main] INFO  User_Operation - [User_Operationlog,20] - After User_Operation method: onApplicationEvent
2024-08-26 15:46:50.002 [,] [scheduling-1] INFO  User_Operation - [User_Operationlog,20] - After User_Operation method: monitorFfmpegProcess
2024-08-26 15:46:56.603 [,] [http-nio-8089-exec-1] INFO  o.a.c.c.C.[.[.[/] - [log,173] - Initializing Spring DispatcherServlet 'dispatcherServlet'
2024-08-26 15:47:00.989 [,] [http-nio-8089-exec-2] INFO  User_Operation - [User_Operationlog,20] - After User_Operation method: AIO
2024-08-26 15:47:01.001 [,] [http-nio-8089-exec-2] INFO  User_Operation - [User_Operationlog,20] - After User_Operation method: getFfmpegEnabled
2024-08-26 15:47:01.002 [,] [http-nio-8089-exec-2] INFO  User_Operation - [User_Operationlog,20] - After User_Operation method: indexWeb
2024-08-26 15:47:01.004 [,] [http-nio-8089-exec-2] INFO  User_Operation - [User_Operationlog,20] - After User_Operation method: getInformation
2024-08-26 15:47:20.003 [,] [scheduling-1] INFO  User_Operation - [User_Operationlog,20] - After User_Operation method: monitorFfmpegProcess
2024-08-26 15:47:30.008 [,] [scheduling-1] INFO  User_Operation - [User_Operationlog,20] - After User_Operation method: monitorFfmpegProcess
2024-08-26 15:47:40.013 [,] [scheduling-1] INFO  User_Operation - [User_Operationlog,20] - After User_Operation method: monitorFfmpegProcess
2024-08-26 15:47:50.005 [,] [scheduling-1] INFO  User_Operation - [User_Operationlog,20] - After User_Operation method: monitorFfmpegProcess
2024-08-26 15:48:00.004 [,] [scheduling-1] INFO  User_Operation - [User_Operationlog,20] - After User_Operation method: monitorFfmpegProcess
2024-08-26 15:48:10.006 [,] [scheduling-1] INFO  User_Operation - [User_Operationlog,20] - After User_Operation method: monitorFfmpegProcess
2024-08-26 15:48:20.014 [,] [scheduling-1] INFO  User_Operation - [User_Operationlog,20] - After User_Operation method: monitorFfmpegProcess
2024-08-26 15:48:30.013 [,] [scheduling-1] INFO  User_Operation - [User_Operationlog,20] - After User_Operation method: monitorFfmpegProcess
2024-08-26 15:48:40.009 [,] [scheduling-1] INFO  User_Operation - [User_Operationlog,20] - After User_Operation method: monitorFfmpegProcess
2024-08-26 15:48:50.011 [,] [scheduling-1] INFO  User_Operation - [User_Operationlog,20] - After User_Operation method: monitorFfmpegProcess
2024-08-26 15:49:00.008 [,] [scheduling-1] INFO  User_Operation - [User_Operationlog,20] - After User_Operation method: monitorFfmpegProcess
2024-08-26 15:49:10.005 [,] [scheduling-1] INFO  User_Operation - [User_Operationlog,20] - After User_Operation method: monitorFfmpegProcess
2024-08-26 15:49:20.001 [,] [scheduling-1] INFO  User_Operation - [User_Operationlog,20] - After User_Operation method: monitorFfmpegProcess
2024-08-26 15:49:30.010 [,] [scheduling-1] INFO  User_Operation - [User_Operationlog,20] - After User_Operation method: monitorFfmpegProcess
2024-08-26 15:49:40.007 [,] [scheduling-1] INFO  User_Operation - [User_Operationlog,20] - After User_Operation method: monitorFfmpegProcess
2024-08-26 15:49:50.011 [,] [scheduling-1] INFO  User_Operation - [User_Operationlog,20] - After User_Operation method: monitorFfmpegProcess
2024-08-26 15:50:00.010 [,] [scheduling-1] INFO  User_Operation - [User_Operationlog,20] - After User_Operation method: monitorFfmpegProcess
2024-08-26 15:50:10.009 [,] [scheduling-1] INFO  User_Operation - [User_Operationlog,20] - After User_Operation method: monitorFfmpegProcess
2024-08-26 15:50:20.009 [,] [scheduling-1] INFO  User_Operation - [User_Operationlog,20] - After User_Operation method: monitorFfmpegProcess
2024-08-26 15:50:30.007 [,] [scheduling-1] INFO  User_Operation - [User_Operationlog,20] - After User_Operation method: monitorFfmpegProcess
2024-08-26 15:50:40.015 [,] [scheduling-1] INFO  User_Operation - [User_Operationlog,20] - After User_Operation method: monitorFfmpegProcess
2024-08-26 15:50:50.009 [,] [scheduling-1] INFO  User_Operation - [User_Operationlog,20] - After User_Operation method: monitorFfmpegProcess
2024-08-26 15:51:00.011 [,] [scheduling-1] INFO  User_Operation - [User_Operationlog,20] - After User_Operation method: monitorFfmpegProcess
2024-08-26 15:51:10.012 [,] [scheduling-1] INFO  User_Operation - [User_Operationlog,20] - After User_Operation method: monitorFfmpegProcess
2024-08-26 15:51:20.013 [,] [scheduling-1] INFO  User_Operation - [User_Operationlog,20] - After User_Operation method: monitorFfmpegProcess
2024-08-26 15:51:21.238 [,] [SpringApplicationShutdownHook] INFO  c.z.h.HikariDataSource - [close,350] - HikariPool-1 - Shutdown initiated...
2024-08-26 15:51:21.251 [,] [SpringApplicationShutdownHook] INFO  c.z.h.HikariDataSource - [close,352] - HikariPool-1 - Shutdown completed.
2024-08-26 15:51:24.825 [,] [main] INFO  c.s.a.AIOCompanyApplication - [logStarting,55] - Starting AIOCompanyApplication using Java 1.8.0_411 on DESKTOP-0QJEBFD with PID 1248 (E:\AIO_2024.08.16\AIO - 副本 - 测试\AIO-company\target\classes started by neko in E:\AIO_2024.08.16\AIO - 副本 - 测试\AIO-company)
2024-08-26 15:51:24.827 [,] [main] INFO  c.s.a.AIOCompanyApplication - [logStartupProfileInfo,634] - No active profile set, falling back to 1 default profile: "default"
2024-08-26 15:51:26.609 [,] [main] INFO  o.a.c.h.Http11NioProtocol - [log,173] - Initializing ProtocolHandler ["http-nio-8089"]
2024-08-26 15:51:26.609 [,] [main] INFO  o.a.c.c.StandardService - [log,173] - Starting service [Tomcat]
2024-08-26 15:51:26.610 [,] [main] INFO  o.a.c.c.StandardEngine - [log,173] - Starting Servlet engine: [Apache Tomcat/9.0.68]
2024-08-26 15:51:26.751 [,] [main] INFO  o.a.c.c.C.[.[.[/] - [log,173] - Initializing Spring embedded WebApplicationContext
2024-08-26 15:51:26.955 [,] [main] INFO  o.h.j.i.u.LogHelper - [logPersistenceUnitInformation,31] - HHH000204: Processing PersistenceUnitInfo [name: default]
2024-08-26 15:51:26.998 [,] [main] INFO  o.hibernate.Version - [logVersion,44] - HHH000412: Hibernate ORM core version 5.6.12.Final
2024-08-26 15:51:27.122 [,] [main] INFO  o.h.a.common.Version - [<clinit>,56] - HCANN000001: Hibernate Commons Annotations {5.1.2.Final}
2024-08-26 15:51:27.209 [,] [main] INFO  c.z.h.HikariDataSource - [getConnection,110] - HikariPool-1 - Starting...
2024-08-26 15:51:27.327 [,] [main] INFO  c.z.h.HikariDataSource - [getConnection,123] - HikariPool-1 - Start completed.
2024-08-26 15:51:27.338 [,] [main] INFO  o.h.dialect.Dialect - [<init>,175] - HHH000400: Using dialect: org.hibernate.dialect.MySQL8Dialect
2024-08-26 15:51:27.840 [,] [main] INFO  o.h.e.t.j.p.i.JtaPlatformInitiator - [initiateService,52] - HHH000490: Using JtaPlatform implementation: [org.hibernate.engine.transaction.jta.platform.internal.NoJtaPlatform]
2024-08-26 15:51:30.592 [,] [main] INFO  o.a.c.h.Http11NioProtocol - [log,173] - Starting ProtocolHandler ["http-nio-8089"]
2024-08-26 15:51:30.658 [,] [main] INFO  c.s.a.AIOCompanyApplication - [logStarted,61] - Started AIOCompanyApplication in 6.168 seconds (JVM running for 7.369)
2024-08-26 15:52:52.832 [,] [http-nio-8089-exec-1] INFO  o.a.c.c.C.[.[.[/] - [log,173] - Initializing Spring DispatcherServlet 'dispatcherServlet'
2024-08-26 15:52:52.851 [,] [http-nio-8089-exec-1] INFO  User_Operation - [User_Operationlog,20] - After User_Operation method: AIO
2024-08-26 15:52:52.886 [,] [http-nio-8089-exec-1] INFO  User_Operation - [User_Operationlog,20] - After User_Operation method: getFfmpegEnabled
2024-08-26 15:52:52.906 [,] [http-nio-8089-exec-1] INFO  User_Operation - [User_Operationlog,20] - After User_Operation method: indexWeb
2024-08-26 15:52:52.907 [,] [http-nio-8089-exec-1] INFO  User_Operation - [User_Operationlog,20] - After User_Operation method: getInformation
2024-08-26 15:54:19.208 [,] [http-nio-8089-exec-6] INFO  c.s.a.b.d.DiskCapacityController - [diskCapacityManagement,69] - 进入磁盘管理页面成功！
2024-08-26 16:06:01.869 [,] [SpringApplicationShutdownHook] INFO  c.z.h.HikariDataSource - [close,350] - HikariPool-1 - Shutdown initiated...
2024-08-26 16:06:01.875 [,] [SpringApplicationShutdownHook] INFO  c.z.h.HikariDataSource - [close,352] - HikariPool-1 - Shutdown completed.
2024-08-26 16:06:10.865 [,] [main] INFO  c.s.a.AIOCompanyApplication - [logStarting,55] - Starting AIOCompanyApplication using Java 1.8.0_411 on DESKTOP-0QJEBFD with PID 6236 (E:\AIO_2024.08.16\AIO - 副本 - 测试\AIO-company\target\classes started by neko in E:\AIO_2024.08.16\AIO - 副本 - 测试\AIO-company)
2024-08-26 16:06:10.907 [,] [main] INFO  c.s.a.AIOCompanyApplication - [logStartupProfileInfo,634] - No active profile set, falling back to 1 default profile: "default"
2024-08-26 16:06:12.955 [,] [main] INFO  o.a.c.h.Http11NioProtocol - [log,173] - Initializing ProtocolHandler ["http-nio-8089"]
2024-08-26 16:06:12.956 [,] [main] INFO  o.a.c.c.StandardService - [log,173] - Starting service [Tomcat]
2024-08-26 16:06:12.956 [,] [main] INFO  o.a.c.c.StandardEngine - [log,173] - Starting Servlet engine: [Apache Tomcat/9.0.68]
2024-08-26 16:06:13.081 [,] [main] INFO  o.a.c.c.C.[.[.[/] - [log,173] - Initializing Spring embedded WebApplicationContext
2024-08-26 16:06:13.280 [,] [main] INFO  o.h.j.i.u.LogHelper - [logPersistenceUnitInformation,31] - HHH000204: Processing PersistenceUnitInfo [name: default]
2024-08-26 16:06:13.326 [,] [main] INFO  o.hibernate.Version - [logVersion,44] - HHH000412: Hibernate ORM core version 5.6.12.Final
2024-08-26 16:06:13.452 [,] [main] INFO  o.h.a.common.Version - [<clinit>,56] - HCANN000001: Hibernate Commons Annotations {5.1.2.Final}
2024-08-26 16:06:13.541 [,] [main] INFO  c.z.h.HikariDataSource - [getConnection,110] - HikariPool-1 - Starting...
2024-08-26 16:06:13.683 [,] [main] INFO  c.z.h.HikariDataSource - [getConnection,123] - HikariPool-1 - Start completed.
2024-08-26 16:06:13.696 [,] [main] INFO  o.h.dialect.Dialect - [<init>,175] - HHH000400: Using dialect: org.hibernate.dialect.MySQL8Dialect
2024-08-26 16:06:14.211 [,] [main] INFO  o.h.e.t.j.p.i.JtaPlatformInitiator - [initiateService,52] - HHH000490: Using JtaPlatform implementation: [org.hibernate.engine.transaction.jta.platform.internal.NoJtaPlatform]
2024-08-26 16:06:16.910 [,] [main] INFO  o.a.c.h.Http11NioProtocol - [log,173] - Starting ProtocolHandler ["http-nio-8089"]
2024-08-26 16:06:16.975 [,] [main] INFO  c.s.a.AIOCompanyApplication - [logStarted,61] - Started AIOCompanyApplication in 6.497 seconds (JVM running for 7.768)
2024-08-26 16:06:18.864 [,] [http-nio-8089-exec-1] INFO  o.a.c.c.C.[.[.[/] - [log,173] - Initializing Spring DispatcherServlet 'dispatcherServlet'
2024-08-26 16:06:18.887 [,] [http-nio-8089-exec-1] INFO  User_Operation - [User_Operationlog,20] - After User_Operation method: AIO
2024-08-26 16:06:18.918 [,] [http-nio-8089-exec-1] INFO  User_Operation - [User_Operationlog,20] - After User_Operation method: getFfmpegEnabled
2024-08-26 16:06:18.951 [,] [http-nio-8089-exec-1] INFO  User_Operation - [User_Operationlog,20] - After User_Operation method: indexWeb
2024-08-26 16:06:18.953 [,] [http-nio-8089-exec-1] INFO  User_Operation - [User_Operationlog,20] - After User_Operation method: getInformation
2024-08-26 16:07:31.960 [,] [SpringApplicationShutdownHook] INFO  c.z.h.HikariDataSource - [close,350] - HikariPool-1 - Shutdown initiated...
2024-08-26 16:07:31.966 [,] [SpringApplicationShutdownHook] INFO  c.z.h.HikariDataSource - [close,352] - HikariPool-1 - Shutdown completed.
2024-08-26 16:08:49.167 [,] [main] INFO  c.s.a.AIOCompanyApplication - [logStarting,55] - Starting AIOCompanyApplication using Java 1.8.0_411 on DESKTOP-0QJEBFD with PID 24264 (E:\AIO_2024.08.16\AIO - 副本 - 测试\AIO-company\target\classes started by neko in E:\AIO_2024.08.16\AIO - 副本 - 测试\AIO-company)
2024-08-26 16:08:49.182 [,] [main] INFO  c.s.a.AIOCompanyApplication - [logStartupProfileInfo,634] - No active profile set, falling back to 1 default profile: "default"
2024-08-26 16:08:50.801 [,] [main] INFO  o.a.c.h.Http11NioProtocol - [log,173] - Initializing ProtocolHandler ["http-nio-8089"]
2024-08-26 16:08:50.801 [,] [main] INFO  o.a.c.c.StandardService - [log,173] - Starting service [Tomcat]
2024-08-26 16:08:50.801 [,] [main] INFO  o.a.c.c.StandardEngine - [log,173] - Starting Servlet engine: [Apache Tomcat/9.0.68]
2024-08-26 16:08:50.923 [,] [main] INFO  o.a.c.c.C.[.[.[/] - [log,173] - Initializing Spring embedded WebApplicationContext
2024-08-26 16:08:51.113 [,] [main] INFO  o.h.j.i.u.LogHelper - [logPersistenceUnitInformation,31] - HHH000204: Processing PersistenceUnitInfo [name: default]
2024-08-26 16:08:51.147 [,] [main] INFO  o.hibernate.Version - [logVersion,44] - HHH000412: Hibernate ORM core version 5.6.12.Final
2024-08-26 16:08:51.251 [,] [main] INFO  o.h.a.common.Version - [<clinit>,56] - HCANN000001: Hibernate Commons Annotations {5.1.2.Final}
2024-08-26 16:08:51.321 [,] [main] INFO  c.z.h.HikariDataSource - [getConnection,110] - HikariPool-1 - Starting...
2024-08-26 16:08:51.428 [,] [main] INFO  c.z.h.HikariDataSource - [getConnection,123] - HikariPool-1 - Start completed.
2024-08-26 16:08:51.438 [,] [main] INFO  o.h.dialect.Dialect - [<init>,175] - HHH000400: Using dialect: org.hibernate.dialect.MySQL8Dialect
2024-08-26 16:08:51.876 [,] [main] INFO  o.h.e.t.j.p.i.JtaPlatformInitiator - [initiateService,52] - HHH000490: Using JtaPlatform implementation: [org.hibernate.engine.transaction.jta.platform.internal.NoJtaPlatform]
2024-08-26 16:08:54.594 [,] [main] INFO  o.a.c.h.Http11NioProtocol - [log,173] - Starting ProtocolHandler ["http-nio-8089"]
2024-08-26 16:08:54.659 [,] [main] INFO  c.s.a.AIOCompanyApplication - [logStarted,61] - Started AIOCompanyApplication in 5.797 seconds (JVM running for 6.934)
2024-08-26 16:08:54.668 [,] [http-nio-8089-exec-1] INFO  o.a.c.c.C.[.[.[/] - [log,173] - Initializing Spring DispatcherServlet 'dispatcherServlet'
2024-08-26 16:08:54.689 [,] [http-nio-8089-exec-1] INFO  User_Operation - [User_Operationlog,20] - After User_Operation method: AIO
2024-08-26 16:08:54.718 [,] [http-nio-8089-exec-1] INFO  User_Operation - [User_Operationlog,20] - After User_Operation method: getFfmpegEnabled
2024-08-26 16:08:54.728 [,] [http-nio-8089-exec-1] INFO  User_Operation - [User_Operationlog,20] - After User_Operation method: indexWeb
2024-08-26 16:08:54.730 [,] [http-nio-8089-exec-1] INFO  User_Operation - [User_Operationlog,20] - After User_Operation method: getInformation
2024-08-26 16:25:46.410 [,] [SpringApplicationShutdownHook] INFO  c.z.h.HikariDataSource - [close,350] - HikariPool-1 - Shutdown initiated...
2024-08-26 16:25:46.415 [,] [SpringApplicationShutdownHook] INFO  c.z.h.HikariDataSource - [close,352] - HikariPool-1 - Shutdown completed.
2024-08-26 16:34:05.591 [,] [main] INFO  c.s.a.AIOCompanyApplication - [logStarting,55] - Starting AIOCompanyApplication using Java 1.8.0_411 on DESKTOP-0QJEBFD with PID 22088 (E:\AIO_2024.08.16\AIO - 副本 - 测试\AIO-company\target\classes started by neko in E:\AIO_2024.08.16\AIO - 副本 - 测试\AIO-company)
2024-08-26 16:34:05.605 [,] [main] INFO  c.s.a.AIOCompanyApplication - [logStartupProfileInfo,634] - No active profile set, falling back to 1 default profile: "default"
2024-08-26 16:34:07.953 [,] [main] INFO  o.a.c.h.Http11NioProtocol - [log,173] - Initializing ProtocolHandler ["http-nio-8089"]
2024-08-26 16:34:07.954 [,] [main] INFO  o.a.c.c.StandardService - [log,173] - Starting service [Tomcat]
2024-08-26 16:34:07.954 [,] [main] INFO  o.a.c.c.StandardEngine - [log,173] - Starting Servlet engine: [Apache Tomcat/9.0.68]
2024-08-26 16:34:08.126 [,] [main] INFO  o.a.c.c.C.[.[.[/] - [log,173] - Initializing Spring embedded WebApplicationContext
2024-08-26 16:34:08.369 [,] [main] INFO  o.h.j.i.u.LogHelper - [logPersistenceUnitInformation,31] - HHH000204: Processing PersistenceUnitInfo [name: default]
2024-08-26 16:34:08.431 [,] [main] INFO  o.hibernate.Version - [logVersion,44] - HHH000412: Hibernate ORM core version 5.6.12.Final
2024-08-26 16:34:08.604 [,] [main] INFO  o.h.a.common.Version - [<clinit>,56] - HCANN000001: Hibernate Commons Annotations {5.1.2.Final}
2024-08-26 16:34:08.705 [,] [main] INFO  c.z.h.HikariDataSource - [getConnection,110] - HikariPool-1 - Starting...
2024-08-26 16:34:08.862 [,] [main] INFO  c.z.h.HikariDataSource - [getConnection,123] - HikariPool-1 - Start completed.
2024-08-26 16:34:08.878 [,] [main] INFO  o.h.dialect.Dialect - [<init>,175] - HHH000400: Using dialect: org.hibernate.dialect.MySQL8Dialect
2024-08-26 16:34:09.421 [,] [main] INFO  o.h.e.t.j.p.i.JtaPlatformInitiator - [initiateService,52] - HHH000490: Using JtaPlatform implementation: [org.hibernate.engine.transaction.jta.platform.internal.NoJtaPlatform]
2024-08-26 16:34:12.226 [,] [main] INFO  o.a.c.h.Http11NioProtocol - [log,173] - Starting ProtocolHandler ["http-nio-8089"]
2024-08-26 16:34:12.295 [,] [main] INFO  c.s.a.AIOCompanyApplication - [logStarted,61] - Started AIOCompanyApplication in 7.055 seconds (JVM running for 8.364)
2024-08-26 16:34:12.301 [,] [http-nio-8089-exec-1] INFO  o.a.c.c.C.[.[.[/] - [log,173] - Initializing Spring DispatcherServlet 'dispatcherServlet'
2024-08-26 16:34:12.324 [,] [http-nio-8089-exec-1] INFO  User_Operation - [User_Operationlog,20] - After User_Operation method: AIO
2024-08-26 16:34:12.364 [,] [http-nio-8089-exec-1] INFO  User_Operation - [User_Operationlog,20] - After User_Operation method: getFfmpegEnabled
2024-08-26 16:34:12.390 [,] [http-nio-8089-exec-1] INFO  User_Operation - [User_Operationlog,20] - After User_Operation method: indexWeb
2024-08-26 16:34:12.392 [,] [http-nio-8089-exec-1] INFO  User_Operation - [User_Operationlog,20] - After User_Operation method: getInformation
2024-08-26 16:34:17.782 [,] [http-nio-8089-exec-2] INFO  User_Operation - [User_Operationlog,20] - After User_Operation method: AIO
2024-08-26 16:34:17.793 [,] [http-nio-8089-exec-2] INFO  User_Operation - [User_Operationlog,20] - After User_Operation method: getFfmpegEnabled
2024-08-26 16:34:17.794 [,] [http-nio-8089-exec-2] INFO  User_Operation - [User_Operationlog,20] - After User_Operation method: indexWeb
2024-08-26 16:34:17.794 [,] [http-nio-8089-exec-2] INFO  User_Operation - [User_Operationlog,20] - After User_Operation method: getInformation
2024-08-26 16:34:39.871 [,] [http-nio-8089-exec-3] INFO  User_Operation - [User_Operationlog,20] - After User_Operation method: AIO
2024-08-26 16:34:39.875 [,] [http-nio-8089-exec-3] INFO  User_Operation - [User_Operationlog,20] - After User_Operation method: getFfmpegEnabled
2024-08-26 16:34:39.876 [,] [http-nio-8089-exec-3] INFO  User_Operation - [User_Operationlog,20] - After User_Operation method: indexWeb
2024-08-26 16:34:39.876 [,] [http-nio-8089-exec-3] INFO  User_Operation - [User_Operationlog,20] - After User_Operation method: getInformation
2024-08-26 16:35:07.040 [,] [http-nio-8089-exec-3] INFO  User_Operation - [User_Operationlog,20] - After User_Operation method: AIO
2024-08-26 16:35:07.044 [,] [http-nio-8089-exec-3] INFO  User_Operation - [User_Operationlog,20] - After User_Operation method: getFfmpegEnabled
2024-08-26 16:35:07.045 [,] [http-nio-8089-exec-3] INFO  User_Operation - [User_Operationlog,20] - After User_Operation method: indexWeb
2024-08-26 16:35:07.045 [,] [http-nio-8089-exec-3] INFO  User_Operation - [User_Operationlog,20] - After User_Operation method: getInformation
2024-08-26 16:35:30.139 [,] [http-nio-8089-exec-4] INFO  User_Operation - [User_Operationlog,20] - After User_Operation method: AIO
2024-08-26 16:35:30.142 [,] [http-nio-8089-exec-4] INFO  User_Operation - [User_Operationlog,20] - After User_Operation method: getFfmpegEnabled
2024-08-26 16:35:30.142 [,] [http-nio-8089-exec-4] INFO  User_Operation - [User_Operationlog,20] - After User_Operation method: indexWeb
2024-08-26 16:35:30.142 [,] [http-nio-8089-exec-4] INFO  User_Operation - [User_Operationlog,20] - After User_Operation method: getInformation
2024-08-26 16:59:49.972 [,] [SpringApplicationShutdownHook] INFO  c.z.h.HikariDataSource - [close,350] - HikariPool-1 - Shutdown initiated...
2024-08-26 16:59:49.980 [,] [SpringApplicationShutdownHook] INFO  c.z.h.HikariDataSource - [close,352] - HikariPool-1 - Shutdown completed.
2024-08-26 17:02:07.900 [,] [main] INFO  c.s.a.AIOCompanyApplication - [logStarting,55] - Starting AIOCompanyApplication using Java 1.8.0_411 on DESKTOP-0QJEBFD with PID 11104 (E:\AIO_2024.08.16\AIO - 副本 - 测试\AIO-company\target\classes started by neko in E:\AIO_2024.08.16\AIO - 副本 - 测试\AIO-company)
2024-08-26 17:02:07.919 [,] [main] INFO  c.s.a.AIOCompanyApplication - [logStartupProfileInfo,634] - No active profile set, falling back to 1 default profile: "default"
2024-08-26 17:02:09.580 [,] [main] INFO  o.a.c.h.Http11NioProtocol - [log,173] - Initializing ProtocolHandler ["http-nio-8089"]
2024-08-26 17:02:09.581 [,] [main] INFO  o.a.c.c.StandardService - [log,173] - Starting service [Tomcat]
2024-08-26 17:02:09.581 [,] [main] INFO  o.a.c.c.StandardEngine - [log,173] - Starting Servlet engine: [Apache Tomcat/9.0.68]
2024-08-26 17:02:09.695 [,] [main] INFO  o.a.c.c.C.[.[.[/] - [log,173] - Initializing Spring embedded WebApplicationContext
2024-08-26 17:02:09.878 [,] [main] INFO  o.h.j.i.u.LogHelper - [logPersistenceUnitInformation,31] - HHH000204: Processing PersistenceUnitInfo [name: default]
2024-08-26 17:02:09.910 [,] [main] INFO  o.hibernate.Version - [logVersion,44] - HHH000412: Hibernate ORM core version 5.6.12.Final
2024-08-26 17:02:10.008 [,] [main] INFO  o.h.a.common.Version - [<clinit>,56] - HCANN000001: Hibernate Commons Annotations {5.1.2.Final}
2024-08-26 17:02:10.074 [,] [main] INFO  c.z.h.HikariDataSource - [getConnection,110] - HikariPool-1 - Starting...
2024-08-26 17:02:10.179 [,] [main] INFO  c.z.h.HikariDataSource - [getConnection,123] - HikariPool-1 - Start completed.
2024-08-26 17:02:10.189 [,] [main] INFO  o.h.dialect.Dialect - [<init>,175] - HHH000400: Using dialect: org.hibernate.dialect.MySQL8Dialect
2024-08-26 17:02:10.591 [,] [main] INFO  o.h.e.t.j.p.i.JtaPlatformInitiator - [initiateService,52] - HHH000490: Using JtaPlatform implementation: [org.hibernate.engine.transaction.jta.platform.internal.NoJtaPlatform]
2024-08-26 17:02:13.127 [,] [main] INFO  o.a.c.h.Http11NioProtocol - [log,173] - Starting ProtocolHandler ["http-nio-8089"]
2024-08-26 17:02:13.192 [,] [main] INFO  c.s.a.AIOCompanyApplication - [logStarted,61] - Started AIOCompanyApplication in 5.663 seconds (JVM running for 6.909)
2024-08-26 17:02:13.322 [,] [http-nio-8089-exec-1] INFO  o.a.c.c.C.[.[.[/] - [log,173] - Initializing Spring DispatcherServlet 'dispatcherServlet'
2024-08-26 17:02:13.342 [,] [http-nio-8089-exec-1] INFO  User_Operation - [User_Operationlog,20] - After User_Operation method: AIO
2024-08-26 17:02:13.365 [,] [http-nio-8089-exec-1] INFO  User_Operation - [User_Operationlog,20] - After User_Operation method: getFfmpegEnabled
2024-08-26 17:02:13.368 [,] [http-nio-8089-exec-1] INFO  User_Operation - [User_Operationlog,20] - After User_Operation method: indexWeb
2024-08-26 17:02:13.370 [,] [http-nio-8089-exec-1] INFO  User_Operation - [User_Operationlog,20] - After User_Operation method: getInformation
2024-08-26 17:04:29.358 [,] [SpringApplicationShutdownHook] INFO  c.z.h.HikariDataSource - [close,350] - HikariPool-1 - Shutdown initiated...
2024-08-26 17:04:29.364 [,] [SpringApplicationShutdownHook] INFO  c.z.h.HikariDataSource - [close,352] - HikariPool-1 - Shutdown completed.
2024-08-26 17:04:32.510 [,] [main] INFO  c.s.a.AIOCompanyApplication - [logStarting,55] - Starting AIOCompanyApplication using Java 1.8.0_411 on DESKTOP-0QJEBFD with PID 19012 (E:\AIO_2024.08.16\AIO - 副本 - 测试\AIO-company\target\classes started by neko in E:\AIO_2024.08.16\AIO - 副本 - 测试\AIO-company)
2024-08-26 17:04:32.513 [,] [main] INFO  c.s.a.AIOCompanyApplication - [logStartupProfileInfo,634] - No active profile set, falling back to 1 default profile: "default"
2024-08-26 17:04:34.256 [,] [main] INFO  o.a.c.h.Http11NioProtocol - [log,173] - Initializing ProtocolHandler ["http-nio-8089"]
2024-08-26 17:04:34.256 [,] [main] INFO  o.a.c.c.StandardService - [log,173] - Starting service [Tomcat]
2024-08-26 17:04:34.257 [,] [main] INFO  o.a.c.c.StandardEngine - [log,173] - Starting Servlet engine: [Apache Tomcat/9.0.68]
2024-08-26 17:04:34.389 [,] [main] INFO  o.a.c.c.C.[.[.[/] - [log,173] - Initializing Spring embedded WebApplicationContext
2024-08-26 17:04:34.584 [,] [main] INFO  o.h.j.i.u.LogHelper - [logPersistenceUnitInformation,31] - HHH000204: Processing PersistenceUnitInfo [name: default]
2024-08-26 17:04:34.621 [,] [main] INFO  o.hibernate.Version - [logVersion,44] - HHH000412: Hibernate ORM core version 5.6.12.Final
2024-08-26 17:04:34.728 [,] [main] INFO  o.h.a.common.Version - [<clinit>,56] - HCANN000001: Hibernate Commons Annotations {5.1.2.Final}
2024-08-26 17:04:34.804 [,] [main] INFO  c.z.h.HikariDataSource - [getConnection,110] - HikariPool-1 - Starting...
2024-08-26 17:04:34.922 [,] [main] INFO  c.z.h.HikariDataSource - [getConnection,123] - HikariPool-1 - Start completed.
2024-08-26 17:04:34.933 [,] [main] INFO  o.h.dialect.Dialect - [<init>,175] - HHH000400: Using dialect: org.hibernate.dialect.MySQL8Dialect
2024-08-26 17:04:35.374 [,] [main] INFO  o.h.e.t.j.p.i.JtaPlatformInitiator - [initiateService,52] - HHH000490: Using JtaPlatform implementation: [org.hibernate.engine.transaction.jta.platform.internal.NoJtaPlatform]
2024-08-26 17:04:37.449 [,] [main] INFO  User_Operation - [User_Operationlog,20] - After User_Operation method: initFFmpeg
2024-08-26 17:04:38.071 [,] [main] INFO  o.a.c.h.Http11NioProtocol - [log,173] - Starting ProtocolHandler ["http-nio-8089"]
2024-08-26 17:04:38.135 [,] [main] INFO  c.s.a.AIOCompanyApplication - [logStarted,61] - Started AIOCompanyApplication in 5.972 seconds (JVM running for 7.201)
2024-08-26 17:04:38.136 [,] [main] INFO  User_Operation - [User_Operationlog,20] - After User_Operation method: onApplicationEvent
2024-08-26 17:04:40.009 [,] [scheduling-1] INFO  User_Operation - [User_Operationlog,20] - After User_Operation method: monitorFfmpegProcess
2024-08-26 17:04:52.368 [,] [http-nio-8089-exec-1] INFO  o.a.c.c.C.[.[.[/] - [log,173] - Initializing Spring DispatcherServlet 'dispatcherServlet'
2024-08-26 17:04:55.396 [,] [http-nio-8089-exec-2] INFO  User_Operation - [User_Operationlog,20] - After User_Operation method: AIO
2024-08-26 17:04:55.416 [,] [http-nio-8089-exec-2] INFO  User_Operation - [User_Operationlog,20] - After User_Operation method: getFfmpegEnabled
2024-08-26 17:04:55.416 [,] [http-nio-8089-exec-2] INFO  User_Operation - [User_Operationlog,20] - After User_Operation method: indexWeb
2024-08-26 17:04:55.418 [,] [http-nio-8089-exec-2] INFO  User_Operation - [User_Operationlog,20] - After User_Operation method: getInformation
2024-08-26 17:05:00.009 [,] [scheduling-1] INFO  User_Operation - [User_Operationlog,20] - After User_Operation method: monitorFfmpegProcess
2024-08-26 17:05:10.010 [,] [scheduling-1] INFO  User_Operation - [User_Operationlog,20] - After User_Operation method: monitorFfmpegProcess
2024-08-26 17:05:20.008 [,] [scheduling-1] INFO  User_Operation - [User_Operationlog,20] - After User_Operation method: monitorFfmpegProcess
2024-08-26 17:05:30.000 [,] [scheduling-1] INFO  User_Operation - [User_Operationlog,20] - After User_Operation method: monitorFfmpegProcess
2024-08-26 17:05:40.015 [,] [scheduling-1] INFO  User_Operation - [User_Operationlog,20] - After User_Operation method: monitorFfmpegProcess
2024-08-26 17:05:48.118 [,] [http-nio-8089-exec-3] INFO  User_Operation - [User_Operationlog,20] - After User_Operation method: indexWeb
2024-08-26 17:05:48.122 [,] [http-nio-8089-exec-3] INFO  User_Operation - [User_Operationlog,20] - After User_Operation method: getInformation
2024-08-26 17:05:50.011 [,] [scheduling-1] INFO  User_Operation - [User_Operationlog,20] - After User_Operation method: monitorFfmpegProcess
2024-08-26 17:06:00.015 [,] [scheduling-1] INFO  User_Operation - [User_Operationlog,20] - After User_Operation method: monitorFfmpegProcess
2024-08-26 17:06:10.013 [,] [scheduling-1] INFO  User_Operation - [User_Operationlog,20] - After User_Operation method: monitorFfmpegProcess
2024-08-26 17:06:20.009 [,] [scheduling-1] INFO  User_Operation - [User_Operationlog,20] - After User_Operation method: monitorFfmpegProcess
2024-08-26 17:06:30.014 [,] [scheduling-1] INFO  User_Operation - [User_Operationlog,20] - After User_Operation method: monitorFfmpegProcess
2024-08-26 17:06:40.007 [,] [scheduling-1] INFO  User_Operation - [User_Operationlog,20] - After User_Operation method: monitorFfmpegProcess
2024-08-26 17:06:50.015 [,] [scheduling-1] INFO  User_Operation - [User_Operationlog,20] - After User_Operation method: monitorFfmpegProcess
2024-08-26 17:07:00.004 [,] [scheduling-1] INFO  User_Operation - [User_Operationlog,20] - After User_Operation method: monitorFfmpegProcess
2024-08-26 17:07:10.002 [,] [scheduling-1] INFO  User_Operation - [User_Operationlog,20] - After User_Operation method: monitorFfmpegProcess
2024-08-26 17:07:20.018 [,] [scheduling-1] INFO  User_Operation - [User_Operationlog,20] - After User_Operation method: monitorFfmpegProcess
2024-08-26 17:07:30.005 [,] [scheduling-1] INFO  User_Operation - [User_Operationlog,20] - After User_Operation method: monitorFfmpegProcess
2024-08-26 17:07:40.015 [,] [scheduling-1] INFO  User_Operation - [User_Operationlog,20] - After User_Operation method: monitorFfmpegProcess
2024-08-26 17:07:50.012 [,] [scheduling-1] INFO  User_Operation - [User_Operationlog,20] - After User_Operation method: monitorFfmpegProcess
2024-08-26 17:08:00.015 [,] [scheduling-1] INFO  User_Operation - [User_Operationlog,20] - After User_Operation method: monitorFfmpegProcess
2024-08-26 17:08:10.005 [,] [scheduling-1] INFO  User_Operation - [User_Operationlog,20] - After User_Operation method: monitorFfmpegProcess
2024-08-26 17:08:20.012 [,] [scheduling-1] INFO  User_Operation - [User_Operationlog,20] - After User_Operation method: monitorFfmpegProcess
2024-08-26 17:08:30.002 [,] [scheduling-1] INFO  User_Operation - [User_Operationlog,20] - After User_Operation method: monitorFfmpegProcess
2024-08-26 17:08:40.001 [,] [scheduling-1] INFO  User_Operation - [User_Operationlog,20] - After User_Operation method: monitorFfmpegProcess
2024-08-26 17:08:50.011 [,] [scheduling-1] INFO  User_Operation - [User_Operationlog,20] - After User_Operation method: monitorFfmpegProcess
2024-08-26 17:09:00.008 [,] [scheduling-1] INFO  User_Operation - [User_Operationlog,20] - After User_Operation method: monitorFfmpegProcess
2024-08-26 17:09:10.006 [,] [scheduling-1] INFO  User_Operation - [User_Operationlog,20] - After User_Operation method: monitorFfmpegProcess
2024-08-26 17:09:20.013 [,] [scheduling-1] INFO  User_Operation - [User_Operationlog,20] - After User_Operation method: monitorFfmpegProcess
2024-08-26 17:09:25.154 [,] [SpringApplicationShutdownHook] INFO  c.z.h.HikariDataSource - [close,350] - HikariPool-1 - Shutdown initiated...
2024-08-26 17:09:25.167 [,] [SpringApplicationShutdownHook] INFO  c.z.h.HikariDataSource - [close,352] - HikariPool-1 - Shutdown completed.
2024-08-26 17:09:29.415 [,] [main] INFO  c.s.a.AIOCompanyApplication - [logStarting,55] - Starting AIOCompanyApplication using Java 1.8.0_411 on DESKTOP-0QJEBFD with PID 11912 (E:\AIO_2024.08.16\AIO - 副本 - 测试\AIO-company\target\classes started by neko in E:\AIO_2024.08.16\AIO - 副本 - 测试\AIO-company)
2024-08-26 17:09:29.418 [,] [main] INFO  c.s.a.AIOCompanyApplication - [logStartupProfileInfo,634] - No active profile set, falling back to 1 default profile: "default"
2024-08-26 17:09:31.837 [,] [main] INFO  o.a.c.h.Http11NioProtocol - [log,173] - Initializing ProtocolHandler ["http-nio-8089"]
2024-08-26 17:09:31.837 [,] [main] INFO  o.a.c.c.StandardService - [log,173] - Starting service [Tomcat]
2024-08-26 17:09:31.837 [,] [main] INFO  o.a.c.c.StandardEngine - [log,173] - Starting Servlet engine: [Apache Tomcat/9.0.68]
2024-08-26 17:09:32.003 [,] [main] INFO  o.a.c.c.C.[.[.[/] - [log,173] - Initializing Spring embedded WebApplicationContext
2024-08-26 17:09:32.228 [,] [main] INFO  o.h.j.i.u.LogHelper - [logPersistenceUnitInformation,31] - HHH000204: Processing PersistenceUnitInfo [name: default]
2024-08-26 17:09:32.280 [,] [main] INFO  o.hibernate.Version - [logVersion,44] - HHH000412: Hibernate ORM core version 5.6.12.Final
2024-08-26 17:09:32.416 [,] [main] INFO  o.h.a.common.Version - [<clinit>,56] - HCANN000001: Hibernate Commons Annotations {5.1.2.Final}
2024-08-26 17:09:32.511 [,] [main] INFO  c.z.h.HikariDataSource - [getConnection,110] - HikariPool-1 - Starting...
2024-08-26 17:09:32.617 [,] [main] INFO  c.z.h.HikariDataSource - [getConnection,123] - HikariPool-1 - Start completed.
2024-08-26 17:09:32.629 [,] [main] INFO  o.h.dialect.Dialect - [<init>,175] - HHH000400: Using dialect: org.hibernate.dialect.MySQL8Dialect
2024-08-26 17:09:33.197 [,] [main] INFO  o.h.e.t.j.p.i.JtaPlatformInitiator - [initiateService,52] - HHH000490: Using JtaPlatform implementation: [org.hibernate.engine.transaction.jta.platform.internal.NoJtaPlatform]
2024-08-26 17:09:35.390 [,] [main] INFO  User_Operation - [User_Operationlog,20] - After User_Operation method: initFFmpeg
2024-08-26 17:09:35.995 [,] [main] INFO  o.a.c.h.Http11NioProtocol - [log,173] - Starting ProtocolHandler ["http-nio-8089"]
2024-08-26 17:09:36.063 [,] [main] INFO  c.s.a.AIOCompanyApplication - [logStarted,61] - Started AIOCompanyApplication in 7.009 seconds (JVM running for 8.445)
2024-08-26 17:09:36.063 [,] [main] INFO  User_Operation - [User_Operationlog,20] - After User_Operation method: onApplicationEvent
2024-08-26 17:09:40.001 [,] [scheduling-1] INFO  User_Operation - [User_Operationlog,20] - After User_Operation method: monitorFfmpegProcess
2024-08-26 17:09:42.519 [,] [http-nio-8089-exec-1] INFO  o.a.c.c.C.[.[.[/] - [log,173] - Initializing Spring DispatcherServlet 'dispatcherServlet'
2024-08-26 17:09:42.538 [,] [http-nio-8089-exec-1] INFO  User_Operation - [User_Operationlog,20] - After User_Operation method: AIO
2024-08-26 17:09:42.550 [,] [http-nio-8089-exec-1] INFO  User_Operation - [User_Operationlog,20] - After User_Operation method: getFfmpegEnabled
2024-08-26 17:09:42.551 [,] [http-nio-8089-exec-1] INFO  User_Operation - [User_Operationlog,20] - After User_Operation method: indexWeb
2024-08-26 17:09:42.552 [,] [http-nio-8089-exec-1] INFO  User_Operation - [User_Operationlog,20] - After User_Operation method: getInformation
2024-08-26 17:10:00.013 [,] [scheduling-1] INFO  User_Operation - [User_Operationlog,20] - After User_Operation method: monitorFfmpegProcess
2024-08-26 17:10:10.012 [,] [scheduling-1] INFO  User_Operation - [User_Operationlog,20] - After User_Operation method: monitorFfmpegProcess
2024-08-26 17:10:20.008 [,] [scheduling-1] INFO  User_Operation - [User_Operationlog,20] - After User_Operation method: monitorFfmpegProcess
2024-08-26 17:10:30.011 [,] [scheduling-1] INFO  User_Operation - [User_Operationlog,20] - After User_Operation method: monitorFfmpegProcess
2024-08-26 17:10:40.001 [,] [scheduling-1] INFO  User_Operation - [User_Operationlog,20] - After User_Operation method: monitorFfmpegProcess
2024-08-26 17:10:50.012 [,] [scheduling-1] INFO  User_Operation - [User_Operationlog,20] - After User_Operation method: monitorFfmpegProcess
2024-08-26 17:10:54.203 [,] [SpringApplicationShutdownHook] INFO  c.z.h.HikariDataSource - [close,350] - HikariPool-1 - Shutdown initiated...
2024-08-26 17:10:54.212 [,] [SpringApplicationShutdownHook] INFO  c.z.h.HikariDataSource - [close,352] - HikariPool-1 - Shutdown completed.
2024-08-26 17:26:46.447 [,] [main] INFO  c.s.a.AIOCompanyApplication - [logStarting,55] - Starting AIOCompanyApplication using Java 1.8.0_411 on DESKTOP-0QJEBFD with PID 24700 (E:\AIO_2024.08.16\AIO - 副本 - 测试\AIO-company\target\classes started by neko in E:\AIO_2024.08.16\AIO - 副本 - 测试\AIO-company)
2024-08-26 17:26:46.469 [,] [main] INFO  c.s.a.AIOCompanyApplication - [logStartupProfileInfo,634] - No active profile set, falling back to 1 default profile: "default"
2024-08-26 17:26:48.326 [,] [main] INFO  o.a.c.h.Http11NioProtocol - [log,173] - Initializing ProtocolHandler ["http-nio-8089"]
2024-08-26 17:26:48.326 [,] [main] INFO  o.a.c.c.StandardService - [log,173] - Starting service [Tomcat]
2024-08-26 17:26:48.327 [,] [main] INFO  o.a.c.c.StandardEngine - [log,173] - Starting Servlet engine: [Apache Tomcat/9.0.68]
2024-08-26 17:26:48.453 [,] [main] INFO  o.a.c.c.C.[.[.[/] - [log,173] - Initializing Spring embedded WebApplicationContext
2024-08-26 17:26:48.658 [,] [main] INFO  o.h.j.i.u.LogHelper - [logPersistenceUnitInformation,31] - HHH000204: Processing PersistenceUnitInfo [name: default]
2024-08-26 17:26:48.706 [,] [main] INFO  o.hibernate.Version - [logVersion,44] - HHH000412: Hibernate ORM core version 5.6.12.Final
2024-08-26 17:26:48.825 [,] [main] INFO  o.h.a.common.Version - [<clinit>,56] - HCANN000001: Hibernate Commons Annotations {5.1.2.Final}
2024-08-26 17:26:48.908 [,] [main] INFO  c.z.h.HikariDataSource - [getConnection,110] - HikariPool-1 - Starting...
2024-08-26 17:26:49.053 [,] [main] INFO  c.z.h.HikariDataSource - [getConnection,123] - HikariPool-1 - Start completed.
2024-08-26 17:26:49.065 [,] [main] INFO  o.h.dialect.Dialect - [<init>,175] - HHH000400: Using dialect: org.hibernate.dialect.MySQL8Dialect
2024-08-26 17:26:49.554 [,] [main] INFO  o.h.e.t.j.p.i.JtaPlatformInitiator - [initiateService,52] - HHH000490: Using JtaPlatform implementation: [org.hibernate.engine.transaction.jta.platform.internal.NoJtaPlatform]
2024-08-26 17:26:51.610 [,] [main] INFO  User_Operation - [User_Operationlog,20] - After User_Operation method: initFFmpeg
2024-08-26 17:26:52.177 [,] [main] INFO  o.a.c.h.Http11NioProtocol - [log,173] - Starting ProtocolHandler ["http-nio-8089"]
2024-08-26 17:26:52.241 [,] [main] INFO  c.s.a.AIOCompanyApplication - [logStarted,61] - Started AIOCompanyApplication in 6.151 seconds (JVM running for 7.312)
2024-08-26 17:26:52.242 [,] [main] INFO  User_Operation - [User_Operationlog,20] - After User_Operation method: onApplicationEvent
2024-08-26 17:27:00.004 [,] [scheduling-1] INFO  User_Operation - [User_Operationlog,20] - After User_Operation method: monitorFfmpegProcess
2024-08-26 17:27:10.013 [,] [scheduling-1] INFO  User_Operation - [User_Operationlog,20] - After User_Operation method: monitorFfmpegProcess
2024-08-26 17:27:20.011 [,] [scheduling-1] INFO  User_Operation - [User_Operationlog,20] - After User_Operation method: monitorFfmpegProcess
2024-08-26 17:27:30.014 [,] [scheduling-1] INFO  User_Operation - [User_Operationlog,20] - After User_Operation method: monitorFfmpegProcess
2024-08-26 17:27:40.007 [,] [scheduling-1] INFO  User_Operation - [User_Operationlog,20] - After User_Operation method: monitorFfmpegProcess
2024-08-26 17:27:50.011 [,] [scheduling-1] INFO  User_Operation - [User_Operationlog,20] - After User_Operation method: monitorFfmpegProcess
2024-08-26 17:27:57.310 [,] [http-nio-8089-exec-1] INFO  o.a.c.c.C.[.[.[/] - [log,173] - Initializing Spring DispatcherServlet 'dispatcherServlet'
2024-08-26 17:27:57.328 [,] [http-nio-8089-exec-1] INFO  User_Operation - [User_Operationlog,20] - After User_Operation method: AIO
2024-08-26 17:27:57.369 [,] [http-nio-8089-exec-1] INFO  User_Operation - [User_Operationlog,20] - After User_Operation method: getFfmpegEnabled
2024-08-26 17:27:57.370 [,] [http-nio-8089-exec-1] INFO  User_Operation - [User_Operationlog,20] - After User_Operation method: indexWeb
2024-08-26 17:27:57.371 [,] [http-nio-8089-exec-1] INFO  User_Operation - [User_Operationlog,20] - After User_Operation method: getInformation
2024-08-26 17:28:00.002 [,] [scheduling-1] INFO  User_Operation - [User_Operationlog,20] - After User_Operation method: monitorFfmpegProcess
2024-08-26 17:28:10.013 [,] [scheduling-1] INFO  User_Operation - [User_Operationlog,20] - After User_Operation method: monitorFfmpegProcess
2024-08-26 17:28:13.989 [,] [SpringApplicationShutdownHook] INFO  c.z.h.HikariDataSource - [close,350] - HikariPool-1 - Shutdown initiated...
2024-08-26 17:28:13.994 [,] [SpringApplicationShutdownHook] INFO  c.z.h.HikariDataSource - [close,352] - HikariPool-1 - Shutdown completed.
2024-08-26 20:58:06.869 [,] [main] INFO  c.s.a.AIOCompanyApplication - [logStarting,55] - Starting AIOCompanyApplication using Java 1.8.0_411 on DESKTOP-0QJEBFD with PID 20204 (E:\AIO_2024.08.16\AIO - 副本 - 测试\AIO-company\target\classes started by neko in E:\AIO_2024.08.16\AIO - 副本 - 测试\AIO-company)
2024-08-26 20:58:06.886 [,] [main] INFO  c.s.a.AIOCompanyApplication - [logStartupProfileInfo,634] - No active profile set, falling back to 1 default profile: "default"
2024-08-26 20:58:11.717 [,] [main] INFO  o.a.c.h.Http11NioProtocol - [log,173] - Initializing ProtocolHandler ["http-nio-8089"]
2024-08-26 20:58:11.718 [,] [main] INFO  o.a.c.c.StandardService - [log,173] - Starting service [Tomcat]
2024-08-26 20:58:11.718 [,] [main] INFO  o.a.c.c.StandardEngine - [log,173] - Starting Servlet engine: [Apache Tomcat/9.0.68]
2024-08-26 20:58:11.843 [,] [main] INFO  o.a.c.c.C.[.[.[/] - [log,173] - Initializing Spring embedded WebApplicationContext
2024-08-26 20:58:12.042 [,] [main] INFO  o.h.j.i.u.LogHelper - [logPersistenceUnitInformation,31] - HHH000204: Processing PersistenceUnitInfo [name: default]
2024-08-26 20:58:12.084 [,] [main] INFO  o.hibernate.Version - [logVersion,44] - HHH000412: Hibernate ORM core version 5.6.12.Final
2024-08-26 20:58:12.210 [,] [main] INFO  o.h.a.common.Version - [<clinit>,56] - HCANN000001: Hibernate Commons Annotations {5.1.2.Final}
2024-08-26 20:58:12.299 [,] [main] INFO  c.z.h.HikariDataSource - [getConnection,110] - HikariPool-1 - Starting...
2024-08-26 20:58:12.430 [,] [main] INFO  c.z.h.HikariDataSource - [getConnection,123] - HikariPool-1 - Start completed.
2024-08-26 20:58:12.441 [,] [main] INFO  o.h.dialect.Dialect - [<init>,175] - HHH000400: Using dialect: org.hibernate.dialect.MySQL8Dialect
2024-08-26 20:58:13.011 [,] [main] INFO  o.h.e.t.j.p.i.JtaPlatformInitiator - [initiateService,52] - HHH000490: Using JtaPlatform implementation: [org.hibernate.engine.transaction.jta.platform.internal.NoJtaPlatform]
2024-08-26 20:58:15.228 [,] [main] INFO  User_Operation - [User_Operationlog,20] - After User_Operation method: initFFmpeg
2024-08-26 20:58:15.879 [,] [main] INFO  o.a.c.h.Http11NioProtocol - [log,173] - Starting ProtocolHandler ["http-nio-8089"]
2024-08-26 20:58:15.947 [,] [main] INFO  c.s.a.AIOCompanyApplication - [logStarted,61] - Started AIOCompanyApplication in 9.612 seconds (JVM running for 11.126)
2024-08-26 20:58:15.948 [,] [main] INFO  User_Operation - [User_Operationlog,20] - After User_Operation method: onApplicationEvent
2024-08-26 20:58:20.007 [,] [scheduling-1] INFO  User_Operation - [User_Operationlog,20] - After User_Operation method: monitorFfmpegProcess
2024-08-26 20:58:30.011 [,] [scheduling-1] INFO  User_Operation - [User_Operationlog,20] - After User_Operation method: monitorFfmpegProcess
2024-08-26 20:58:34.601 [,] [http-nio-8089-exec-1] INFO  o.a.c.c.C.[.[.[/] - [log,173] - Initializing Spring DispatcherServlet 'dispatcherServlet'
2024-08-26 20:58:40.009 [,] [scheduling-1] INFO  User_Operation - [User_Operationlog,20] - After User_Operation method: monitorFfmpegProcess
2024-08-26 20:58:50.004 [,] [scheduling-1] INFO  User_Operation - [User_Operationlog,20] - After User_Operation method: monitorFfmpegProcess
2024-08-26 20:58:55.516 [,] [SpringApplicationShutdownHook] INFO  c.z.h.HikariDataSource - [close,350] - HikariPool-1 - Shutdown initiated...
2024-08-26 20:58:55.532 [,] [SpringApplicationShutdownHook] INFO  c.z.h.HikariDataSource - [close,352] - HikariPool-1 - Shutdown completed.
2024-08-26 20:59:03.504 [,] [main] INFO  c.s.a.AIOCompanyApplication - [logStarting,55] - Starting AIOCompanyApplication using Java 1.8.0_411 on DESKTOP-0QJEBFD with PID 18620 (E:\AIO_2024.08.16\AIO - 副本 - 测试\AIO-company\target\classes started by neko in E:\AIO_2024.08.16\AIO - 副本 - 测试\AIO-company)
2024-08-26 20:59:03.508 [,] [main] INFO  c.s.a.AIOCompanyApplication - [logStartupProfileInfo,634] - No active profile set, falling back to 1 default profile: "default"
2024-08-26 20:59:05.300 [,] [main] INFO  o.a.c.h.Http11NioProtocol - [log,173] - Initializing ProtocolHandler ["http-nio-8089"]
2024-08-26 20:59:05.300 [,] [main] INFO  o.a.c.c.StandardService - [log,173] - Starting service [Tomcat]
2024-08-26 20:59:05.301 [,] [main] INFO  o.a.c.c.StandardEngine - [log,173] - Starting Servlet engine: [Apache Tomcat/9.0.68]
2024-08-26 20:59:05.450 [,] [main] INFO  o.a.c.c.C.[.[.[/] - [log,173] - Initializing Spring embedded WebApplicationContext
2024-08-26 20:59:05.693 [,] [main] INFO  o.h.j.i.u.LogHelper - [logPersistenceUnitInformation,31] - HHH000204: Processing PersistenceUnitInfo [name: default]
2024-08-26 20:59:05.737 [,] [main] INFO  o.hibernate.Version - [logVersion,44] - HHH000412: Hibernate ORM core version 5.6.12.Final
2024-08-26 20:59:05.869 [,] [main] INFO  o.h.a.common.Version - [<clinit>,56] - HCANN000001: Hibernate Commons Annotations {5.1.2.Final}
2024-08-26 20:59:05.966 [,] [main] INFO  c.z.h.HikariDataSource - [getConnection,110] - HikariPool-1 - Starting...
2024-08-26 20:59:06.267 [,] [main] INFO  c.z.h.HikariDataSource - [getConnection,123] - HikariPool-1 - Start completed.
2024-08-26 20:59:06.280 [,] [main] INFO  o.h.dialect.Dialect - [<init>,175] - HHH000400: Using dialect: org.hibernate.dialect.MySQL8Dialect
2024-08-26 20:59:06.764 [,] [main] INFO  o.h.e.t.j.p.i.JtaPlatformInitiator - [initiateService,52] - HHH000490: Using JtaPlatform implementation: [org.hibernate.engine.transaction.jta.platform.internal.NoJtaPlatform]
2024-08-26 20:59:08.833 [,] [main] INFO  User_Operation - [User_Operationlog,20] - After User_Operation method: initFFmpeg
2024-08-26 20:59:09.456 [,] [main] INFO  o.a.c.h.Http11NioProtocol - [log,173] - Starting ProtocolHandler ["http-nio-8089"]
2024-08-26 20:59:09.523 [,] [main] INFO  c.s.a.AIOCompanyApplication - [logStarted,61] - Started AIOCompanyApplication in 6.335 seconds (JVM running for 7.82)
2024-08-26 20:59:09.523 [,] [main] INFO  User_Operation - [User_Operationlog,20] - After User_Operation method: onApplicationEvent
2024-08-26 20:59:10.007 [,] [scheduling-1] INFO  User_Operation - [User_Operationlog,20] - After User_Operation method: monitorFfmpegProcess
2024-08-26 20:59:34.142 [,] [http-nio-8089-exec-1] INFO  o.a.c.c.C.[.[.[/] - [log,173] - Initializing Spring DispatcherServlet 'dispatcherServlet'
2024-08-26 20:59:34.163 [,] [http-nio-8089-exec-1] INFO  User_Operation - [User_Operationlog,20] - After User_Operation method: AIO
2024-08-26 20:59:34.174 [,] [http-nio-8089-exec-1] INFO  User_Operation - [User_Operationlog,20] - After User_Operation method: getFfmpegEnabled
2024-08-26 20:59:34.175 [,] [http-nio-8089-exec-1] INFO  User_Operation - [User_Operationlog,20] - After User_Operation method: indexWeb
2024-08-26 20:59:34.176 [,] [http-nio-8089-exec-1] INFO  User_Operation - [User_Operationlog,20] - After User_Operation method: getInformation
2024-08-26 20:59:40.005 [,] [scheduling-1] INFO  User_Operation - [User_Operationlog,20] - After User_Operation method: monitorFfmpegProcess
2024-08-26 20:59:50.012 [,] [scheduling-1] INFO  User_Operation - [User_Operationlog,20] - After User_Operation method: monitorFfmpegProcess
2024-08-26 21:00:00.012 [,] [scheduling-1] INFO  User_Operation - [User_Operationlog,20] - After User_Operation method: monitorFfmpegProcess
2024-08-26 21:00:10.016 [,] [scheduling-1] INFO  User_Operation - [User_Operationlog,20] - After User_Operation method: monitorFfmpegProcess
2024-08-26 21:00:20.011 [,] [scheduling-1] INFO  User_Operation - [User_Operationlog,20] - After User_Operation method: monitorFfmpegProcess
2024-08-26 21:00:30.003 [,] [scheduling-1] INFO  User_Operation - [User_Operationlog,20] - After User_Operation method: monitorFfmpegProcess
2024-08-26 21:00:40.005 [,] [scheduling-1] INFO  User_Operation - [User_Operationlog,20] - After User_Operation method: monitorFfmpegProcess
2024-08-26 21:00:50.008 [,] [scheduling-1] INFO  User_Operation - [User_Operationlog,20] - After User_Operation method: monitorFfmpegProcess
2024-08-26 21:01:00.015 [,] [scheduling-1] INFO  User_Operation - [User_Operationlog,20] - After User_Operation method: monitorFfmpegProcess
2024-08-26 21:01:10.012 [,] [scheduling-1] INFO  User_Operation - [User_Operationlog,20] - After User_Operation method: monitorFfmpegProcess
2024-08-26 21:01:20.010 [,] [scheduling-1] INFO  User_Operation - [User_Operationlog,20] - After User_Operation method: monitorFfmpegProcess
2024-08-26 21:01:30.010 [,] [scheduling-1] INFO  User_Operation - [User_Operationlog,20] - After User_Operation method: monitorFfmpegProcess
2024-08-26 21:01:40.016 [,] [scheduling-1] INFO  User_Operation - [User_Operationlog,20] - After User_Operation method: monitorFfmpegProcess
2024-08-26 21:01:50.006 [,] [scheduling-1] INFO  User_Operation - [User_Operationlog,20] - After User_Operation method: monitorFfmpegProcess
2024-08-26 21:02:00.009 [,] [scheduling-1] INFO  User_Operation - [User_Operationlog,20] - After User_Operation method: monitorFfmpegProcess
2024-08-26 21:02:10.012 [,] [scheduling-1] INFO  User_Operation - [User_Operationlog,20] - After User_Operation method: monitorFfmpegProcess
2024-08-26 21:02:20.009 [,] [scheduling-1] INFO  User_Operation - [User_Operationlog,20] - After User_Operation method: monitorFfmpegProcess
2024-08-26 21:02:30.012 [,] [scheduling-1] INFO  User_Operation - [User_Operationlog,20] - After User_Operation method: monitorFfmpegProcess
2024-08-26 21:02:40.003 [,] [scheduling-1] INFO  User_Operation - [User_Operationlog,20] - After User_Operation method: monitorFfmpegProcess
2024-08-26 21:02:49.614 [,] [SpringApplicationShutdownHook] INFO  c.z.h.HikariDataSource - [close,350] - HikariPool-1 - Shutdown initiated...
2024-08-26 21:02:49.630 [,] [SpringApplicationShutdownHook] INFO  c.z.h.HikariDataSource - [close,352] - HikariPool-1 - Shutdown completed.
2024-08-26 21:02:57.111 [,] [main] INFO  c.s.a.AIOCompanyApplication - [logStarting,55] - Starting AIOCompanyApplication using Java 1.8.0_411 on DESKTOP-0QJEBFD with PID 6840 (E:\AIO_2024.08.16\AIO - 副本 - 测试\AIO-company\target\classes started by neko in E:\AIO_2024.08.16\AIO - 副本 - 测试\AIO-company)
2024-08-26 21:02:57.124 [,] [main] INFO  c.s.a.AIOCompanyApplication - [logStartupProfileInfo,634] - No active profile set, falling back to 1 default profile: "default"
2024-08-26 21:02:58.700 [,] [main] INFO  o.a.c.h.Http11NioProtocol - [log,173] - Initializing ProtocolHandler ["http-nio-8089"]
2024-08-26 21:02:58.701 [,] [main] INFO  o.a.c.c.StandardService - [log,173] - Starting service [Tomcat]
2024-08-26 21:02:58.701 [,] [main] INFO  o.a.c.c.StandardEngine - [log,173] - Starting Servlet engine: [Apache Tomcat/9.0.68]
2024-08-26 21:02:58.819 [,] [main] INFO  o.a.c.c.C.[.[.[/] - [log,173] - Initializing Spring embedded WebApplicationContext
2024-08-26 21:02:59.009 [,] [main] INFO  o.h.j.i.u.LogHelper - [logPersistenceUnitInformation,31] - HHH000204: Processing PersistenceUnitInfo [name: default]
2024-08-26 21:02:59.044 [,] [main] INFO  o.hibernate.Version - [logVersion,44] - HHH000412: Hibernate ORM core version 5.6.12.Final
2024-08-26 21:02:59.144 [,] [main] INFO  o.h.a.common.Version - [<clinit>,56] - HCANN000001: Hibernate Commons Annotations {5.1.2.Final}
2024-08-26 21:02:59.216 [,] [main] INFO  c.z.h.HikariDataSource - [getConnection,110] - HikariPool-1 - Starting...
2024-08-26 21:02:59.367 [,] [main] INFO  c.z.h.HikariDataSource - [getConnection,123] - HikariPool-1 - Start completed.
2024-08-26 21:02:59.376 [,] [main] INFO  o.h.dialect.Dialect - [<init>,175] - HHH000400: Using dialect: org.hibernate.dialect.MySQL8Dialect
2024-08-26 21:02:59.803 [,] [main] INFO  o.h.e.t.j.p.i.JtaPlatformInitiator - [initiateService,52] - HHH000490: Using JtaPlatform implementation: [org.hibernate.engine.transaction.jta.platform.internal.NoJtaPlatform]
2024-08-26 21:03:01.826 [,] [main] INFO  User_Operation - [User_Operationlog,20] - After User_Operation method: initFFmpeg
2024-08-26 21:03:02.442 [,] [main] INFO  o.a.c.h.Http11NioProtocol - [log,173] - Starting ProtocolHandler ["http-nio-8089"]
2024-08-26 21:03:02.506 [,] [main] INFO  c.s.a.AIOCompanyApplication - [logStarted,61] - Started AIOCompanyApplication in 5.719 seconds (JVM running for 6.861)
2024-08-26 21:03:02.506 [,] [main] INFO  User_Operation - [User_Operationlog,20] - After User_Operation method: onApplicationEvent
2024-08-26 21:03:10.010 [,] [scheduling-1] INFO  User_Operation - [User_Operationlog,20] - After User_Operation method: monitorFfmpegProcess
2024-08-26 21:03:16.246 [,] [http-nio-8089-exec-1] INFO  o.a.c.c.C.[.[.[/] - [log,173] - Initializing Spring DispatcherServlet 'dispatcherServlet'
2024-08-26 21:03:16.264 [,] [http-nio-8089-exec-1] INFO  User_Operation - [User_Operationlog,20] - After User_Operation method: AIO
2024-08-26 21:03:16.273 [,] [http-nio-8089-exec-1] INFO  User_Operation - [User_Operationlog,20] - After User_Operation method: getFfmpegEnabled
2024-08-26 21:03:16.273 [,] [http-nio-8089-exec-1] INFO  User_Operation - [User_Operationlog,20] - After User_Operation method: indexWeb
2024-08-26 21:03:16.275 [,] [http-nio-8089-exec-1] INFO  User_Operation - [User_Operationlog,20] - After User_Operation method: getInformation
2024-08-26 21:03:50.012 [,] [scheduling-1] INFO  User_Operation - [User_Operationlog,20] - After User_Operation method: monitorFfmpegProcess
2024-08-26 21:04:00.001 [,] [scheduling-1] INFO  User_Operation - [User_Operationlog,20] - After User_Operation method: monitorFfmpegProcess
2024-08-26 21:04:10.008 [,] [scheduling-1] INFO  User_Operation - [User_Operationlog,20] - After User_Operation method: monitorFfmpegProcess
2024-08-26 21:04:20.010 [,] [scheduling-1] INFO  User_Operation - [User_Operationlog,20] - After User_Operation method: monitorFfmpegProcess
2024-08-26 21:04:30.001 [,] [scheduling-1] INFO  User_Operation - [User_Operationlog,20] - After User_Operation method: monitorFfmpegProcess
2024-08-26 21:04:40.012 [,] [scheduling-1] INFO  User_Operation - [User_Operationlog,20] - After User_Operation method: monitorFfmpegProcess
2024-08-26 21:04:50.014 [,] [scheduling-1] INFO  User_Operation - [User_Operationlog,20] - After User_Operation method: monitorFfmpegProcess
2024-08-26 21:05:00.014 [,] [scheduling-1] INFO  User_Operation - [User_Operationlog,20] - After User_Operation method: monitorFfmpegProcess
2024-08-26 21:05:10.010 [,] [scheduling-1] INFO  User_Operation - [User_Operationlog,20] - After User_Operation method: monitorFfmpegProcess
2024-08-26 21:05:20.014 [,] [scheduling-1] INFO  User_Operation - [User_Operationlog,20] - After User_Operation method: monitorFfmpegProcess
2024-08-26 21:05:30.014 [,] [scheduling-1] INFO  User_Operation - [User_Operationlog,20] - After User_Operation method: monitorFfmpegProcess
2024-08-26 21:05:40.005 [,] [scheduling-1] INFO  User_Operation - [User_Operationlog,20] - After User_Operation method: monitorFfmpegProcess
2024-08-26 21:05:50.009 [,] [scheduling-1] INFO  User_Operation - [User_Operationlog,20] - After User_Operation method: monitorFfmpegProcess
2024-08-26 21:06:00.011 [,] [scheduling-1] INFO  User_Operation - [User_Operationlog,20] - After User_Operation method: monitorFfmpegProcess
2024-08-26 21:06:10.012 [,] [scheduling-1] INFO  User_Operation - [User_Operationlog,20] - After User_Operation method: monitorFfmpegProcess
2024-08-26 21:06:20.008 [,] [scheduling-1] INFO  User_Operation - [User_Operationlog,20] - After User_Operation method: monitorFfmpegProcess
2024-08-26 21:06:30.003 [,] [scheduling-1] INFO  User_Operation - [User_Operationlog,20] - After User_Operation method: monitorFfmpegProcess
2024-08-26 21:06:40.005 [,] [scheduling-1] INFO  User_Operation - [User_Operationlog,20] - After User_Operation method: monitorFfmpegProcess
2024-08-26 21:06:50.001 [,] [scheduling-1] INFO  User_Operation - [User_Operationlog,20] - After User_Operation method: monitorFfmpegProcess
2024-08-26 21:07:00.006 [,] [scheduling-1] INFO  User_Operation - [User_Operationlog,20] - After User_Operation method: monitorFfmpegProcess
2024-08-26 21:07:10.011 [,] [scheduling-1] INFO  User_Operation - [User_Operationlog,20] - After User_Operation method: monitorFfmpegProcess
2024-08-26 21:07:20.008 [,] [scheduling-1] INFO  User_Operation - [User_Operationlog,20] - After User_Operation method: monitorFfmpegProcess
2024-08-26 21:07:30.008 [,] [scheduling-1] INFO  User_Operation - [User_Operationlog,20] - After User_Operation method: monitorFfmpegProcess
2024-08-26 21:07:40.011 [,] [scheduling-1] INFO  User_Operation - [User_Operationlog,20] - After User_Operation method: monitorFfmpegProcess
2024-08-26 21:07:50.008 [,] [scheduling-1] INFO  User_Operation - [User_Operationlog,20] - After User_Operation method: monitorFfmpegProcess
2024-08-26 21:08:00.008 [,] [scheduling-1] INFO  User_Operation - [User_Operationlog,20] - After User_Operation method: monitorFfmpegProcess
2024-08-26 21:08:10.010 [,] [scheduling-1] INFO  User_Operation - [User_Operationlog,20] - After User_Operation method: monitorFfmpegProcess
2024-08-26 21:08:20.003 [,] [scheduling-1] INFO  User_Operation - [User_Operationlog,20] - After User_Operation method: monitorFfmpegProcess
2024-08-26 21:08:30.010 [,] [scheduling-1] INFO  User_Operation - [User_Operationlog,20] - After User_Operation method: monitorFfmpegProcess
2024-08-26 21:08:40.005 [,] [scheduling-1] INFO  User_Operation - [User_Operationlog,20] - After User_Operation method: monitorFfmpegProcess
2024-08-26 21:08:50.003 [,] [scheduling-1] INFO  User_Operation - [User_Operationlog,20] - After User_Operation method: monitorFfmpegProcess
2024-08-26 21:09:00.006 [,] [scheduling-1] INFO  User_Operation - [User_Operationlog,20] - After User_Operation method: monitorFfmpegProcess
2024-08-26 21:09:10.014 [,] [scheduling-1] INFO  User_Operation - [User_Operationlog,20] - After User_Operation method: monitorFfmpegProcess
2024-08-26 21:09:20.014 [,] [scheduling-1] INFO  User_Operation - [User_Operationlog,20] - After User_Operation method: monitorFfmpegProcess
2024-08-26 21:09:30.013 [,] [scheduling-1] INFO  User_Operation - [User_Operationlog,20] - After User_Operation method: monitorFfmpegProcess
2024-08-26 21:09:40.015 [,] [scheduling-1] INFO  User_Operation - [User_Operationlog,20] - After User_Operation method: monitorFfmpegProcess
2024-08-26 21:09:50.002 [,] [scheduling-1] INFO  User_Operation - [User_Operationlog,20] - After User_Operation method: monitorFfmpegProcess
2024-08-26 21:10:00.014 [,] [scheduling-1] INFO  User_Operation - [User_Operationlog,20] - After User_Operation method: monitorFfmpegProcess
2024-08-26 21:10:10.015 [,] [scheduling-1] INFO  User_Operation - [User_Operationlog,20] - After User_Operation method: monitorFfmpegProcess
2024-08-26 21:10:20.029 [,] [scheduling-1] INFO  User_Operation - [User_Operationlog,20] - After User_Operation method: monitorFfmpegProcess
2024-08-26 21:10:30.007 [,] [scheduling-1] INFO  User_Operation - [User_Operationlog,20] - After User_Operation method: monitorFfmpegProcess
2024-08-26 21:10:40.009 [,] [scheduling-1] INFO  User_Operation - [User_Operationlog,20] - After User_Operation method: monitorFfmpegProcess
2024-08-26 21:10:50.014 [,] [scheduling-1] INFO  User_Operation - [User_Operationlog,20] - After User_Operation method: monitorFfmpegProcess
2024-08-26 21:11:00.014 [,] [scheduling-1] INFO  User_Operation - [User_Operationlog,20] - After User_Operation method: monitorFfmpegProcess
2024-08-26 21:11:10.001 [,] [scheduling-1] INFO  User_Operation - [User_Operationlog,20] - After User_Operation method: monitorFfmpegProcess
2024-08-26 21:11:20.010 [,] [scheduling-1] INFO  User_Operation - [User_Operationlog,20] - After User_Operation method: monitorFfmpegProcess
2024-08-26 21:11:30.012 [,] [scheduling-1] INFO  User_Operation - [User_Operationlog,20] - After User_Operation method: monitorFfmpegProcess
2024-08-26 21:11:40.008 [,] [scheduling-1] INFO  User_Operation - [User_Operationlog,20] - After User_Operation method: monitorFfmpegProcess
2024-08-26 21:11:50.001 [,] [scheduling-1] INFO  User_Operation - [User_Operationlog,20] - After User_Operation method: monitorFfmpegProcess
2024-08-26 21:12:00.008 [,] [scheduling-1] INFO  User_Operation - [User_Operationlog,20] - After User_Operation method: monitorFfmpegProcess
2024-08-26 21:12:10.013 [,] [scheduling-1] INFO  User_Operation - [User_Operationlog,20] - After User_Operation method: monitorFfmpegProcess
2024-08-26 21:12:20.002 [,] [scheduling-1] INFO  User_Operation - [User_Operationlog,20] - After User_Operation method: monitorFfmpegProcess
2024-08-26 21:12:30.006 [,] [scheduling-1] INFO  User_Operation - [User_Operationlog,20] - After User_Operation method: monitorFfmpegProcess
2024-08-26 21:12:40.014 [,] [scheduling-1] INFO  User_Operation - [User_Operationlog,20] - After User_Operation method: monitorFfmpegProcess
2024-08-26 21:12:50.015 [,] [scheduling-1] INFO  User_Operation - [User_Operationlog,20] - After User_Operation method: monitorFfmpegProcess
2024-08-26 21:13:00.020 [,] [scheduling-1] INFO  User_Operation - [User_Operationlog,20] - After User_Operation method: monitorFfmpegProcess
2024-08-26 21:13:10.001 [,] [scheduling-1] INFO  User_Operation - [User_Operationlog,20] - After User_Operation method: monitorFfmpegProcess
2024-08-26 21:13:20.006 [,] [scheduling-1] INFO  User_Operation - [User_Operationlog,20] - After User_Operation method: monitorFfmpegProcess
2024-08-26 21:13:30.013 [,] [scheduling-1] INFO  User_Operation - [User_Operationlog,20] - After User_Operation method: monitorFfmpegProcess
2024-08-26 21:13:40.012 [,] [scheduling-1] INFO  User_Operation - [User_Operationlog,20] - After User_Operation method: monitorFfmpegProcess
2024-08-26 21:13:50.007 [,] [scheduling-1] INFO  User_Operation - [User_Operationlog,20] - After User_Operation method: monitorFfmpegProcess
2024-08-26 21:14:00.007 [,] [scheduling-1] INFO  User_Operation - [User_Operationlog,20] - After User_Operation method: monitorFfmpegProcess
2024-08-26 21:14:10.003 [,] [scheduling-1] INFO  User_Operation - [User_Operationlog,20] - After User_Operation method: monitorFfmpegProcess
2024-08-26 21:14:20.001 [,] [scheduling-1] INFO  User_Operation - [User_Operationlog,20] - After User_Operation method: monitorFfmpegProcess
2024-08-26 21:14:30.006 [,] [scheduling-1] INFO  User_Operation - [User_Operationlog,20] - After User_Operation method: monitorFfmpegProcess
2024-08-26 21:14:40.002 [,] [scheduling-1] INFO  User_Operation - [User_Operationlog,20] - After User_Operation method: monitorFfmpegProcess
2024-08-26 21:14:50.009 [,] [scheduling-1] INFO  User_Operation - [User_Operationlog,20] - After User_Operation method: monitorFfmpegProcess
2024-08-26 21:15:00.011 [,] [scheduling-1] INFO  User_Operation - [User_Operationlog,20] - After User_Operation method: monitorFfmpegProcess
2024-08-26 21:15:10.003 [,] [scheduling-1] INFO  User_Operation - [User_Operationlog,20] - After User_Operation method: monitorFfmpegProcess
2024-08-26 21:15:20.012 [,] [scheduling-1] INFO  User_Operation - [User_Operationlog,20] - After User_Operation method: monitorFfmpegProcess
2024-08-26 21:15:30.013 [,] [scheduling-1] INFO  User_Operation - [User_Operationlog,20] - After User_Operation method: monitorFfmpegProcess
2024-08-26 21:15:40.004 [,] [scheduling-1] INFO  User_Operation - [User_Operationlog,20] - After User_Operation method: monitorFfmpegProcess
2024-08-26 21:15:50.015 [,] [scheduling-1] INFO  User_Operation - [User_Operationlog,20] - After User_Operation method: monitorFfmpegProcess
2024-08-26 21:16:00.010 [,] [scheduling-1] INFO  User_Operation - [User_Operationlog,20] - After User_Operation method: monitorFfmpegProcess
2024-08-26 21:16:10.035 [,] [scheduling-1] INFO  User_Operation - [User_Operationlog,20] - After User_Operation method: monitorFfmpegProcess
2024-08-26 21:16:14.872 [,] [SpringApplicationShutdownHook] INFO  c.z.h.HikariDataSource - [close,350] - HikariPool-1 - Shutdown initiated...
2024-08-26 21:16:14.884 [,] [SpringApplicationShutdownHook] INFO  c.z.h.HikariDataSource - [close,352] - HikariPool-1 - Shutdown completed.
2024-08-26 21:16:22.538 [,] [main] INFO  c.s.a.AIOCompanyApplication - [logStarting,55] - Starting AIOCompanyApplication using Java 1.8.0_411 on DESKTOP-0QJEBFD with PID 5760 (E:\AIO_2024.08.16\AIO - 副本 - 测试\AIO-company\target\classes started by neko in E:\AIO_2024.08.16\AIO - 副本 - 测试\AIO-company)
2024-08-26 21:16:22.542 [,] [main] INFO  c.s.a.AIOCompanyApplication - [logStartupProfileInfo,634] - No active profile set, falling back to 1 default profile: "default"
2024-08-26 21:16:24.221 [,] [main] INFO  o.a.c.h.Http11NioProtocol - [log,173] - Initializing ProtocolHandler ["http-nio-8089"]
2024-08-26 21:16:24.222 [,] [main] INFO  o.a.c.c.StandardService - [log,173] - Starting service [Tomcat]
2024-08-26 21:16:24.222 [,] [main] INFO  o.a.c.c.StandardEngine - [log,173] - Starting Servlet engine: [Apache Tomcat/9.0.68]
2024-08-26 21:16:24.342 [,] [main] INFO  o.a.c.c.C.[.[.[/] - [log,173] - Initializing Spring embedded WebApplicationContext
2024-08-26 21:16:24.535 [,] [main] INFO  o.h.j.i.u.LogHelper - [logPersistenceUnitInformation,31] - HHH000204: Processing PersistenceUnitInfo [name: default]
2024-08-26 21:16:24.569 [,] [main] INFO  o.hibernate.Version - [logVersion,44] - HHH000412: Hibernate ORM core version 5.6.12.Final
2024-08-26 21:16:24.672 [,] [main] INFO  o.h.a.common.Version - [<clinit>,56] - HCANN000001: Hibernate Commons Annotations {5.1.2.Final}
2024-08-26 21:16:24.741 [,] [main] INFO  c.z.h.HikariDataSource - [getConnection,110] - HikariPool-1 - Starting...
2024-08-26 21:16:24.882 [,] [main] INFO  c.z.h.HikariDataSource - [getConnection,123] - HikariPool-1 - Start completed.
2024-08-26 21:16:24.893 [,] [main] INFO  o.h.dialect.Dialect - [<init>,175] - HHH000400: Using dialect: org.hibernate.dialect.MySQL8Dialect
2024-08-26 21:16:25.382 [,] [main] INFO  o.h.e.t.j.p.i.JtaPlatformInitiator - [initiateService,52] - HHH000490: Using JtaPlatform implementation: [org.hibernate.engine.transaction.jta.platform.internal.NoJtaPlatform]
2024-08-26 21:16:27.432 [,] [main] INFO  User_Operation - [User_Operationlog,20] - After User_Operation method: initFFmpeg
2024-08-26 21:16:28.086 [,] [main] INFO  o.a.c.h.Http11NioProtocol - [log,173] - Starting ProtocolHandler ["http-nio-8089"]
2024-08-26 21:16:28.150 [,] [main] INFO  c.s.a.AIOCompanyApplication - [logStarted,61] - Started AIOCompanyApplication in 5.941 seconds (JVM running for 7.111)
2024-08-26 21:16:28.150 [,] [main] INFO  User_Operation - [User_Operationlog,20] - After User_Operation method: onApplicationEvent
2024-08-26 21:16:30.002 [,] [scheduling-1] INFO  User_Operation - [User_Operationlog,20] - After User_Operation method: monitorFfmpegProcess
2024-08-26 21:16:48.238 [,] [http-nio-8089-exec-1] INFO  o.a.c.c.C.[.[.[/] - [log,173] - Initializing Spring DispatcherServlet 'dispatcherServlet'
2024-08-26 21:16:48.261 [,] [http-nio-8089-exec-1] INFO  User_Operation - [User_Operationlog,20] - After User_Operation method: AIO
2024-08-26 21:16:48.286 [,] [http-nio-8089-exec-1] INFO  User_Operation - [User_Operationlog,20] - After User_Operation method: getFfmpegEnabled
2024-08-26 21:16:48.287 [,] [http-nio-8089-exec-1] INFO  User_Operation - [User_Operationlog,20] - After User_Operation method: indexWeb
2024-08-26 21:16:48.289 [,] [http-nio-8089-exec-1] INFO  User_Operation - [User_Operationlog,20] - After User_Operation method: getInformation
2024-08-26 21:16:50.014 [,] [scheduling-1] INFO  User_Operation - [User_Operationlog,20] - After User_Operation method: monitorFfmpegProcess
2024-08-26 21:17:00.009 [,] [scheduling-1] INFO  User_Operation - [User_Operationlog,20] - After User_Operation method: monitorFfmpegProcess
2024-08-26 21:17:10.004 [,] [scheduling-1] INFO  User_Operation - [User_Operationlog,20] - After User_Operation method: monitorFfmpegProcess
2024-08-26 21:17:20.000 [,] [scheduling-1] INFO  User_Operation - [User_Operationlog,20] - After User_Operation method: monitorFfmpegProcess
2024-08-26 21:17:30.013 [,] [scheduling-1] INFO  User_Operation - [User_Operationlog,20] - After User_Operation method: monitorFfmpegProcess
2024-08-26 21:17:40.014 [,] [scheduling-1] INFO  User_Operation - [User_Operationlog,20] - After User_Operation method: monitorFfmpegProcess
2024-08-26 21:17:50.007 [,] [scheduling-1] INFO  User_Operation - [User_Operationlog,20] - After User_Operation method: monitorFfmpegProcess
2024-08-26 21:18:00.011 [,] [scheduling-1] INFO  User_Operation - [User_Operationlog,20] - After User_Operation method: monitorFfmpegProcess
2024-08-26 21:18:10.015 [,] [scheduling-1] INFO  User_Operation - [User_Operationlog,20] - After User_Operation method: monitorFfmpegProcess
2024-08-26 21:18:20.010 [,] [scheduling-1] INFO  User_Operation - [User_Operationlog,20] - After User_Operation method: monitorFfmpegProcess
2024-08-26 21:18:30.002 [,] [scheduling-1] INFO  User_Operation - [User_Operationlog,20] - After User_Operation method: monitorFfmpegProcess
2024-08-26 21:18:40.002 [,] [scheduling-1] INFO  User_Operation - [User_Operationlog,20] - After User_Operation method: monitorFfmpegProcess
2024-08-26 21:18:50.002 [,] [scheduling-1] INFO  User_Operation - [User_Operationlog,20] - After User_Operation method: monitorFfmpegProcess
2024-08-26 21:19:00.013 [,] [scheduling-1] INFO  User_Operation - [User_Operationlog,20] - After User_Operation method: monitorFfmpegProcess
2024-08-26 21:19:10.002 [,] [scheduling-1] INFO  User_Operation - [User_Operationlog,20] - After User_Operation method: monitorFfmpegProcess
2024-08-26 21:19:17.074 [,] [SpringApplicationShutdownHook] INFO  c.z.h.HikariDataSource - [close,350] - HikariPool-1 - Shutdown initiated...
2024-08-26 21:19:17.090 [,] [SpringApplicationShutdownHook] INFO  c.z.h.HikariDataSource - [close,352] - HikariPool-1 - Shutdown completed.
2024-08-26 21:19:24.930 [,] [main] INFO  c.s.a.AIOCompanyApplication - [logStarting,55] - Starting AIOCompanyApplication using Java 1.8.0_411 on DESKTOP-0QJEBFD with PID 24104 (E:\AIO_2024.08.16\AIO - 副本 - 测试\AIO-company\target\classes started by neko in E:\AIO_2024.08.16\AIO - 副本 - 测试\AIO-company)
2024-08-26 21:19:24.933 [,] [main] INFO  c.s.a.AIOCompanyApplication - [logStartupProfileInfo,634] - No active profile set, falling back to 1 default profile: "default"
2024-08-26 21:19:26.661 [,] [main] INFO  o.a.c.h.Http11NioProtocol - [log,173] - Initializing ProtocolHandler ["http-nio-8089"]
2024-08-26 21:19:26.662 [,] [main] INFO  o.a.c.c.StandardService - [log,173] - Starting service [Tomcat]
2024-08-26 21:19:26.662 [,] [main] INFO  o.a.c.c.StandardEngine - [log,173] - Starting Servlet engine: [Apache Tomcat/9.0.68]
2024-08-26 21:19:26.812 [,] [main] INFO  o.a.c.c.C.[.[.[/] - [log,173] - Initializing Spring embedded WebApplicationContext
2024-08-26 21:19:27.019 [,] [main] INFO  o.h.j.i.u.LogHelper - [logPersistenceUnitInformation,31] - HHH000204: Processing PersistenceUnitInfo [name: default]
2024-08-26 21:19:27.054 [,] [main] INFO  o.hibernate.Version - [logVersion,44] - HHH000412: Hibernate ORM core version 5.6.12.Final
2024-08-26 21:19:27.156 [,] [main] INFO  o.h.a.common.Version - [<clinit>,56] - HCANN000001: Hibernate Commons Annotations {5.1.2.Final}
2024-08-26 21:19:27.228 [,] [main] INFO  c.z.h.HikariDataSource - [getConnection,110] - HikariPool-1 - Starting...
2024-08-26 21:19:27.336 [,] [main] INFO  c.z.h.HikariDataSource - [getConnection,123] - HikariPool-1 - Start completed.
2024-08-26 21:19:27.346 [,] [main] INFO  o.h.dialect.Dialect - [<init>,175] - HHH000400: Using dialect: org.hibernate.dialect.MySQL8Dialect
2024-08-26 21:19:27.757 [,] [main] INFO  o.h.e.t.j.p.i.JtaPlatformInitiator - [initiateService,52] - HHH000490: Using JtaPlatform implementation: [org.hibernate.engine.transaction.jta.platform.internal.NoJtaPlatform]
2024-08-26 21:19:29.808 [,] [main] INFO  User_Operation - [User_Operationlog,20] - After User_Operation method: initFFmpeg
2024-08-26 21:19:30.490 [,] [main] INFO  o.a.c.h.Http11NioProtocol - [log,173] - Starting ProtocolHandler ["http-nio-8089"]
2024-08-26 21:19:30.551 [,] [main] INFO  c.s.a.AIOCompanyApplication - [logStarted,61] - Started AIOCompanyApplication in 5.943 seconds (JVM running for 7.112)
2024-08-26 21:19:30.552 [,] [main] INFO  User_Operation - [User_Operationlog,20] - After User_Operation method: onApplicationEvent
2024-08-26 21:19:40.008 [,] [scheduling-1] INFO  User_Operation - [User_Operationlog,20] - After User_Operation method: monitorFfmpegProcess
2024-08-26 21:19:50.009 [,] [scheduling-1] INFO  User_Operation - [User_Operationlog,20] - After User_Operation method: monitorFfmpegProcess
2024-08-26 21:20:00.003 [,] [scheduling-1] INFO  User_Operation - [User_Operationlog,20] - After User_Operation method: monitorFfmpegProcess
2024-08-26 21:20:09.601 [,] [http-nio-8089-exec-1] INFO  o.a.c.c.C.[.[.[/] - [log,173] - Initializing Spring DispatcherServlet 'dispatcherServlet'
2024-08-26 21:20:10.006 [,] [scheduling-1] INFO  User_Operation - [User_Operationlog,20] - After User_Operation method: monitorFfmpegProcess
2024-08-26 21:20:16.887 [,] [http-nio-8089-exec-5] INFO  User_Operation - [User_Operationlog,20] - After User_Operation method: AIO
2024-08-26 21:20:16.910 [,] [http-nio-8089-exec-5] INFO  User_Operation - [User_Operationlog,20] - After User_Operation method: getFfmpegEnabled
2024-08-26 21:20:16.912 [,] [http-nio-8089-exec-5] INFO  User_Operation - [User_Operationlog,20] - After User_Operation method: indexWeb
2024-08-26 21:20:16.916 [,] [http-nio-8089-exec-5] INFO  User_Operation - [User_Operationlog,20] - After User_Operation method: getInformation
2024-08-26 21:20:20.017 [,] [scheduling-1] INFO  User_Operation - [User_Operationlog,20] - After User_Operation method: monitorFfmpegProcess
2024-08-26 21:20:30.044 [,] [scheduling-1] INFO  User_Operation - [User_Operationlog,20] - After User_Operation method: monitorFfmpegProcess
2024-08-26 21:20:40.012 [,] [scheduling-1] INFO  User_Operation - [User_Operationlog,20] - After User_Operation method: monitorFfmpegProcess
2024-08-26 21:20:50.015 [,] [scheduling-1] INFO  User_Operation - [User_Operationlog,20] - After User_Operation method: monitorFfmpegProcess
2024-08-26 21:21:00.012 [,] [scheduling-1] INFO  User_Operation - [User_Operationlog,20] - After User_Operation method: monitorFfmpegProcess
2024-08-26 21:21:10.036 [,] [scheduling-1] INFO  User_Operation - [User_Operationlog,20] - After User_Operation method: monitorFfmpegProcess
2024-08-26 21:21:20.019 [,] [scheduling-1] INFO  User_Operation - [User_Operationlog,20] - After User_Operation method: monitorFfmpegProcess
2024-08-26 21:21:30.003 [,] [scheduling-1] INFO  User_Operation - [User_Operationlog,20] - After User_Operation method: monitorFfmpegProcess
2024-08-26 21:21:40.021 [,] [scheduling-1] INFO  User_Operation - [User_Operationlog,20] - After User_Operation method: monitorFfmpegProcess
2024-08-26 21:21:50.022 [,] [scheduling-1] INFO  User_Operation - [User_Operationlog,20] - After User_Operation method: monitorFfmpegProcess
2024-08-26 21:22:00.014 [,] [scheduling-1] INFO  User_Operation - [User_Operationlog,20] - After User_Operation method: monitorFfmpegProcess
2024-08-26 21:22:10.001 [,] [scheduling-1] INFO  User_Operation - [User_Operationlog,20] - After User_Operation method: monitorFfmpegProcess
2024-08-26 21:22:20.006 [,] [scheduling-1] INFO  User_Operation - [User_Operationlog,20] - After User_Operation method: monitorFfmpegProcess
2024-08-26 21:22:30.013 [,] [scheduling-1] INFO  User_Operation - [User_Operationlog,20] - After User_Operation method: monitorFfmpegProcess
2024-08-26 21:22:40.017 [,] [scheduling-1] INFO  User_Operation - [User_Operationlog,20] - After User_Operation method: monitorFfmpegProcess
2024-08-26 21:22:49.578 [,] [SpringApplicationShutdownHook] INFO  c.z.h.HikariDataSource - [close,350] - HikariPool-1 - Shutdown initiated...
2024-08-26 21:22:49.585 [,] [SpringApplicationShutdownHook] INFO  c.z.h.HikariDataSource - [close,352] - HikariPool-1 - Shutdown completed.
2024-08-26 21:22:58.835 [,] [main] INFO  c.s.a.AIOCompanyApplication - [logStarting,55] - Starting AIOCompanyApplication using Java 1.8.0_411 on DESKTOP-0QJEBFD with PID 22700 (E:\AIO_2024.08.16\AIO - 副本 - 测试\AIO-company\target\classes started by neko in E:\AIO_2024.08.16\AIO - 副本 - 测试\AIO-company)
2024-08-26 21:22:58.840 [,] [main] INFO  c.s.a.AIOCompanyApplication - [logStartupProfileInfo,634] - No active profile set, falling back to 1 default profile: "default"
2024-08-26 21:23:00.905 [,] [main] INFO  o.a.c.h.Http11NioProtocol - [log,173] - Initializing ProtocolHandler ["http-nio-8089"]
2024-08-26 21:23:00.905 [,] [main] INFO  o.a.c.c.StandardService - [log,173] - Starting service [Tomcat]
2024-08-26 21:23:00.905 [,] [main] INFO  o.a.c.c.StandardEngine - [log,173] - Starting Servlet engine: [Apache Tomcat/9.0.68]
2024-08-26 21:23:01.030 [,] [main] INFO  o.a.c.c.C.[.[.[/] - [log,173] - Initializing Spring embedded WebApplicationContext
2024-08-26 21:23:01.222 [,] [main] INFO  o.h.j.i.u.LogHelper - [logPersistenceUnitInformation,31] - HHH000204: Processing PersistenceUnitInfo [name: default]
2024-08-26 21:23:01.267 [,] [main] INFO  o.hibernate.Version - [logVersion,44] - HHH000412: Hibernate ORM core version 5.6.12.Final
2024-08-26 21:23:01.384 [,] [main] INFO  o.h.a.common.Version - [<clinit>,56] - HCANN000001: Hibernate Commons Annotations {5.1.2.Final}
2024-08-26 21:23:01.469 [,] [main] INFO  c.z.h.HikariDataSource - [getConnection,110] - HikariPool-1 - Starting...
2024-08-26 21:23:01.648 [,] [main] INFO  c.z.h.HikariDataSource - [getConnection,123] - HikariPool-1 - Start completed.
2024-08-26 21:23:01.659 [,] [main] INFO  o.h.dialect.Dialect - [<init>,175] - HHH000400: Using dialect: org.hibernate.dialect.MySQL8Dialect
2024-08-26 21:23:02.200 [,] [main] INFO  o.h.e.t.j.p.i.JtaPlatformInitiator - [initiateService,52] - HHH000490: Using JtaPlatform implementation: [org.hibernate.engine.transaction.jta.platform.internal.NoJtaPlatform]
2024-08-26 21:23:04.288 [,] [main] INFO  User_Operation - [User_Operationlog,20] - After User_Operation method: initFFmpeg
2024-08-26 21:23:04.909 [,] [main] INFO  o.a.c.h.Http11NioProtocol - [log,173] - Starting ProtocolHandler ["http-nio-8089"]
2024-08-26 21:23:04.975 [,] [main] INFO  c.s.a.AIOCompanyApplication - [logStarted,61] - Started AIOCompanyApplication in 6.578 seconds (JVM running for 7.901)
2024-08-26 21:23:04.976 [,] [main] INFO  User_Operation - [User_Operationlog,20] - After User_Operation method: onApplicationEvent
2024-08-26 21:23:10.016 [,] [scheduling-1] INFO  User_Operation - [User_Operationlog,20] - After User_Operation method: monitorFfmpegProcess
2024-08-26 21:23:40.004 [,] [scheduling-1] INFO  User_Operation - [User_Operationlog,20] - After User_Operation method: monitorFfmpegProcess
2024-08-26 21:23:48.440 [,] [http-nio-8089-exec-1] INFO  o.a.c.c.C.[.[.[/] - [log,173] - Initializing Spring DispatcherServlet 'dispatcherServlet'
2024-08-26 21:23:50.012 [,] [scheduling-1] INFO  User_Operation - [User_Operationlog,20] - After User_Operation method: monitorFfmpegProcess
2024-08-26 21:24:00.018 [,] [scheduling-1] INFO  User_Operation - [User_Operationlog,20] - After User_Operation method: monitorFfmpegProcess
2024-08-26 21:24:10.041 [,] [scheduling-1] INFO  User_Operation - [User_Operationlog,20] - After User_Operation method: monitorFfmpegProcess
2024-08-26 21:24:20.004 [,] [scheduling-1] INFO  User_Operation - [User_Operationlog,20] - After User_Operation method: monitorFfmpegProcess
2024-08-26 21:24:30.019 [,] [scheduling-1] INFO  User_Operation - [User_Operationlog,20] - After User_Operation method: monitorFfmpegProcess
2024-08-26 21:24:40.034 [,] [scheduling-1] INFO  User_Operation - [User_Operationlog,20] - After User_Operation method: monitorFfmpegProcess
2024-08-26 21:24:50.054 [,] [scheduling-1] INFO  User_Operation - [User_Operationlog,20] - After User_Operation method: monitorFfmpegProcess
2024-08-26 21:24:56.766 [,] [SpringApplicationShutdownHook] INFO  c.z.h.HikariDataSource - [close,350] - HikariPool-1 - Shutdown initiated...
2024-08-26 21:24:56.774 [,] [SpringApplicationShutdownHook] INFO  c.z.h.HikariDataSource - [close,352] - HikariPool-1 - Shutdown completed.
2024-08-26 21:25:05.338 [,] [main] INFO  c.s.a.AIOCompanyApplication - [logStarting,55] - Starting AIOCompanyApplication using Java 1.8.0_411 on DESKTOP-0QJEBFD with PID 25256 (E:\AIO_2024.08.16\AIO - 副本 - 测试\AIO-company\target\classes started by neko in E:\AIO_2024.08.16\AIO - 副本 - 测试\AIO-company)
2024-08-26 21:25:05.342 [,] [main] INFO  c.s.a.AIOCompanyApplication - [logStartupProfileInfo,634] - No active profile set, falling back to 1 default profile: "default"
2024-08-26 21:25:06.958 [,] [main] INFO  o.a.c.h.Http11NioProtocol - [log,173] - Initializing ProtocolHandler ["http-nio-8089"]
2024-08-26 21:25:06.959 [,] [main] INFO  o.a.c.c.StandardService - [log,173] - Starting service [Tomcat]
2024-08-26 21:25:06.959 [,] [main] INFO  o.a.c.c.StandardEngine - [log,173] - Starting Servlet engine: [Apache Tomcat/9.0.68]
2024-08-26 21:25:07.079 [,] [main] INFO  o.a.c.c.C.[.[.[/] - [log,173] - Initializing Spring embedded WebApplicationContext
2024-08-26 21:25:07.279 [,] [main] INFO  o.h.j.i.u.LogHelper - [logPersistenceUnitInformation,31] - HHH000204: Processing PersistenceUnitInfo [name: default]
2024-08-26 21:25:07.315 [,] [main] INFO  o.hibernate.Version - [logVersion,44] - HHH000412: Hibernate ORM core version 5.6.12.Final
2024-08-26 21:25:07.430 [,] [main] INFO  o.h.a.common.Version - [<clinit>,56] - HCANN000001: Hibernate Commons Annotations {5.1.2.Final}
2024-08-26 21:25:07.507 [,] [main] INFO  c.z.h.HikariDataSource - [getConnection,110] - HikariPool-1 - Starting...
2024-08-26 21:25:07.663 [,] [main] INFO  c.z.h.HikariDataSource - [getConnection,123] - HikariPool-1 - Start completed.
2024-08-26 21:25:07.674 [,] [main] INFO  o.h.dialect.Dialect - [<init>,175] - HHH000400: Using dialect: org.hibernate.dialect.MySQL8Dialect
2024-08-26 21:25:08.217 [,] [main] INFO  o.h.e.t.j.p.i.JtaPlatformInitiator - [initiateService,52] - HHH000490: Using JtaPlatform implementation: [org.hibernate.engine.transaction.jta.platform.internal.NoJtaPlatform]
2024-08-26 21:25:10.287 [,] [main] INFO  User_Operation - [User_Operationlog,20] - After User_Operation method: initFFmpeg
2024-08-26 21:25:10.924 [,] [main] INFO  o.a.c.h.Http11NioProtocol - [log,173] - Starting ProtocolHandler ["http-nio-8089"]
2024-08-26 21:25:10.988 [,] [main] INFO  c.s.a.AIOCompanyApplication - [logStarted,61] - Started AIOCompanyApplication in 5.977 seconds (JVM running for 7.113)
2024-08-26 21:25:10.989 [,] [main] INFO  User_Operation - [User_Operationlog,20] - After User_Operation method: onApplicationEvent
2024-08-26 21:25:20.012 [,] [scheduling-1] INFO  User_Operation - [User_Operationlog,20] - After User_Operation method: monitorFfmpegProcess
2024-08-26 21:25:30.003 [,] [scheduling-1] INFO  User_Operation - [User_Operationlog,20] - After User_Operation method: monitorFfmpegProcess
2024-08-26 21:25:40.005 [,] [scheduling-1] INFO  User_Operation - [User_Operationlog,20] - After User_Operation method: monitorFfmpegProcess
2024-08-26 21:25:45.718 [,] [http-nio-8089-exec-1] INFO  o.a.c.c.C.[.[.[/] - [log,173] - Initializing Spring DispatcherServlet 'dispatcherServlet'
2024-08-26 21:25:50.008 [,] [scheduling-1] INFO  User_Operation - [User_Operationlog,20] - After User_Operation method: monitorFfmpegProcess
2024-08-26 21:25:57.282 [,] [http-nio-8089-exec-5] INFO  User_Operation - [User_Operationlog,20] - After User_Operation method: AIO
2024-08-26 21:25:57.340 [,] [http-nio-8089-exec-5] INFO  User_Operation - [User_Operationlog,20] - After User_Operation method: getFfmpegEnabled
2024-08-26 21:25:57.342 [,] [http-nio-8089-exec-5] INFO  User_Operation - [User_Operationlog,20] - After User_Operation method: indexWeb
2024-08-26 21:25:57.346 [,] [http-nio-8089-exec-5] INFO  User_Operation - [User_Operationlog,20] - After User_Operation method: getInformation
2024-08-26 21:26:00.007 [,] [scheduling-1] INFO  User_Operation - [User_Operationlog,20] - After User_Operation method: monitorFfmpegProcess
2024-08-26 21:26:10.006 [,] [scheduling-1] INFO  User_Operation - [User_Operationlog,20] - After User_Operation method: monitorFfmpegProcess
2024-08-26 21:26:20.012 [,] [scheduling-1] INFO  User_Operation - [User_Operationlog,20] - After User_Operation method: monitorFfmpegProcess
2024-08-26 21:26:30.016 [,] [scheduling-1] INFO  User_Operation - [User_Operationlog,20] - After User_Operation method: monitorFfmpegProcess
2024-08-26 21:26:40.009 [,] [scheduling-1] INFO  User_Operation - [User_Operationlog,20] - After User_Operation method: monitorFfmpegProcess
2024-08-26 21:26:50.013 [,] [scheduling-1] INFO  User_Operation - [User_Operationlog,20] - After User_Operation method: monitorFfmpegProcess
2024-08-26 21:27:00.006 [,] [scheduling-1] INFO  User_Operation - [User_Operationlog,20] - After User_Operation method: monitorFfmpegProcess
2024-08-26 21:27:03.665 [,] [http-nio-8089-exec-7] INFO  User_Operation - [User_Operationlog,20] - After User_Operation method: indexWeb
2024-08-26 21:27:03.665 [,] [http-nio-8089-exec-7] INFO  User_Operation - [User_Operationlog,20] - After User_Operation method: getInformation
2024-08-26 21:27:10.006 [,] [scheduling-1] INFO  User_Operation - [User_Operationlog,20] - After User_Operation method: monitorFfmpegProcess
2024-08-26 21:27:20.004 [,] [scheduling-1] INFO  User_Operation - [User_Operationlog,20] - After User_Operation method: monitorFfmpegProcess
2024-08-26 21:27:30.008 [,] [scheduling-1] INFO  User_Operation - [User_Operationlog,20] - After User_Operation method: monitorFfmpegProcess
2024-08-26 21:27:40.002 [,] [scheduling-1] INFO  User_Operation - [User_Operationlog,20] - After User_Operation method: monitorFfmpegProcess
2024-08-26 21:27:50.016 [,] [scheduling-1] INFO  User_Operation - [User_Operationlog,20] - After User_Operation method: monitorFfmpegProcess
2024-08-26 21:28:00.005 [,] [scheduling-1] INFO  User_Operation - [User_Operationlog,20] - After User_Operation method: monitorFfmpegProcess
2024-08-26 21:28:10.012 [,] [scheduling-1] INFO  User_Operation - [User_Operationlog,20] - After User_Operation method: monitorFfmpegProcess
2024-08-26 21:28:20.003 [,] [scheduling-1] INFO  User_Operation - [User_Operationlog,20] - After User_Operation method: monitorFfmpegProcess
2024-08-26 21:28:30.003 [,] [scheduling-1] INFO  User_Operation - [User_Operationlog,20] - After User_Operation method: monitorFfmpegProcess
2024-08-26 21:28:40.015 [,] [scheduling-1] INFO  User_Operation - [User_Operationlog,20] - After User_Operation method: monitorFfmpegProcess
2024-08-26 21:28:50.002 [,] [scheduling-1] INFO  User_Operation - [User_Operationlog,20] - After User_Operation method: monitorFfmpegProcess
2024-08-26 21:29:00.009 [,] [scheduling-1] INFO  User_Operation - [User_Operationlog,20] - After User_Operation method: monitorFfmpegProcess
2024-08-26 21:29:10.013 [,] [scheduling-1] INFO  User_Operation - [User_Operationlog,20] - After User_Operation method: monitorFfmpegProcess
2024-08-26 21:29:20.006 [,] [scheduling-1] INFO  User_Operation - [User_Operationlog,20] - After User_Operation method: monitorFfmpegProcess
2024-08-26 21:29:30.001 [,] [scheduling-1] INFO  User_Operation - [User_Operationlog,20] - After User_Operation method: monitorFfmpegProcess
2024-08-26 21:29:40.008 [,] [scheduling-1] INFO  User_Operation - [User_Operationlog,20] - After User_Operation method: monitorFfmpegProcess
2024-08-26 21:29:50.016 [,] [scheduling-1] INFO  User_Operation - [User_Operationlog,20] - After User_Operation method: monitorFfmpegProcess
2024-08-26 21:30:00.004 [,] [scheduling-1] INFO  User_Operation - [User_Operationlog,20] - After User_Operation method: monitorFfmpegProcess
2024-08-26 21:30:10.003 [,] [scheduling-1] INFO  User_Operation - [User_Operationlog,20] - After User_Operation method: monitorFfmpegProcess
2024-08-26 21:30:20.009 [,] [scheduling-1] INFO  User_Operation - [User_Operationlog,20] - After User_Operation method: monitorFfmpegProcess
2024-08-26 21:30:30.009 [,] [scheduling-1] INFO  User_Operation - [User_Operationlog,20] - After User_Operation method: monitorFfmpegProcess
2024-08-26 21:30:40.016 [,] [scheduling-1] INFO  User_Operation - [User_Operationlog,20] - After User_Operation method: monitorFfmpegProcess
2024-08-26 21:30:50.017 [,] [scheduling-1] INFO  User_Operation - [User_Operationlog,20] - After User_Operation method: monitorFfmpegProcess
2024-08-26 21:31:00.000 [,] [scheduling-1] INFO  User_Operation - [User_Operationlog,20] - After User_Operation method: monitorFfmpegProcess
2024-08-26 21:31:10.003 [,] [scheduling-1] INFO  User_Operation - [User_Operationlog,20] - After User_Operation method: monitorFfmpegProcess
2024-08-26 21:31:20.002 [,] [scheduling-1] INFO  User_Operation - [User_Operationlog,20] - After User_Operation method: monitorFfmpegProcess
2024-08-26 21:31:30.006 [,] [scheduling-1] INFO  User_Operation - [User_Operationlog,20] - After User_Operation method: monitorFfmpegProcess
2024-08-26 21:31:40.013 [,] [scheduling-1] INFO  User_Operation - [User_Operationlog,20] - After User_Operation method: monitorFfmpegProcess
2024-08-26 21:31:50.013 [,] [scheduling-1] INFO  User_Operation - [User_Operationlog,20] - After User_Operation method: monitorFfmpegProcess
2024-08-26 21:32:00.016 [,] [scheduling-1] INFO  User_Operation - [User_Operationlog,20] - After User_Operation method: monitorFfmpegProcess
2024-08-26 21:32:10.016 [,] [scheduling-1] INFO  User_Operation - [User_Operationlog,20] - After User_Operation method: monitorFfmpegProcess
2024-08-26 21:32:20.002 [,] [scheduling-1] INFO  User_Operation - [User_Operationlog,20] - After User_Operation method: monitorFfmpegProcess
2024-08-26 21:32:30.013 [,] [scheduling-1] INFO  User_Operation - [User_Operationlog,20] - After User_Operation method: monitorFfmpegProcess
2024-08-26 21:32:40.013 [,] [scheduling-1] INFO  User_Operation - [User_Operationlog,20] - After User_Operation method: monitorFfmpegProcess
2024-08-26 21:32:50.014 [,] [scheduling-1] INFO  User_Operation - [User_Operationlog,20] - After User_Operation method: monitorFfmpegProcess
2024-08-26 21:33:00.002 [,] [scheduling-1] INFO  User_Operation - [User_Operationlog,20] - After User_Operation method: monitorFfmpegProcess
2024-08-26 21:33:10.016 [,] [scheduling-1] INFO  User_Operation - [User_Operationlog,20] - After User_Operation method: monitorFfmpegProcess
2024-08-26 21:33:20.013 [,] [scheduling-1] INFO  User_Operation - [User_Operationlog,20] - After User_Operation method: monitorFfmpegProcess
2024-08-26 21:33:30.007 [,] [scheduling-1] INFO  User_Operation - [User_Operationlog,20] - After User_Operation method: monitorFfmpegProcess
2024-08-26 21:33:40.013 [,] [scheduling-1] INFO  User_Operation - [User_Operationlog,20] - After User_Operation method: monitorFfmpegProcess
2024-08-26 21:33:50.002 [,] [scheduling-1] INFO  User_Operation - [User_Operationlog,20] - After User_Operation method: monitorFfmpegProcess
2024-08-26 21:34:00.008 [,] [scheduling-1] INFO  User_Operation - [User_Operationlog,20] - After User_Operation method: monitorFfmpegProcess
2024-08-26 21:34:10.001 [,] [scheduling-1] INFO  User_Operation - [User_Operationlog,20] - After User_Operation method: monitorFfmpegProcess
2024-08-26 21:34:20.013 [,] [scheduling-1] INFO  User_Operation - [User_Operationlog,20] - After User_Operation method: monitorFfmpegProcess
2024-08-26 21:34:30.007 [,] [scheduling-1] INFO  User_Operation - [User_Operationlog,20] - After User_Operation method: monitorFfmpegProcess
2024-08-26 21:34:40.005 [,] [scheduling-1] INFO  User_Operation - [User_Operationlog,20] - After User_Operation method: monitorFfmpegProcess
2024-08-26 21:34:50.002 [,] [scheduling-1] INFO  User_Operation - [User_Operationlog,20] - After User_Operation method: monitorFfmpegProcess
2024-08-26 21:35:00.000 [,] [scheduling-1] INFO  User_Operation - [User_Operationlog,20] - After User_Operation method: monitorFfmpegProcess
2024-08-26 21:35:10.016 [,] [scheduling-1] INFO  User_Operation - [User_Operationlog,20] - After User_Operation method: monitorFfmpegProcess
2024-08-26 21:35:20.008 [,] [scheduling-1] INFO  User_Operation - [User_Operationlog,20] - After User_Operation method: monitorFfmpegProcess
2024-08-26 21:35:30.005 [,] [scheduling-1] INFO  User_Operation - [User_Operationlog,20] - After User_Operation method: monitorFfmpegProcess
2024-08-26 21:35:40.010 [,] [scheduling-1] INFO  User_Operation - [User_Operationlog,20] - After User_Operation method: monitorFfmpegProcess
2024-08-26 21:35:50.008 [,] [scheduling-1] INFO  User_Operation - [User_Operationlog,20] - After User_Operation method: monitorFfmpegProcess
2024-08-26 21:36:00.006 [,] [scheduling-1] INFO  User_Operation - [User_Operationlog,20] - After User_Operation method: monitorFfmpegProcess
2024-08-26 21:36:10.011 [,] [scheduling-1] INFO  User_Operation - [User_Operationlog,20] - After User_Operation method: monitorFfmpegProcess
2024-08-26 21:36:20.000 [,] [scheduling-1] INFO  User_Operation - [User_Operationlog,20] - After User_Operation method: monitorFfmpegProcess
2024-08-26 21:36:30.006 [,] [scheduling-1] INFO  User_Operation - [User_Operationlog,20] - After User_Operation method: monitorFfmpegProcess
2024-08-26 21:36:40.012 [,] [scheduling-1] INFO  User_Operation - [User_Operationlog,20] - After User_Operation method: monitorFfmpegProcess
2024-08-26 21:36:50.005 [,] [scheduling-1] INFO  User_Operation - [User_Operationlog,20] - After User_Operation method: monitorFfmpegProcess
2024-08-26 21:37:00.002 [,] [scheduling-1] INFO  User_Operation - [User_Operationlog,20] - After User_Operation method: monitorFfmpegProcess
2024-08-26 21:37:10.004 [,] [scheduling-1] INFO  User_Operation - [User_Operationlog,20] - After User_Operation method: monitorFfmpegProcess
2024-08-26 21:37:20.007 [,] [scheduling-1] INFO  User_Operation - [User_Operationlog,20] - After User_Operation method: monitorFfmpegProcess
2024-08-26 21:37:30.012 [,] [scheduling-1] INFO  User_Operation - [User_Operationlog,20] - After User_Operation method: monitorFfmpegProcess
2024-08-26 21:37:40.003 [,] [scheduling-1] INFO  User_Operation - [User_Operationlog,20] - After User_Operation method: monitorFfmpegProcess
2024-08-26 21:37:46.889 [,] [SpringApplicationShutdownHook] INFO  c.z.h.HikariDataSource - [close,350] - HikariPool-1 - Shutdown initiated...
2024-08-26 21:37:46.904 [,] [SpringApplicationShutdownHook] INFO  c.z.h.HikariDataSource - [close,352] - HikariPool-1 - Shutdown completed.
2024-08-26 21:37:53.593 [,] [main] INFO  c.s.a.AIOCompanyApplication - [logStarting,55] - Starting AIOCompanyApplication using Java 1.8.0_411 on DESKTOP-0QJEBFD with PID 23612 (E:\AIO_2024.08.16\AIO - 副本 - 测试\AIO-company\target\classes started by neko in E:\AIO_2024.08.16\AIO - 副本 - 测试\AIO-company)
2024-08-26 21:37:53.606 [,] [main] INFO  c.s.a.AIOCompanyApplication - [logStartupProfileInfo,634] - No active profile set, falling back to 1 default profile: "default"
2024-08-26 21:37:55.174 [,] [main] INFO  o.a.c.h.Http11NioProtocol - [log,173] - Initializing ProtocolHandler ["http-nio-8089"]
2024-08-26 21:37:55.175 [,] [main] INFO  o.a.c.c.StandardService - [log,173] - Starting service [Tomcat]
2024-08-26 21:37:55.175 [,] [main] INFO  o.a.c.c.StandardEngine - [log,173] - Starting Servlet engine: [Apache Tomcat/9.0.68]
2024-08-26 21:37:55.299 [,] [main] INFO  o.a.c.c.C.[.[.[/] - [log,173] - Initializing Spring embedded WebApplicationContext
2024-08-26 21:37:55.496 [,] [main] INFO  o.h.j.i.u.LogHelper - [logPersistenceUnitInformation,31] - HHH000204: Processing PersistenceUnitInfo [name: default]
2024-08-26 21:37:55.534 [,] [main] INFO  o.hibernate.Version - [logVersion,44] - HHH000412: Hibernate ORM core version 5.6.12.Final
2024-08-26 21:37:55.643 [,] [main] INFO  o.h.a.common.Version - [<clinit>,56] - HCANN000001: Hibernate Commons Annotations {5.1.2.Final}
2024-08-26 21:37:55.717 [,] [main] INFO  c.z.h.HikariDataSource - [getConnection,110] - HikariPool-1 - Starting...
2024-08-26 21:37:55.845 [,] [main] INFO  c.z.h.HikariDataSource - [getConnection,123] - HikariPool-1 - Start completed.
2024-08-26 21:37:55.855 [,] [main] INFO  o.h.dialect.Dialect - [<init>,175] - HHH000400: Using dialect: org.hibernate.dialect.MySQL8Dialect
2024-08-26 21:37:56.354 [,] [main] INFO  o.h.e.t.j.p.i.JtaPlatformInitiator - [initiateService,52] - HHH000490: Using JtaPlatform implementation: [org.hibernate.engine.transaction.jta.platform.internal.NoJtaPlatform]
2024-08-26 21:37:58.614 [,] [main] INFO  User_Operation - [User_Operationlog,20] - After User_Operation method: initFFmpeg
2024-08-26 21:37:59.337 [,] [main] INFO  o.a.c.h.Http11NioProtocol - [log,173] - Starting ProtocolHandler ["http-nio-8089"]
2024-08-26 21:37:59.403 [,] [main] INFO  c.s.a.AIOCompanyApplication - [logStarted,61] - Started AIOCompanyApplication in 6.143 seconds (JVM running for 7.272)
2024-08-26 21:37:59.403 [,] [main] INFO  User_Operation - [User_Operationlog,20] - After User_Operation method: onApplicationEvent
2024-08-26 21:38:00.007 [,] [scheduling-1] INFO  User_Operation - [User_Operationlog,20] - After User_Operation method: monitorFfmpegProcess
2024-08-26 21:38:06.250 [,] [http-nio-8089-exec-1] INFO  o.a.c.c.C.[.[.[/] - [log,173] - Initializing Spring DispatcherServlet 'dispatcherServlet'
2024-08-26 21:38:06.272 [,] [http-nio-8089-exec-1] INFO  User_Operation - [User_Operationlog,20] - After User_Operation method: indexWeb
2024-08-26 21:38:06.274 [,] [http-nio-8089-exec-1] INFO  User_Operation - [User_Operationlog,20] - After User_Operation method: getInformation
2024-08-26 21:38:09.896 [,] [http-nio-8089-exec-3] INFO  User_Operation - [User_Operationlog,20] - After User_Operation method: AIO
2024-08-26 21:38:09.905 [,] [http-nio-8089-exec-3] INFO  User_Operation - [User_Operationlog,20] - After User_Operation method: getFfmpegEnabled
2024-08-26 21:38:09.905 [,] [http-nio-8089-exec-3] INFO  User_Operation - [User_Operationlog,20] - After User_Operation method: indexWeb
2024-08-26 21:38:09.905 [,] [http-nio-8089-exec-3] INFO  User_Operation - [User_Operationlog,20] - After User_Operation method: getInformation
2024-08-26 21:38:11.233 [,] [http-nio-8089-exec-8] INFO  User_Operation - [User_Operationlog,20] - After User_Operation method: indexWeb
2024-08-26 21:38:11.233 [,] [http-nio-8089-exec-8] INFO  User_Operation - [User_Operationlog,20] - After User_Operation method: getInformation
2024-08-26 21:38:20.016 [,] [scheduling-1] INFO  User_Operation - [User_Operationlog,20] - After User_Operation method: monitorFfmpegProcess
2024-08-26 21:38:30.011 [,] [scheduling-1] INFO  User_Operation - [User_Operationlog,20] - After User_Operation method: monitorFfmpegProcess
2024-08-26 21:38:40.015 [,] [scheduling-1] INFO  User_Operation - [User_Operationlog,20] - After User_Operation method: monitorFfmpegProcess
2024-08-26 21:38:50.001 [,] [scheduling-1] INFO  User_Operation - [User_Operationlog,20] - After User_Operation method: monitorFfmpegProcess
2024-08-26 21:39:00.007 [,] [scheduling-1] INFO  User_Operation - [User_Operationlog,20] - After User_Operation method: monitorFfmpegProcess
2024-08-26 21:39:10.007 [,] [scheduling-1] INFO  User_Operation - [User_Operationlog,20] - After User_Operation method: monitorFfmpegProcess
2024-08-26 21:39:20.013 [,] [scheduling-1] INFO  User_Operation - [User_Operationlog,20] - After User_Operation method: monitorFfmpegProcess
2024-08-26 21:39:29.756 [,] [SpringApplicationShutdownHook] INFO  c.z.h.HikariDataSource - [close,350] - HikariPool-1 - Shutdown initiated...
2024-08-26 21:39:29.762 [,] [SpringApplicationShutdownHook] INFO  c.z.h.HikariDataSource - [close,352] - HikariPool-1 - Shutdown completed.
2024-08-26 21:39:37.370 [,] [main] INFO  c.s.a.AIOCompanyApplication - [logStarting,55] - Starting AIOCompanyApplication using Java 1.8.0_411 on DESKTOP-0QJEBFD with PID 24308 (E:\AIO_2024.08.16\AIO - 副本 - 测试\AIO-company\target\classes started by neko in E:\AIO_2024.08.16\AIO - 副本 - 测试\AIO-company)
2024-08-26 21:39:37.382 [,] [main] INFO  c.s.a.AIOCompanyApplication - [logStartupProfileInfo,634] - No active profile set, falling back to 1 default profile: "default"
2024-08-26 21:39:38.943 [,] [main] INFO  o.a.c.h.Http11NioProtocol - [log,173] - Initializing ProtocolHandler ["http-nio-8089"]
2024-08-26 21:39:38.943 [,] [main] INFO  o.a.c.c.StandardService - [log,173] - Starting service [Tomcat]
2024-08-26 21:39:38.944 [,] [main] INFO  o.a.c.c.StandardEngine - [log,173] - Starting Servlet engine: [Apache Tomcat/9.0.68]
2024-08-26 21:39:39.062 [,] [main] INFO  o.a.c.c.C.[.[.[/] - [log,173] - Initializing Spring embedded WebApplicationContext
2024-08-26 21:39:39.252 [,] [main] INFO  o.h.j.i.u.LogHelper - [logPersistenceUnitInformation,31] - HHH000204: Processing PersistenceUnitInfo [name: default]
2024-08-26 21:39:39.285 [,] [main] INFO  o.hibernate.Version - [logVersion,44] - HHH000412: Hibernate ORM core version 5.6.12.Final
2024-08-26 21:39:39.385 [,] [main] INFO  o.h.a.common.Version - [<clinit>,56] - HCANN000001: Hibernate Commons Annotations {5.1.2.Final}
2024-08-26 21:39:39.464 [,] [main] INFO  c.z.h.HikariDataSource - [getConnection,110] - HikariPool-1 - Starting...
2024-08-26 21:39:39.601 [,] [main] INFO  c.z.h.HikariDataSource - [getConnection,123] - HikariPool-1 - Start completed.
2024-08-26 21:39:39.610 [,] [main] INFO  o.h.dialect.Dialect - [<init>,175] - HHH000400: Using dialect: org.hibernate.dialect.MySQL8Dialect
2024-08-26 21:39:40.070 [,] [main] INFO  o.h.e.t.j.p.i.JtaPlatformInitiator - [initiateService,52] - HHH000490: Using JtaPlatform implementation: [org.hibernate.engine.transaction.jta.platform.internal.NoJtaPlatform]
2024-08-26 21:39:42.098 [,] [main] INFO  User_Operation - [User_Operationlog,20] - After User_Operation method: initFFmpeg
2024-08-26 21:39:42.731 [,] [main] INFO  o.a.c.h.Http11NioProtocol - [log,173] - Starting ProtocolHandler ["http-nio-8089"]
2024-08-26 21:39:42.793 [,] [main] INFO  c.s.a.AIOCompanyApplication - [logStarted,61] - Started AIOCompanyApplication in 5.763 seconds (JVM running for 6.884)
2024-08-26 21:39:42.794 [,] [main] INFO  User_Operation - [User_Operationlog,20] - After User_Operation method: onApplicationEvent
2024-08-26 21:39:50.013 [,] [scheduling-1] INFO  User_Operation - [User_Operationlog,20] - After User_Operation method: monitorFfmpegProcess
2024-08-26 21:40:05.489 [,] [http-nio-8089-exec-1] INFO  o.a.c.c.C.[.[.[/] - [log,173] - Initializing Spring DispatcherServlet 'dispatcherServlet'
2024-08-26 21:40:05.510 [,] [http-nio-8089-exec-1] INFO  User_Operation - [User_Operationlog,20] - After User_Operation method: AIO
2024-08-26 21:40:05.526 [,] [http-nio-8089-exec-1] INFO  User_Operation - [User_Operationlog,20] - After User_Operation method: getFfmpegEnabled
2024-08-26 21:40:05.527 [,] [http-nio-8089-exec-1] INFO  User_Operation - [User_Operationlog,20] - After User_Operation method: indexWeb
2024-08-26 21:40:05.528 [,] [http-nio-8089-exec-1] INFO  User_Operation - [User_Operationlog,20] - After User_Operation method: getInformation
2024-08-26 21:40:30.001 [,] [scheduling-1] INFO  User_Operation - [User_Operationlog,20] - After User_Operation method: monitorFfmpegProcess
2024-08-26 21:40:40.049 [,] [scheduling-1] INFO  User_Operation - [User_Operationlog,20] - After User_Operation method: monitorFfmpegProcess
2024-08-26 21:40:50.010 [,] [scheduling-1] INFO  User_Operation - [User_Operationlog,20] - After User_Operation method: monitorFfmpegProcess
2024-08-26 21:41:00.065 [,] [scheduling-1] INFO  User_Operation - [User_Operationlog,20] - After User_Operation method: monitorFfmpegProcess
2024-08-26 21:41:10.015 [,] [scheduling-1] INFO  User_Operation - [User_Operationlog,20] - After User_Operation method: monitorFfmpegProcess
2024-08-26 21:41:20.012 [,] [scheduling-1] INFO  User_Operation - [User_Operationlog,20] - After User_Operation method: monitorFfmpegProcess
2024-08-26 21:41:22.450 [,] [SpringApplicationShutdownHook] INFO  c.z.h.HikariDataSource - [close,350] - HikariPool-1 - Shutdown initiated...
2024-08-26 21:41:22.463 [,] [SpringApplicationShutdownHook] INFO  c.z.h.HikariDataSource - [close,352] - HikariPool-1 - Shutdown completed.
2024-08-26 21:41:31.230 [,] [main] INFO  c.s.a.AIOCompanyApplication - [logStarting,55] - Starting AIOCompanyApplication using Java 1.8.0_411 on DESKTOP-0QJEBFD with PID 22700 (E:\AIO_2024.08.16\AIO - 副本 - 测试\AIO-company\target\classes started by neko in E:\AIO_2024.08.16\AIO - 副本 - 测试\AIO-company)
2024-08-26 21:41:31.280 [,] [main] INFO  c.s.a.AIOCompanyApplication - [logStartupProfileInfo,634] - No active profile set, falling back to 1 default profile: "default"
2024-08-26 21:41:32.938 [,] [main] INFO  o.a.c.h.Http11NioProtocol - [log,173] - Initializing ProtocolHandler ["http-nio-8089"]
2024-08-26 21:41:32.939 [,] [main] INFO  o.a.c.c.StandardService - [log,173] - Starting service [Tomcat]
2024-08-26 21:41:32.939 [,] [main] INFO  o.a.c.c.StandardEngine - [log,173] - Starting Servlet engine: [Apache Tomcat/9.0.68]
2024-08-26 21:41:33.070 [,] [main] INFO  o.a.c.c.C.[.[.[/] - [log,173] - Initializing Spring embedded WebApplicationContext
2024-08-26 21:41:33.272 [,] [main] INFO  o.h.j.i.u.LogHelper - [logPersistenceUnitInformation,31] - HHH000204: Processing PersistenceUnitInfo [name: default]
2024-08-26 21:41:33.308 [,] [main] INFO  o.hibernate.Version - [logVersion,44] - HHH000412: Hibernate ORM core version 5.6.12.Final
2024-08-26 21:41:33.421 [,] [main] INFO  o.h.a.common.Version - [<clinit>,56] - HCANN000001: Hibernate Commons Annotations {5.1.2.Final}
2024-08-26 21:41:33.495 [,] [main] INFO  c.z.h.HikariDataSource - [getConnection,110] - HikariPool-1 - Starting...
2024-08-26 21:41:33.639 [,] [main] INFO  c.z.h.HikariDataSource - [getConnection,123] - HikariPool-1 - Start completed.
2024-08-26 21:41:33.651 [,] [main] INFO  o.h.dialect.Dialect - [<init>,175] - HHH000400: Using dialect: org.hibernate.dialect.MySQL8Dialect
2024-08-26 21:41:34.164 [,] [main] INFO  o.h.e.t.j.p.i.JtaPlatformInitiator - [initiateService,52] - HHH000490: Using JtaPlatform implementation: [org.hibernate.engine.transaction.jta.platform.internal.NoJtaPlatform]
2024-08-26 21:41:36.367 [,] [main] INFO  User_Operation - [User_Operationlog,20] - After User_Operation method: initFFmpeg
2024-08-26 21:41:37.034 [,] [main] INFO  o.a.c.h.Http11NioProtocol - [log,173] - Starting ProtocolHandler ["http-nio-8089"]
2024-08-26 21:41:37.103 [,] [main] INFO  c.s.a.AIOCompanyApplication - [logStarted,61] - Started AIOCompanyApplication in 6.272 seconds (JVM running for 7.69)
2024-08-26 21:41:37.104 [,] [main] INFO  User_Operation - [User_Operationlog,20] - After User_Operation method: onApplicationEvent
2024-08-26 21:41:40.009 [,] [scheduling-1] INFO  User_Operation - [User_Operationlog,20] - After User_Operation method: monitorFfmpegProcess
2024-08-26 21:41:50.000 [,] [scheduling-1] INFO  User_Operation - [User_Operationlog,20] - After User_Operation method: monitorFfmpegProcess
2024-08-26 21:42:00.010 [,] [scheduling-1] INFO  User_Operation - [User_Operationlog,20] - After User_Operation method: monitorFfmpegProcess
2024-08-26 21:42:07.209 [,] [http-nio-8089-exec-1] INFO  o.a.c.c.C.[.[.[/] - [log,173] - Initializing Spring DispatcherServlet 'dispatcherServlet'
2024-08-26 21:42:07.232 [,] [http-nio-8089-exec-1] INFO  User_Operation - [User_Operationlog,20] - After User_Operation method: AIO
2024-08-26 21:42:07.242 [,] [http-nio-8089-exec-1] INFO  User_Operation - [User_Operationlog,20] - After User_Operation method: getFfmpegEnabled
2024-08-26 21:42:07.243 [,] [http-nio-8089-exec-1] INFO  User_Operation - [User_Operationlog,20] - After User_Operation method: indexWeb
2024-08-26 21:42:07.245 [,] [http-nio-8089-exec-1] INFO  User_Operation - [User_Operationlog,20] - After User_Operation method: getInformation
2024-08-26 21:42:10.012 [,] [scheduling-1] INFO  User_Operation - [User_Operationlog,20] - After User_Operation method: monitorFfmpegProcess
2024-08-26 21:42:20.011 [,] [scheduling-1] INFO  User_Operation - [User_Operationlog,20] - After User_Operation method: monitorFfmpegProcess
2024-08-26 21:42:30.015 [,] [scheduling-1] INFO  User_Operation - [User_Operationlog,20] - After User_Operation method: monitorFfmpegProcess
2024-08-26 21:42:40.013 [,] [scheduling-1] INFO  User_Operation - [User_Operationlog,20] - After User_Operation method: monitorFfmpegProcess
2024-08-26 21:42:50.052 [,] [scheduling-1] INFO  User_Operation - [User_Operationlog,20] - After User_Operation method: monitorFfmpegProcess
2024-08-26 21:43:00.025 [,] [scheduling-1] INFO  User_Operation - [User_Operationlog,20] - After User_Operation method: monitorFfmpegProcess
2024-08-26 21:43:10.028 [,] [scheduling-1] INFO  User_Operation - [User_Operationlog,20] - After User_Operation method: monitorFfmpegProcess
2024-08-26 21:43:20.014 [,] [scheduling-1] INFO  User_Operation - [User_Operationlog,20] - After User_Operation method: monitorFfmpegProcess
2024-08-26 21:43:21.420 [,] [SpringApplicationShutdownHook] INFO  c.z.h.HikariDataSource - [close,350] - HikariPool-1 - Shutdown initiated...
2024-08-26 21:43:21.432 [,] [SpringApplicationShutdownHook] INFO  c.z.h.HikariDataSource - [close,352] - HikariPool-1 - Shutdown completed.
2024-08-26 21:43:29.376 [,] [main] INFO  c.s.a.AIOCompanyApplication - [logStarting,55] - Starting AIOCompanyApplication using Java 1.8.0_411 on DESKTOP-0QJEBFD with PID 20920 (E:\AIO_2024.08.16\AIO - 副本 - 测试\AIO-company\target\classes started by neko in E:\AIO_2024.08.16\AIO - 副本 - 测试\AIO-company)
2024-08-26 21:43:29.379 [,] [main] INFO  c.s.a.AIOCompanyApplication - [logStartupProfileInfo,634] - No active profile set, falling back to 1 default profile: "default"
2024-08-26 21:43:30.957 [,] [main] INFO  o.a.c.h.Http11NioProtocol - [log,173] - Initializing ProtocolHandler ["http-nio-8089"]
2024-08-26 21:43:30.957 [,] [main] INFO  o.a.c.c.StandardService - [log,173] - Starting service [Tomcat]
2024-08-26 21:43:30.957 [,] [main] INFO  o.a.c.c.StandardEngine - [log,173] - Starting Servlet engine: [Apache Tomcat/9.0.68]
2024-08-26 21:43:31.078 [,] [main] INFO  o.a.c.c.C.[.[.[/] - [log,173] - Initializing Spring embedded WebApplicationContext
2024-08-26 21:43:31.275 [,] [main] INFO  o.h.j.i.u.LogHelper - [logPersistenceUnitInformation,31] - HHH000204: Processing PersistenceUnitInfo [name: default]
2024-08-26 21:43:31.309 [,] [main] INFO  o.hibernate.Version - [logVersion,44] - HHH000412: Hibernate ORM core version 5.6.12.Final
2024-08-26 21:43:31.407 [,] [main] INFO  o.h.a.common.Version - [<clinit>,56] - HCANN000001: Hibernate Commons Annotations {5.1.2.Final}
2024-08-26 21:43:31.480 [,] [main] INFO  c.z.h.HikariDataSource - [getConnection,110] - HikariPool-1 - Starting...
2024-08-26 21:43:31.623 [,] [main] INFO  c.z.h.HikariDataSource - [getConnection,123] - HikariPool-1 - Start completed.
2024-08-26 21:43:31.633 [,] [main] INFO  o.h.dialect.Dialect - [<init>,175] - HHH000400: Using dialect: org.hibernate.dialect.MySQL8Dialect
2024-08-26 21:43:32.135 [,] [main] INFO  o.h.e.t.j.p.i.JtaPlatformInitiator - [initiateService,52] - HHH000490: Using JtaPlatform implementation: [org.hibernate.engine.transaction.jta.platform.internal.NoJtaPlatform]
2024-08-26 21:43:34.203 [,] [main] INFO  User_Operation - [User_Operationlog,20] - After User_Operation method: initFFmpeg
2024-08-26 21:43:34.839 [,] [main] INFO  o.a.c.h.Http11NioProtocol - [log,173] - Starting ProtocolHandler ["http-nio-8089"]
2024-08-26 21:43:34.906 [,] [main] INFO  c.s.a.AIOCompanyApplication - [logStarted,61] - Started AIOCompanyApplication in 5.866 seconds (JVM running for 6.988)
2024-08-26 21:43:34.906 [,] [main] INFO  User_Operation - [User_Operationlog,20] - After User_Operation method: onApplicationEvent
2024-08-26 21:43:40.007 [,] [scheduling-1] INFO  User_Operation - [User_Operationlog,20] - After User_Operation method: monitorFfmpegProcess
2024-08-26 21:43:45.223 [,] [http-nio-8089-exec-1] INFO  o.a.c.c.C.[.[.[/] - [log,173] - Initializing Spring DispatcherServlet 'dispatcherServlet'
2024-08-26 21:43:45.245 [,] [http-nio-8089-exec-1] INFO  User_Operation - [User_Operationlog,20] - After User_Operation method: AIO
2024-08-26 21:43:45.264 [,] [http-nio-8089-exec-1] INFO  User_Operation - [User_Operationlog,20] - After User_Operation method: getFfmpegEnabled
2024-08-26 21:43:45.264 [,] [http-nio-8089-exec-1] INFO  User_Operation - [User_Operationlog,20] - After User_Operation method: indexWeb
2024-08-26 21:43:45.267 [,] [http-nio-8089-exec-1] INFO  User_Operation - [User_Operationlog,20] - After User_Operation method: getInformation
2024-08-26 21:43:47.198 [,] [http-nio-8089-exec-3] INFO  User_Operation - [User_Operationlog,20] - After User_Operation method: AIO
2024-08-26 21:43:47.201 [,] [http-nio-8089-exec-3] INFO  User_Operation - [User_Operationlog,20] - After User_Operation method: getFfmpegEnabled
2024-08-26 21:43:47.202 [,] [http-nio-8089-exec-3] INFO  User_Operation - [User_Operationlog,20] - After User_Operation method: indexWeb
2024-08-26 21:43:47.202 [,] [http-nio-8089-exec-3] INFO  User_Operation - [User_Operationlog,20] - After User_Operation method: getInformation
2024-08-26 21:43:50.014 [,] [scheduling-1] INFO  User_Operation - [User_Operationlog,20] - After User_Operation method: monitorFfmpegProcess
2024-08-26 21:44:00.014 [,] [scheduling-1] INFO  User_Operation - [User_Operationlog,20] - After User_Operation method: monitorFfmpegProcess
2024-08-26 21:44:10.009 [,] [scheduling-1] INFO  User_Operation - [User_Operationlog,20] - After User_Operation method: monitorFfmpegProcess
2024-08-26 21:44:20.009 [,] [scheduling-1] INFO  User_Operation - [User_Operationlog,20] - After User_Operation method: monitorFfmpegProcess
2024-08-26 21:44:30.008 [,] [scheduling-1] INFO  User_Operation - [User_Operationlog,20] - After User_Operation method: monitorFfmpegProcess
2024-08-26 21:44:40.015 [,] [scheduling-1] INFO  User_Operation - [User_Operationlog,20] - After User_Operation method: monitorFfmpegProcess
2024-08-26 21:44:50.022 [,] [scheduling-1] INFO  User_Operation - [User_Operationlog,20] - After User_Operation method: monitorFfmpegProcess
2024-08-26 21:45:00.017 [,] [scheduling-1] INFO  User_Operation - [User_Operationlog,20] - After User_Operation method: monitorFfmpegProcess
2024-08-26 21:45:10.043 [,] [scheduling-1] INFO  User_Operation - [User_Operationlog,20] - After User_Operation method: monitorFfmpegProcess
2024-08-26 21:45:20.004 [,] [scheduling-1] INFO  User_Operation - [User_Operationlog,20] - After User_Operation method: monitorFfmpegProcess
2024-08-26 21:45:30.024 [,] [scheduling-1] INFO  User_Operation - [User_Operationlog,20] - After User_Operation method: monitorFfmpegProcess
2024-08-26 21:45:40.035 [,] [scheduling-1] INFO  User_Operation - [User_Operationlog,20] - After User_Operation method: monitorFfmpegProcess
2024-08-26 21:45:50.007 [,] [scheduling-1] INFO  User_Operation - [User_Operationlog,20] - After User_Operation method: monitorFfmpegProcess
2024-08-26 21:46:00.028 [,] [scheduling-1] INFO  User_Operation - [User_Operationlog,20] - After User_Operation method: monitorFfmpegProcess
2024-08-26 21:46:10.015 [,] [scheduling-1] INFO  User_Operation - [User_Operationlog,20] - After User_Operation method: monitorFfmpegProcess
2024-08-26 21:46:20.007 [,] [scheduling-1] INFO  User_Operation - [User_Operationlog,20] - After User_Operation method: monitorFfmpegProcess
2024-08-26 21:46:30.022 [,] [scheduling-1] INFO  User_Operation - [User_Operationlog,20] - After User_Operation method: monitorFfmpegProcess
2024-08-26 21:46:40.009 [,] [scheduling-1] INFO  User_Operation - [User_Operationlog,20] - After User_Operation method: monitorFfmpegProcess
2024-08-26 21:46:50.022 [,] [scheduling-1] INFO  User_Operation - [User_Operationlog,20] - After User_Operation method: monitorFfmpegProcess
2024-08-26 21:47:00.003 [,] [scheduling-1] INFO  User_Operation - [User_Operationlog,20] - After User_Operation method: monitorFfmpegProcess
2024-08-26 21:47:10.024 [,] [scheduling-1] INFO  User_Operation - [User_Operationlog,20] - After User_Operation method: monitorFfmpegProcess
2024-08-26 21:47:20.018 [,] [scheduling-1] INFO  User_Operation - [User_Operationlog,20] - After User_Operation method: monitorFfmpegProcess
2024-08-26 21:47:30.010 [,] [scheduling-1] INFO  User_Operation - [User_Operationlog,20] - After User_Operation method: monitorFfmpegProcess
2024-08-26 21:47:40.005 [,] [scheduling-1] INFO  User_Operation - [User_Operationlog,20] - After User_Operation method: monitorFfmpegProcess
2024-08-26 21:47:50.011 [,] [scheduling-1] INFO  User_Operation - [User_Operationlog,20] - After User_Operation method: monitorFfmpegProcess
2024-08-26 21:48:00.002 [,] [scheduling-1] INFO  User_Operation - [User_Operationlog,20] - After User_Operation method: monitorFfmpegProcess
2024-08-26 21:48:10.006 [,] [scheduling-1] INFO  User_Operation - [User_Operationlog,20] - After User_Operation method: monitorFfmpegProcess
2024-08-26 21:48:20.008 [,] [scheduling-1] INFO  User_Operation - [User_Operationlog,20] - After User_Operation method: monitorFfmpegProcess
2024-08-26 21:48:30.004 [,] [scheduling-1] INFO  User_Operation - [User_Operationlog,20] - After User_Operation method: monitorFfmpegProcess
2024-08-26 21:48:40.014 [,] [scheduling-1] INFO  User_Operation - [User_Operationlog,20] - After User_Operation method: monitorFfmpegProcess
2024-08-26 21:48:50.009 [,] [scheduling-1] INFO  User_Operation - [User_Operationlog,20] - After User_Operation method: monitorFfmpegProcess
2024-08-26 21:49:00.015 [,] [scheduling-1] INFO  User_Operation - [User_Operationlog,20] - After User_Operation method: monitorFfmpegProcess
2024-08-26 21:49:10.010 [,] [scheduling-1] INFO  User_Operation - [User_Operationlog,20] - After User_Operation method: monitorFfmpegProcess
2024-08-26 21:49:20.009 [,] [scheduling-1] INFO  User_Operation - [User_Operationlog,20] - After User_Operation method: monitorFfmpegProcess
2024-08-26 21:49:30.005 [,] [scheduling-1] INFO  User_Operation - [User_Operationlog,20] - After User_Operation method: monitorFfmpegProcess
2024-08-26 21:49:40.004 [,] [scheduling-1] INFO  User_Operation - [User_Operationlog,20] - After User_Operation method: monitorFfmpegProcess
2024-08-26 21:49:50.001 [,] [scheduling-1] INFO  User_Operation - [User_Operationlog,20] - After User_Operation method: monitorFfmpegProcess
2024-08-26 21:50:00.009 [,] [scheduling-1] INFO  User_Operation - [User_Operationlog,20] - After User_Operation method: monitorFfmpegProcess
2024-08-26 21:50:10.011 [,] [scheduling-1] INFO  User_Operation - [User_Operationlog,20] - After User_Operation method: monitorFfmpegProcess
2024-08-26 21:50:20.014 [,] [scheduling-1] INFO  User_Operation - [User_Operationlog,20] - After User_Operation method: monitorFfmpegProcess
2024-08-26 21:50:30.003 [,] [scheduling-1] INFO  User_Operation - [User_Operationlog,20] - After User_Operation method: monitorFfmpegProcess
2024-08-26 21:50:40.002 [,] [scheduling-1] INFO  User_Operation - [User_Operationlog,20] - After User_Operation method: monitorFfmpegProcess
2024-08-26 21:50:50.011 [,] [scheduling-1] INFO  User_Operation - [User_Operationlog,20] - After User_Operation method: monitorFfmpegProcess
2024-08-26 21:51:00.009 [,] [scheduling-1] INFO  User_Operation - [User_Operationlog,20] - After User_Operation method: monitorFfmpegProcess
2024-08-26 21:51:09.845 [,] [SpringApplicationShutdownHook] INFO  c.z.h.HikariDataSource - [close,350] - HikariPool-1 - Shutdown initiated...
2024-08-26 21:51:09.855 [,] [SpringApplicationShutdownHook] INFO  c.z.h.HikariDataSource - [close,352] - HikariPool-1 - Shutdown completed.
2024-08-26 21:51:17.700 [,] [main] INFO  c.s.a.AIOCompanyApplication - [logStarting,55] - Starting AIOCompanyApplication using Java 1.8.0_411 on DESKTOP-0QJEBFD with PID 20296 (E:\AIO_2024.08.16\AIO - 副本 - 测试\AIO-company\target\classes started by neko in E:\AIO_2024.08.16\AIO - 副本 - 测试\AIO-company)
2024-08-26 21:51:17.711 [,] [main] INFO  c.s.a.AIOCompanyApplication - [logStartupProfileInfo,634] - No active profile set, falling back to 1 default profile: "default"
2024-08-26 21:51:19.588 [,] [main] INFO  o.a.c.h.Http11NioProtocol - [log,173] - Initializing ProtocolHandler ["http-nio-8089"]
2024-08-26 21:51:19.589 [,] [main] INFO  o.a.c.c.StandardService - [log,173] - Starting service [Tomcat]
2024-08-26 21:51:19.589 [,] [main] INFO  o.a.c.c.StandardEngine - [log,173] - Starting Servlet engine: [Apache Tomcat/9.0.68]
2024-08-26 21:51:19.711 [,] [main] INFO  o.a.c.c.C.[.[.[/] - [log,173] - Initializing Spring embedded WebApplicationContext
2024-08-26 21:51:19.908 [,] [main] INFO  o.h.j.i.u.LogHelper - [logPersistenceUnitInformation,31] - HHH000204: Processing PersistenceUnitInfo [name: default]
2024-08-26 21:51:19.955 [,] [main] INFO  o.hibernate.Version - [logVersion,44] - HHH000412: Hibernate ORM core version 5.6.12.Final
2024-08-26 21:51:20.077 [,] [main] INFO  o.h.a.common.Version - [<clinit>,56] - HCANN000001: Hibernate Commons Annotations {5.1.2.Final}
2024-08-26 21:51:20.161 [,] [main] INFO  c.z.h.HikariDataSource - [getConnection,110] - HikariPool-1 - Starting...
2024-08-26 21:51:20.269 [,] [main] INFO  c.z.h.HikariDataSource - [getConnection,123] - HikariPool-1 - Start completed.
2024-08-26 21:51:20.280 [,] [main] INFO  o.h.dialect.Dialect - [<init>,175] - HHH000400: Using dialect: org.hibernate.dialect.MySQL8Dialect
2024-08-26 21:51:20.750 [,] [main] INFO  o.h.e.t.j.p.i.JtaPlatformInitiator - [initiateService,52] - HHH000490: Using JtaPlatform implementation: [org.hibernate.engine.transaction.jta.platform.internal.NoJtaPlatform]
2024-08-26 21:51:22.809 [,] [main] INFO  User_Operation - [User_Operationlog,20] - After User_Operation method: initFFmpeg
2024-08-26 21:51:23.435 [,] [main] INFO  o.a.c.h.Http11NioProtocol - [log,173] - Starting ProtocolHandler ["http-nio-8089"]
2024-08-26 21:51:23.503 [,] [main] INFO  c.s.a.AIOCompanyApplication - [logStarted,61] - Started AIOCompanyApplication in 6.135 seconds (JVM running for 7.315)
2024-08-26 21:51:23.504 [,] [main] INFO  User_Operation - [User_Operationlog,20] - After User_Operation method: onApplicationEvent
2024-08-26 21:51:29.770 [,] [http-nio-8089-exec-1] INFO  o.a.c.c.C.[.[.[/] - [log,173] - Initializing Spring DispatcherServlet 'dispatcherServlet'
2024-08-26 21:51:30.013 [,] [scheduling-1] INFO  User_Operation - [User_Operationlog,20] - After User_Operation method: monitorFfmpegProcess
2024-08-26 21:52:03.228 [,] [http-nio-8089-exec-8] INFO  User_Operation - [User_Operationlog,20] - After User_Operation method: AIO
2024-08-26 21:52:03.276 [,] [http-nio-8089-exec-8] INFO  User_Operation - [User_Operationlog,20] - After User_Operation method: getFfmpegEnabled
2024-08-26 21:52:03.277 [,] [http-nio-8089-exec-8] INFO  User_Operation - [User_Operationlog,20] - After User_Operation method: indexWeb
2024-08-26 21:52:03.284 [,] [http-nio-8089-exec-8] INFO  User_Operation - [User_Operationlog,20] - After User_Operation method: getInformation
2024-08-26 21:53:00.022 [,] [scheduling-1] INFO  User_Operation - [User_Operationlog,20] - After User_Operation method: monitorFfmpegProcess
2024-08-26 21:53:44.581 [,] [SpringApplicationShutdownHook] INFO  c.z.h.HikariDataSource - [close,350] - HikariPool-1 - Shutdown initiated...
2024-08-26 21:53:44.586 [,] [SpringApplicationShutdownHook] INFO  c.z.h.HikariDataSource - [close,352] - HikariPool-1 - Shutdown completed.
2024-08-26 21:54:00.031 [,] [main] INFO  c.s.a.AIOCompanyApplication - [logStarting,55] - Starting AIOCompanyApplication using Java 1.8.0_411 on DESKTOP-0QJEBFD with PID 15376 (E:\AIO_2024.08.16\AIO - 副本 - 测试\AIO-company\target\classes started by neko in E:\AIO_2024.08.16\AIO - 副本 - 测试\AIO-company)
2024-08-26 21:54:00.061 [,] [main] INFO  c.s.a.AIOCompanyApplication - [logStartupProfileInfo,634] - No active profile set, falling back to 1 default profile: "default"
2024-08-26 21:54:01.797 [,] [main] INFO  o.a.c.h.Http11NioProtocol - [log,173] - Initializing ProtocolHandler ["http-nio-8089"]
2024-08-26 21:54:01.798 [,] [main] INFO  o.a.c.c.StandardService - [log,173] - Starting service [Tomcat]
2024-08-26 21:54:01.798 [,] [main] INFO  o.a.c.c.StandardEngine - [log,173] - Starting Servlet engine: [Apache Tomcat/9.0.68]
2024-08-26 21:54:01.926 [,] [main] INFO  o.a.c.c.C.[.[.[/] - [log,173] - Initializing Spring embedded WebApplicationContext
2024-08-26 21:54:02.106 [,] [main] INFO  o.h.j.i.u.LogHelper - [logPersistenceUnitInformation,31] - HHH000204: Processing PersistenceUnitInfo [name: default]
2024-08-26 21:54:02.139 [,] [main] INFO  o.hibernate.Version - [logVersion,44] - HHH000412: Hibernate ORM core version 5.6.12.Final
2024-08-26 21:54:02.233 [,] [main] INFO  o.h.a.common.Version - [<clinit>,56] - HCANN000001: Hibernate Commons Annotations {5.1.2.Final}
2024-08-26 21:54:02.299 [,] [main] INFO  c.z.h.HikariDataSource - [getConnection,110] - HikariPool-1 - Starting...
2024-08-26 21:54:02.426 [,] [main] INFO  c.z.h.HikariDataSource - [getConnection,123] - HikariPool-1 - Start completed.
2024-08-26 21:54:02.436 [,] [main] INFO  o.h.dialect.Dialect - [<init>,175] - HHH000400: Using dialect: org.hibernate.dialect.MySQL8Dialect
2024-08-26 21:54:03.232 [,] [main] INFO  o.h.e.t.j.p.i.JtaPlatformInitiator - [initiateService,52] - HHH000490: Using JtaPlatform implementation: [org.hibernate.engine.transaction.jta.platform.internal.NoJtaPlatform]
2024-08-26 21:54:05.436 [,] [main] INFO  User_Operation - [User_Operationlog,20] - After User_Operation method: initFFmpeg
2024-08-26 21:54:06.106 [,] [main] INFO  o.a.c.h.Http11NioProtocol - [log,173] - Starting ProtocolHandler ["http-nio-8089"]
2024-08-26 21:54:06.169 [,] [main] INFO  c.s.a.AIOCompanyApplication - [logStarted,61] - Started AIOCompanyApplication in 6.517 seconds (JVM running for 7.725)
2024-08-26 21:54:06.169 [,] [main] INFO  User_Operation - [User_Operationlog,20] - After User_Operation method: onApplicationEvent
2024-08-26 21:54:10.012 [,] [scheduling-1] INFO  User_Operation - [User_Operationlog,20] - After User_Operation method: monitorFfmpegProcess
2024-08-26 21:54:12.659 [,] [http-nio-8089-exec-1] INFO  o.a.c.c.C.[.[.[/] - [log,173] - Initializing Spring DispatcherServlet 'dispatcherServlet'
2024-08-26 21:54:59.808 [,] [http-nio-8089-exec-5] INFO  User_Operation - [User_Operationlog,20] - After User_Operation method: AIO
2024-08-26 21:54:59.847 [,] [http-nio-8089-exec-5] INFO  User_Operation - [User_Operationlog,20] - After User_Operation method: getFfmpegEnabled
2024-08-26 21:54:59.847 [,] [http-nio-8089-exec-5] INFO  User_Operation - [User_Operationlog,20] - After User_Operation method: indexWeb
2024-08-26 21:54:59.850 [,] [http-nio-8089-exec-5] INFO  User_Operation - [User_Operationlog,20] - After User_Operation method: getInformation
2024-08-26 21:55:53.384 [,] [SpringApplicationShutdownHook] INFO  c.z.h.HikariDataSource - [close,350] - HikariPool-1 - Shutdown initiated...
2024-08-26 21:55:53.389 [,] [SpringApplicationShutdownHook] INFO  c.z.h.HikariDataSource - [close,352] - HikariPool-1 - Shutdown completed.
2024-08-26 21:55:59.582 [,] [main] INFO  c.s.a.AIOCompanyApplication - [logStarting,55] - Starting AIOCompanyApplication using Java 1.8.0_411 on DESKTOP-0QJEBFD with PID 4536 (E:\AIO_2024.08.16\AIO - 副本 - 测试\AIO-company\target\classes started by neko in E:\AIO_2024.08.16\AIO - 副本 - 测试\AIO-company)
2024-08-26 21:55:59.586 [,] [main] INFO  c.s.a.AIOCompanyApplication - [logStartupProfileInfo,634] - No active profile set, falling back to 1 default profile: "default"
2024-08-26 21:56:01.251 [,] [main] INFO  o.a.c.h.Http11NioProtocol - [log,173] - Initializing ProtocolHandler ["http-nio-8089"]
2024-08-26 21:56:01.252 [,] [main] INFO  o.a.c.c.StandardService - [log,173] - Starting service [Tomcat]
2024-08-26 21:56:01.252 [,] [main] INFO  o.a.c.c.StandardEngine - [log,173] - Starting Servlet engine: [Apache Tomcat/9.0.68]
2024-08-26 21:56:01.398 [,] [main] INFO  o.a.c.c.C.[.[.[/] - [log,173] - Initializing Spring embedded WebApplicationContext
2024-08-26 21:56:01.635 [,] [main] INFO  o.h.j.i.u.LogHelper - [logPersistenceUnitInformation,31] - HHH000204: Processing PersistenceUnitInfo [name: default]
2024-08-26 21:56:01.676 [,] [main] INFO  o.hibernate.Version - [logVersion,44] - HHH000412: Hibernate ORM core version 5.6.12.Final
2024-08-26 21:56:01.794 [,] [main] INFO  o.h.a.common.Version - [<clinit>,56] - HCANN000001: Hibernate Commons Annotations {5.1.2.Final}
2024-08-26 21:56:01.881 [,] [main] INFO  c.z.h.HikariDataSource - [getConnection,110] - HikariPool-1 - Starting...
2024-08-26 21:56:02.007 [,] [main] INFO  c.z.h.HikariDataSource - [getConnection,123] - HikariPool-1 - Start completed.
2024-08-26 21:56:02.019 [,] [main] INFO  o.h.dialect.Dialect - [<init>,175] - HHH000400: Using dialect: org.hibernate.dialect.MySQL8Dialect
2024-08-26 21:56:02.533 [,] [main] INFO  o.h.e.t.j.p.i.JtaPlatformInitiator - [initiateService,52] - HHH000490: Using JtaPlatform implementation: [org.hibernate.engine.transaction.jta.platform.internal.NoJtaPlatform]
2024-08-26 21:56:04.872 [,] [main] INFO  User_Operation - [User_Operationlog,20] - After User_Operation method: initFFmpeg
2024-08-26 21:56:05.531 [,] [main] INFO  o.a.c.h.Http11NioProtocol - [log,173] - Starting ProtocolHandler ["http-nio-8089"]
2024-08-26 21:56:05.598 [,] [main] INFO  c.s.a.AIOCompanyApplication - [logStarted,61] - Started AIOCompanyApplication in 6.343 seconds (JVM running for 7.485)
2024-08-26 21:56:05.598 [,] [main] INFO  User_Operation - [User_Operationlog,20] - After User_Operation method: onApplicationEvent
2024-08-26 21:56:09.819 [,] [http-nio-8089-exec-1] INFO  o.a.c.c.C.[.[.[/] - [log,173] - Initializing Spring DispatcherServlet 'dispatcherServlet'
2024-08-26 21:56:09.839 [,] [http-nio-8089-exec-1] INFO  User_Operation - [User_Operationlog,20] - After User_Operation method: AIO
2024-08-26 21:56:09.852 [,] [http-nio-8089-exec-1] INFO  User_Operation - [User_Operationlog,20] - After User_Operation method: getFfmpegEnabled
2024-08-26 21:56:09.852 [,] [http-nio-8089-exec-1] INFO  User_Operation - [User_Operationlog,20] - After User_Operation method: indexWeb
2024-08-26 21:56:09.854 [,] [http-nio-8089-exec-1] INFO  User_Operation - [User_Operationlog,20] - After User_Operation method: getInformation
2024-08-26 21:56:10.013 [,] [scheduling-1] INFO  User_Operation - [User_Operationlog,20] - After User_Operation method: monitorFfmpegProcess
2024-08-26 22:03:54.421 [,] [SpringApplicationShutdownHook] INFO  c.z.h.HikariDataSource - [close,350] - HikariPool-1 - Shutdown initiated...
2024-08-26 22:03:54.427 [,] [SpringApplicationShutdownHook] INFO  c.z.h.HikariDataSource - [close,352] - HikariPool-1 - Shutdown completed.
2024-08-26 22:04:02.195 [,] [main] INFO  c.s.a.AIOCompanyApplication - [logStarting,55] - Starting AIOCompanyApplication using Java 1.8.0_411 on DESKTOP-0QJEBFD with PID 23144 (E:\AIO_2024.08.16\AIO - 副本 - 测试\AIO-company\target\classes started by neko in E:\AIO_2024.08.16\AIO - 副本 - 测试\AIO-company)
2024-08-26 22:04:02.198 [,] [main] INFO  c.s.a.AIOCompanyApplication - [logStartupProfileInfo,634] - No active profile set, falling back to 1 default profile: "default"
2024-08-26 22:04:04.338 [,] [main] INFO  o.a.c.h.Http11NioProtocol - [log,173] - Initializing ProtocolHandler ["http-nio-8089"]
2024-08-26 22:04:04.338 [,] [main] INFO  o.a.c.c.StandardService - [log,173] - Starting service [Tomcat]
2024-08-26 22:04:04.338 [,] [main] INFO  o.a.c.c.StandardEngine - [log,173] - Starting Servlet engine: [Apache Tomcat/9.0.68]
2024-08-26 22:04:04.465 [,] [main] INFO  o.a.c.c.C.[.[.[/] - [log,173] - Initializing Spring embedded WebApplicationContext
2024-08-26 22:04:04.659 [,] [main] INFO  o.h.j.i.u.LogHelper - [logPersistenceUnitInformation,31] - HHH000204: Processing PersistenceUnitInfo [name: default]
2024-08-26 22:04:04.697 [,] [main] INFO  o.hibernate.Version - [logVersion,44] - HHH000412: Hibernate ORM core version 5.6.12.Final
2024-08-26 22:04:04.802 [,] [main] INFO  o.h.a.common.Version - [<clinit>,56] - HCANN000001: Hibernate Commons Annotations {5.1.2.Final}
2024-08-26 22:04:04.871 [,] [main] INFO  c.z.h.HikariDataSource - [getConnection,110] - HikariPool-1 - Starting...
2024-08-26 22:04:04.991 [,] [main] INFO  c.z.h.HikariDataSource - [getConnection,123] - HikariPool-1 - Start completed.
2024-08-26 22:04:05.001 [,] [main] INFO  o.h.dialect.Dialect - [<init>,175] - HHH000400: Using dialect: org.hibernate.dialect.MySQL8Dialect
2024-08-26 22:04:05.427 [,] [main] INFO  o.h.e.t.j.p.i.JtaPlatformInitiator - [initiateService,52] - HHH000490: Using JtaPlatform implementation: [org.hibernate.engine.transaction.jta.platform.internal.NoJtaPlatform]
2024-08-26 22:04:07.536 [,] [main] INFO  User_Operation - [User_Operationlog,20] - After User_Operation method: initFFmpeg
2024-08-26 22:04:08.139 [,] [main] INFO  o.a.c.h.Http11NioProtocol - [log,173] - Starting ProtocolHandler ["http-nio-8089"]
2024-08-26 22:04:08.207 [,] [main] INFO  c.s.a.AIOCompanyApplication - [logStarted,61] - Started AIOCompanyApplication in 6.353 seconds (JVM running for 7.491)
2024-08-26 22:04:08.208 [,] [main] INFO  User_Operation - [User_Operationlog,20] - After User_Operation method: onApplicationEvent
2024-08-26 22:04:10.012 [,] [scheduling-1] INFO  User_Operation - [User_Operationlog,20] - After User_Operation method: monitorFfmpegProcess
2024-08-26 22:04:17.775 [,] [http-nio-8089-exec-1] INFO  o.a.c.c.C.[.[.[/] - [log,173] - Initializing Spring DispatcherServlet 'dispatcherServlet'
2024-08-26 22:04:17.843 [,] [http-nio-8089-exec-1] INFO  User_Operation - [User_Operationlog,20] - After User_Operation method: AIO
2024-08-26 22:04:17.867 [,] [http-nio-8089-exec-1] INFO  User_Operation - [User_Operationlog,20] - After User_Operation method: getFfmpegEnabled
2024-08-26 22:04:17.868 [,] [http-nio-8089-exec-1] INFO  User_Operation - [User_Operationlog,20] - After User_Operation method: indexWeb
2024-08-26 22:04:17.870 [,] [http-nio-8089-exec-1] INFO  User_Operation - [User_Operationlog,20] - After User_Operation method: getInformation
2024-08-26 22:06:23.777 [,] [SpringApplicationShutdownHook] INFO  c.z.h.HikariDataSource - [close,350] - HikariPool-1 - Shutdown initiated...
2024-08-26 22:06:23.787 [,] [SpringApplicationShutdownHook] INFO  c.z.h.HikariDataSource - [close,352] - HikariPool-1 - Shutdown completed.
2024-08-26 22:06:31.914 [,] [main] INFO  c.s.a.AIOCompanyApplication - [logStarting,55] - Starting AIOCompanyApplication using Java 1.8.0_411 on DESKTOP-0QJEBFD with PID 8928 (E:\AIO_2024.08.16\AIO - 副本 - 测试\AIO-company\target\classes started by neko in E:\AIO_2024.08.16\AIO - 副本 - 测试\AIO-company)
2024-08-26 22:06:31.930 [,] [main] INFO  c.s.a.AIOCompanyApplication - [logStartupProfileInfo,634] - No active profile set, falling back to 1 default profile: "default"
2024-08-26 22:06:33.517 [,] [main] INFO  o.a.c.h.Http11NioProtocol - [log,173] - Initializing ProtocolHandler ["http-nio-8089"]
2024-08-26 22:06:33.518 [,] [main] INFO  o.a.c.c.StandardService - [log,173] - Starting service [Tomcat]
2024-08-26 22:06:33.518 [,] [main] INFO  o.a.c.c.StandardEngine - [log,173] - Starting Servlet engine: [Apache Tomcat/9.0.68]
2024-08-26 22:06:33.640 [,] [main] INFO  o.a.c.c.C.[.[.[/] - [log,173] - Initializing Spring embedded WebApplicationContext
2024-08-26 22:06:33.845 [,] [main] INFO  o.h.j.i.u.LogHelper - [logPersistenceUnitInformation,31] - HHH000204: Processing PersistenceUnitInfo [name: default]
2024-08-26 22:06:33.880 [,] [main] INFO  o.hibernate.Version - [logVersion,44] - HHH000412: Hibernate ORM core version 5.6.12.Final
2024-08-26 22:06:33.992 [,] [main] INFO  o.h.a.common.Version - [<clinit>,56] - HCANN000001: Hibernate Commons Annotations {5.1.2.Final}
2024-08-26 22:06:34.071 [,] [main] INFO  c.z.h.HikariDataSource - [getConnection,110] - HikariPool-1 - Starting...
2024-08-26 22:06:34.190 [,] [main] INFO  c.z.h.HikariDataSource - [getConnection,123] - HikariPool-1 - Start completed.
2024-08-26 22:06:34.201 [,] [main] INFO  o.h.dialect.Dialect - [<init>,175] - HHH000400: Using dialect: org.hibernate.dialect.MySQL8Dialect
2024-08-26 22:06:34.666 [,] [main] INFO  o.h.e.t.j.p.i.JtaPlatformInitiator - [initiateService,52] - HHH000490: Using JtaPlatform implementation: [org.hibernate.engine.transaction.jta.platform.internal.NoJtaPlatform]
2024-08-26 22:06:36.736 [,] [main] INFO  User_Operation - [User_Operationlog,20] - After User_Operation method: initFFmpeg
2024-08-26 22:06:37.387 [,] [main] INFO  o.a.c.h.Http11NioProtocol - [log,173] - Starting ProtocolHandler ["http-nio-8089"]
2024-08-26 22:06:37.459 [,] [main] INFO  c.s.a.AIOCompanyApplication - [logStarted,61] - Started AIOCompanyApplication in 5.886 seconds (JVM running for 7.053)
2024-08-26 22:06:37.460 [,] [main] INFO  User_Operation - [User_Operationlog,20] - After User_Operation method: onApplicationEvent
2024-08-26 22:06:40.002 [,] [scheduling-1] INFO  User_Operation - [User_Operationlog,20] - After User_Operation method: monitorFfmpegProcess
2024-08-26 22:06:46.528 [,] [http-nio-8089-exec-1] INFO  o.a.c.c.C.[.[.[/] - [log,173] - Initializing Spring DispatcherServlet 'dispatcherServlet'
2024-08-26 22:06:46.552 [,] [http-nio-8089-exec-1] INFO  User_Operation - [User_Operationlog,20] - After User_Operation method: AIO
2024-08-26 22:06:46.566 [,] [http-nio-8089-exec-1] INFO  User_Operation - [User_Operationlog,20] - After User_Operation method: getFfmpegEnabled
2024-08-26 22:06:46.566 [,] [http-nio-8089-exec-1] INFO  User_Operation - [User_Operationlog,20] - After User_Operation method: indexWeb
2024-08-26 22:06:46.568 [,] [http-nio-8089-exec-1] INFO  User_Operation - [User_Operationlog,20] - After User_Operation method: getInformation
2024-08-26 22:10:27.961 [,] [SpringApplicationShutdownHook] INFO  c.z.h.HikariDataSource - [close,350] - HikariPool-1 - Shutdown initiated...
2024-08-26 22:10:27.973 [,] [SpringApplicationShutdownHook] INFO  c.z.h.HikariDataSource - [close,352] - HikariPool-1 - Shutdown completed.
2024-08-26 22:10:35.933 [,] [main] INFO  c.s.a.AIOCompanyApplication - [logStarting,55] - Starting AIOCompanyApplication using Java 1.8.0_411 on DESKTOP-0QJEBFD with PID 10224 (E:\AIO_2024.08.16\AIO - 副本 - 测试\AIO-company\target\classes started by neko in E:\AIO_2024.08.16\AIO - 副本 - 测试\AIO-company)
2024-08-26 22:10:35.936 [,] [main] INFO  c.s.a.AIOCompanyApplication - [logStartupProfileInfo,634] - No active profile set, falling back to 1 default profile: "default"
2024-08-26 22:10:37.504 [,] [main] INFO  o.a.c.h.Http11NioProtocol - [log,173] - Initializing ProtocolHandler ["http-nio-8089"]
2024-08-26 22:10:37.505 [,] [main] INFO  o.a.c.c.StandardService - [log,173] - Starting service [Tomcat]
2024-08-26 22:10:37.505 [,] [main] INFO  o.a.c.c.StandardEngine - [log,173] - Starting Servlet engine: [Apache Tomcat/9.0.68]
2024-08-26 22:10:37.624 [,] [main] INFO  o.a.c.c.C.[.[.[/] - [log,173] - Initializing Spring embedded WebApplicationContext
2024-08-26 22:10:37.814 [,] [main] INFO  o.h.j.i.u.LogHelper - [logPersistenceUnitInformation,31] - HHH000204: Processing PersistenceUnitInfo [name: default]
2024-08-26 22:10:37.850 [,] [main] INFO  o.hibernate.Version - [logVersion,44] - HHH000412: Hibernate ORM core version 5.6.12.Final
2024-08-26 22:10:37.951 [,] [main] INFO  o.h.a.common.Version - [<clinit>,56] - HCANN000001: Hibernate Commons Annotations {5.1.2.Final}
2024-08-26 22:10:38.020 [,] [main] INFO  c.z.h.HikariDataSource - [getConnection,110] - HikariPool-1 - Starting...
2024-08-26 22:10:38.154 [,] [main] INFO  c.z.h.HikariDataSource - [getConnection,123] - HikariPool-1 - Start completed.
2024-08-26 22:10:38.164 [,] [main] INFO  o.h.dialect.Dialect - [<init>,175] - HHH000400: Using dialect: org.hibernate.dialect.MySQL8Dialect
2024-08-26 22:10:38.589 [,] [main] INFO  o.h.e.t.j.p.i.JtaPlatformInitiator - [initiateService,52] - HHH000490: Using JtaPlatform implementation: [org.hibernate.engine.transaction.jta.platform.internal.NoJtaPlatform]
2024-08-26 22:10:40.631 [,] [main] INFO  User_Operation - [User_Operationlog,20] - After User_Operation method: initFFmpeg
2024-08-26 22:10:41.297 [,] [main] INFO  o.a.c.h.Http11NioProtocol - [log,173] - Starting ProtocolHandler ["http-nio-8089"]
2024-08-26 22:10:41.364 [,] [main] INFO  c.s.a.AIOCompanyApplication - [logStarted,61] - Started AIOCompanyApplication in 5.752 seconds (JVM running for 6.884)
2024-08-26 22:10:41.365 [,] [main] INFO  User_Operation - [User_Operationlog,20] - After User_Operation method: onApplicationEvent
2024-08-26 22:10:50.013 [,] [scheduling-1] INFO  User_Operation - [User_Operationlog,20] - After User_Operation method: monitorFfmpegProcess
2024-08-26 22:11:38.501 [,] [SpringApplicationShutdownHook] INFO  c.z.h.HikariDataSource - [close,350] - HikariPool-1 - Shutdown initiated...
2024-08-26 22:11:38.517 [,] [SpringApplicationShutdownHook] INFO  c.z.h.HikariDataSource - [close,352] - HikariPool-1 - Shutdown completed.
2024-08-26 22:11:46.242 [,] [main] INFO  c.s.a.AIOCompanyApplication - [logStarting,55] - Starting AIOCompanyApplication using Java 1.8.0_411 on DESKTOP-0QJEBFD with PID 8956 (E:\AIO_2024.08.16\AIO - 副本 - 测试\AIO-company\target\classes started by neko in E:\AIO_2024.08.16\AIO - 副本 - 测试\AIO-company)
2024-08-26 22:11:46.745 [,] [main] INFO  c.s.a.AIOCompanyApplication - [logStartupProfileInfo,634] - No active profile set, falling back to 1 default profile: "default"
2024-08-26 22:11:48.401 [,] [main] INFO  o.a.c.h.Http11NioProtocol - [log,173] - Initializing ProtocolHandler ["http-nio-8089"]
2024-08-26 22:11:48.401 [,] [main] INFO  o.a.c.c.StandardService - [log,173] - Starting service [Tomcat]
2024-08-26 22:11:48.401 [,] [main] INFO  o.a.c.c.StandardEngine - [log,173] - Starting Servlet engine: [Apache Tomcat/9.0.68]
2024-08-26 22:11:48.526 [,] [main] INFO  o.a.c.c.C.[.[.[/] - [log,173] - Initializing Spring embedded WebApplicationContext
2024-08-26 22:11:48.722 [,] [main] INFO  o.h.j.i.u.LogHelper - [logPersistenceUnitInformation,31] - HHH000204: Processing PersistenceUnitInfo [name: default]
2024-08-26 22:11:48.756 [,] [main] INFO  o.hibernate.Version - [logVersion,44] - HHH000412: Hibernate ORM core version 5.6.12.Final
2024-08-26 22:11:48.867 [,] [main] INFO  o.h.a.common.Version - [<clinit>,56] - HCANN000001: Hibernate Commons Annotations {5.1.2.Final}
2024-08-26 22:11:48.947 [,] [main] INFO  c.z.h.HikariDataSource - [getConnection,110] - HikariPool-1 - Starting...
2024-08-26 22:11:49.239 [,] [main] INFO  c.z.h.HikariDataSource - [getConnection,123] - HikariPool-1 - Start completed.
2024-08-26 22:11:49.252 [,] [main] INFO  o.h.dialect.Dialect - [<init>,175] - HHH000400: Using dialect: org.hibernate.dialect.MySQL8Dialect
2024-08-26 22:11:49.711 [,] [main] INFO  o.h.e.t.j.p.i.JtaPlatformInitiator - [initiateService,52] - HHH000490: Using JtaPlatform implementation: [org.hibernate.engine.transaction.jta.platform.internal.NoJtaPlatform]
2024-08-26 22:11:51.765 [,] [main] INFO  User_Operation - [User_Operationlog,20] - After User_Operation method: initFFmpeg
2024-08-26 22:11:52.400 [,] [main] INFO  o.a.c.h.Http11NioProtocol - [log,173] - Starting ProtocolHandler ["http-nio-8089"]
2024-08-26 22:11:52.466 [,] [main] INFO  c.s.a.AIOCompanyApplication - [logStarted,61] - Started AIOCompanyApplication in 6.57 seconds (JVM running for 7.71)
2024-08-26 22:11:52.466 [,] [main] INFO  User_Operation - [User_Operationlog,20] - After User_Operation method: onApplicationEvent
2024-08-26 22:12:00.015 [,] [scheduling-1] INFO  User_Operation - [User_Operationlog,20] - After User_Operation method: monitorFfmpegProcess
2024-08-26 22:15:28.985 [,] [SpringApplicationShutdownHook] INFO  c.z.h.HikariDataSource - [close,350] - HikariPool-1 - Shutdown initiated...
2024-08-26 22:15:28.998 [,] [SpringApplicationShutdownHook] INFO  c.z.h.HikariDataSource - [close,352] - HikariPool-1 - Shutdown completed.
2024-08-26 22:15:38.229 [,] [main] INFO  c.s.a.AIOCompanyApplication - [logStarting,55] - Starting AIOCompanyApplication using Java 1.8.0_411 on DESKTOP-0QJEBFD with PID 22236 (E:\AIO_2024.08.16\AIO - 副本 - 测试\AIO-company\target\classes started by neko in E:\AIO_2024.08.16\AIO - 副本 - 测试\AIO-company)
2024-08-26 22:15:38.334 [,] [main] INFO  c.s.a.AIOCompanyApplication - [logStartupProfileInfo,634] - No active profile set, falling back to 1 default profile: "default"
2024-08-26 22:15:40.206 [,] [main] INFO  o.a.c.h.Http11NioProtocol - [log,173] - Initializing ProtocolHandler ["http-nio-8089"]
2024-08-26 22:15:40.206 [,] [main] INFO  o.a.c.c.StandardService - [log,173] - Starting service [Tomcat]
2024-08-26 22:15:40.206 [,] [main] INFO  o.a.c.c.StandardEngine - [log,173] - Starting Servlet engine: [Apache Tomcat/9.0.68]
2024-08-26 22:15:40.327 [,] [main] INFO  o.a.c.c.C.[.[.[/] - [log,173] - Initializing Spring embedded WebApplicationContext
2024-08-26 22:15:40.513 [,] [main] INFO  o.h.j.i.u.LogHelper - [logPersistenceUnitInformation,31] - HHH000204: Processing PersistenceUnitInfo [name: default]
2024-08-26 22:15:40.546 [,] [main] INFO  o.hibernate.Version - [logVersion,44] - HHH000412: Hibernate ORM core version 5.6.12.Final
2024-08-26 22:15:40.645 [,] [main] INFO  o.h.a.common.Version - [<clinit>,56] - HCANN000001: Hibernate Commons Annotations {5.1.2.Final}
2024-08-26 22:15:40.715 [,] [main] INFO  c.z.h.HikariDataSource - [getConnection,110] - HikariPool-1 - Starting...
2024-08-26 22:15:40.832 [,] [main] INFO  c.z.h.HikariDataSource - [getConnection,123] - HikariPool-1 - Start completed.
2024-08-26 22:15:40.843 [,] [main] INFO  o.h.dialect.Dialect - [<init>,175] - HHH000400: Using dialect: org.hibernate.dialect.MySQL8Dialect
2024-08-26 22:15:41.294 [,] [main] INFO  o.h.e.t.j.p.i.JtaPlatformInitiator - [initiateService,52] - HHH000490: Using JtaPlatform implementation: [org.hibernate.engine.transaction.jta.platform.internal.NoJtaPlatform]
2024-08-26 22:15:43.353 [,] [main] INFO  User_Operation - [User_Operationlog,20] - After User_Operation method: initFFmpeg
2024-08-26 22:15:43.956 [,] [main] INFO  o.a.c.h.Http11NioProtocol - [log,173] - Starting ProtocolHandler ["http-nio-8089"]
2024-08-26 22:15:44.032 [,] [main] INFO  c.s.a.AIOCompanyApplication - [logStarted,61] - Started AIOCompanyApplication in 6.185 seconds (JVM running for 7.501)
2024-08-26 22:15:44.033 [,] [main] INFO  User_Operation - [User_Operationlog,20] - After User_Operation method: onApplicationEvent
2024-08-26 22:15:50.012 [,] [scheduling-1] INFO  User_Operation - [User_Operationlog,20] - After User_Operation method: monitorFfmpegProcess
2024-08-26 22:16:44.447 [,] [SpringApplicationShutdownHook] INFO  c.z.h.HikariDataSource - [close,350] - HikariPool-1 - Shutdown initiated...
2024-08-26 22:16:44.467 [,] [SpringApplicationShutdownHook] INFO  c.z.h.HikariDataSource - [close,352] - HikariPool-1 - Shutdown completed.
2024-08-26 22:16:51.695 [,] [main] INFO  c.s.a.AIOCompanyApplication - [logStarting,55] - Starting AIOCompanyApplication using Java 1.8.0_411 on DESKTOP-0QJEBFD with PID 13280 (E:\AIO_2024.08.16\AIO - 副本 - 测试\AIO-company\target\classes started by neko in E:\AIO_2024.08.16\AIO - 副本 - 测试\AIO-company)
2024-08-26 22:16:51.704 [,] [main] INFO  c.s.a.AIOCompanyApplication - [logStartupProfileInfo,634] - No active profile set, falling back to 1 default profile: "default"
2024-08-26 22:16:53.275 [,] [main] INFO  o.a.c.h.Http11NioProtocol - [log,173] - Initializing ProtocolHandler ["http-nio-8089"]
2024-08-26 22:16:53.275 [,] [main] INFO  o.a.c.c.StandardService - [log,173] - Starting service [Tomcat]
2024-08-26 22:16:53.275 [,] [main] INFO  o.a.c.c.StandardEngine - [log,173] - Starting Servlet engine: [Apache Tomcat/9.0.68]
2024-08-26 22:16:53.401 [,] [main] INFO  o.a.c.c.C.[.[.[/] - [log,173] - Initializing Spring embedded WebApplicationContext
2024-08-26 22:16:53.597 [,] [main] INFO  o.h.j.i.u.LogHelper - [logPersistenceUnitInformation,31] - HHH000204: Processing PersistenceUnitInfo [name: default]
2024-08-26 22:16:53.632 [,] [main] INFO  o.hibernate.Version - [logVersion,44] - HHH000412: Hibernate ORM core version 5.6.12.Final
2024-08-26 22:16:53.738 [,] [main] INFO  o.h.a.common.Version - [<clinit>,56] - HCANN000001: Hibernate Commons Annotations {5.1.2.Final}
2024-08-26 22:16:53.817 [,] [main] INFO  c.z.h.HikariDataSource - [getConnection,110] - HikariPool-1 - Starting...
2024-08-26 22:16:53.935 [,] [main] INFO  c.z.h.HikariDataSource - [getConnection,123] - HikariPool-1 - Start completed.
2024-08-26 22:16:53.945 [,] [main] INFO  o.h.dialect.Dialect - [<init>,175] - HHH000400: Using dialect: org.hibernate.dialect.MySQL8Dialect
2024-08-26 22:16:54.705 [,] [main] INFO  o.h.e.t.j.p.i.JtaPlatformInitiator - [initiateService,52] - HHH000490: Using JtaPlatform implementation: [org.hibernate.engine.transaction.jta.platform.internal.NoJtaPlatform]
2024-08-26 22:16:56.763 [,] [main] INFO  User_Operation - [User_Operationlog,20] - After User_Operation method: initFFmpeg
2024-08-26 22:16:57.386 [,] [main] INFO  o.a.c.h.Http11NioProtocol - [log,173] - Starting ProtocolHandler ["http-nio-8089"]
2024-08-26 22:16:57.448 [,] [main] INFO  c.s.a.AIOCompanyApplication - [logStarted,61] - Started AIOCompanyApplication in 6.082 seconds (JVM running for 7.208)
2024-08-26 22:16:57.449 [,] [main] INFO  User_Operation - [User_Operationlog,20] - After User_Operation method: onApplicationEvent
2024-08-26 22:17:00.008 [,] [scheduling-1] INFO  User_Operation - [User_Operationlog,20] - After User_Operation method: monitorFfmpegProcess
2024-08-26 22:19:29.794 [,] [SpringApplicationShutdownHook] INFO  c.z.h.HikariDataSource - [close,350] - HikariPool-1 - Shutdown initiated...
2024-08-26 22:19:29.801 [,] [SpringApplicationShutdownHook] INFO  c.z.h.HikariDataSource - [close,352] - HikariPool-1 - Shutdown completed.
2024-08-26 22:20:58.749 [,] [main] INFO  c.s.a.AIOCompanyApplication - [logStarting,55] - Starting AIOCompanyApplication using Java 1.8.0_411 on DESKTOP-0QJEBFD with PID 8528 (E:\AIO_2024.08.16\AIO - 副本 - 测试\AIO-company\target\classes started by neko in E:\AIO_2024.08.16\AIO - 副本 - 测试\AIO-company)
2024-08-26 22:20:58.757 [,] [main] INFO  c.s.a.AIOCompanyApplication - [logStartupProfileInfo,634] - No active profile set, falling back to 1 default profile: "default"
2024-08-26 22:21:00.329 [,] [main] INFO  o.a.c.h.Http11NioProtocol - [log,173] - Initializing ProtocolHandler ["http-nio-8089"]
2024-08-26 22:21:00.329 [,] [main] INFO  o.a.c.c.StandardService - [log,173] - Starting service [Tomcat]
2024-08-26 22:21:00.330 [,] [main] INFO  o.a.c.c.StandardEngine - [log,173] - Starting Servlet engine: [Apache Tomcat/9.0.68]
2024-08-26 22:21:00.459 [,] [main] INFO  o.a.c.c.C.[.[.[/] - [log,173] - Initializing Spring embedded WebApplicationContext
2024-08-26 22:21:00.653 [,] [main] INFO  o.h.j.i.u.LogHelper - [logPersistenceUnitInformation,31] - HHH000204: Processing PersistenceUnitInfo [name: default]
2024-08-26 22:21:00.689 [,] [main] INFO  o.hibernate.Version - [logVersion,44] - HHH000412: Hibernate ORM core version 5.6.12.Final
2024-08-26 22:21:00.799 [,] [main] INFO  o.h.a.common.Version - [<clinit>,56] - HCANN000001: Hibernate Commons Annotations {5.1.2.Final}
2024-08-26 22:21:00.871 [,] [main] INFO  c.z.h.HikariDataSource - [getConnection,110] - HikariPool-1 - Starting...
2024-08-26 22:21:00.985 [,] [main] INFO  c.z.h.HikariDataSource - [getConnection,123] - HikariPool-1 - Start completed.
2024-08-26 22:21:00.995 [,] [main] INFO  o.h.dialect.Dialect - [<init>,175] - HHH000400: Using dialect: org.hibernate.dialect.MySQL8Dialect
2024-08-26 22:21:01.420 [,] [main] INFO  o.h.e.t.j.p.i.JtaPlatformInitiator - [initiateService,52] - HHH000490: Using JtaPlatform implementation: [org.hibernate.engine.transaction.jta.platform.internal.NoJtaPlatform]
2024-08-26 22:21:03.491 [,] [main] INFO  User_Operation - [User_Operationlog,20] - After User_Operation method: initFFmpeg
2024-08-26 22:21:04.136 [,] [main] INFO  o.a.c.h.Http11NioProtocol - [log,173] - Starting ProtocolHandler ["http-nio-8089"]
2024-08-26 22:21:04.202 [,] [main] INFO  c.s.a.AIOCompanyApplication - [logStarted,61] - Started AIOCompanyApplication in 5.781 seconds (JVM running for 6.906)
2024-08-26 22:21:04.203 [,] [main] INFO  User_Operation - [User_Operationlog,20] - After User_Operation method: onApplicationEvent
2024-08-26 22:21:10.013 [,] [scheduling-1] INFO  User_Operation - [User_Operationlog,20] - After User_Operation method: monitorFfmpegProcess
2024-08-26 22:59:45.403 [,] [SpringApplicationShutdownHook] INFO  c.z.h.HikariDataSource - [close,350] - HikariPool-1 - Shutdown initiated...
2024-08-26 22:59:45.410 [,] [SpringApplicationShutdownHook] INFO  c.z.h.HikariDataSource - [close,352] - HikariPool-1 - Shutdown completed.
2024-08-26 22:59:55.175 [,] [main] INFO  c.s.a.AIOCompanyApplication - [logStarting,55] - Starting AIOCompanyApplication using Java 1.8.0_411 on DESKTOP-0QJEBFD with PID 22376 (E:\AIO_2024.08.16\AIO - 副本 - 测试\AIO-company\target\classes started by neko in E:\AIO_2024.08.16\AIO - 副本 - 测试\AIO-company)
2024-08-26 22:59:55.179 [,] [main] INFO  c.s.a.AIOCompanyApplication - [logStartupProfileInfo,634] - No active profile set, falling back to 1 default profile: "default"
2024-08-26 22:59:57.103 [,] [main] INFO  o.a.c.h.Http11NioProtocol - [log,173] - Initializing ProtocolHandler ["http-nio-8089"]
2024-08-26 22:59:57.104 [,] [main] INFO  o.a.c.c.StandardService - [log,173] - Starting service [Tomcat]
2024-08-26 22:59:57.104 [,] [main] INFO  o.a.c.c.StandardEngine - [log,173] - Starting Servlet engine: [Apache Tomcat/9.0.68]
2024-08-26 22:59:57.229 [,] [main] INFO  o.a.c.c.C.[.[.[/] - [log,173] - Initializing Spring embedded WebApplicationContext
2024-08-26 22:59:57.424 [,] [main] INFO  o.h.j.i.u.LogHelper - [logPersistenceUnitInformation,31] - HHH000204: Processing PersistenceUnitInfo [name: default]
2024-08-26 22:59:57.466 [,] [main] INFO  o.hibernate.Version - [logVersion,44] - HHH000412: Hibernate ORM core version 5.6.12.Final
2024-08-26 22:59:57.588 [,] [main] INFO  o.h.a.common.Version - [<clinit>,56] - HCANN000001: Hibernate Commons Annotations {5.1.2.Final}
2024-08-26 22:59:57.675 [,] [main] INFO  c.z.h.HikariDataSource - [getConnection,110] - HikariPool-1 - Starting...
2024-08-26 22:59:57.809 [,] [main] INFO  c.z.h.HikariDataSource - [getConnection,123] - HikariPool-1 - Start completed.
2024-08-26 22:59:57.821 [,] [main] INFO  o.h.dialect.Dialect - [<init>,175] - HHH000400: Using dialect: org.hibernate.dialect.MySQL8Dialect
2024-08-26 22:59:58.397 [,] [main] INFO  o.h.e.t.j.p.i.JtaPlatformInitiator - [initiateService,52] - HHH000490: Using JtaPlatform implementation: [org.hibernate.engine.transaction.jta.platform.internal.NoJtaPlatform]
2024-08-26 23:00:00.521 [,] [main] INFO  User_Operation - [User_Operationlog,20] - After User_Operation method: initFFmpeg
2024-08-26 23:00:01.132 [,] [main] INFO  o.a.c.h.Http11NioProtocol - [log,173] - Starting ProtocolHandler ["http-nio-8089"]
2024-08-26 23:00:01.198 [,] [main] INFO  c.s.a.AIOCompanyApplication - [logStarted,61] - Started AIOCompanyApplication in 6.367 seconds (JVM running for 7.583)
2024-08-26 23:00:01.198 [,] [main] INFO  User_Operation - [User_Operationlog,20] - After User_Operation method: onApplicationEvent
2024-08-26 23:00:10.003 [,] [scheduling-1] INFO  User_Operation - [User_Operationlog,20] - After User_Operation method: monitorFfmpegProcess
2024-08-26 23:00:31.833 [,] [http-nio-8089-exec-1] INFO  o.a.c.c.C.[.[.[/] - [log,173] - Initializing Spring DispatcherServlet 'dispatcherServlet'
2024-08-26 23:00:31.869 [,] [http-nio-8089-exec-1] INFO  User_Operation - [User_Operationlog,20] - After User_Operation method: AIO
2024-08-26 23:00:31.946 [,] [http-nio-8089-exec-1] INFO  User_Operation - [User_Operationlog,20] - After User_Operation method: getFfmpegEnabled
2024-08-26 23:00:31.946 [,] [http-nio-8089-exec-1] INFO  User_Operation - [User_Operationlog,20] - After User_Operation method: indexWeb
2024-08-26 23:00:31.949 [,] [http-nio-8089-exec-1] INFO  User_Operation - [User_Operationlog,20] - After User_Operation method: getInformation
2024-08-26 23:05:10.008 [,] [scheduling-1] INFO  User_Operation - [User_Operationlog,20] - After User_Operation method: monitorFfmpegProcess
2024-08-26 23:06:20.011 [,] [scheduling-1] INFO  User_Operation - [User_Operationlog,20] - After User_Operation method: monitorFfmpegProcess
2024-08-26 23:07:14.412 [,] [SpringApplicationShutdownHook] INFO  c.z.h.HikariDataSource - [close,350] - HikariPool-1 - Shutdown initiated...
2024-08-26 23:07:14.427 [,] [SpringApplicationShutdownHook] INFO  c.z.h.HikariDataSource - [close,352] - HikariPool-1 - Shutdown completed.
2024-08-26 23:07:31.281 [,] [main] INFO  c.s.a.AIOCompanyApplication - [logStarting,55] - Starting AIOCompanyApplication using Java 1.8.0_411 on DESKTOP-0QJEBFD with PID 4824 (E:\AIO_2024.08.16\AIO - 副本 - 测试\AIO-company\target\classes started by neko in E:\AIO_2024.08.16\AIO - 副本 - 测试\AIO-company)
2024-08-26 23:07:31.298 [,] [main] INFO  c.s.a.AIOCompanyApplication - [logStartupProfileInfo,634] - No active profile set, falling back to 1 default profile: "default"
2024-08-26 23:07:34.439 [,] [main] INFO  o.a.c.h.Http11NioProtocol - [log,173] - Initializing ProtocolHandler ["http-nio-8089"]
2024-08-26 23:07:34.439 [,] [main] INFO  o.a.c.c.StandardService - [log,173] - Starting service [Tomcat]
2024-08-26 23:07:34.440 [,] [main] INFO  o.a.c.c.StandardEngine - [log,173] - Starting Servlet engine: [Apache Tomcat/9.0.68]
2024-08-26 23:07:34.625 [,] [main] INFO  o.a.c.c.C.[.[.[/] - [log,173] - Initializing Spring embedded WebApplicationContext
2024-08-26 23:07:34.940 [,] [main] INFO  o.h.j.i.u.LogHelper - [logPersistenceUnitInformation,31] - HHH000204: Processing PersistenceUnitInfo [name: default]
2024-08-26 23:07:35.004 [,] [main] INFO  o.hibernate.Version - [logVersion,44] - HHH000412: Hibernate ORM core version 5.6.12.Final
2024-08-26 23:07:35.183 [,] [main] INFO  o.h.a.common.Version - [<clinit>,56] - HCANN000001: Hibernate Commons Annotations {5.1.2.Final}
2024-08-26 23:07:35.308 [,] [main] INFO  c.z.h.HikariDataSource - [getConnection,110] - HikariPool-1 - Starting...
2024-08-26 23:07:35.500 [,] [main] INFO  c.z.h.HikariDataSource - [getConnection,123] - HikariPool-1 - Start completed.
2024-08-26 23:07:35.517 [,] [main] INFO  o.h.dialect.Dialect - [<init>,175] - HHH000400: Using dialect: org.hibernate.dialect.MySQL8Dialect
2024-08-26 23:07:36.263 [,] [main] INFO  o.h.e.t.j.p.i.JtaPlatformInitiator - [initiateService,52] - HHH000490: Using JtaPlatform implementation: [org.hibernate.engine.transaction.jta.platform.internal.NoJtaPlatform]
2024-08-26 23:07:39.166 [,] [main] INFO  User_Operation - [User_Operationlog,20] - After User_Operation method: initFFmpeg
2024-08-26 23:07:40.104 [,] [main] INFO  o.a.c.h.Http11NioProtocol - [log,173] - Starting ProtocolHandler ["http-nio-8089"]
2024-08-26 23:07:40.204 [,] [main] INFO  c.s.a.AIOCompanyApplication - [logStarted,61] - Started AIOCompanyApplication in 9.472 seconds (JVM running for 10.99)
2024-08-26 23:07:40.205 [,] [main] INFO  User_Operation - [User_Operationlog,20] - After User_Operation method: onApplicationEvent
2024-08-26 23:07:50.013 [,] [scheduling-1] INFO  User_Operation - [User_Operationlog,20] - After User_Operation method: monitorFfmpegProcess
2024-08-26 23:08:30.670 [,] [http-nio-8089-exec-2] INFO  o.a.c.c.C.[.[.[/] - [log,173] - Initializing Spring DispatcherServlet 'dispatcherServlet'
2024-08-26 23:08:34.886 [,] [http-nio-8089-exec-8] INFO  User_Operation - [User_Operationlog,20] - After User_Operation method: AIO
2024-08-26 23:08:34.916 [,] [http-nio-8089-exec-8] INFO  User_Operation - [User_Operationlog,20] - After User_Operation method: getFfmpegEnabled
2024-08-26 23:08:34.917 [,] [http-nio-8089-exec-8] INFO  User_Operation - [User_Operationlog,20] - After User_Operation method: indexWeb
2024-08-26 23:08:34.921 [,] [http-nio-8089-exec-8] INFO  User_Operation - [User_Operationlog,20] - After User_Operation method: getInformation
2024-08-26 23:09:10.008 [,] [scheduling-1] INFO  User_Operation - [User_Operationlog,20] - After User_Operation method: monitorFfmpegProcess
2024-08-26 23:10:00.868 [,] [SpringApplicationShutdownHook] INFO  c.z.h.HikariDataSource - [close,350] - HikariPool-1 - Shutdown initiated...
2024-08-26 23:10:00.896 [,] [SpringApplicationShutdownHook] INFO  c.z.h.HikariDataSource - [close,352] - HikariPool-1 - Shutdown completed.
2024-08-26 23:10:14.955 [,] [main] INFO  c.s.a.AIOCompanyApplication - [logStarting,55] - Starting AIOCompanyApplication using Java 1.8.0_411 on DESKTOP-0QJEBFD with PID 22704 (E:\AIO_2024.08.16\AIO - 副本 - 测试\AIO-company\target\classes started by neko in E:\AIO_2024.08.16\AIO - 副本 - 测试\AIO-company)
2024-08-26 23:10:14.959 [,] [main] INFO  c.s.a.AIOCompanyApplication - [logStartupProfileInfo,634] - No active profile set, falling back to 1 default profile: "default"
2024-08-26 23:10:17.828 [,] [main] INFO  o.a.c.h.Http11NioProtocol - [log,173] - Initializing ProtocolHandler ["http-nio-8089"]
2024-08-26 23:10:17.829 [,] [main] INFO  o.a.c.c.StandardService - [log,173] - Starting service [Tomcat]
2024-08-26 23:10:17.829 [,] [main] INFO  o.a.c.c.StandardEngine - [log,173] - Starting Servlet engine: [Apache Tomcat/9.0.68]
2024-08-26 23:10:18.051 [,] [main] INFO  o.a.c.c.C.[.[.[/] - [log,173] - Initializing Spring embedded WebApplicationContext
2024-08-26 23:10:18.360 [,] [main] INFO  o.h.j.i.u.LogHelper - [logPersistenceUnitInformation,31] - HHH000204: Processing PersistenceUnitInfo [name: default]
2024-08-26 23:10:18.429 [,] [main] INFO  o.hibernate.Version - [logVersion,44] - HHH000412: Hibernate ORM core version 5.6.12.Final
2024-08-26 23:10:18.622 [,] [main] INFO  o.h.a.common.Version - [<clinit>,56] - HCANN000001: Hibernate Commons Annotations {5.1.2.Final}
2024-08-26 23:10:18.755 [,] [main] INFO  c.z.h.HikariDataSource - [getConnection,110] - HikariPool-1 - Starting...
2024-08-26 23:10:19.177 [,] [main] INFO  c.z.h.HikariDataSource - [getConnection,123] - HikariPool-1 - Start completed.
2024-08-26 23:10:19.198 [,] [main] INFO  o.h.dialect.Dialect - [<init>,175] - HHH000400: Using dialect: org.hibernate.dialect.MySQL8Dialect
2024-08-26 23:10:19.953 [,] [main] INFO  o.h.e.t.j.p.i.JtaPlatformInitiator - [initiateService,52] - HHH000490: Using JtaPlatform implementation: [org.hibernate.engine.transaction.jta.platform.internal.NoJtaPlatform]
2024-08-26 23:10:23.205 [,] [main] INFO  User_Operation - [User_Operationlog,20] - After User_Operation method: initFFmpeg
2024-08-26 23:10:24.266 [,] [main] INFO  o.a.c.h.Http11NioProtocol - [log,173] - Starting ProtocolHandler ["http-nio-8089"]
2024-08-26 23:10:24.381 [,] [main] INFO  c.s.a.AIOCompanyApplication - [logStarted,61] - Started AIOCompanyApplication in 9.959 seconds (JVM running for 11.482)
2024-08-26 23:10:24.382 [,] [main] INFO  User_Operation - [User_Operationlog,20] - After User_Operation method: onApplicationEvent
2024-08-26 23:10:30.007 [,] [scheduling-1] INFO  User_Operation - [User_Operationlog,20] - After User_Operation method: monitorFfmpegProcess
2024-08-26 23:11:14.259 [,] [http-nio-8089-exec-2] INFO  o.a.c.c.C.[.[.[/] - [log,173] - Initializing Spring DispatcherServlet 'dispatcherServlet'
2024-08-26 23:11:14.301 [,] [http-nio-8089-exec-2] INFO  User_Operation - [User_Operationlog,20] - After User_Operation method: AIO
2024-08-26 23:11:14.367 [,] [http-nio-8089-exec-2] INFO  User_Operation - [User_Operationlog,20] - After User_Operation method: getFfmpegEnabled
2024-08-26 23:11:14.368 [,] [http-nio-8089-exec-2] INFO  User_Operation - [User_Operationlog,20] - After User_Operation method: indexWeb
2024-08-26 23:11:14.374 [,] [http-nio-8089-exec-2] INFO  User_Operation - [User_Operationlog,20] - After User_Operation method: getInformation
2024-08-26 23:12:01.613 [,] [SpringApplicationShutdownHook] INFO  c.z.h.HikariDataSource - [close,350] - HikariPool-1 - Shutdown initiated...
2024-08-26 23:12:01.623 [,] [SpringApplicationShutdownHook] INFO  c.z.h.HikariDataSource - [close,352] - HikariPool-1 - Shutdown completed.
2024-08-26 23:12:09.439 [,] [main] INFO  c.s.a.AIOCompanyApplication - [logStarting,55] - Starting AIOCompanyApplication using Java 1.8.0_411 on DESKTOP-0QJEBFD with PID 16496 (E:\AIO_2024.08.16\AIO - 副本 - 测试\AIO-company\target\classes started by neko in E:\AIO_2024.08.16\AIO - 副本 - 测试\AIO-company)
2024-08-26 23:12:09.453 [,] [main] INFO  c.s.a.AIOCompanyApplication - [logStartupProfileInfo,634] - No active profile set, falling back to 1 default profile: "default"
2024-08-26 23:12:11.300 [,] [main] INFO  o.a.c.h.Http11NioProtocol - [log,173] - Initializing ProtocolHandler ["http-nio-8089"]
2024-08-26 23:12:11.300 [,] [main] INFO  o.a.c.c.StandardService - [log,173] - Starting service [Tomcat]
2024-08-26 23:12:11.300 [,] [main] INFO  o.a.c.c.StandardEngine - [log,173] - Starting Servlet engine: [Apache Tomcat/9.0.68]
2024-08-26 23:12:11.427 [,] [main] INFO  o.a.c.c.C.[.[.[/] - [log,173] - Initializing Spring embedded WebApplicationContext
2024-08-26 23:12:11.632 [,] [main] INFO  o.h.j.i.u.LogHelper - [logPersistenceUnitInformation,31] - HHH000204: Processing PersistenceUnitInfo [name: default]
2024-08-26 23:12:11.671 [,] [main] INFO  o.hibernate.Version - [logVersion,44] - HHH000412: Hibernate ORM core version 5.6.12.Final
2024-08-26 23:12:11.788 [,] [main] INFO  o.h.a.common.Version - [<clinit>,56] - HCANN000001: Hibernate Commons Annotations {5.1.2.Final}
2024-08-26 23:12:11.861 [,] [main] INFO  c.z.h.HikariDataSource - [getConnection,110] - HikariPool-1 - Starting...
2024-08-26 23:12:12.145 [,] [main] INFO  c.z.h.HikariDataSource - [getConnection,123] - HikariPool-1 - Start completed.
2024-08-26 23:12:12.157 [,] [main] INFO  o.h.dialect.Dialect - [<init>,175] - HHH000400: Using dialect: org.hibernate.dialect.MySQL8Dialect
2024-08-26 23:12:12.611 [,] [main] INFO  o.h.e.t.j.p.i.JtaPlatformInitiator - [initiateService,52] - HHH000490: Using JtaPlatform implementation: [org.hibernate.engine.transaction.jta.platform.internal.NoJtaPlatform]
2024-08-26 23:12:14.724 [,] [main] INFO  User_Operation - [User_Operationlog,20] - After User_Operation method: initFFmpeg
2024-08-26 23:12:15.366 [,] [main] INFO  o.a.c.h.Http11NioProtocol - [log,173] - Starting ProtocolHandler ["http-nio-8089"]
2024-08-26 23:12:15.436 [,] [main] INFO  c.s.a.AIOCompanyApplication - [logStarted,61] - Started AIOCompanyApplication in 6.335 seconds (JVM running for 7.549)
2024-08-26 23:12:15.436 [,] [main] INFO  User_Operation - [User_Operationlog,20] - After User_Operation method: onApplicationEvent
2024-08-26 23:12:20.013 [,] [scheduling-1] INFO  User_Operation - [User_Operationlog,20] - After User_Operation method: monitorFfmpegProcess
2024-08-26 23:12:21.787 [,] [http-nio-8089-exec-1] INFO  o.a.c.c.C.[.[.[/] - [log,173] - Initializing Spring DispatcherServlet 'dispatcherServlet'
2024-08-26 23:12:21.807 [,] [http-nio-8089-exec-1] INFO  User_Operation - [User_Operationlog,20] - After User_Operation method: AIO
2024-08-26 23:12:21.830 [,] [http-nio-8089-exec-1] INFO  User_Operation - [User_Operationlog,20] - After User_Operation method: getFfmpegEnabled
2024-08-26 23:12:21.831 [,] [http-nio-8089-exec-1] INFO  User_Operation - [User_Operationlog,20] - After User_Operation method: indexWeb
2024-08-26 23:12:21.833 [,] [http-nio-8089-exec-1] INFO  User_Operation - [User_Operationlog,20] - After User_Operation method: getInformation
2024-08-26 23:12:27.891 [,] [http-nio-8089-exec-3] INFO  User_Operation - [User_Operationlog,20] - After User_Operation method: AIO
2024-08-26 23:12:27.896 [,] [http-nio-8089-exec-3] INFO  User_Operation - [User_Operationlog,20] - After User_Operation method: getFfmpegEnabled
2024-08-26 23:12:27.897 [,] [http-nio-8089-exec-3] INFO  User_Operation - [User_Operationlog,20] - After User_Operation method: indexWeb
2024-08-26 23:12:27.897 [,] [http-nio-8089-exec-3] INFO  User_Operation - [User_Operationlog,20] - After User_Operation method: getInformation
2024-08-26 23:12:32.905 [,] [http-nio-8089-exec-5] INFO  User_Operation - [User_Operationlog,20] - After User_Operation method: AIO
2024-08-26 23:12:32.918 [,] [http-nio-8089-exec-5] INFO  User_Operation - [User_Operationlog,20] - After User_Operation method: getFfmpegEnabled
2024-08-26 23:12:32.919 [,] [http-nio-8089-exec-5] INFO  User_Operation - [User_Operationlog,20] - After User_Operation method: indexWeb
2024-08-26 23:12:32.919 [,] [http-nio-8089-exec-5] INFO  User_Operation - [User_Operationlog,20] - After User_Operation method: getInformation
2024-08-26 23:14:00.016 [,] [scheduling-1] INFO  User_Operation - [User_Operationlog,20] - After User_Operation method: monitorFfmpegProcess
2024-08-26 23:15:50.005 [,] [scheduling-1] INFO  User_Operation - [User_Operationlog,20] - After User_Operation method: monitorFfmpegProcess
2024-08-26 23:16:50.010 [,] [scheduling-1] INFO  User_Operation - [User_Operationlog,20] - After User_Operation method: monitorFfmpegProcess
2024-08-26 23:17:23.877 [,] [SpringApplicationShutdownHook] INFO  c.z.h.HikariDataSource - [close,350] - HikariPool-1 - Shutdown initiated...
2024-08-26 23:17:23.890 [,] [SpringApplicationShutdownHook] INFO  c.z.h.HikariDataSource - [close,352] - HikariPool-1 - Shutdown completed.
2024-08-26 23:22:47.402 [,] [main] INFO  c.s.a.AIOCompanyApplication - [logStarting,55] - Starting AIOCompanyApplication using Java 1.8.0_411 on DESKTOP-0QJEBFD with PID 23984 (E:\AIO_2024.08.16\AIO - 副本 - 测试\AIO-company\target\classes started by neko in E:\AIO_2024.08.16\AIO - 副本 - 测试\AIO-company)
2024-08-26 23:22:47.415 [,] [main] INFO  c.s.a.AIOCompanyApplication - [logStartupProfileInfo,634] - No active profile set, falling back to 1 default profile: "default"
2024-08-26 23:22:49.720 [,] [main] INFO  o.a.c.h.Http11NioProtocol - [log,173] - Initializing ProtocolHandler ["http-nio-8089"]
2024-08-26 23:22:49.720 [,] [main] INFO  o.a.c.c.StandardService - [log,173] - Starting service [Tomcat]
2024-08-26 23:22:49.721 [,] [main] INFO  o.a.c.c.StandardEngine - [log,173] - Starting Servlet engine: [Apache Tomcat/9.0.68]
2024-08-26 23:22:49.891 [,] [main] INFO  o.a.c.c.C.[.[.[/] - [log,173] - Initializing Spring embedded WebApplicationContext
2024-08-26 23:22:50.152 [,] [main] INFO  o.h.j.i.u.LogHelper - [logPersistenceUnitInformation,31] - HHH000204: Processing PersistenceUnitInfo [name: default]
2024-08-26 23:22:50.208 [,] [main] INFO  o.hibernate.Version - [logVersion,44] - HHH000412: Hibernate ORM core version 5.6.12.Final
2024-08-26 23:22:50.361 [,] [main] INFO  o.h.a.common.Version - [<clinit>,56] - HCANN000001: Hibernate Commons Annotations {5.1.2.Final}
2024-08-26 23:22:50.464 [,] [main] INFO  c.z.h.HikariDataSource - [getConnection,110] - HikariPool-1 - Starting...
2024-08-26 23:22:50.655 [,] [main] INFO  c.z.h.HikariDataSource - [getConnection,123] - HikariPool-1 - Start completed.
2024-08-26 23:22:50.669 [,] [main] INFO  o.h.dialect.Dialect - [<init>,175] - HHH000400: Using dialect: org.hibernate.dialect.MySQL8Dialect
2024-08-26 23:22:51.268 [,] [main] INFO  o.h.e.t.j.p.i.JtaPlatformInitiator - [initiateService,52] - HHH000490: Using JtaPlatform implementation: [org.hibernate.engine.transaction.jta.platform.internal.NoJtaPlatform]
2024-08-26 23:22:53.718 [,] [main] INFO  User_Operation - [User_Operationlog,20] - After User_Operation method: initFFmpeg
2024-08-26 23:22:54.385 [,] [main] INFO  o.a.c.h.Http11NioProtocol - [log,173] - Starting ProtocolHandler ["http-nio-8089"]
2024-08-26 23:22:54.451 [,] [main] INFO  c.s.a.AIOCompanyApplication - [logStarted,61] - Started AIOCompanyApplication in 7.471 seconds (JVM running for 8.809)
2024-08-26 23:22:54.452 [,] [main] INFO  User_Operation - [User_Operationlog,20] - After User_Operation method: onApplicationEvent
2024-08-26 23:23:00.008 [,] [scheduling-1] INFO  User_Operation - [User_Operationlog,20] - After User_Operation method: monitorFfmpegProcess
2024-08-26 23:23:05.398 [,] [http-nio-8089-exec-1] INFO  o.a.c.c.C.[.[.[/] - [log,173] - Initializing Spring DispatcherServlet 'dispatcherServlet'
2024-08-26 23:23:05.443 [,] [http-nio-8089-exec-1] INFO  User_Operation - [User_Operationlog,20] - After User_Operation method: AIO
2024-08-26 23:23:05.485 [,] [http-nio-8089-exec-1] INFO  User_Operation - [User_Operationlog,20] - After User_Operation method: getFfmpegEnabled
2024-08-26 23:23:05.485 [,] [http-nio-8089-exec-1] INFO  User_Operation - [User_Operationlog,20] - After User_Operation method: indexWeb
2024-08-26 23:23:05.487 [,] [http-nio-8089-exec-1] INFO  User_Operation - [User_Operationlog,20] - After User_Operation method: getInformation
2024-08-26 23:24:25.763 [,] [SpringApplicationShutdownHook] INFO  c.z.h.HikariDataSource - [close,350] - HikariPool-1 - Shutdown initiated...
2024-08-26 23:24:25.794 [,] [SpringApplicationShutdownHook] INFO  c.z.h.HikariDataSource - [close,352] - HikariPool-1 - Shutdown completed.
2024-08-26 23:24:43.599 [,] [main] INFO  c.s.a.AIOCompanyApplication - [logStarting,55] - Starting AIOCompanyApplication using Java 1.8.0_411 on DESKTOP-0QJEBFD with PID 16116 (E:\AIO_2024.08.16\AIO - 副本 - 测试\AIO-company\target\classes started by neko in E:\AIO_2024.08.16\AIO - 副本 - 测试\AIO-company)
2024-08-26 23:24:43.847 [,] [main] INFO  c.s.a.AIOCompanyApplication - [logStartupProfileInfo,634] - No active profile set, falling back to 1 default profile: "default"
2024-08-26 23:24:46.117 [,] [main] INFO  o.a.c.h.Http11NioProtocol - [log,173] - Initializing ProtocolHandler ["http-nio-8089"]
2024-08-26 23:24:46.117 [,] [main] INFO  o.a.c.c.StandardService - [log,173] - Starting service [Tomcat]
2024-08-26 23:24:46.117 [,] [main] INFO  o.a.c.c.StandardEngine - [log,173] - Starting Servlet engine: [Apache Tomcat/9.0.68]
2024-08-26 23:24:46.254 [,] [main] INFO  o.a.c.c.C.[.[.[/] - [log,173] - Initializing Spring embedded WebApplicationContext
2024-08-26 23:24:46.450 [,] [main] INFO  o.h.j.i.u.LogHelper - [logPersistenceUnitInformation,31] - HHH000204: Processing PersistenceUnitInfo [name: default]
2024-08-26 23:24:46.495 [,] [main] INFO  o.hibernate.Version - [logVersion,44] - HHH000412: Hibernate ORM core version 5.6.12.Final
2024-08-26 23:24:46.621 [,] [main] INFO  o.h.a.common.Version - [<clinit>,56] - HCANN000001: Hibernate Commons Annotations {5.1.2.Final}
2024-08-26 23:24:46.712 [,] [main] INFO  c.z.h.HikariDataSource - [getConnection,110] - HikariPool-1 - Starting...
2024-08-26 23:24:46.871 [,] [main] INFO  c.z.h.HikariDataSource - [getConnection,123] - HikariPool-1 - Start completed.
2024-08-26 23:24:46.883 [,] [main] INFO  o.h.dialect.Dialect - [<init>,175] - HHH000400: Using dialect: org.hibernate.dialect.MySQL8Dialect
2024-08-26 23:24:47.831 [,] [main] INFO  o.h.e.t.j.p.i.JtaPlatformInitiator - [initiateService,52] - HHH000490: Using JtaPlatform implementation: [org.hibernate.engine.transaction.jta.platform.internal.NoJtaPlatform]
2024-08-26 23:24:50.089 [,] [main] INFO  User_Operation - [User_Operationlog,20] - After User_Operation method: initFFmpeg
2024-08-26 23:24:50.757 [,] [main] INFO  o.a.c.h.Http11NioProtocol - [log,173] - Starting ProtocolHandler ["http-nio-8089"]
2024-08-26 23:24:50.840 [,] [main] INFO  c.s.a.AIOCompanyApplication - [logStarted,61] - Started AIOCompanyApplication in 7.623 seconds (JVM running for 8.973)
2024-08-26 23:24:50.841 [,] [main] INFO  User_Operation - [User_Operationlog,20] - After User_Operation method: onApplicationEvent
2024-08-26 23:24:50.916 [,] [http-nio-8089-exec-1] INFO  o.a.c.c.C.[.[.[/] - [log,173] - Initializing Spring DispatcherServlet 'dispatcherServlet'
2024-08-26 23:24:50.932 [,] [http-nio-8089-exec-1] INFO  User_Operation - [User_Operationlog,20] - After User_Operation method: AIO
2024-08-26 23:24:51.080 [,] [http-nio-8089-exec-1] INFO  User_Operation - [User_Operationlog,20] - After User_Operation method: getFfmpegEnabled
2024-08-26 23:24:51.080 [,] [http-nio-8089-exec-1] INFO  User_Operation - [User_Operationlog,20] - After User_Operation method: indexWeb
2024-08-26 23:24:51.082 [,] [http-nio-8089-exec-1] INFO  User_Operation - [User_Operationlog,20] - After User_Operation method: getInformation
2024-08-26 23:25:00.003 [,] [scheduling-1] INFO  User_Operation - [User_Operationlog,20] - After User_Operation method: monitorFfmpegProcess
2024-08-26 23:26:00.008 [,] [scheduling-1] INFO  User_Operation - [User_Operationlog,20] - After User_Operation method: monitorFfmpegProcess
2024-08-26 23:26:28.171 [,] [SpringApplicationShutdownHook] INFO  c.z.h.HikariDataSource - [close,350] - HikariPool-1 - Shutdown initiated...
2024-08-26 23:26:28.194 [,] [SpringApplicationShutdownHook] INFO  c.z.h.HikariDataSource - [close,352] - HikariPool-1 - Shutdown completed.
2024-08-26 23:26:41.468 [,] [main] INFO  c.s.a.AIOCompanyApplication - [logStarting,55] - Starting AIOCompanyApplication using Java 1.8.0_411 on DESKTOP-0QJEBFD with PID 22988 (E:\AIO_2024.08.16\AIO - 副本 - 测试\AIO-company\target\classes started by neko in E:\AIO_2024.08.16\AIO - 副本 - 测试\AIO-company)
2024-08-26 23:26:41.475 [,] [main] INFO  c.s.a.AIOCompanyApplication - [logStartupProfileInfo,634] - No active profile set, falling back to 1 default profile: "default"
2024-08-26 23:26:44.293 [,] [main] INFO  o.a.c.h.Http11NioProtocol - [log,173] - Initializing ProtocolHandler ["http-nio-8089"]
2024-08-26 23:26:44.294 [,] [main] INFO  o.a.c.c.StandardService - [log,173] - Starting service [Tomcat]
2024-08-26 23:26:44.294 [,] [main] INFO  o.a.c.c.StandardEngine - [log,173] - Starting Servlet engine: [Apache Tomcat/9.0.68]
2024-08-26 23:26:44.419 [,] [main] INFO  o.a.c.c.C.[.[.[/] - [log,173] - Initializing Spring embedded WebApplicationContext
2024-08-26 23:26:44.625 [,] [main] INFO  o.h.j.i.u.LogHelper - [logPersistenceUnitInformation,31] - HHH000204: Processing PersistenceUnitInfo [name: default]
2024-08-26 23:26:44.660 [,] [main] INFO  o.hibernate.Version - [logVersion,44] - HHH000412: Hibernate ORM core version 5.6.12.Final
2024-08-26 23:26:44.765 [,] [main] INFO  o.h.a.common.Version - [<clinit>,56] - HCANN000001: Hibernate Commons Annotations {5.1.2.Final}
2024-08-26 23:26:44.840 [,] [main] INFO  c.z.h.HikariDataSource - [getConnection,110] - HikariPool-1 - Starting...
2024-08-26 23:26:44.949 [,] [main] INFO  c.z.h.HikariDataSource - [getConnection,123] - HikariPool-1 - Start completed.
2024-08-26 23:26:44.959 [,] [main] INFO  o.h.dialect.Dialect - [<init>,175] - HHH000400: Using dialect: org.hibernate.dialect.MySQL8Dialect
2024-08-26 23:26:45.683 [,] [main] INFO  o.h.e.t.j.p.i.JtaPlatformInitiator - [initiateService,52] - HHH000490: Using JtaPlatform implementation: [org.hibernate.engine.transaction.jta.platform.internal.NoJtaPlatform]
2024-08-26 23:26:48.547 [,] [main] INFO  User_Operation - [User_Operationlog,20] - After User_Operation method: initFFmpeg
2024-08-26 23:26:49.372 [,] [main] INFO  o.a.c.h.Http11NioProtocol - [log,173] - Starting ProtocolHandler ["http-nio-8089"]
2024-08-26 23:26:49.483 [,] [main] INFO  c.s.a.AIOCompanyApplication - [logStarted,61] - Started AIOCompanyApplication in 8.657 seconds (JVM running for 10.407)
2024-08-26 23:26:49.484 [,] [main] INFO  User_Operation - [User_Operationlog,20] - After User_Operation method: onApplicationEvent
2024-08-26 23:26:50.004 [,] [scheduling-1] INFO  User_Operation - [User_Operationlog,20] - After User_Operation method: monitorFfmpegProcess
2024-08-26 23:27:00.027 [,] [scheduling-1] INFO  User_Operation - [User_Operationlog,20] - After User_Operation method: monitorFfmpegProcess
2024-08-26 23:28:20.011 [,] [scheduling-1] INFO  User_Operation - [User_Operationlog,20] - After User_Operation method: monitorFfmpegProcess
2024-08-26 23:29:01.464 [,] [SpringApplicationShutdownHook] INFO  c.z.h.HikariDataSource - [close,350] - HikariPool-1 - Shutdown initiated...
2024-08-26 23:29:01.492 [,] [SpringApplicationShutdownHook] INFO  c.z.h.HikariDataSource - [close,352] - HikariPool-1 - Shutdown completed.
2024-08-26 23:29:16.167 [,] [main] INFO  c.s.a.AIOCompanyApplication - [logStarting,55] - Starting AIOCompanyApplication using Java 1.8.0_411 on DESKTOP-0QJEBFD with PID 8568 (E:\AIO_2024.08.16\AIO - 副本 - 测试\AIO-company\target\classes started by neko in E:\AIO_2024.08.16\AIO - 副本 - 测试\AIO-company)
2024-08-26 23:29:16.187 [,] [main] INFO  c.s.a.AIOCompanyApplication - [logStartupProfileInfo,634] - No active profile set, falling back to 1 default profile: "default"
2024-08-26 23:29:18.158 [,] [main] INFO  o.a.c.h.Http11NioProtocol - [log,173] - Initializing ProtocolHandler ["http-nio-8089"]
2024-08-26 23:29:18.159 [,] [main] INFO  o.a.c.c.StandardService - [log,173] - Starting service [Tomcat]
2024-08-26 23:29:18.159 [,] [main] INFO  o.a.c.c.StandardEngine - [log,173] - Starting Servlet engine: [Apache Tomcat/9.0.68]
2024-08-26 23:29:18.293 [,] [main] INFO  o.a.c.c.C.[.[.[/] - [log,173] - Initializing Spring embedded WebApplicationContext
2024-08-26 23:29:18.494 [,] [main] INFO  o.h.j.i.u.LogHelper - [logPersistenceUnitInformation,31] - HHH000204: Processing PersistenceUnitInfo [name: default]
2024-08-26 23:29:18.541 [,] [main] INFO  o.hibernate.Version - [logVersion,44] - HHH000412: Hibernate ORM core version 5.6.12.Final
2024-08-26 23:29:18.690 [,] [main] INFO  o.h.a.common.Version - [<clinit>,56] - HCANN000001: Hibernate Commons Annotations {5.1.2.Final}
2024-08-26 23:29:18.783 [,] [main] INFO  c.z.h.HikariDataSource - [getConnection,110] - HikariPool-1 - Starting...
2024-08-26 23:29:18.941 [,] [main] INFO  c.z.h.HikariDataSource - [getConnection,123] - HikariPool-1 - Start completed.
2024-08-26 23:29:18.952 [,] [main] INFO  o.h.dialect.Dialect - [<init>,175] - HHH000400: Using dialect: org.hibernate.dialect.MySQL8Dialect
2024-08-26 23:29:19.511 [,] [main] INFO  o.h.e.t.j.p.i.JtaPlatformInitiator - [initiateService,52] - HHH000490: Using JtaPlatform implementation: [org.hibernate.engine.transaction.jta.platform.internal.NoJtaPlatform]
2024-08-26 23:29:22.425 [,] [main] INFO  User_Operation - [User_Operationlog,20] - After User_Operation method: initFFmpeg
2024-08-26 23:29:23.453 [,] [main] INFO  o.a.c.h.Http11NioProtocol - [log,173] - Starting ProtocolHandler ["http-nio-8089"]
2024-08-26 23:29:23.554 [,] [main] INFO  c.s.a.AIOCompanyApplication - [logStarted,61] - Started AIOCompanyApplication in 7.733 seconds (JVM running for 9.008)
2024-08-26 23:29:23.555 [,] [main] INFO  User_Operation - [User_Operationlog,20] - After User_Operation method: onApplicationEvent
2024-08-26 23:29:30.003 [,] [scheduling-1] INFO  User_Operation - [User_Operationlog,20] - After User_Operation method: monitorFfmpegProcess
2024-08-26 23:30:40.003 [,] [scheduling-1] INFO  User_Operation - [User_Operationlog,20] - After User_Operation method: monitorFfmpegProcess
2024-08-26 23:32:10.002 [,] [scheduling-1] INFO  User_Operation - [User_Operationlog,20] - After User_Operation method: monitorFfmpegProcess
2024-08-26 23:33:10.015 [,] [scheduling-1] INFO  User_Operation - [User_Operationlog,20] - After User_Operation method: monitorFfmpegProcess
2024-08-26 23:34:10.019 [,] [scheduling-1] INFO  User_Operation - [User_Operationlog,20] - After User_Operation method: monitorFfmpegProcess
2024-08-26 23:35:20.020 [,] [scheduling-1] INFO  User_Operation - [User_Operationlog,20] - After User_Operation method: monitorFfmpegProcess
2024-08-26 23:36:10.030 [,] [scheduling-1] INFO  User_Operation - [User_Operationlog,20] - After User_Operation method: monitorFfmpegProcess
2024-08-26 23:37:40.008 [,] [scheduling-1] INFO  User_Operation - [User_Operationlog,20] - After User_Operation method: monitorFfmpegProcess
2024-08-26 23:39:10.036 [,] [scheduling-1] INFO  User_Operation - [User_Operationlog,20] - After User_Operation method: monitorFfmpegProcess
2024-08-26 23:41:10.032 [,] [scheduling-1] INFO  User_Operation - [User_Operationlog,20] - After User_Operation method: monitorFfmpegProcess
2024-08-26 23:42:40.010 [,] [scheduling-1] INFO  User_Operation - [User_Operationlog,20] - After User_Operation method: monitorFfmpegProcess
2024-08-26 23:47:00.072 [,] [scheduling-1] INFO  User_Operation - [User_Operationlog,20] - After User_Operation method: monitorFfmpegProcess
2024-08-26 23:48:20.076 [,] [scheduling-1] INFO  User_Operation - [User_Operationlog,20] - After User_Operation method: monitorFfmpegProcess
2024-08-26 23:48:50.003 [,] [scheduling-1] INFO  User_Operation - [User_Operationlog,20] - After User_Operation method: monitorFfmpegProcess
2024-08-26 23:52:38.487 [,] [main] INFO  c.s.a.AIOCompanyApplication - [logStarting,55] - Starting AIOCompanyApplication using Java 1.8.0_411 on DESKTOP-0QJEBFD with PID 26396 (E:\AIO_2024.08.16\AIO - 副本 - 测试\AIO-company\target\classes started by neko in E:\AIO_2024.08.16\AIO - 副本 - 测试\AIO-company)
2024-08-26 23:52:38.503 [,] [main] INFO  c.s.a.AIOCompanyApplication - [logStartupProfileInfo,634] - No active profile set, falling back to 1 default profile: "default"
2024-08-26 23:52:41.197 [,] [main] INFO  o.a.c.h.Http11NioProtocol - [log,173] - Initializing ProtocolHandler ["http-nio-8089"]
2024-08-26 23:52:41.198 [,] [main] INFO  o.a.c.c.StandardService - [log,173] - Starting service [Tomcat]
2024-08-26 23:52:41.198 [,] [main] INFO  o.a.c.c.StandardEngine - [log,173] - Starting Servlet engine: [Apache Tomcat/9.0.68]
2024-08-26 23:52:41.337 [,] [main] INFO  o.a.c.c.C.[.[.[/] - [log,173] - Initializing Spring embedded WebApplicationContext
2024-08-26 23:52:41.543 [,] [main] INFO  o.h.j.i.u.LogHelper - [logPersistenceUnitInformation,31] - HHH000204: Processing PersistenceUnitInfo [name: default]
2024-08-26 23:52:41.589 [,] [main] INFO  o.hibernate.Version - [logVersion,44] - HHH000412: Hibernate ORM core version 5.6.12.Final
2024-08-26 23:52:41.722 [,] [main] INFO  o.h.a.common.Version - [<clinit>,56] - HCANN000001: Hibernate Commons Annotations {5.1.2.Final}
2024-08-26 23:52:41.817 [,] [main] INFO  c.z.h.HikariDataSource - [getConnection,110] - HikariPool-1 - Starting...
2024-08-26 23:52:41.965 [,] [main] INFO  c.z.h.HikariDataSource - [getConnection,123] - HikariPool-1 - Start completed.
2024-08-26 23:52:41.978 [,] [main] INFO  o.h.dialect.Dialect - [<init>,175] - HHH000400: Using dialect: org.hibernate.dialect.MySQL8Dialect
2024-08-26 23:52:42.502 [,] [main] INFO  o.h.e.t.j.p.i.JtaPlatformInitiator - [initiateService,52] - HHH000490: Using JtaPlatform implementation: [org.hibernate.engine.transaction.jta.platform.internal.NoJtaPlatform]
2024-08-26 23:52:44.690 [,] [main] INFO  User_Operation - [User_Operationlog,20] - After User_Operation method: initFFmpeg
2024-08-26 23:52:45.358 [,] [main] INFO  o.a.c.h.Http11NioProtocol - [log,173] - Starting ProtocolHandler ["http-nio-8089"]
2024-08-26 23:52:45.428 [,] [main] INFO  c.s.a.AIOCompanyApplication - [logStarted,61] - Started AIOCompanyApplication in 7.489 seconds (JVM running for 9.164)
2024-08-26 23:52:45.429 [,] [main] INFO  User_Operation - [User_Operationlog,20] - After User_Operation method: onApplicationEvent
2024-08-26 23:52:50.008 [,] [scheduling-1] INFO  User_Operation - [User_Operationlog,20] - After User_Operation method: monitorFfmpegProcess
2024-08-26 23:53:40.009 [,] [scheduling-1] INFO  User_Operation - [User_Operationlog,20] - After User_Operation method: monitorFfmpegProcess
2024-08-26 23:54:30.010 [,] [scheduling-1] INFO  User_Operation - [User_Operationlog,20] - After User_Operation method: monitorFfmpegProcess
2024-08-26 23:54:39.628 [,] [SpringApplicationShutdownHook] INFO  c.z.h.HikariDataSource - [close,350] - HikariPool-1 - Shutdown initiated...
2024-08-26 23:54:39.650 [,] [SpringApplicationShutdownHook] INFO  c.z.h.HikariDataSource - [close,352] - HikariPool-1 - Shutdown completed.
2024-08-26 23:55:00.697 [,] [main] INFO  c.s.a.AIOCompanyApplication - [logStarting,55] - Starting AIOCompanyApplication using Java 1.8.0_411 on DESKTOP-0QJEBFD with PID 25448 (E:\AIO_2024.08.16\AIO - 副本 - 测试\AIO-company\target\classes started by neko in E:\AIO_2024.08.16\AIO - 副本 - 测试\AIO-company)
2024-08-26 23:55:00.714 [,] [main] INFO  c.s.a.AIOCompanyApplication - [logStartupProfileInfo,634] - No active profile set, falling back to 1 default profile: "default"
2024-08-26 23:55:04.705 [,] [main] INFO  o.a.c.h.Http11NioProtocol - [log,173] - Initializing ProtocolHandler ["http-nio-8089"]
2024-08-26 23:55:04.706 [,] [main] INFO  o.a.c.c.StandardService - [log,173] - Starting service [Tomcat]
2024-08-26 23:55:04.706 [,] [main] INFO  o.a.c.c.StandardEngine - [log,173] - Starting Servlet engine: [Apache Tomcat/9.0.68]
2024-08-26 23:55:05.051 [,] [main] INFO  o.a.c.c.C.[.[.[/] - [log,173] - Initializing Spring embedded WebApplicationContext
2024-08-26 23:55:05.560 [,] [main] INFO  o.h.j.i.u.LogHelper - [logPersistenceUnitInformation,31] - HHH000204: Processing PersistenceUnitInfo [name: default]
2024-08-26 23:55:05.663 [,] [main] INFO  o.hibernate.Version - [logVersion,44] - HHH000412: Hibernate ORM core version 5.6.12.Final
2024-08-26 23:55:05.955 [,] [main] INFO  o.h.a.common.Version - [<clinit>,56] - HCANN000001: Hibernate Commons Annotations {5.1.2.Final}
2024-08-26 23:55:06.121 [,] [main] INFO  c.z.h.HikariDataSource - [getConnection,110] - HikariPool-1 - Starting...
2024-08-26 23:55:06.426 [,] [main] INFO  c.z.h.HikariDataSource - [getConnection,123] - HikariPool-1 - Start completed.
2024-08-26 23:55:06.448 [,] [main] INFO  o.h.dialect.Dialect - [<init>,175] - HHH000400: Using dialect: org.hibernate.dialect.MySQL8Dialect
2024-08-26 23:55:07.492 [,] [main] INFO  o.h.e.t.j.p.i.JtaPlatformInitiator - [initiateService,52] - HHH000490: Using JtaPlatform implementation: [org.hibernate.engine.transaction.jta.platform.internal.NoJtaPlatform]
2024-08-26 23:55:12.312 [,] [main] INFO  User_Operation - [User_Operationlog,20] - After User_Operation method: initFFmpeg
2024-08-26 23:55:13.869 [,] [main] INFO  o.a.c.h.Http11NioProtocol - [log,173] - Starting ProtocolHandler ["http-nio-8089"]
2024-08-26 23:55:14.038 [,] [main] INFO  c.s.a.AIOCompanyApplication - [logStarted,61] - Started AIOCompanyApplication in 14.009 seconds (JVM running for 16.122)
2024-08-26 23:55:14.040 [,] [main] INFO  User_Operation - [User_Operationlog,20] - After User_Operation method: onApplicationEvent
2024-08-26 23:55:20.012 [,] [scheduling-1] INFO  User_Operation - [User_Operationlog,20] - After User_Operation method: monitorFfmpegProcess
2024-08-26 23:57:30.010 [,] [scheduling-1] INFO  User_Operation - [User_Operationlog,20] - After User_Operation method: monitorFfmpegProcess
2024-08-26 23:59:40.011 [,] [scheduling-1] INFO  User_Operation - [User_Operationlog,20] - After User_Operation method: monitorFfmpegProcess
