2024-08-28 08:50:34.517 [,] [scheduling-1] ERROR o.s.s.s.TaskUtils$LoggingErrorHandler - [handleError,95] - Unexpected error occurred in scheduled task
java.lang.InterruptedException: null
	at java.util.concurrent.FutureTask.awaitDone(FutureTask.java:404)
	at java.util.concurrent.FutureTask.get(FutureTask.java:191)
	at com.shark.aio.base.controller.InitFFmpeg.monitorFfmpegProcess(InitFFmpeg.java:106)
	at com.shark.aio.base.controller.InitFFmpeg$$FastClassBySpringCGLIB$$6f28da27.invoke(<generated>)
	at org.springframework.cglib.proxy.MethodProxy.invoke(MethodProxy.java:218)
	at org.springframework.aop.framework.CglibAopProxy$CglibMethodInvocation.invokeJoinpoint(CglibAopProxy.java:793)
	at org.springframework.aop.framework.ReflectiveMethodInvocation.proceed(ReflectiveMethodInvocation.java:163)
	at org.springframework.aop.framework.CglibAopProxy$CglibMethodInvocation.proceed(CglibAopProxy.java:763)
	at org.springframework.aop.framework.adapter.MethodBeforeAdviceInterceptor.invoke(MethodBeforeAdviceInterceptor.java:58)
	at org.springframework.aop.framework.ReflectiveMethodInvocation.proceed(ReflectiveMethodInvocation.java:186)
	at org.springframework.aop.framework.CglibAopProxy$CglibMethodInvocation.proceed(CglibAopProxy.java:763)
	at org.springframework.aop.interceptor.ExposeInvocationInterceptor.invoke(ExposeInvocationInterceptor.java:97)
	at org.springframework.aop.framework.ReflectiveMethodInvocation.proceed(ReflectiveMethodInvocation.java:186)
	at org.springframework.aop.framework.CglibAopProxy$CglibMethodInvocation.proceed(CglibAopProxy.java:763)
	at org.springframework.aop.framework.CglibAopProxy$DynamicAdvisedInterceptor.intercept(CglibAopProxy.java:708)
	at com.shark.aio.base.controller.InitFFmpeg$$EnhancerBySpringCGLIB$$28092d10.monitorFfmpegProcess(<generated>)
	at sun.reflect.NativeMethodAccessorImpl.invoke0(Native Method)
	at sun.reflect.NativeMethodAccessorImpl.invoke(NativeMethodAccessorImpl.java:62)
	at sun.reflect.DelegatingMethodAccessorImpl.invoke(DelegatingMethodAccessorImpl.java:43)
	at java.lang.reflect.Method.invoke(Method.java:498)
	at org.springframework.scheduling.support.ScheduledMethodRunnable.run(ScheduledMethodRunnable.java:84)
	at org.springframework.scheduling.support.DelegatingErrorHandlingRunnable.run(DelegatingErrorHandlingRunnable.java:54)
	at org.springframework.scheduling.concurrent.ReschedulingRunnable.run(ReschedulingRunnable.java:95)
	at java.util.concurrent.Executors$RunnableAdapter.call(Executors.java:511)
	at java.util.concurrent.FutureTask.run(FutureTask.java:266)
	at java.util.concurrent.ScheduledThreadPoolExecutor$ScheduledFutureTask.access$201(ScheduledThreadPoolExecutor.java:180)
	at java.util.concurrent.ScheduledThreadPoolExecutor$ScheduledFutureTask.run(ScheduledThreadPoolExecutor.java:293)
	at java.util.concurrent.ThreadPoolExecutor.runWorker(ThreadPoolExecutor.java:1149)
	at java.util.concurrent.ThreadPoolExecutor$Worker.run(ThreadPoolExecutor.java:624)
	at java.lang.Thread.run(Thread.java:750)
2024-08-28 08:55:17.920 [,] [http-nio-8089-exec-4] ERROR o.a.c.c.C.[.[.[.[dispatcherServlet] - [log,175] - Servlet.service() for servlet [dispatcherServlet] in context with path [] threw exception [Request processing failed; nested exception is org.springframework.web.client.ResourceAccessException: I/O error on POST request for "http://localhost:5555/receive_stream": Connection refused: connect; nested exception is java.net.ConnectException: Connection refused: connect] with root cause
java.net.ConnectException: Connection refused: connect
	at java.net.DualStackPlainSocketImpl.connect0(Native Method)
	at java.net.DualStackPlainSocketImpl.socketConnect(DualStackPlainSocketImpl.java:75)
	at java.net.AbstractPlainSocketImpl.doConnect(AbstractPlainSocketImpl.java:476)
	at java.net.AbstractPlainSocketImpl.connectToAddress(AbstractPlainSocketImpl.java:218)
	at java.net.AbstractPlainSocketImpl.connect(AbstractPlainSocketImpl.java:200)
	at java.net.PlainSocketImpl.connect(PlainSocketImpl.java:162)
	at java.net.SocksSocketImpl.connect(SocksSocketImpl.java:394)
	at java.net.Socket.connect(Socket.java:606)
	at java.net.Socket.connect(Socket.java:555)
	at sun.net.NetworkClient.doConnect(NetworkClient.java:180)
	at sun.net.www.http.HttpClient.openServer(HttpClient.java:499)
	at sun.net.www.http.HttpClient.openServer(HttpClient.java:594)
	at sun.net.www.http.HttpClient.<init>(HttpClient.java:278)
	at sun.net.www.http.HttpClient.New(HttpClient.java:375)
	at sun.net.www.http.HttpClient.New(HttpClient.java:393)
	at sun.net.www.protocol.http.HttpURLConnection.getNewHttpClient(HttpURLConnection.java:1240)
	at sun.net.www.protocol.http.HttpURLConnection.plainConnect0(HttpURLConnection.java:1167)
	at sun.net.www.protocol.http.HttpURLConnection.plainConnect(HttpURLConnection.java:1061)
	at sun.net.www.protocol.http.HttpURLConnection.connect(HttpURLConnection.java:995)
	at org.springframework.http.client.SimpleBufferingClientHttpRequest.executeInternal(SimpleBufferingClientHttpRequest.java:76)
	at org.springframework.http.client.AbstractBufferingClientHttpRequest.executeInternal(AbstractBufferingClientHttpRequest.java:48)
	at org.springframework.http.client.AbstractClientHttpRequest.execute(AbstractClientHttpRequest.java:66)
	at org.springframework.web.client.RestTemplate.doExecute(RestTemplate.java:776)
	at org.springframework.web.client.RestTemplate.execute(RestTemplate.java:711)
	at org.springframework.web.client.RestTemplate.postForObject(RestTemplate.java:437)
	at com.shark.aio.data.video.controller.VideoController$VideoPlayController.sendStreamToFlask(VideoController.java:320)
	at com.shark.aio.data.video.controller.VideoController$VideoPlayController.toVideoPlayPage(VideoController.java:310)
	at sun.reflect.NativeMethodAccessorImpl.invoke0(Native Method)
	at sun.reflect.NativeMethodAccessorImpl.invoke(NativeMethodAccessorImpl.java:62)
	at sun.reflect.DelegatingMethodAccessorImpl.invoke(DelegatingMethodAccessorImpl.java:43)
	at java.lang.reflect.Method.invoke(Method.java:498)
	at org.springframework.web.method.support.InvocableHandlerMethod.doInvoke(InvocableHandlerMethod.java:205)
	at org.springframework.web.method.support.InvocableHandlerMethod.invokeForRequest(InvocableHandlerMethod.java:150)
	at org.springframework.web.servlet.mvc.method.annotation.ServletInvocableHandlerMethod.invokeAndHandle(ServletInvocableHandlerMethod.java:117)
	at org.springframework.web.servlet.mvc.method.annotation.RequestMappingHandlerAdapter.invokeHandlerMethod(RequestMappingHandlerAdapter.java:895)
	at org.springframework.web.servlet.mvc.method.annotation.RequestMappingHandlerAdapter.handleInternal(RequestMappingHandlerAdapter.java:808)
	at org.springframework.web.servlet.mvc.method.AbstractHandlerMethodAdapter.handle(AbstractHandlerMethodAdapter.java:87)
	at org.springframework.web.servlet.DispatcherServlet.doDispatch(DispatcherServlet.java:1071)
	at org.springframework.web.servlet.DispatcherServlet.doService(DispatcherServlet.java:964)
	at org.springframework.web.servlet.FrameworkServlet.processRequest(FrameworkServlet.java:1006)
	at org.springframework.web.servlet.FrameworkServlet.doGet(FrameworkServlet.java:898)
	at javax.servlet.http.HttpServlet.service(HttpServlet.java:670)
	at org.springframework.web.servlet.FrameworkServlet.service(FrameworkServlet.java:883)
	at javax.servlet.http.HttpServlet.service(HttpServlet.java:779)
	at org.apache.catalina.core.ApplicationFilterChain.internalDoFilter(ApplicationFilterChain.java:227)
	at org.apache.catalina.core.ApplicationFilterChain.doFilter(ApplicationFilterChain.java:162)
	at org.apache.tomcat.websocket.server.WsFilter.doFilter(WsFilter.java:53)
	at org.apache.catalina.core.ApplicationFilterChain.internalDoFilter(ApplicationFilterChain.java:189)
	at org.apache.catalina.core.ApplicationFilterChain.doFilter(ApplicationFilterChain.java:162)
	at org.springframework.web.filter.CharacterEncodingFilter.doFilterInternal(CharacterEncodingFilter.java:201)
	at org.springframework.web.filter.OncePerRequestFilter.doFilter(OncePerRequestFilter.java:117)
	at org.apache.catalina.core.ApplicationFilterChain.internalDoFilter(ApplicationFilterChain.java:189)
	at org.apache.catalina.core.ApplicationFilterChain.doFilter(ApplicationFilterChain.java:162)
	at org.apache.catalina.core.StandardWrapperValve.invoke(StandardWrapperValve.java:197)
	at org.apache.catalina.core.StandardContextValve.invoke(StandardContextValve.java:97)
	at org.apache.catalina.authenticator.AuthenticatorBase.invoke(AuthenticatorBase.java:541)
	at org.apache.catalina.core.StandardHostValve.invoke(StandardHostValve.java:135)
	at org.apache.catalina.valves.ErrorReportValve.invoke(ErrorReportValve.java:92)
	at org.apache.catalina.core.StandardEngineValve.invoke(StandardEngineValve.java:78)
	at org.apache.catalina.connector.CoyoteAdapter.service(CoyoteAdapter.java:360)
	at org.apache.coyote.http11.Http11Processor.service(Http11Processor.java:399)
	at org.apache.coyote.AbstractProcessorLight.process(AbstractProcessorLight.java:65)
	at org.apache.coyote.AbstractProtocol$ConnectionHandler.process(AbstractProtocol.java:893)
	at org.apache.tomcat.util.net.NioEndpoint$SocketProcessor.doRun(NioEndpoint.java:1789)
	at org.apache.tomcat.util.net.SocketProcessorBase.run(SocketProcessorBase.java:49)
	at org.apache.tomcat.util.threads.ThreadPoolExecutor.runWorker(ThreadPoolExecutor.java:1191)
	at org.apache.tomcat.util.threads.ThreadPoolExecutor$Worker.run(ThreadPoolExecutor.java:659)
	at org.apache.tomcat.util.threads.TaskThread$WrappingRunnable.run(TaskThread.java:61)
	at java.lang.Thread.run(Thread.java:750)
2024-08-28 08:56:52.567 [,] [scheduling-1] ERROR o.s.s.s.TaskUtils$LoggingErrorHandler - [handleError,95] - Unexpected error occurred in scheduled task
java.lang.InterruptedException: null
	at java.util.concurrent.FutureTask.awaitDone(FutureTask.java:404)
	at java.util.concurrent.FutureTask.get(FutureTask.java:191)
	at com.shark.aio.base.controller.InitFFmpeg.monitorFfmpegProcess(InitFFmpeg.java:106)
	at com.shark.aio.base.controller.InitFFmpeg$$FastClassBySpringCGLIB$$6f28da27.invoke(<generated>)
	at org.springframework.cglib.proxy.MethodProxy.invoke(MethodProxy.java:218)
	at org.springframework.aop.framework.CglibAopProxy$CglibMethodInvocation.invokeJoinpoint(CglibAopProxy.java:793)
	at org.springframework.aop.framework.ReflectiveMethodInvocation.proceed(ReflectiveMethodInvocation.java:163)
	at org.springframework.aop.framework.CglibAopProxy$CglibMethodInvocation.proceed(CglibAopProxy.java:763)
	at org.springframework.aop.framework.adapter.MethodBeforeAdviceInterceptor.invoke(MethodBeforeAdviceInterceptor.java:58)
	at org.springframework.aop.framework.ReflectiveMethodInvocation.proceed(ReflectiveMethodInvocation.java:186)
	at org.springframework.aop.framework.CglibAopProxy$CglibMethodInvocation.proceed(CglibAopProxy.java:763)
	at org.springframework.aop.interceptor.ExposeInvocationInterceptor.invoke(ExposeInvocationInterceptor.java:97)
	at org.springframework.aop.framework.ReflectiveMethodInvocation.proceed(ReflectiveMethodInvocation.java:186)
	at org.springframework.aop.framework.CglibAopProxy$CglibMethodInvocation.proceed(CglibAopProxy.java:763)
	at org.springframework.aop.framework.CglibAopProxy$DynamicAdvisedInterceptor.intercept(CglibAopProxy.java:708)
	at com.shark.aio.base.controller.InitFFmpeg$$EnhancerBySpringCGLIB$$28092d10.monitorFfmpegProcess(<generated>)
	at sun.reflect.NativeMethodAccessorImpl.invoke0(Native Method)
	at sun.reflect.NativeMethodAccessorImpl.invoke(NativeMethodAccessorImpl.java:62)
	at sun.reflect.DelegatingMethodAccessorImpl.invoke(DelegatingMethodAccessorImpl.java:43)
	at java.lang.reflect.Method.invoke(Method.java:498)
	at org.springframework.scheduling.support.ScheduledMethodRunnable.run(ScheduledMethodRunnable.java:84)
	at org.springframework.scheduling.support.DelegatingErrorHandlingRunnable.run(DelegatingErrorHandlingRunnable.java:54)
	at org.springframework.scheduling.concurrent.ReschedulingRunnable.run(ReschedulingRunnable.java:95)
	at java.util.concurrent.Executors$RunnableAdapter.call(Executors.java:511)
	at java.util.concurrent.FutureTask.run(FutureTask.java:266)
	at java.util.concurrent.ScheduledThreadPoolExecutor$ScheduledFutureTask.access$201(ScheduledThreadPoolExecutor.java:180)
	at java.util.concurrent.ScheduledThreadPoolExecutor$ScheduledFutureTask.run(ScheduledThreadPoolExecutor.java:293)
	at java.util.concurrent.ThreadPoolExecutor.runWorker(ThreadPoolExecutor.java:1149)
	at java.util.concurrent.ThreadPoolExecutor$Worker.run(ThreadPoolExecutor.java:624)
	at java.lang.Thread.run(Thread.java:750)
2024-08-28 08:57:41.295 [,] [http-nio-8089-exec-4] ERROR o.a.c.c.C.[.[.[.[dispatcherServlet] - [log,175] - Servlet.service() for servlet [dispatcherServlet] in context with path [] threw exception [Request processing failed; nested exception is org.springframework.web.client.ResourceAccessException: I/O error on POST request for "http://localhost:5555/receive_stream": Connection refused: connect; nested exception is java.net.ConnectException: Connection refused: connect] with root cause
java.net.ConnectException: Connection refused: connect
	at java.net.DualStackPlainSocketImpl.connect0(Native Method)
	at java.net.DualStackPlainSocketImpl.socketConnect(DualStackPlainSocketImpl.java:75)
	at java.net.AbstractPlainSocketImpl.doConnect(AbstractPlainSocketImpl.java:476)
	at java.net.AbstractPlainSocketImpl.connectToAddress(AbstractPlainSocketImpl.java:218)
	at java.net.AbstractPlainSocketImpl.connect(AbstractPlainSocketImpl.java:200)
	at java.net.PlainSocketImpl.connect(PlainSocketImpl.java:162)
	at java.net.SocksSocketImpl.connect(SocksSocketImpl.java:394)
	at java.net.Socket.connect(Socket.java:606)
	at java.net.Socket.connect(Socket.java:555)
	at sun.net.NetworkClient.doConnect(NetworkClient.java:180)
	at sun.net.www.http.HttpClient.openServer(HttpClient.java:499)
	at sun.net.www.http.HttpClient.openServer(HttpClient.java:594)
	at sun.net.www.http.HttpClient.<init>(HttpClient.java:278)
	at sun.net.www.http.HttpClient.New(HttpClient.java:375)
	at sun.net.www.http.HttpClient.New(HttpClient.java:393)
	at sun.net.www.protocol.http.HttpURLConnection.getNewHttpClient(HttpURLConnection.java:1240)
	at sun.net.www.protocol.http.HttpURLConnection.plainConnect0(HttpURLConnection.java:1167)
	at sun.net.www.protocol.http.HttpURLConnection.plainConnect(HttpURLConnection.java:1061)
	at sun.net.www.protocol.http.HttpURLConnection.connect(HttpURLConnection.java:995)
	at org.springframework.http.client.SimpleBufferingClientHttpRequest.executeInternal(SimpleBufferingClientHttpRequest.java:76)
	at org.springframework.http.client.AbstractBufferingClientHttpRequest.executeInternal(AbstractBufferingClientHttpRequest.java:48)
	at org.springframework.http.client.AbstractClientHttpRequest.execute(AbstractClientHttpRequest.java:66)
	at org.springframework.web.client.RestTemplate.doExecute(RestTemplate.java:776)
	at org.springframework.web.client.RestTemplate.execute(RestTemplate.java:711)
	at org.springframework.web.client.RestTemplate.postForObject(RestTemplate.java:437)
	at com.shark.aio.data.video.controller.VideoController$VideoPlayController.sendStreamToFlask(VideoController.java:320)
	at com.shark.aio.data.video.controller.VideoController$VideoPlayController.toVideoPlayPage(VideoController.java:310)
	at sun.reflect.NativeMethodAccessorImpl.invoke0(Native Method)
	at sun.reflect.NativeMethodAccessorImpl.invoke(NativeMethodAccessorImpl.java:62)
	at sun.reflect.DelegatingMethodAccessorImpl.invoke(DelegatingMethodAccessorImpl.java:43)
	at java.lang.reflect.Method.invoke(Method.java:498)
	at org.springframework.web.method.support.InvocableHandlerMethod.doInvoke(InvocableHandlerMethod.java:205)
	at org.springframework.web.method.support.InvocableHandlerMethod.invokeForRequest(InvocableHandlerMethod.java:150)
	at org.springframework.web.servlet.mvc.method.annotation.ServletInvocableHandlerMethod.invokeAndHandle(ServletInvocableHandlerMethod.java:117)
	at org.springframework.web.servlet.mvc.method.annotation.RequestMappingHandlerAdapter.invokeHandlerMethod(RequestMappingHandlerAdapter.java:895)
	at org.springframework.web.servlet.mvc.method.annotation.RequestMappingHandlerAdapter.handleInternal(RequestMappingHandlerAdapter.java:808)
	at org.springframework.web.servlet.mvc.method.AbstractHandlerMethodAdapter.handle(AbstractHandlerMethodAdapter.java:87)
	at org.springframework.web.servlet.DispatcherServlet.doDispatch(DispatcherServlet.java:1071)
	at org.springframework.web.servlet.DispatcherServlet.doService(DispatcherServlet.java:964)
	at org.springframework.web.servlet.FrameworkServlet.processRequest(FrameworkServlet.java:1006)
	at org.springframework.web.servlet.FrameworkServlet.doGet(FrameworkServlet.java:898)
	at javax.servlet.http.HttpServlet.service(HttpServlet.java:670)
	at org.springframework.web.servlet.FrameworkServlet.service(FrameworkServlet.java:883)
	at javax.servlet.http.HttpServlet.service(HttpServlet.java:779)
	at org.apache.catalina.core.ApplicationFilterChain.internalDoFilter(ApplicationFilterChain.java:227)
	at org.apache.catalina.core.ApplicationFilterChain.doFilter(ApplicationFilterChain.java:162)
	at org.apache.tomcat.websocket.server.WsFilter.doFilter(WsFilter.java:53)
	at org.apache.catalina.core.ApplicationFilterChain.internalDoFilter(ApplicationFilterChain.java:189)
	at org.apache.catalina.core.ApplicationFilterChain.doFilter(ApplicationFilterChain.java:162)
	at org.springframework.web.filter.CharacterEncodingFilter.doFilterInternal(CharacterEncodingFilter.java:201)
	at org.springframework.web.filter.OncePerRequestFilter.doFilter(OncePerRequestFilter.java:117)
	at org.apache.catalina.core.ApplicationFilterChain.internalDoFilter(ApplicationFilterChain.java:189)
	at org.apache.catalina.core.ApplicationFilterChain.doFilter(ApplicationFilterChain.java:162)
	at org.apache.catalina.core.StandardWrapperValve.invoke(StandardWrapperValve.java:197)
	at org.apache.catalina.core.StandardContextValve.invoke(StandardContextValve.java:97)
	at org.apache.catalina.authenticator.AuthenticatorBase.invoke(AuthenticatorBase.java:541)
	at org.apache.catalina.core.StandardHostValve.invoke(StandardHostValve.java:135)
	at org.apache.catalina.valves.ErrorReportValve.invoke(ErrorReportValve.java:92)
	at org.apache.catalina.core.StandardEngineValve.invoke(StandardEngineValve.java:78)
	at org.apache.catalina.connector.CoyoteAdapter.service(CoyoteAdapter.java:360)
	at org.apache.coyote.http11.Http11Processor.service(Http11Processor.java:399)
	at org.apache.coyote.AbstractProcessorLight.process(AbstractProcessorLight.java:65)
	at org.apache.coyote.AbstractProtocol$ConnectionHandler.process(AbstractProtocol.java:893)
	at org.apache.tomcat.util.net.NioEndpoint$SocketProcessor.doRun(NioEndpoint.java:1789)
	at org.apache.tomcat.util.net.SocketProcessorBase.run(SocketProcessorBase.java:49)
	at org.apache.tomcat.util.threads.ThreadPoolExecutor.runWorker(ThreadPoolExecutor.java:1191)
	at org.apache.tomcat.util.threads.ThreadPoolExecutor$Worker.run(ThreadPoolExecutor.java:659)
	at org.apache.tomcat.util.threads.TaskThread$WrappingRunnable.run(TaskThread.java:61)
	at java.lang.Thread.run(Thread.java:750)
2024-08-28 09:04:00.006 [,] [scheduling-1] ERROR o.s.s.s.TaskUtils$LoggingErrorHandler - [handleError,95] - Unexpected error occurred in scheduled task
java.util.concurrent.ExecutionException: org.bytedeco.javacv.FrameGrabber$Exception: avformat_open_input() error -1094995529: Could not open input "rtsp://admin:lbx123456@192.168.0.3:554". (Has setFormat() been called?)
	at java.util.concurrent.FutureTask.report(FutureTask.java:122)
	at java.util.concurrent.FutureTask.get(FutureTask.java:192)
	at com.shark.aio.base.controller.InitFFmpeg.monitorFfmpegProcess(InitFFmpeg.java:106)
	at com.shark.aio.base.controller.InitFFmpeg$$FastClassBySpringCGLIB$$6f28da27.invoke(<generated>)
	at org.springframework.cglib.proxy.MethodProxy.invoke(MethodProxy.java:218)
	at org.springframework.aop.framework.CglibAopProxy$CglibMethodInvocation.invokeJoinpoint(CglibAopProxy.java:793)
	at org.springframework.aop.framework.ReflectiveMethodInvocation.proceed(ReflectiveMethodInvocation.java:163)
	at org.springframework.aop.framework.CglibAopProxy$CglibMethodInvocation.proceed(CglibAopProxy.java:763)
	at org.springframework.aop.framework.adapter.MethodBeforeAdviceInterceptor.invoke(MethodBeforeAdviceInterceptor.java:58)
	at org.springframework.aop.framework.ReflectiveMethodInvocation.proceed(ReflectiveMethodInvocation.java:186)
	at org.springframework.aop.framework.CglibAopProxy$CglibMethodInvocation.proceed(CglibAopProxy.java:763)
	at org.springframework.aop.interceptor.ExposeInvocationInterceptor.invoke(ExposeInvocationInterceptor.java:97)
	at org.springframework.aop.framework.ReflectiveMethodInvocation.proceed(ReflectiveMethodInvocation.java:186)
	at org.springframework.aop.framework.CglibAopProxy$CglibMethodInvocation.proceed(CglibAopProxy.java:763)
	at org.springframework.aop.framework.CglibAopProxy$DynamicAdvisedInterceptor.intercept(CglibAopProxy.java:708)
	at com.shark.aio.base.controller.InitFFmpeg$$EnhancerBySpringCGLIB$$85de51c5.monitorFfmpegProcess(<generated>)
	at sun.reflect.NativeMethodAccessorImpl.invoke0(Native Method)
	at sun.reflect.NativeMethodAccessorImpl.invoke(NativeMethodAccessorImpl.java:62)
	at sun.reflect.DelegatingMethodAccessorImpl.invoke(DelegatingMethodAccessorImpl.java:43)
	at java.lang.reflect.Method.invoke(Method.java:498)
	at org.springframework.scheduling.support.ScheduledMethodRunnable.run(ScheduledMethodRunnable.java:84)
	at org.springframework.scheduling.support.DelegatingErrorHandlingRunnable.run(DelegatingErrorHandlingRunnable.java:54)
	at org.springframework.scheduling.concurrent.ReschedulingRunnable.run(ReschedulingRunnable.java:95)
	at java.util.concurrent.Executors$RunnableAdapter.call(Executors.java:511)
	at java.util.concurrent.FutureTask.run(FutureTask.java:266)
	at java.util.concurrent.ScheduledThreadPoolExecutor$ScheduledFutureTask.access$201(ScheduledThreadPoolExecutor.java:180)
	at java.util.concurrent.ScheduledThreadPoolExecutor$ScheduledFutureTask.run(ScheduledThreadPoolExecutor.java:293)
	at java.util.concurrent.ThreadPoolExecutor.runWorker(ThreadPoolExecutor.java:1149)
	at java.util.concurrent.ThreadPoolExecutor$Worker.run(ThreadPoolExecutor.java:624)
	at java.lang.Thread.run(Thread.java:750)
Caused by: org.bytedeco.javacv.FrameGrabber$Exception: avformat_open_input() error -1094995529: Could not open input "rtsp://admin:lbx123456@192.168.0.3:554". (Has setFormat() been called?)
	at org.bytedeco.javacv.FFmpegFrameGrabber.startUnsafe(FFmpegFrameGrabber.java:876)
	at org.bytedeco.javacv.FFmpegFrameGrabber.start(FFmpegFrameGrabber.java:801)
	at org.bytedeco.javacv.FFmpegFrameGrabber.start(FFmpegFrameGrabber.java:796)
	at com.shark.aio.data.video.service.ImageRecorderService.run(ImageRecorderService.java:107)
	at java.util.concurrent.Executors$RunnableAdapter.call(Executors.java:511)
	at java.util.concurrent.FutureTask.run(FutureTask.java:266)
	... 3 common frames omitted
2024-08-28 09:04:10.011 [,] [scheduling-1] ERROR o.s.s.s.TaskUtils$LoggingErrorHandler - [handleError,95] - Unexpected error occurred in scheduled task
java.util.concurrent.ExecutionException: org.bytedeco.javacv.FrameGrabber$Exception: avformat_open_input() error -1094995529: Could not open input "rtsp://admin:lbx123456@192.168.0.3:554". (Has setFormat() been called?)
	at java.util.concurrent.FutureTask.report(FutureTask.java:122)
	at java.util.concurrent.FutureTask.get(FutureTask.java:192)
	at com.shark.aio.base.controller.InitFFmpeg.monitorFfmpegProcess(InitFFmpeg.java:106)
	at com.shark.aio.base.controller.InitFFmpeg$$FastClassBySpringCGLIB$$6f28da27.invoke(<generated>)
	at org.springframework.cglib.proxy.MethodProxy.invoke(MethodProxy.java:218)
	at org.springframework.aop.framework.CglibAopProxy$CglibMethodInvocation.invokeJoinpoint(CglibAopProxy.java:793)
	at org.springframework.aop.framework.ReflectiveMethodInvocation.proceed(ReflectiveMethodInvocation.java:163)
	at org.springframework.aop.framework.CglibAopProxy$CglibMethodInvocation.proceed(CglibAopProxy.java:763)
	at org.springframework.aop.framework.adapter.MethodBeforeAdviceInterceptor.invoke(MethodBeforeAdviceInterceptor.java:58)
	at org.springframework.aop.framework.ReflectiveMethodInvocation.proceed(ReflectiveMethodInvocation.java:186)
	at org.springframework.aop.framework.CglibAopProxy$CglibMethodInvocation.proceed(CglibAopProxy.java:763)
	at org.springframework.aop.interceptor.ExposeInvocationInterceptor.invoke(ExposeInvocationInterceptor.java:97)
	at org.springframework.aop.framework.ReflectiveMethodInvocation.proceed(ReflectiveMethodInvocation.java:186)
	at org.springframework.aop.framework.CglibAopProxy$CglibMethodInvocation.proceed(CglibAopProxy.java:763)
	at org.springframework.aop.framework.CglibAopProxy$DynamicAdvisedInterceptor.intercept(CglibAopProxy.java:708)
	at com.shark.aio.base.controller.InitFFmpeg$$EnhancerBySpringCGLIB$$85de51c5.monitorFfmpegProcess(<generated>)
	at sun.reflect.NativeMethodAccessorImpl.invoke0(Native Method)
	at sun.reflect.NativeMethodAccessorImpl.invoke(NativeMethodAccessorImpl.java:62)
	at sun.reflect.DelegatingMethodAccessorImpl.invoke(DelegatingMethodAccessorImpl.java:43)
	at java.lang.reflect.Method.invoke(Method.java:498)
	at org.springframework.scheduling.support.ScheduledMethodRunnable.run(ScheduledMethodRunnable.java:84)
	at org.springframework.scheduling.support.DelegatingErrorHandlingRunnable.run(DelegatingErrorHandlingRunnable.java:54)
	at org.springframework.scheduling.concurrent.ReschedulingRunnable.run(ReschedulingRunnable.java:95)
	at java.util.concurrent.Executors$RunnableAdapter.call(Executors.java:511)
	at java.util.concurrent.FutureTask.run(FutureTask.java:266)
	at java.util.concurrent.ScheduledThreadPoolExecutor$ScheduledFutureTask.access$201(ScheduledThreadPoolExecutor.java:180)
	at java.util.concurrent.ScheduledThreadPoolExecutor$ScheduledFutureTask.run(ScheduledThreadPoolExecutor.java:293)
	at java.util.concurrent.ThreadPoolExecutor.runWorker(ThreadPoolExecutor.java:1149)
	at java.util.concurrent.ThreadPoolExecutor$Worker.run(ThreadPoolExecutor.java:624)
	at java.lang.Thread.run(Thread.java:750)
Caused by: org.bytedeco.javacv.FrameGrabber$Exception: avformat_open_input() error -1094995529: Could not open input "rtsp://admin:lbx123456@192.168.0.3:554". (Has setFormat() been called?)
	at org.bytedeco.javacv.FFmpegFrameGrabber.startUnsafe(FFmpegFrameGrabber.java:876)
	at org.bytedeco.javacv.FFmpegFrameGrabber.start(FFmpegFrameGrabber.java:801)
	at org.bytedeco.javacv.FFmpegFrameGrabber.start(FFmpegFrameGrabber.java:796)
	at com.shark.aio.data.video.service.ImageRecorderService.run(ImageRecorderService.java:107)
	at java.util.concurrent.Executors$RunnableAdapter.call(Executors.java:511)
	at java.util.concurrent.FutureTask.run(FutureTask.java:266)
	... 3 common frames omitted
2024-08-28 09:04:20.015 [,] [scheduling-1] ERROR o.s.s.s.TaskUtils$LoggingErrorHandler - [handleError,95] - Unexpected error occurred in scheduled task
java.util.concurrent.ExecutionException: org.bytedeco.javacv.FrameGrabber$Exception: avformat_open_input() error -1094995529: Could not open input "rtsp://admin:lbx123456@192.168.0.3:554". (Has setFormat() been called?)
	at java.util.concurrent.FutureTask.report(FutureTask.java:122)
	at java.util.concurrent.FutureTask.get(FutureTask.java:192)
	at com.shark.aio.base.controller.InitFFmpeg.monitorFfmpegProcess(InitFFmpeg.java:106)
	at com.shark.aio.base.controller.InitFFmpeg$$FastClassBySpringCGLIB$$6f28da27.invoke(<generated>)
	at org.springframework.cglib.proxy.MethodProxy.invoke(MethodProxy.java:218)
	at org.springframework.aop.framework.CglibAopProxy$CglibMethodInvocation.invokeJoinpoint(CglibAopProxy.java:793)
	at org.springframework.aop.framework.ReflectiveMethodInvocation.proceed(ReflectiveMethodInvocation.java:163)
	at org.springframework.aop.framework.CglibAopProxy$CglibMethodInvocation.proceed(CglibAopProxy.java:763)
	at org.springframework.aop.framework.adapter.MethodBeforeAdviceInterceptor.invoke(MethodBeforeAdviceInterceptor.java:58)
	at org.springframework.aop.framework.ReflectiveMethodInvocation.proceed(ReflectiveMethodInvocation.java:186)
	at org.springframework.aop.framework.CglibAopProxy$CglibMethodInvocation.proceed(CglibAopProxy.java:763)
	at org.springframework.aop.interceptor.ExposeInvocationInterceptor.invoke(ExposeInvocationInterceptor.java:97)
	at org.springframework.aop.framework.ReflectiveMethodInvocation.proceed(ReflectiveMethodInvocation.java:186)
	at org.springframework.aop.framework.CglibAopProxy$CglibMethodInvocation.proceed(CglibAopProxy.java:763)
	at org.springframework.aop.framework.CglibAopProxy$DynamicAdvisedInterceptor.intercept(CglibAopProxy.java:708)
	at com.shark.aio.base.controller.InitFFmpeg$$EnhancerBySpringCGLIB$$85de51c5.monitorFfmpegProcess(<generated>)
	at sun.reflect.NativeMethodAccessorImpl.invoke0(Native Method)
	at sun.reflect.NativeMethodAccessorImpl.invoke(NativeMethodAccessorImpl.java:62)
	at sun.reflect.DelegatingMethodAccessorImpl.invoke(DelegatingMethodAccessorImpl.java:43)
	at java.lang.reflect.Method.invoke(Method.java:498)
	at org.springframework.scheduling.support.ScheduledMethodRunnable.run(ScheduledMethodRunnable.java:84)
	at org.springframework.scheduling.support.DelegatingErrorHandlingRunnable.run(DelegatingErrorHandlingRunnable.java:54)
	at org.springframework.scheduling.concurrent.ReschedulingRunnable.run(ReschedulingRunnable.java:95)
	at java.util.concurrent.Executors$RunnableAdapter.call(Executors.java:511)
	at java.util.concurrent.FutureTask.run(FutureTask.java:266)
	at java.util.concurrent.ScheduledThreadPoolExecutor$ScheduledFutureTask.access$201(ScheduledThreadPoolExecutor.java:180)
	at java.util.concurrent.ScheduledThreadPoolExecutor$ScheduledFutureTask.run(ScheduledThreadPoolExecutor.java:293)
	at java.util.concurrent.ThreadPoolExecutor.runWorker(ThreadPoolExecutor.java:1149)
	at java.util.concurrent.ThreadPoolExecutor$Worker.run(ThreadPoolExecutor.java:624)
	at java.lang.Thread.run(Thread.java:750)
Caused by: org.bytedeco.javacv.FrameGrabber$Exception: avformat_open_input() error -1094995529: Could not open input "rtsp://admin:lbx123456@192.168.0.3:554". (Has setFormat() been called?)
	at org.bytedeco.javacv.FFmpegFrameGrabber.startUnsafe(FFmpegFrameGrabber.java:876)
	at org.bytedeco.javacv.FFmpegFrameGrabber.start(FFmpegFrameGrabber.java:801)
	at org.bytedeco.javacv.FFmpegFrameGrabber.start(FFmpegFrameGrabber.java:796)
	at com.shark.aio.data.video.service.ImageRecorderService.run(ImageRecorderService.java:107)
	at java.util.concurrent.Executors$RunnableAdapter.call(Executors.java:511)
	at java.util.concurrent.FutureTask.run(FutureTask.java:266)
	... 3 common frames omitted
2024-08-28 09:04:30.001 [,] [scheduling-1] ERROR o.s.s.s.TaskUtils$LoggingErrorHandler - [handleError,95] - Unexpected error occurred in scheduled task
java.util.concurrent.ExecutionException: org.bytedeco.javacv.FrameGrabber$Exception: avformat_open_input() error -1094995529: Could not open input "rtsp://admin:lbx123456@192.168.0.3:554". (Has setFormat() been called?)
	at java.util.concurrent.FutureTask.report(FutureTask.java:122)
	at java.util.concurrent.FutureTask.get(FutureTask.java:192)
	at com.shark.aio.base.controller.InitFFmpeg.monitorFfmpegProcess(InitFFmpeg.java:106)
	at com.shark.aio.base.controller.InitFFmpeg$$FastClassBySpringCGLIB$$6f28da27.invoke(<generated>)
	at org.springframework.cglib.proxy.MethodProxy.invoke(MethodProxy.java:218)
	at org.springframework.aop.framework.CglibAopProxy$CglibMethodInvocation.invokeJoinpoint(CglibAopProxy.java:793)
	at org.springframework.aop.framework.ReflectiveMethodInvocation.proceed(ReflectiveMethodInvocation.java:163)
	at org.springframework.aop.framework.CglibAopProxy$CglibMethodInvocation.proceed(CglibAopProxy.java:763)
	at org.springframework.aop.framework.adapter.MethodBeforeAdviceInterceptor.invoke(MethodBeforeAdviceInterceptor.java:58)
	at org.springframework.aop.framework.ReflectiveMethodInvocation.proceed(ReflectiveMethodInvocation.java:186)
	at org.springframework.aop.framework.CglibAopProxy$CglibMethodInvocation.proceed(CglibAopProxy.java:763)
	at org.springframework.aop.interceptor.ExposeInvocationInterceptor.invoke(ExposeInvocationInterceptor.java:97)
	at org.springframework.aop.framework.ReflectiveMethodInvocation.proceed(ReflectiveMethodInvocation.java:186)
	at org.springframework.aop.framework.CglibAopProxy$CglibMethodInvocation.proceed(CglibAopProxy.java:763)
	at org.springframework.aop.framework.CglibAopProxy$DynamicAdvisedInterceptor.intercept(CglibAopProxy.java:708)
	at com.shark.aio.base.controller.InitFFmpeg$$EnhancerBySpringCGLIB$$85de51c5.monitorFfmpegProcess(<generated>)
	at sun.reflect.NativeMethodAccessorImpl.invoke0(Native Method)
	at sun.reflect.NativeMethodAccessorImpl.invoke(NativeMethodAccessorImpl.java:62)
	at sun.reflect.DelegatingMethodAccessorImpl.invoke(DelegatingMethodAccessorImpl.java:43)
	at java.lang.reflect.Method.invoke(Method.java:498)
	at org.springframework.scheduling.support.ScheduledMethodRunnable.run(ScheduledMethodRunnable.java:84)
	at org.springframework.scheduling.support.DelegatingErrorHandlingRunnable.run(DelegatingErrorHandlingRunnable.java:54)
	at org.springframework.scheduling.concurrent.ReschedulingRunnable.run(ReschedulingRunnable.java:95)
	at java.util.concurrent.Executors$RunnableAdapter.call(Executors.java:511)
	at java.util.concurrent.FutureTask.run(FutureTask.java:266)
	at java.util.concurrent.ScheduledThreadPoolExecutor$ScheduledFutureTask.access$201(ScheduledThreadPoolExecutor.java:180)
	at java.util.concurrent.ScheduledThreadPoolExecutor$ScheduledFutureTask.run(ScheduledThreadPoolExecutor.java:293)
	at java.util.concurrent.ThreadPoolExecutor.runWorker(ThreadPoolExecutor.java:1149)
	at java.util.concurrent.ThreadPoolExecutor$Worker.run(ThreadPoolExecutor.java:624)
	at java.lang.Thread.run(Thread.java:750)
Caused by: org.bytedeco.javacv.FrameGrabber$Exception: avformat_open_input() error -1094995529: Could not open input "rtsp://admin:lbx123456@192.168.0.3:554". (Has setFormat() been called?)
	at org.bytedeco.javacv.FFmpegFrameGrabber.startUnsafe(FFmpegFrameGrabber.java:876)
	at org.bytedeco.javacv.FFmpegFrameGrabber.start(FFmpegFrameGrabber.java:801)
	at org.bytedeco.javacv.FFmpegFrameGrabber.start(FFmpegFrameGrabber.java:796)
	at com.shark.aio.data.video.service.ImageRecorderService.run(ImageRecorderService.java:107)
	at java.util.concurrent.Executors$RunnableAdapter.call(Executors.java:511)
	at java.util.concurrent.FutureTask.run(FutureTask.java:266)
	... 3 common frames omitted
2024-08-28 09:04:40.003 [,] [scheduling-1] ERROR o.s.s.s.TaskUtils$LoggingErrorHandler - [handleError,95] - Unexpected error occurred in scheduled task
java.util.concurrent.ExecutionException: org.bytedeco.javacv.FrameGrabber$Exception: avformat_open_input() error -1094995529: Could not open input "rtsp://admin:lbx123456@192.168.0.3:554". (Has setFormat() been called?)
	at java.util.concurrent.FutureTask.report(FutureTask.java:122)
	at java.util.concurrent.FutureTask.get(FutureTask.java:192)
	at com.shark.aio.base.controller.InitFFmpeg.monitorFfmpegProcess(InitFFmpeg.java:106)
	at com.shark.aio.base.controller.InitFFmpeg$$FastClassBySpringCGLIB$$6f28da27.invoke(<generated>)
	at org.springframework.cglib.proxy.MethodProxy.invoke(MethodProxy.java:218)
	at org.springframework.aop.framework.CglibAopProxy$CglibMethodInvocation.invokeJoinpoint(CglibAopProxy.java:793)
	at org.springframework.aop.framework.ReflectiveMethodInvocation.proceed(ReflectiveMethodInvocation.java:163)
	at org.springframework.aop.framework.CglibAopProxy$CglibMethodInvocation.proceed(CglibAopProxy.java:763)
	at org.springframework.aop.framework.adapter.MethodBeforeAdviceInterceptor.invoke(MethodBeforeAdviceInterceptor.java:58)
	at org.springframework.aop.framework.ReflectiveMethodInvocation.proceed(ReflectiveMethodInvocation.java:186)
	at org.springframework.aop.framework.CglibAopProxy$CglibMethodInvocation.proceed(CglibAopProxy.java:763)
	at org.springframework.aop.interceptor.ExposeInvocationInterceptor.invoke(ExposeInvocationInterceptor.java:97)
	at org.springframework.aop.framework.ReflectiveMethodInvocation.proceed(ReflectiveMethodInvocation.java:186)
	at org.springframework.aop.framework.CglibAopProxy$CglibMethodInvocation.proceed(CglibAopProxy.java:763)
	at org.springframework.aop.framework.CglibAopProxy$DynamicAdvisedInterceptor.intercept(CglibAopProxy.java:708)
	at com.shark.aio.base.controller.InitFFmpeg$$EnhancerBySpringCGLIB$$85de51c5.monitorFfmpegProcess(<generated>)
	at sun.reflect.NativeMethodAccessorImpl.invoke0(Native Method)
	at sun.reflect.NativeMethodAccessorImpl.invoke(NativeMethodAccessorImpl.java:62)
	at sun.reflect.DelegatingMethodAccessorImpl.invoke(DelegatingMethodAccessorImpl.java:43)
	at java.lang.reflect.Method.invoke(Method.java:498)
	at org.springframework.scheduling.support.ScheduledMethodRunnable.run(ScheduledMethodRunnable.java:84)
	at org.springframework.scheduling.support.DelegatingErrorHandlingRunnable.run(DelegatingErrorHandlingRunnable.java:54)
	at org.springframework.scheduling.concurrent.ReschedulingRunnable.run(ReschedulingRunnable.java:95)
	at java.util.concurrent.Executors$RunnableAdapter.call(Executors.java:511)
	at java.util.concurrent.FutureTask.run(FutureTask.java:266)
	at java.util.concurrent.ScheduledThreadPoolExecutor$ScheduledFutureTask.access$201(ScheduledThreadPoolExecutor.java:180)
	at java.util.concurrent.ScheduledThreadPoolExecutor$ScheduledFutureTask.run(ScheduledThreadPoolExecutor.java:293)
	at java.util.concurrent.ThreadPoolExecutor.runWorker(ThreadPoolExecutor.java:1149)
	at java.util.concurrent.ThreadPoolExecutor$Worker.run(ThreadPoolExecutor.java:624)
	at java.lang.Thread.run(Thread.java:750)
Caused by: org.bytedeco.javacv.FrameGrabber$Exception: avformat_open_input() error -1094995529: Could not open input "rtsp://admin:lbx123456@192.168.0.3:554". (Has setFormat() been called?)
	at org.bytedeco.javacv.FFmpegFrameGrabber.startUnsafe(FFmpegFrameGrabber.java:876)
	at org.bytedeco.javacv.FFmpegFrameGrabber.start(FFmpegFrameGrabber.java:801)
	at org.bytedeco.javacv.FFmpegFrameGrabber.start(FFmpegFrameGrabber.java:796)
	at com.shark.aio.data.video.service.ImageRecorderService.run(ImageRecorderService.java:107)
	at java.util.concurrent.Executors$RunnableAdapter.call(Executors.java:511)
	at java.util.concurrent.FutureTask.run(FutureTask.java:266)
	... 3 common frames omitted
2024-08-28 09:04:50.003 [,] [scheduling-1] ERROR o.s.s.s.TaskUtils$LoggingErrorHandler - [handleError,95] - Unexpected error occurred in scheduled task
java.util.concurrent.ExecutionException: org.bytedeco.javacv.FrameGrabber$Exception: avformat_open_input() error -1094995529: Could not open input "rtsp://admin:lbx123456@192.168.0.3:554". (Has setFormat() been called?)
	at java.util.concurrent.FutureTask.report(FutureTask.java:122)
	at java.util.concurrent.FutureTask.get(FutureTask.java:192)
	at com.shark.aio.base.controller.InitFFmpeg.monitorFfmpegProcess(InitFFmpeg.java:106)
	at com.shark.aio.base.controller.InitFFmpeg$$FastClassBySpringCGLIB$$6f28da27.invoke(<generated>)
	at org.springframework.cglib.proxy.MethodProxy.invoke(MethodProxy.java:218)
	at org.springframework.aop.framework.CglibAopProxy$CglibMethodInvocation.invokeJoinpoint(CglibAopProxy.java:793)
	at org.springframework.aop.framework.ReflectiveMethodInvocation.proceed(ReflectiveMethodInvocation.java:163)
	at org.springframework.aop.framework.CglibAopProxy$CglibMethodInvocation.proceed(CglibAopProxy.java:763)
	at org.springframework.aop.framework.adapter.MethodBeforeAdviceInterceptor.invoke(MethodBeforeAdviceInterceptor.java:58)
	at org.springframework.aop.framework.ReflectiveMethodInvocation.proceed(ReflectiveMethodInvocation.java:186)
	at org.springframework.aop.framework.CglibAopProxy$CglibMethodInvocation.proceed(CglibAopProxy.java:763)
	at org.springframework.aop.interceptor.ExposeInvocationInterceptor.invoke(ExposeInvocationInterceptor.java:97)
	at org.springframework.aop.framework.ReflectiveMethodInvocation.proceed(ReflectiveMethodInvocation.java:186)
	at org.springframework.aop.framework.CglibAopProxy$CglibMethodInvocation.proceed(CglibAopProxy.java:763)
	at org.springframework.aop.framework.CglibAopProxy$DynamicAdvisedInterceptor.intercept(CglibAopProxy.java:708)
	at com.shark.aio.base.controller.InitFFmpeg$$EnhancerBySpringCGLIB$$85de51c5.monitorFfmpegProcess(<generated>)
	at sun.reflect.NativeMethodAccessorImpl.invoke0(Native Method)
	at sun.reflect.NativeMethodAccessorImpl.invoke(NativeMethodAccessorImpl.java:62)
	at sun.reflect.DelegatingMethodAccessorImpl.invoke(DelegatingMethodAccessorImpl.java:43)
	at java.lang.reflect.Method.invoke(Method.java:498)
	at org.springframework.scheduling.support.ScheduledMethodRunnable.run(ScheduledMethodRunnable.java:84)
	at org.springframework.scheduling.support.DelegatingErrorHandlingRunnable.run(DelegatingErrorHandlingRunnable.java:54)
	at org.springframework.scheduling.concurrent.ReschedulingRunnable.run(ReschedulingRunnable.java:95)
	at java.util.concurrent.Executors$RunnableAdapter.call(Executors.java:511)
	at java.util.concurrent.FutureTask.run(FutureTask.java:266)
	at java.util.concurrent.ScheduledThreadPoolExecutor$ScheduledFutureTask.access$201(ScheduledThreadPoolExecutor.java:180)
	at java.util.concurrent.ScheduledThreadPoolExecutor$ScheduledFutureTask.run(ScheduledThreadPoolExecutor.java:293)
	at java.util.concurrent.ThreadPoolExecutor.runWorker(ThreadPoolExecutor.java:1149)
	at java.util.concurrent.ThreadPoolExecutor$Worker.run(ThreadPoolExecutor.java:624)
	at java.lang.Thread.run(Thread.java:750)
Caused by: org.bytedeco.javacv.FrameGrabber$Exception: avformat_open_input() error -1094995529: Could not open input "rtsp://admin:lbx123456@192.168.0.3:554". (Has setFormat() been called?)
	at org.bytedeco.javacv.FFmpegFrameGrabber.startUnsafe(FFmpegFrameGrabber.java:876)
	at org.bytedeco.javacv.FFmpegFrameGrabber.start(FFmpegFrameGrabber.java:801)
	at org.bytedeco.javacv.FFmpegFrameGrabber.start(FFmpegFrameGrabber.java:796)
	at com.shark.aio.data.video.service.ImageRecorderService.run(ImageRecorderService.java:107)
	at java.util.concurrent.Executors$RunnableAdapter.call(Executors.java:511)
	at java.util.concurrent.FutureTask.run(FutureTask.java:266)
	... 3 common frames omitted
2024-08-28 09:05:00.014 [,] [scheduling-1] ERROR o.s.s.s.TaskUtils$LoggingErrorHandler - [handleError,95] - Unexpected error occurred in scheduled task
java.util.concurrent.ExecutionException: org.bytedeco.javacv.FrameGrabber$Exception: avformat_open_input() error -1094995529: Could not open input "rtsp://admin:lbx123456@192.168.0.3:554". (Has setFormat() been called?)
	at java.util.concurrent.FutureTask.report(FutureTask.java:122)
	at java.util.concurrent.FutureTask.get(FutureTask.java:192)
	at com.shark.aio.base.controller.InitFFmpeg.monitorFfmpegProcess(InitFFmpeg.java:106)
	at com.shark.aio.base.controller.InitFFmpeg$$FastClassBySpringCGLIB$$6f28da27.invoke(<generated>)
	at org.springframework.cglib.proxy.MethodProxy.invoke(MethodProxy.java:218)
	at org.springframework.aop.framework.CglibAopProxy$CglibMethodInvocation.invokeJoinpoint(CglibAopProxy.java:793)
	at org.springframework.aop.framework.ReflectiveMethodInvocation.proceed(ReflectiveMethodInvocation.java:163)
	at org.springframework.aop.framework.CglibAopProxy$CglibMethodInvocation.proceed(CglibAopProxy.java:763)
	at org.springframework.aop.framework.adapter.MethodBeforeAdviceInterceptor.invoke(MethodBeforeAdviceInterceptor.java:58)
	at org.springframework.aop.framework.ReflectiveMethodInvocation.proceed(ReflectiveMethodInvocation.java:186)
	at org.springframework.aop.framework.CglibAopProxy$CglibMethodInvocation.proceed(CglibAopProxy.java:763)
	at org.springframework.aop.interceptor.ExposeInvocationInterceptor.invoke(ExposeInvocationInterceptor.java:97)
	at org.springframework.aop.framework.ReflectiveMethodInvocation.proceed(ReflectiveMethodInvocation.java:186)
	at org.springframework.aop.framework.CglibAopProxy$CglibMethodInvocation.proceed(CglibAopProxy.java:763)
	at org.springframework.aop.framework.CglibAopProxy$DynamicAdvisedInterceptor.intercept(CglibAopProxy.java:708)
	at com.shark.aio.base.controller.InitFFmpeg$$EnhancerBySpringCGLIB$$85de51c5.monitorFfmpegProcess(<generated>)
	at sun.reflect.NativeMethodAccessorImpl.invoke0(Native Method)
	at sun.reflect.NativeMethodAccessorImpl.invoke(NativeMethodAccessorImpl.java:62)
	at sun.reflect.DelegatingMethodAccessorImpl.invoke(DelegatingMethodAccessorImpl.java:43)
	at java.lang.reflect.Method.invoke(Method.java:498)
	at org.springframework.scheduling.support.ScheduledMethodRunnable.run(ScheduledMethodRunnable.java:84)
	at org.springframework.scheduling.support.DelegatingErrorHandlingRunnable.run(DelegatingErrorHandlingRunnable.java:54)
	at org.springframework.scheduling.concurrent.ReschedulingRunnable.run(ReschedulingRunnable.java:95)
	at java.util.concurrent.Executors$RunnableAdapter.call(Executors.java:511)
	at java.util.concurrent.FutureTask.run(FutureTask.java:266)
	at java.util.concurrent.ScheduledThreadPoolExecutor$ScheduledFutureTask.access$201(ScheduledThreadPoolExecutor.java:180)
	at java.util.concurrent.ScheduledThreadPoolExecutor$ScheduledFutureTask.run(ScheduledThreadPoolExecutor.java:293)
	at java.util.concurrent.ThreadPoolExecutor.runWorker(ThreadPoolExecutor.java:1149)
	at java.util.concurrent.ThreadPoolExecutor$Worker.run(ThreadPoolExecutor.java:624)
	at java.lang.Thread.run(Thread.java:750)
Caused by: org.bytedeco.javacv.FrameGrabber$Exception: avformat_open_input() error -1094995529: Could not open input "rtsp://admin:lbx123456@192.168.0.3:554". (Has setFormat() been called?)
	at org.bytedeco.javacv.FFmpegFrameGrabber.startUnsafe(FFmpegFrameGrabber.java:876)
	at org.bytedeco.javacv.FFmpegFrameGrabber.start(FFmpegFrameGrabber.java:801)
	at org.bytedeco.javacv.FFmpegFrameGrabber.start(FFmpegFrameGrabber.java:796)
	at com.shark.aio.data.video.service.ImageRecorderService.run(ImageRecorderService.java:107)
	at java.util.concurrent.Executors$RunnableAdapter.call(Executors.java:511)
	at java.util.concurrent.FutureTask.run(FutureTask.java:266)
	... 3 common frames omitted
2024-08-28 09:05:10.015 [,] [scheduling-1] ERROR o.s.s.s.TaskUtils$LoggingErrorHandler - [handleError,95] - Unexpected error occurred in scheduled task
java.util.concurrent.ExecutionException: org.bytedeco.javacv.FrameGrabber$Exception: avformat_open_input() error -1094995529: Could not open input "rtsp://admin:lbx123456@192.168.0.3:554". (Has setFormat() been called?)
	at java.util.concurrent.FutureTask.report(FutureTask.java:122)
	at java.util.concurrent.FutureTask.get(FutureTask.java:192)
	at com.shark.aio.base.controller.InitFFmpeg.monitorFfmpegProcess(InitFFmpeg.java:106)
	at com.shark.aio.base.controller.InitFFmpeg$$FastClassBySpringCGLIB$$6f28da27.invoke(<generated>)
	at org.springframework.cglib.proxy.MethodProxy.invoke(MethodProxy.java:218)
	at org.springframework.aop.framework.CglibAopProxy$CglibMethodInvocation.invokeJoinpoint(CglibAopProxy.java:793)
	at org.springframework.aop.framework.ReflectiveMethodInvocation.proceed(ReflectiveMethodInvocation.java:163)
	at org.springframework.aop.framework.CglibAopProxy$CglibMethodInvocation.proceed(CglibAopProxy.java:763)
	at org.springframework.aop.framework.adapter.MethodBeforeAdviceInterceptor.invoke(MethodBeforeAdviceInterceptor.java:58)
	at org.springframework.aop.framework.ReflectiveMethodInvocation.proceed(ReflectiveMethodInvocation.java:186)
	at org.springframework.aop.framework.CglibAopProxy$CglibMethodInvocation.proceed(CglibAopProxy.java:763)
	at org.springframework.aop.interceptor.ExposeInvocationInterceptor.invoke(ExposeInvocationInterceptor.java:97)
	at org.springframework.aop.framework.ReflectiveMethodInvocation.proceed(ReflectiveMethodInvocation.java:186)
	at org.springframework.aop.framework.CglibAopProxy$CglibMethodInvocation.proceed(CglibAopProxy.java:763)
	at org.springframework.aop.framework.CglibAopProxy$DynamicAdvisedInterceptor.intercept(CglibAopProxy.java:708)
	at com.shark.aio.base.controller.InitFFmpeg$$EnhancerBySpringCGLIB$$85de51c5.monitorFfmpegProcess(<generated>)
	at sun.reflect.NativeMethodAccessorImpl.invoke0(Native Method)
	at sun.reflect.NativeMethodAccessorImpl.invoke(NativeMethodAccessorImpl.java:62)
	at sun.reflect.DelegatingMethodAccessorImpl.invoke(DelegatingMethodAccessorImpl.java:43)
	at java.lang.reflect.Method.invoke(Method.java:498)
	at org.springframework.scheduling.support.ScheduledMethodRunnable.run(ScheduledMethodRunnable.java:84)
	at org.springframework.scheduling.support.DelegatingErrorHandlingRunnable.run(DelegatingErrorHandlingRunnable.java:54)
	at org.springframework.scheduling.concurrent.ReschedulingRunnable.run(ReschedulingRunnable.java:95)
	at java.util.concurrent.Executors$RunnableAdapter.call(Executors.java:511)
	at java.util.concurrent.FutureTask.run(FutureTask.java:266)
	at java.util.concurrent.ScheduledThreadPoolExecutor$ScheduledFutureTask.access$201(ScheduledThreadPoolExecutor.java:180)
	at java.util.concurrent.ScheduledThreadPoolExecutor$ScheduledFutureTask.run(ScheduledThreadPoolExecutor.java:293)
	at java.util.concurrent.ThreadPoolExecutor.runWorker(ThreadPoolExecutor.java:1149)
	at java.util.concurrent.ThreadPoolExecutor$Worker.run(ThreadPoolExecutor.java:624)
	at java.lang.Thread.run(Thread.java:750)
Caused by: org.bytedeco.javacv.FrameGrabber$Exception: avformat_open_input() error -1094995529: Could not open input "rtsp://admin:lbx123456@192.168.0.3:554". (Has setFormat() been called?)
	at org.bytedeco.javacv.FFmpegFrameGrabber.startUnsafe(FFmpegFrameGrabber.java:876)
	at org.bytedeco.javacv.FFmpegFrameGrabber.start(FFmpegFrameGrabber.java:801)
	at org.bytedeco.javacv.FFmpegFrameGrabber.start(FFmpegFrameGrabber.java:796)
	at com.shark.aio.data.video.service.ImageRecorderService.run(ImageRecorderService.java:107)
	at java.util.concurrent.Executors$RunnableAdapter.call(Executors.java:511)
	at java.util.concurrent.FutureTask.run(FutureTask.java:266)
	... 3 common frames omitted
2024-08-28 09:05:20.022 [,] [scheduling-1] ERROR o.s.s.s.TaskUtils$LoggingErrorHandler - [handleError,95] - Unexpected error occurred in scheduled task
java.util.concurrent.ExecutionException: org.bytedeco.javacv.FrameGrabber$Exception: avformat_open_input() error -1094995529: Could not open input "rtsp://admin:lbx123456@192.168.0.3:554". (Has setFormat() been called?)
	at java.util.concurrent.FutureTask.report(FutureTask.java:122)
	at java.util.concurrent.FutureTask.get(FutureTask.java:192)
	at com.shark.aio.base.controller.InitFFmpeg.monitorFfmpegProcess(InitFFmpeg.java:106)
	at com.shark.aio.base.controller.InitFFmpeg$$FastClassBySpringCGLIB$$6f28da27.invoke(<generated>)
	at org.springframework.cglib.proxy.MethodProxy.invoke(MethodProxy.java:218)
	at org.springframework.aop.framework.CglibAopProxy$CglibMethodInvocation.invokeJoinpoint(CglibAopProxy.java:793)
	at org.springframework.aop.framework.ReflectiveMethodInvocation.proceed(ReflectiveMethodInvocation.java:163)
	at org.springframework.aop.framework.CglibAopProxy$CglibMethodInvocation.proceed(CglibAopProxy.java:763)
	at org.springframework.aop.framework.adapter.MethodBeforeAdviceInterceptor.invoke(MethodBeforeAdviceInterceptor.java:58)
	at org.springframework.aop.framework.ReflectiveMethodInvocation.proceed(ReflectiveMethodInvocation.java:186)
	at org.springframework.aop.framework.CglibAopProxy$CglibMethodInvocation.proceed(CglibAopProxy.java:763)
	at org.springframework.aop.interceptor.ExposeInvocationInterceptor.invoke(ExposeInvocationInterceptor.java:97)
	at org.springframework.aop.framework.ReflectiveMethodInvocation.proceed(ReflectiveMethodInvocation.java:186)
	at org.springframework.aop.framework.CglibAopProxy$CglibMethodInvocation.proceed(CglibAopProxy.java:763)
	at org.springframework.aop.framework.CglibAopProxy$DynamicAdvisedInterceptor.intercept(CglibAopProxy.java:708)
	at com.shark.aio.base.controller.InitFFmpeg$$EnhancerBySpringCGLIB$$85de51c5.monitorFfmpegProcess(<generated>)
	at sun.reflect.NativeMethodAccessorImpl.invoke0(Native Method)
	at sun.reflect.NativeMethodAccessorImpl.invoke(NativeMethodAccessorImpl.java:62)
	at sun.reflect.DelegatingMethodAccessorImpl.invoke(DelegatingMethodAccessorImpl.java:43)
	at java.lang.reflect.Method.invoke(Method.java:498)
	at org.springframework.scheduling.support.ScheduledMethodRunnable.run(ScheduledMethodRunnable.java:84)
	at org.springframework.scheduling.support.DelegatingErrorHandlingRunnable.run(DelegatingErrorHandlingRunnable.java:54)
	at org.springframework.scheduling.concurrent.ReschedulingRunnable.run(ReschedulingRunnable.java:95)
	at java.util.concurrent.Executors$RunnableAdapter.call(Executors.java:511)
	at java.util.concurrent.FutureTask.run(FutureTask.java:266)
	at java.util.concurrent.ScheduledThreadPoolExecutor$ScheduledFutureTask.access$201(ScheduledThreadPoolExecutor.java:180)
	at java.util.concurrent.ScheduledThreadPoolExecutor$ScheduledFutureTask.run(ScheduledThreadPoolExecutor.java:293)
	at java.util.concurrent.ThreadPoolExecutor.runWorker(ThreadPoolExecutor.java:1149)
	at java.util.concurrent.ThreadPoolExecutor$Worker.run(ThreadPoolExecutor.java:624)
	at java.lang.Thread.run(Thread.java:750)
Caused by: org.bytedeco.javacv.FrameGrabber$Exception: avformat_open_input() error -1094995529: Could not open input "rtsp://admin:lbx123456@192.168.0.3:554". (Has setFormat() been called?)
	at org.bytedeco.javacv.FFmpegFrameGrabber.startUnsafe(FFmpegFrameGrabber.java:876)
	at org.bytedeco.javacv.FFmpegFrameGrabber.start(FFmpegFrameGrabber.java:801)
	at org.bytedeco.javacv.FFmpegFrameGrabber.start(FFmpegFrameGrabber.java:796)
	at com.shark.aio.data.video.service.ImageRecorderService.run(ImageRecorderService.java:107)
	at java.util.concurrent.Executors$RunnableAdapter.call(Executors.java:511)
	at java.util.concurrent.FutureTask.run(FutureTask.java:266)
	... 3 common frames omitted
2024-08-28 09:05:30.009 [,] [scheduling-1] ERROR o.s.s.s.TaskUtils$LoggingErrorHandler - [handleError,95] - Unexpected error occurred in scheduled task
java.util.concurrent.ExecutionException: org.bytedeco.javacv.FrameGrabber$Exception: avformat_open_input() error -1094995529: Could not open input "rtsp://admin:lbx123456@192.168.0.3:554". (Has setFormat() been called?)
	at java.util.concurrent.FutureTask.report(FutureTask.java:122)
	at java.util.concurrent.FutureTask.get(FutureTask.java:192)
	at com.shark.aio.base.controller.InitFFmpeg.monitorFfmpegProcess(InitFFmpeg.java:106)
	at com.shark.aio.base.controller.InitFFmpeg$$FastClassBySpringCGLIB$$6f28da27.invoke(<generated>)
	at org.springframework.cglib.proxy.MethodProxy.invoke(MethodProxy.java:218)
	at org.springframework.aop.framework.CglibAopProxy$CglibMethodInvocation.invokeJoinpoint(CglibAopProxy.java:793)
	at org.springframework.aop.framework.ReflectiveMethodInvocation.proceed(ReflectiveMethodInvocation.java:163)
	at org.springframework.aop.framework.CglibAopProxy$CglibMethodInvocation.proceed(CglibAopProxy.java:763)
	at org.springframework.aop.framework.adapter.MethodBeforeAdviceInterceptor.invoke(MethodBeforeAdviceInterceptor.java:58)
	at org.springframework.aop.framework.ReflectiveMethodInvocation.proceed(ReflectiveMethodInvocation.java:186)
	at org.springframework.aop.framework.CglibAopProxy$CglibMethodInvocation.proceed(CglibAopProxy.java:763)
	at org.springframework.aop.interceptor.ExposeInvocationInterceptor.invoke(ExposeInvocationInterceptor.java:97)
	at org.springframework.aop.framework.ReflectiveMethodInvocation.proceed(ReflectiveMethodInvocation.java:186)
	at org.springframework.aop.framework.CglibAopProxy$CglibMethodInvocation.proceed(CglibAopProxy.java:763)
	at org.springframework.aop.framework.CglibAopProxy$DynamicAdvisedInterceptor.intercept(CglibAopProxy.java:708)
	at com.shark.aio.base.controller.InitFFmpeg$$EnhancerBySpringCGLIB$$85de51c5.monitorFfmpegProcess(<generated>)
	at sun.reflect.NativeMethodAccessorImpl.invoke0(Native Method)
	at sun.reflect.NativeMethodAccessorImpl.invoke(NativeMethodAccessorImpl.java:62)
	at sun.reflect.DelegatingMethodAccessorImpl.invoke(DelegatingMethodAccessorImpl.java:43)
	at java.lang.reflect.Method.invoke(Method.java:498)
	at org.springframework.scheduling.support.ScheduledMethodRunnable.run(ScheduledMethodRunnable.java:84)
	at org.springframework.scheduling.support.DelegatingErrorHandlingRunnable.run(DelegatingErrorHandlingRunnable.java:54)
	at org.springframework.scheduling.concurrent.ReschedulingRunnable.run(ReschedulingRunnable.java:95)
	at java.util.concurrent.Executors$RunnableAdapter.call(Executors.java:511)
	at java.util.concurrent.FutureTask.run(FutureTask.java:266)
	at java.util.concurrent.ScheduledThreadPoolExecutor$ScheduledFutureTask.access$201(ScheduledThreadPoolExecutor.java:180)
	at java.util.concurrent.ScheduledThreadPoolExecutor$ScheduledFutureTask.run(ScheduledThreadPoolExecutor.java:293)
	at java.util.concurrent.ThreadPoolExecutor.runWorker(ThreadPoolExecutor.java:1149)
	at java.util.concurrent.ThreadPoolExecutor$Worker.run(ThreadPoolExecutor.java:624)
	at java.lang.Thread.run(Thread.java:750)
Caused by: org.bytedeco.javacv.FrameGrabber$Exception: avformat_open_input() error -1094995529: Could not open input "rtsp://admin:lbx123456@192.168.0.3:554". (Has setFormat() been called?)
	at org.bytedeco.javacv.FFmpegFrameGrabber.startUnsafe(FFmpegFrameGrabber.java:876)
	at org.bytedeco.javacv.FFmpegFrameGrabber.start(FFmpegFrameGrabber.java:801)
	at org.bytedeco.javacv.FFmpegFrameGrabber.start(FFmpegFrameGrabber.java:796)
	at com.shark.aio.data.video.service.ImageRecorderService.run(ImageRecorderService.java:107)
	at java.util.concurrent.Executors$RunnableAdapter.call(Executors.java:511)
	at java.util.concurrent.FutureTask.run(FutureTask.java:266)
	... 3 common frames omitted
2024-08-28 09:05:40.011 [,] [scheduling-1] ERROR o.s.s.s.TaskUtils$LoggingErrorHandler - [handleError,95] - Unexpected error occurred in scheduled task
java.util.concurrent.ExecutionException: org.bytedeco.javacv.FrameGrabber$Exception: avformat_open_input() error -1094995529: Could not open input "rtsp://admin:lbx123456@192.168.0.3:554". (Has setFormat() been called?)
	at java.util.concurrent.FutureTask.report(FutureTask.java:122)
	at java.util.concurrent.FutureTask.get(FutureTask.java:192)
	at com.shark.aio.base.controller.InitFFmpeg.monitorFfmpegProcess(InitFFmpeg.java:106)
	at com.shark.aio.base.controller.InitFFmpeg$$FastClassBySpringCGLIB$$6f28da27.invoke(<generated>)
	at org.springframework.cglib.proxy.MethodProxy.invoke(MethodProxy.java:218)
	at org.springframework.aop.framework.CglibAopProxy$CglibMethodInvocation.invokeJoinpoint(CglibAopProxy.java:793)
	at org.springframework.aop.framework.ReflectiveMethodInvocation.proceed(ReflectiveMethodInvocation.java:163)
	at org.springframework.aop.framework.CglibAopProxy$CglibMethodInvocation.proceed(CglibAopProxy.java:763)
	at org.springframework.aop.framework.adapter.MethodBeforeAdviceInterceptor.invoke(MethodBeforeAdviceInterceptor.java:58)
	at org.springframework.aop.framework.ReflectiveMethodInvocation.proceed(ReflectiveMethodInvocation.java:186)
	at org.springframework.aop.framework.CglibAopProxy$CglibMethodInvocation.proceed(CglibAopProxy.java:763)
	at org.springframework.aop.interceptor.ExposeInvocationInterceptor.invoke(ExposeInvocationInterceptor.java:97)
	at org.springframework.aop.framework.ReflectiveMethodInvocation.proceed(ReflectiveMethodInvocation.java:186)
	at org.springframework.aop.framework.CglibAopProxy$CglibMethodInvocation.proceed(CglibAopProxy.java:763)
	at org.springframework.aop.framework.CglibAopProxy$DynamicAdvisedInterceptor.intercept(CglibAopProxy.java:708)
	at com.shark.aio.base.controller.InitFFmpeg$$EnhancerBySpringCGLIB$$85de51c5.monitorFfmpegProcess(<generated>)
	at sun.reflect.NativeMethodAccessorImpl.invoke0(Native Method)
	at sun.reflect.NativeMethodAccessorImpl.invoke(NativeMethodAccessorImpl.java:62)
	at sun.reflect.DelegatingMethodAccessorImpl.invoke(DelegatingMethodAccessorImpl.java:43)
	at java.lang.reflect.Method.invoke(Method.java:498)
	at org.springframework.scheduling.support.ScheduledMethodRunnable.run(ScheduledMethodRunnable.java:84)
	at org.springframework.scheduling.support.DelegatingErrorHandlingRunnable.run(DelegatingErrorHandlingRunnable.java:54)
	at org.springframework.scheduling.concurrent.ReschedulingRunnable.run(ReschedulingRunnable.java:95)
	at java.util.concurrent.Executors$RunnableAdapter.call(Executors.java:511)
	at java.util.concurrent.FutureTask.run(FutureTask.java:266)
	at java.util.concurrent.ScheduledThreadPoolExecutor$ScheduledFutureTask.access$201(ScheduledThreadPoolExecutor.java:180)
	at java.util.concurrent.ScheduledThreadPoolExecutor$ScheduledFutureTask.run(ScheduledThreadPoolExecutor.java:293)
	at java.util.concurrent.ThreadPoolExecutor.runWorker(ThreadPoolExecutor.java:1149)
	at java.util.concurrent.ThreadPoolExecutor$Worker.run(ThreadPoolExecutor.java:624)
	at java.lang.Thread.run(Thread.java:750)
Caused by: org.bytedeco.javacv.FrameGrabber$Exception: avformat_open_input() error -1094995529: Could not open input "rtsp://admin:lbx123456@192.168.0.3:554". (Has setFormat() been called?)
	at org.bytedeco.javacv.FFmpegFrameGrabber.startUnsafe(FFmpegFrameGrabber.java:876)
	at org.bytedeco.javacv.FFmpegFrameGrabber.start(FFmpegFrameGrabber.java:801)
	at org.bytedeco.javacv.FFmpegFrameGrabber.start(FFmpegFrameGrabber.java:796)
	at com.shark.aio.data.video.service.ImageRecorderService.run(ImageRecorderService.java:107)
	at java.util.concurrent.Executors$RunnableAdapter.call(Executors.java:511)
	at java.util.concurrent.FutureTask.run(FutureTask.java:266)
	... 3 common frames omitted
2024-08-28 09:05:50.016 [,] [scheduling-1] ERROR o.s.s.s.TaskUtils$LoggingErrorHandler - [handleError,95] - Unexpected error occurred in scheduled task
java.util.concurrent.ExecutionException: org.bytedeco.javacv.FrameGrabber$Exception: avformat_open_input() error -1094995529: Could not open input "rtsp://admin:lbx123456@192.168.0.3:554". (Has setFormat() been called?)
	at java.util.concurrent.FutureTask.report(FutureTask.java:122)
	at java.util.concurrent.FutureTask.get(FutureTask.java:192)
	at com.shark.aio.base.controller.InitFFmpeg.monitorFfmpegProcess(InitFFmpeg.java:106)
	at com.shark.aio.base.controller.InitFFmpeg$$FastClassBySpringCGLIB$$6f28da27.invoke(<generated>)
	at org.springframework.cglib.proxy.MethodProxy.invoke(MethodProxy.java:218)
	at org.springframework.aop.framework.CglibAopProxy$CglibMethodInvocation.invokeJoinpoint(CglibAopProxy.java:793)
	at org.springframework.aop.framework.ReflectiveMethodInvocation.proceed(ReflectiveMethodInvocation.java:163)
	at org.springframework.aop.framework.CglibAopProxy$CglibMethodInvocation.proceed(CglibAopProxy.java:763)
	at org.springframework.aop.framework.adapter.MethodBeforeAdviceInterceptor.invoke(MethodBeforeAdviceInterceptor.java:58)
	at org.springframework.aop.framework.ReflectiveMethodInvocation.proceed(ReflectiveMethodInvocation.java:186)
	at org.springframework.aop.framework.CglibAopProxy$CglibMethodInvocation.proceed(CglibAopProxy.java:763)
	at org.springframework.aop.interceptor.ExposeInvocationInterceptor.invoke(ExposeInvocationInterceptor.java:97)
	at org.springframework.aop.framework.ReflectiveMethodInvocation.proceed(ReflectiveMethodInvocation.java:186)
	at org.springframework.aop.framework.CglibAopProxy$CglibMethodInvocation.proceed(CglibAopProxy.java:763)
	at org.springframework.aop.framework.CglibAopProxy$DynamicAdvisedInterceptor.intercept(CglibAopProxy.java:708)
	at com.shark.aio.base.controller.InitFFmpeg$$EnhancerBySpringCGLIB$$85de51c5.monitorFfmpegProcess(<generated>)
	at sun.reflect.GeneratedMethodAccessor89.invoke(Unknown Source)
	at sun.reflect.DelegatingMethodAccessorImpl.invoke(DelegatingMethodAccessorImpl.java:43)
	at java.lang.reflect.Method.invoke(Method.java:498)
	at org.springframework.scheduling.support.ScheduledMethodRunnable.run(ScheduledMethodRunnable.java:84)
	at org.springframework.scheduling.support.DelegatingErrorHandlingRunnable.run(DelegatingErrorHandlingRunnable.java:54)
	at org.springframework.scheduling.concurrent.ReschedulingRunnable.run(ReschedulingRunnable.java:95)
	at java.util.concurrent.Executors$RunnableAdapter.call(Executors.java:511)
	at java.util.concurrent.FutureTask.run(FutureTask.java:266)
	at java.util.concurrent.ScheduledThreadPoolExecutor$ScheduledFutureTask.access$201(ScheduledThreadPoolExecutor.java:180)
	at java.util.concurrent.ScheduledThreadPoolExecutor$ScheduledFutureTask.run(ScheduledThreadPoolExecutor.java:293)
	at java.util.concurrent.ThreadPoolExecutor.runWorker(ThreadPoolExecutor.java:1149)
	at java.util.concurrent.ThreadPoolExecutor$Worker.run(ThreadPoolExecutor.java:624)
	at java.lang.Thread.run(Thread.java:750)
Caused by: org.bytedeco.javacv.FrameGrabber$Exception: avformat_open_input() error -1094995529: Could not open input "rtsp://admin:lbx123456@192.168.0.3:554". (Has setFormat() been called?)
	at org.bytedeco.javacv.FFmpegFrameGrabber.startUnsafe(FFmpegFrameGrabber.java:876)
	at org.bytedeco.javacv.FFmpegFrameGrabber.start(FFmpegFrameGrabber.java:801)
	at org.bytedeco.javacv.FFmpegFrameGrabber.start(FFmpegFrameGrabber.java:796)
	at com.shark.aio.data.video.service.ImageRecorderService.run(ImageRecorderService.java:107)
	at java.util.concurrent.Executors$RunnableAdapter.call(Executors.java:511)
	at java.util.concurrent.FutureTask.run(FutureTask.java:266)
	... 3 common frames omitted
2024-08-28 09:06:00.010 [,] [scheduling-1] ERROR o.s.s.s.TaskUtils$LoggingErrorHandler - [handleError,95] - Unexpected error occurred in scheduled task
java.util.concurrent.ExecutionException: org.bytedeco.javacv.FrameGrabber$Exception: avformat_open_input() error -1094995529: Could not open input "rtsp://admin:lbx123456@192.168.0.3:554". (Has setFormat() been called?)
	at java.util.concurrent.FutureTask.report(FutureTask.java:122)
	at java.util.concurrent.FutureTask.get(FutureTask.java:192)
	at com.shark.aio.base.controller.InitFFmpeg.monitorFfmpegProcess(InitFFmpeg.java:106)
	at com.shark.aio.base.controller.InitFFmpeg$$FastClassBySpringCGLIB$$6f28da27.invoke(<generated>)
	at org.springframework.cglib.proxy.MethodProxy.invoke(MethodProxy.java:218)
	at org.springframework.aop.framework.CglibAopProxy$CglibMethodInvocation.invokeJoinpoint(CglibAopProxy.java:793)
	at org.springframework.aop.framework.ReflectiveMethodInvocation.proceed(ReflectiveMethodInvocation.java:163)
	at org.springframework.aop.framework.CglibAopProxy$CglibMethodInvocation.proceed(CglibAopProxy.java:763)
	at org.springframework.aop.framework.adapter.MethodBeforeAdviceInterceptor.invoke(MethodBeforeAdviceInterceptor.java:58)
	at org.springframework.aop.framework.ReflectiveMethodInvocation.proceed(ReflectiveMethodInvocation.java:186)
	at org.springframework.aop.framework.CglibAopProxy$CglibMethodInvocation.proceed(CglibAopProxy.java:763)
	at org.springframework.aop.interceptor.ExposeInvocationInterceptor.invoke(ExposeInvocationInterceptor.java:97)
	at org.springframework.aop.framework.ReflectiveMethodInvocation.proceed(ReflectiveMethodInvocation.java:186)
	at org.springframework.aop.framework.CglibAopProxy$CglibMethodInvocation.proceed(CglibAopProxy.java:763)
	at org.springframework.aop.framework.CglibAopProxy$DynamicAdvisedInterceptor.intercept(CglibAopProxy.java:708)
	at com.shark.aio.base.controller.InitFFmpeg$$EnhancerBySpringCGLIB$$85de51c5.monitorFfmpegProcess(<generated>)
	at sun.reflect.GeneratedMethodAccessor89.invoke(Unknown Source)
	at sun.reflect.DelegatingMethodAccessorImpl.invoke(DelegatingMethodAccessorImpl.java:43)
	at java.lang.reflect.Method.invoke(Method.java:498)
	at org.springframework.scheduling.support.ScheduledMethodRunnable.run(ScheduledMethodRunnable.java:84)
	at org.springframework.scheduling.support.DelegatingErrorHandlingRunnable.run(DelegatingErrorHandlingRunnable.java:54)
	at org.springframework.scheduling.concurrent.ReschedulingRunnable.run(ReschedulingRunnable.java:95)
	at java.util.concurrent.Executors$RunnableAdapter.call(Executors.java:511)
	at java.util.concurrent.FutureTask.run(FutureTask.java:266)
	at java.util.concurrent.ScheduledThreadPoolExecutor$ScheduledFutureTask.access$201(ScheduledThreadPoolExecutor.java:180)
	at java.util.concurrent.ScheduledThreadPoolExecutor$ScheduledFutureTask.run(ScheduledThreadPoolExecutor.java:293)
	at java.util.concurrent.ThreadPoolExecutor.runWorker(ThreadPoolExecutor.java:1149)
	at java.util.concurrent.ThreadPoolExecutor$Worker.run(ThreadPoolExecutor.java:624)
	at java.lang.Thread.run(Thread.java:750)
Caused by: org.bytedeco.javacv.FrameGrabber$Exception: avformat_open_input() error -1094995529: Could not open input "rtsp://admin:lbx123456@192.168.0.3:554". (Has setFormat() been called?)
	at org.bytedeco.javacv.FFmpegFrameGrabber.startUnsafe(FFmpegFrameGrabber.java:876)
	at org.bytedeco.javacv.FFmpegFrameGrabber.start(FFmpegFrameGrabber.java:801)
	at org.bytedeco.javacv.FFmpegFrameGrabber.start(FFmpegFrameGrabber.java:796)
	at com.shark.aio.data.video.service.ImageRecorderService.run(ImageRecorderService.java:107)
	at java.util.concurrent.Executors$RunnableAdapter.call(Executors.java:511)
	at java.util.concurrent.FutureTask.run(FutureTask.java:266)
	... 3 common frames omitted
2024-08-28 09:06:10.003 [,] [scheduling-1] ERROR o.s.s.s.TaskUtils$LoggingErrorHandler - [handleError,95] - Unexpected error occurred in scheduled task
java.util.concurrent.ExecutionException: org.bytedeco.javacv.FrameGrabber$Exception: avformat_open_input() error -1094995529: Could not open input "rtsp://admin:lbx123456@192.168.0.3:554". (Has setFormat() been called?)
	at java.util.concurrent.FutureTask.report(FutureTask.java:122)
	at java.util.concurrent.FutureTask.get(FutureTask.java:192)
	at com.shark.aio.base.controller.InitFFmpeg.monitorFfmpegProcess(InitFFmpeg.java:106)
	at com.shark.aio.base.controller.InitFFmpeg$$FastClassBySpringCGLIB$$6f28da27.invoke(<generated>)
	at org.springframework.cglib.proxy.MethodProxy.invoke(MethodProxy.java:218)
	at org.springframework.aop.framework.CglibAopProxy$CglibMethodInvocation.invokeJoinpoint(CglibAopProxy.java:793)
	at org.springframework.aop.framework.ReflectiveMethodInvocation.proceed(ReflectiveMethodInvocation.java:163)
	at org.springframework.aop.framework.CglibAopProxy$CglibMethodInvocation.proceed(CglibAopProxy.java:763)
	at org.springframework.aop.framework.adapter.MethodBeforeAdviceInterceptor.invoke(MethodBeforeAdviceInterceptor.java:58)
	at org.springframework.aop.framework.ReflectiveMethodInvocation.proceed(ReflectiveMethodInvocation.java:186)
	at org.springframework.aop.framework.CglibAopProxy$CglibMethodInvocation.proceed(CglibAopProxy.java:763)
	at org.springframework.aop.interceptor.ExposeInvocationInterceptor.invoke(ExposeInvocationInterceptor.java:97)
	at org.springframework.aop.framework.ReflectiveMethodInvocation.proceed(ReflectiveMethodInvocation.java:186)
	at org.springframework.aop.framework.CglibAopProxy$CglibMethodInvocation.proceed(CglibAopProxy.java:763)
	at org.springframework.aop.framework.CglibAopProxy$DynamicAdvisedInterceptor.intercept(CglibAopProxy.java:708)
	at com.shark.aio.base.controller.InitFFmpeg$$EnhancerBySpringCGLIB$$85de51c5.monitorFfmpegProcess(<generated>)
	at sun.reflect.GeneratedMethodAccessor89.invoke(Unknown Source)
	at sun.reflect.DelegatingMethodAccessorImpl.invoke(DelegatingMethodAccessorImpl.java:43)
	at java.lang.reflect.Method.invoke(Method.java:498)
	at org.springframework.scheduling.support.ScheduledMethodRunnable.run(ScheduledMethodRunnable.java:84)
	at org.springframework.scheduling.support.DelegatingErrorHandlingRunnable.run(DelegatingErrorHandlingRunnable.java:54)
	at org.springframework.scheduling.concurrent.ReschedulingRunnable.run(ReschedulingRunnable.java:95)
	at java.util.concurrent.Executors$RunnableAdapter.call(Executors.java:511)
	at java.util.concurrent.FutureTask.run(FutureTask.java:266)
	at java.util.concurrent.ScheduledThreadPoolExecutor$ScheduledFutureTask.access$201(ScheduledThreadPoolExecutor.java:180)
	at java.util.concurrent.ScheduledThreadPoolExecutor$ScheduledFutureTask.run(ScheduledThreadPoolExecutor.java:293)
	at java.util.concurrent.ThreadPoolExecutor.runWorker(ThreadPoolExecutor.java:1149)
	at java.util.concurrent.ThreadPoolExecutor$Worker.run(ThreadPoolExecutor.java:624)
	at java.lang.Thread.run(Thread.java:750)
Caused by: org.bytedeco.javacv.FrameGrabber$Exception: avformat_open_input() error -1094995529: Could not open input "rtsp://admin:lbx123456@192.168.0.3:554". (Has setFormat() been called?)
	at org.bytedeco.javacv.FFmpegFrameGrabber.startUnsafe(FFmpegFrameGrabber.java:876)
	at org.bytedeco.javacv.FFmpegFrameGrabber.start(FFmpegFrameGrabber.java:801)
	at org.bytedeco.javacv.FFmpegFrameGrabber.start(FFmpegFrameGrabber.java:796)
	at com.shark.aio.data.video.service.ImageRecorderService.run(ImageRecorderService.java:107)
	at java.util.concurrent.Executors$RunnableAdapter.call(Executors.java:511)
	at java.util.concurrent.FutureTask.run(FutureTask.java:266)
	... 3 common frames omitted
2024-08-28 09:06:20.011 [,] [scheduling-1] ERROR o.s.s.s.TaskUtils$LoggingErrorHandler - [handleError,95] - Unexpected error occurred in scheduled task
java.util.concurrent.ExecutionException: org.bytedeco.javacv.FrameGrabber$Exception: avformat_open_input() error -1094995529: Could not open input "rtsp://admin:lbx123456@192.168.0.3:554". (Has setFormat() been called?)
	at java.util.concurrent.FutureTask.report(FutureTask.java:122)
	at java.util.concurrent.FutureTask.get(FutureTask.java:192)
	at com.shark.aio.base.controller.InitFFmpeg.monitorFfmpegProcess(InitFFmpeg.java:106)
	at com.shark.aio.base.controller.InitFFmpeg$$FastClassBySpringCGLIB$$6f28da27.invoke(<generated>)
	at org.springframework.cglib.proxy.MethodProxy.invoke(MethodProxy.java:218)
	at org.springframework.aop.framework.CglibAopProxy$CglibMethodInvocation.invokeJoinpoint(CglibAopProxy.java:793)
	at org.springframework.aop.framework.ReflectiveMethodInvocation.proceed(ReflectiveMethodInvocation.java:163)
	at org.springframework.aop.framework.CglibAopProxy$CglibMethodInvocation.proceed(CglibAopProxy.java:763)
	at org.springframework.aop.framework.adapter.MethodBeforeAdviceInterceptor.invoke(MethodBeforeAdviceInterceptor.java:58)
	at org.springframework.aop.framework.ReflectiveMethodInvocation.proceed(ReflectiveMethodInvocation.java:186)
	at org.springframework.aop.framework.CglibAopProxy$CglibMethodInvocation.proceed(CglibAopProxy.java:763)
	at org.springframework.aop.interceptor.ExposeInvocationInterceptor.invoke(ExposeInvocationInterceptor.java:97)
	at org.springframework.aop.framework.ReflectiveMethodInvocation.proceed(ReflectiveMethodInvocation.java:186)
	at org.springframework.aop.framework.CglibAopProxy$CglibMethodInvocation.proceed(CglibAopProxy.java:763)
	at org.springframework.aop.framework.CglibAopProxy$DynamicAdvisedInterceptor.intercept(CglibAopProxy.java:708)
	at com.shark.aio.base.controller.InitFFmpeg$$EnhancerBySpringCGLIB$$85de51c5.monitorFfmpegProcess(<generated>)
	at sun.reflect.GeneratedMethodAccessor89.invoke(Unknown Source)
	at sun.reflect.DelegatingMethodAccessorImpl.invoke(DelegatingMethodAccessorImpl.java:43)
	at java.lang.reflect.Method.invoke(Method.java:498)
	at org.springframework.scheduling.support.ScheduledMethodRunnable.run(ScheduledMethodRunnable.java:84)
	at org.springframework.scheduling.support.DelegatingErrorHandlingRunnable.run(DelegatingErrorHandlingRunnable.java:54)
	at org.springframework.scheduling.concurrent.ReschedulingRunnable.run(ReschedulingRunnable.java:95)
	at java.util.concurrent.Executors$RunnableAdapter.call(Executors.java:511)
	at java.util.concurrent.FutureTask.run(FutureTask.java:266)
	at java.util.concurrent.ScheduledThreadPoolExecutor$ScheduledFutureTask.access$201(ScheduledThreadPoolExecutor.java:180)
	at java.util.concurrent.ScheduledThreadPoolExecutor$ScheduledFutureTask.run(ScheduledThreadPoolExecutor.java:293)
	at java.util.concurrent.ThreadPoolExecutor.runWorker(ThreadPoolExecutor.java:1149)
	at java.util.concurrent.ThreadPoolExecutor$Worker.run(ThreadPoolExecutor.java:624)
	at java.lang.Thread.run(Thread.java:750)
Caused by: org.bytedeco.javacv.FrameGrabber$Exception: avformat_open_input() error -1094995529: Could not open input "rtsp://admin:lbx123456@192.168.0.3:554". (Has setFormat() been called?)
	at org.bytedeco.javacv.FFmpegFrameGrabber.startUnsafe(FFmpegFrameGrabber.java:876)
	at org.bytedeco.javacv.FFmpegFrameGrabber.start(FFmpegFrameGrabber.java:801)
	at org.bytedeco.javacv.FFmpegFrameGrabber.start(FFmpegFrameGrabber.java:796)
	at com.shark.aio.data.video.service.ImageRecorderService.run(ImageRecorderService.java:107)
	at java.util.concurrent.Executors$RunnableAdapter.call(Executors.java:511)
	at java.util.concurrent.FutureTask.run(FutureTask.java:266)
	... 3 common frames omitted
2024-08-28 09:06:30.003 [,] [scheduling-1] ERROR o.s.s.s.TaskUtils$LoggingErrorHandler - [handleError,95] - Unexpected error occurred in scheduled task
java.util.concurrent.ExecutionException: org.bytedeco.javacv.FrameGrabber$Exception: avformat_open_input() error -1094995529: Could not open input "rtsp://admin:lbx123456@192.168.0.3:554". (Has setFormat() been called?)
	at java.util.concurrent.FutureTask.report(FutureTask.java:122)
	at java.util.concurrent.FutureTask.get(FutureTask.java:192)
	at com.shark.aio.base.controller.InitFFmpeg.monitorFfmpegProcess(InitFFmpeg.java:106)
	at com.shark.aio.base.controller.InitFFmpeg$$FastClassBySpringCGLIB$$6f28da27.invoke(<generated>)
	at org.springframework.cglib.proxy.MethodProxy.invoke(MethodProxy.java:218)
	at org.springframework.aop.framework.CglibAopProxy$CglibMethodInvocation.invokeJoinpoint(CglibAopProxy.java:793)
	at org.springframework.aop.framework.ReflectiveMethodInvocation.proceed(ReflectiveMethodInvocation.java:163)
	at org.springframework.aop.framework.CglibAopProxy$CglibMethodInvocation.proceed(CglibAopProxy.java:763)
	at org.springframework.aop.framework.adapter.MethodBeforeAdviceInterceptor.invoke(MethodBeforeAdviceInterceptor.java:58)
	at org.springframework.aop.framework.ReflectiveMethodInvocation.proceed(ReflectiveMethodInvocation.java:186)
	at org.springframework.aop.framework.CglibAopProxy$CglibMethodInvocation.proceed(CglibAopProxy.java:763)
	at org.springframework.aop.interceptor.ExposeInvocationInterceptor.invoke(ExposeInvocationInterceptor.java:97)
	at org.springframework.aop.framework.ReflectiveMethodInvocation.proceed(ReflectiveMethodInvocation.java:186)
	at org.springframework.aop.framework.CglibAopProxy$CglibMethodInvocation.proceed(CglibAopProxy.java:763)
	at org.springframework.aop.framework.CglibAopProxy$DynamicAdvisedInterceptor.intercept(CglibAopProxy.java:708)
	at com.shark.aio.base.controller.InitFFmpeg$$EnhancerBySpringCGLIB$$85de51c5.monitorFfmpegProcess(<generated>)
	at sun.reflect.GeneratedMethodAccessor89.invoke(Unknown Source)
	at sun.reflect.DelegatingMethodAccessorImpl.invoke(DelegatingMethodAccessorImpl.java:43)
	at java.lang.reflect.Method.invoke(Method.java:498)
	at org.springframework.scheduling.support.ScheduledMethodRunnable.run(ScheduledMethodRunnable.java:84)
	at org.springframework.scheduling.support.DelegatingErrorHandlingRunnable.run(DelegatingErrorHandlingRunnable.java:54)
	at org.springframework.scheduling.concurrent.ReschedulingRunnable.run(ReschedulingRunnable.java:95)
	at java.util.concurrent.Executors$RunnableAdapter.call(Executors.java:511)
	at java.util.concurrent.FutureTask.run(FutureTask.java:266)
	at java.util.concurrent.ScheduledThreadPoolExecutor$ScheduledFutureTask.access$201(ScheduledThreadPoolExecutor.java:180)
	at java.util.concurrent.ScheduledThreadPoolExecutor$ScheduledFutureTask.run(ScheduledThreadPoolExecutor.java:293)
	at java.util.concurrent.ThreadPoolExecutor.runWorker(ThreadPoolExecutor.java:1149)
	at java.util.concurrent.ThreadPoolExecutor$Worker.run(ThreadPoolExecutor.java:624)
	at java.lang.Thread.run(Thread.java:750)
Caused by: org.bytedeco.javacv.FrameGrabber$Exception: avformat_open_input() error -1094995529: Could not open input "rtsp://admin:lbx123456@192.168.0.3:554". (Has setFormat() been called?)
	at org.bytedeco.javacv.FFmpegFrameGrabber.startUnsafe(FFmpegFrameGrabber.java:876)
	at org.bytedeco.javacv.FFmpegFrameGrabber.start(FFmpegFrameGrabber.java:801)
	at org.bytedeco.javacv.FFmpegFrameGrabber.start(FFmpegFrameGrabber.java:796)
	at com.shark.aio.data.video.service.ImageRecorderService.run(ImageRecorderService.java:107)
	at java.util.concurrent.Executors$RunnableAdapter.call(Executors.java:511)
	at java.util.concurrent.FutureTask.run(FutureTask.java:266)
	... 3 common frames omitted
2024-08-28 09:06:40.103 [,] [scheduling-1] ERROR o.s.s.s.TaskUtils$LoggingErrorHandler - [handleError,95] - Unexpected error occurred in scheduled task
java.util.concurrent.ExecutionException: org.bytedeco.javacv.FrameGrabber$Exception: avformat_open_input() error -1094995529: Could not open input "rtsp://admin:lbx123456@192.168.0.3:554". (Has setFormat() been called?)
	at java.util.concurrent.FutureTask.report(FutureTask.java:122)
	at java.util.concurrent.FutureTask.get(FutureTask.java:192)
	at com.shark.aio.base.controller.InitFFmpeg.monitorFfmpegProcess(InitFFmpeg.java:106)
	at com.shark.aio.base.controller.InitFFmpeg$$FastClassBySpringCGLIB$$6f28da27.invoke(<generated>)
	at org.springframework.cglib.proxy.MethodProxy.invoke(MethodProxy.java:218)
	at org.springframework.aop.framework.CglibAopProxy$CglibMethodInvocation.invokeJoinpoint(CglibAopProxy.java:793)
	at org.springframework.aop.framework.ReflectiveMethodInvocation.proceed(ReflectiveMethodInvocation.java:163)
	at org.springframework.aop.framework.CglibAopProxy$CglibMethodInvocation.proceed(CglibAopProxy.java:763)
	at org.springframework.aop.framework.adapter.MethodBeforeAdviceInterceptor.invoke(MethodBeforeAdviceInterceptor.java:58)
	at org.springframework.aop.framework.ReflectiveMethodInvocation.proceed(ReflectiveMethodInvocation.java:186)
	at org.springframework.aop.framework.CglibAopProxy$CglibMethodInvocation.proceed(CglibAopProxy.java:763)
	at org.springframework.aop.interceptor.ExposeInvocationInterceptor.invoke(ExposeInvocationInterceptor.java:97)
	at org.springframework.aop.framework.ReflectiveMethodInvocation.proceed(ReflectiveMethodInvocation.java:186)
	at org.springframework.aop.framework.CglibAopProxy$CglibMethodInvocation.proceed(CglibAopProxy.java:763)
	at org.springframework.aop.framework.CglibAopProxy$DynamicAdvisedInterceptor.intercept(CglibAopProxy.java:708)
	at com.shark.aio.base.controller.InitFFmpeg$$EnhancerBySpringCGLIB$$85de51c5.monitorFfmpegProcess(<generated>)
	at sun.reflect.GeneratedMethodAccessor89.invoke(Unknown Source)
	at sun.reflect.DelegatingMethodAccessorImpl.invoke(DelegatingMethodAccessorImpl.java:43)
	at java.lang.reflect.Method.invoke(Method.java:498)
	at org.springframework.scheduling.support.ScheduledMethodRunnable.run(ScheduledMethodRunnable.java:84)
	at org.springframework.scheduling.support.DelegatingErrorHandlingRunnable.run(DelegatingErrorHandlingRunnable.java:54)
	at org.springframework.scheduling.concurrent.ReschedulingRunnable.run(ReschedulingRunnable.java:95)
	at java.util.concurrent.Executors$RunnableAdapter.call(Executors.java:511)
	at java.util.concurrent.FutureTask.run(FutureTask.java:266)
	at java.util.concurrent.ScheduledThreadPoolExecutor$ScheduledFutureTask.access$201(ScheduledThreadPoolExecutor.java:180)
	at java.util.concurrent.ScheduledThreadPoolExecutor$ScheduledFutureTask.run(ScheduledThreadPoolExecutor.java:293)
	at java.util.concurrent.ThreadPoolExecutor.runWorker(ThreadPoolExecutor.java:1149)
	at java.util.concurrent.ThreadPoolExecutor$Worker.run(ThreadPoolExecutor.java:624)
	at java.lang.Thread.run(Thread.java:750)
Caused by: org.bytedeco.javacv.FrameGrabber$Exception: avformat_open_input() error -1094995529: Could not open input "rtsp://admin:lbx123456@192.168.0.3:554". (Has setFormat() been called?)
	at org.bytedeco.javacv.FFmpegFrameGrabber.startUnsafe(FFmpegFrameGrabber.java:876)
	at org.bytedeco.javacv.FFmpegFrameGrabber.start(FFmpegFrameGrabber.java:801)
	at org.bytedeco.javacv.FFmpegFrameGrabber.start(FFmpegFrameGrabber.java:796)
	at com.shark.aio.data.video.service.ImageRecorderService.run(ImageRecorderService.java:107)
	at java.util.concurrent.Executors$RunnableAdapter.call(Executors.java:511)
	at java.util.concurrent.FutureTask.run(FutureTask.java:266)
	... 3 common frames omitted
2024-08-28 09:06:50.010 [,] [scheduling-1] ERROR o.s.s.s.TaskUtils$LoggingErrorHandler - [handleError,95] - Unexpected error occurred in scheduled task
java.util.concurrent.ExecutionException: org.bytedeco.javacv.FrameGrabber$Exception: avformat_open_input() error -1094995529: Could not open input "rtsp://admin:lbx123456@192.168.0.3:554". (Has setFormat() been called?)
	at java.util.concurrent.FutureTask.report(FutureTask.java:122)
	at java.util.concurrent.FutureTask.get(FutureTask.java:192)
	at com.shark.aio.base.controller.InitFFmpeg.monitorFfmpegProcess(InitFFmpeg.java:106)
	at com.shark.aio.base.controller.InitFFmpeg$$FastClassBySpringCGLIB$$6f28da27.invoke(<generated>)
	at org.springframework.cglib.proxy.MethodProxy.invoke(MethodProxy.java:218)
	at org.springframework.aop.framework.CglibAopProxy$CglibMethodInvocation.invokeJoinpoint(CglibAopProxy.java:793)
	at org.springframework.aop.framework.ReflectiveMethodInvocation.proceed(ReflectiveMethodInvocation.java:163)
	at org.springframework.aop.framework.CglibAopProxy$CglibMethodInvocation.proceed(CglibAopProxy.java:763)
	at org.springframework.aop.framework.adapter.MethodBeforeAdviceInterceptor.invoke(MethodBeforeAdviceInterceptor.java:58)
	at org.springframework.aop.framework.ReflectiveMethodInvocation.proceed(ReflectiveMethodInvocation.java:186)
	at org.springframework.aop.framework.CglibAopProxy$CglibMethodInvocation.proceed(CglibAopProxy.java:763)
	at org.springframework.aop.interceptor.ExposeInvocationInterceptor.invoke(ExposeInvocationInterceptor.java:97)
	at org.springframework.aop.framework.ReflectiveMethodInvocation.proceed(ReflectiveMethodInvocation.java:186)
	at org.springframework.aop.framework.CglibAopProxy$CglibMethodInvocation.proceed(CglibAopProxy.java:763)
	at org.springframework.aop.framework.CglibAopProxy$DynamicAdvisedInterceptor.intercept(CglibAopProxy.java:708)
	at com.shark.aio.base.controller.InitFFmpeg$$EnhancerBySpringCGLIB$$85de51c5.monitorFfmpegProcess(<generated>)
	at sun.reflect.GeneratedMethodAccessor89.invoke(Unknown Source)
	at sun.reflect.DelegatingMethodAccessorImpl.invoke(DelegatingMethodAccessorImpl.java:43)
	at java.lang.reflect.Method.invoke(Method.java:498)
	at org.springframework.scheduling.support.ScheduledMethodRunnable.run(ScheduledMethodRunnable.java:84)
	at org.springframework.scheduling.support.DelegatingErrorHandlingRunnable.run(DelegatingErrorHandlingRunnable.java:54)
	at org.springframework.scheduling.concurrent.ReschedulingRunnable.run(ReschedulingRunnable.java:95)
	at java.util.concurrent.Executors$RunnableAdapter.call(Executors.java:511)
	at java.util.concurrent.FutureTask.run(FutureTask.java:266)
	at java.util.concurrent.ScheduledThreadPoolExecutor$ScheduledFutureTask.access$201(ScheduledThreadPoolExecutor.java:180)
	at java.util.concurrent.ScheduledThreadPoolExecutor$ScheduledFutureTask.run(ScheduledThreadPoolExecutor.java:293)
	at java.util.concurrent.ThreadPoolExecutor.runWorker(ThreadPoolExecutor.java:1149)
	at java.util.concurrent.ThreadPoolExecutor$Worker.run(ThreadPoolExecutor.java:624)
	at java.lang.Thread.run(Thread.java:750)
Caused by: org.bytedeco.javacv.FrameGrabber$Exception: avformat_open_input() error -1094995529: Could not open input "rtsp://admin:lbx123456@192.168.0.3:554". (Has setFormat() been called?)
	at org.bytedeco.javacv.FFmpegFrameGrabber.startUnsafe(FFmpegFrameGrabber.java:876)
	at org.bytedeco.javacv.FFmpegFrameGrabber.start(FFmpegFrameGrabber.java:801)
	at org.bytedeco.javacv.FFmpegFrameGrabber.start(FFmpegFrameGrabber.java:796)
	at com.shark.aio.data.video.service.ImageRecorderService.run(ImageRecorderService.java:107)
	at java.util.concurrent.Executors$RunnableAdapter.call(Executors.java:511)
	at java.util.concurrent.FutureTask.run(FutureTask.java:266)
	... 3 common frames omitted
2024-08-28 09:07:00.012 [,] [scheduling-1] ERROR o.s.s.s.TaskUtils$LoggingErrorHandler - [handleError,95] - Unexpected error occurred in scheduled task
java.util.concurrent.ExecutionException: org.bytedeco.javacv.FrameGrabber$Exception: avformat_open_input() error -1094995529: Could not open input "rtsp://admin:lbx123456@192.168.0.3:554". (Has setFormat() been called?)
	at java.util.concurrent.FutureTask.report(FutureTask.java:122)
	at java.util.concurrent.FutureTask.get(FutureTask.java:192)
	at com.shark.aio.base.controller.InitFFmpeg.monitorFfmpegProcess(InitFFmpeg.java:106)
	at com.shark.aio.base.controller.InitFFmpeg$$FastClassBySpringCGLIB$$6f28da27.invoke(<generated>)
	at org.springframework.cglib.proxy.MethodProxy.invoke(MethodProxy.java:218)
	at org.springframework.aop.framework.CglibAopProxy$CglibMethodInvocation.invokeJoinpoint(CglibAopProxy.java:793)
	at org.springframework.aop.framework.ReflectiveMethodInvocation.proceed(ReflectiveMethodInvocation.java:163)
	at org.springframework.aop.framework.CglibAopProxy$CglibMethodInvocation.proceed(CglibAopProxy.java:763)
	at org.springframework.aop.framework.adapter.MethodBeforeAdviceInterceptor.invoke(MethodBeforeAdviceInterceptor.java:58)
	at org.springframework.aop.framework.ReflectiveMethodInvocation.proceed(ReflectiveMethodInvocation.java:186)
	at org.springframework.aop.framework.CglibAopProxy$CglibMethodInvocation.proceed(CglibAopProxy.java:763)
	at org.springframework.aop.interceptor.ExposeInvocationInterceptor.invoke(ExposeInvocationInterceptor.java:97)
	at org.springframework.aop.framework.ReflectiveMethodInvocation.proceed(ReflectiveMethodInvocation.java:186)
	at org.springframework.aop.framework.CglibAopProxy$CglibMethodInvocation.proceed(CglibAopProxy.java:763)
	at org.springframework.aop.framework.CglibAopProxy$DynamicAdvisedInterceptor.intercept(CglibAopProxy.java:708)
	at com.shark.aio.base.controller.InitFFmpeg$$EnhancerBySpringCGLIB$$85de51c5.monitorFfmpegProcess(<generated>)
	at sun.reflect.GeneratedMethodAccessor89.invoke(Unknown Source)
	at sun.reflect.DelegatingMethodAccessorImpl.invoke(DelegatingMethodAccessorImpl.java:43)
	at java.lang.reflect.Method.invoke(Method.java:498)
	at org.springframework.scheduling.support.ScheduledMethodRunnable.run(ScheduledMethodRunnable.java:84)
	at org.springframework.scheduling.support.DelegatingErrorHandlingRunnable.run(DelegatingErrorHandlingRunnable.java:54)
	at org.springframework.scheduling.concurrent.ReschedulingRunnable.run(ReschedulingRunnable.java:95)
	at java.util.concurrent.Executors$RunnableAdapter.call(Executors.java:511)
	at java.util.concurrent.FutureTask.run(FutureTask.java:266)
	at java.util.concurrent.ScheduledThreadPoolExecutor$ScheduledFutureTask.access$201(ScheduledThreadPoolExecutor.java:180)
	at java.util.concurrent.ScheduledThreadPoolExecutor$ScheduledFutureTask.run(ScheduledThreadPoolExecutor.java:293)
	at java.util.concurrent.ThreadPoolExecutor.runWorker(ThreadPoolExecutor.java:1149)
	at java.util.concurrent.ThreadPoolExecutor$Worker.run(ThreadPoolExecutor.java:624)
	at java.lang.Thread.run(Thread.java:750)
Caused by: org.bytedeco.javacv.FrameGrabber$Exception: avformat_open_input() error -1094995529: Could not open input "rtsp://admin:lbx123456@192.168.0.3:554". (Has setFormat() been called?)
	at org.bytedeco.javacv.FFmpegFrameGrabber.startUnsafe(FFmpegFrameGrabber.java:876)
	at org.bytedeco.javacv.FFmpegFrameGrabber.start(FFmpegFrameGrabber.java:801)
	at org.bytedeco.javacv.FFmpegFrameGrabber.start(FFmpegFrameGrabber.java:796)
	at com.shark.aio.data.video.service.ImageRecorderService.run(ImageRecorderService.java:107)
	at java.util.concurrent.Executors$RunnableAdapter.call(Executors.java:511)
	at java.util.concurrent.FutureTask.run(FutureTask.java:266)
	... 3 common frames omitted
2024-08-28 09:07:10.017 [,] [scheduling-1] ERROR o.s.s.s.TaskUtils$LoggingErrorHandler - [handleError,95] - Unexpected error occurred in scheduled task
java.util.concurrent.ExecutionException: org.bytedeco.javacv.FrameGrabber$Exception: avformat_open_input() error -1094995529: Could not open input "rtsp://admin:lbx123456@192.168.0.3:554". (Has setFormat() been called?)
	at java.util.concurrent.FutureTask.report(FutureTask.java:122)
	at java.util.concurrent.FutureTask.get(FutureTask.java:192)
	at com.shark.aio.base.controller.InitFFmpeg.monitorFfmpegProcess(InitFFmpeg.java:106)
	at com.shark.aio.base.controller.InitFFmpeg$$FastClassBySpringCGLIB$$6f28da27.invoke(<generated>)
	at org.springframework.cglib.proxy.MethodProxy.invoke(MethodProxy.java:218)
	at org.springframework.aop.framework.CglibAopProxy$CglibMethodInvocation.invokeJoinpoint(CglibAopProxy.java:793)
	at org.springframework.aop.framework.ReflectiveMethodInvocation.proceed(ReflectiveMethodInvocation.java:163)
	at org.springframework.aop.framework.CglibAopProxy$CglibMethodInvocation.proceed(CglibAopProxy.java:763)
	at org.springframework.aop.framework.adapter.MethodBeforeAdviceInterceptor.invoke(MethodBeforeAdviceInterceptor.java:58)
	at org.springframework.aop.framework.ReflectiveMethodInvocation.proceed(ReflectiveMethodInvocation.java:186)
	at org.springframework.aop.framework.CglibAopProxy$CglibMethodInvocation.proceed(CglibAopProxy.java:763)
	at org.springframework.aop.interceptor.ExposeInvocationInterceptor.invoke(ExposeInvocationInterceptor.java:97)
	at org.springframework.aop.framework.ReflectiveMethodInvocation.proceed(ReflectiveMethodInvocation.java:186)
	at org.springframework.aop.framework.CglibAopProxy$CglibMethodInvocation.proceed(CglibAopProxy.java:763)
	at org.springframework.aop.framework.CglibAopProxy$DynamicAdvisedInterceptor.intercept(CglibAopProxy.java:708)
	at com.shark.aio.base.controller.InitFFmpeg$$EnhancerBySpringCGLIB$$85de51c5.monitorFfmpegProcess(<generated>)
	at sun.reflect.GeneratedMethodAccessor89.invoke(Unknown Source)
	at sun.reflect.DelegatingMethodAccessorImpl.invoke(DelegatingMethodAccessorImpl.java:43)
	at java.lang.reflect.Method.invoke(Method.java:498)
	at org.springframework.scheduling.support.ScheduledMethodRunnable.run(ScheduledMethodRunnable.java:84)
	at org.springframework.scheduling.support.DelegatingErrorHandlingRunnable.run(DelegatingErrorHandlingRunnable.java:54)
	at org.springframework.scheduling.concurrent.ReschedulingRunnable.run(ReschedulingRunnable.java:95)
	at java.util.concurrent.Executors$RunnableAdapter.call(Executors.java:511)
	at java.util.concurrent.FutureTask.run(FutureTask.java:266)
	at java.util.concurrent.ScheduledThreadPoolExecutor$ScheduledFutureTask.access$201(ScheduledThreadPoolExecutor.java:180)
	at java.util.concurrent.ScheduledThreadPoolExecutor$ScheduledFutureTask.run(ScheduledThreadPoolExecutor.java:293)
	at java.util.concurrent.ThreadPoolExecutor.runWorker(ThreadPoolExecutor.java:1149)
	at java.util.concurrent.ThreadPoolExecutor$Worker.run(ThreadPoolExecutor.java:624)
	at java.lang.Thread.run(Thread.java:750)
Caused by: org.bytedeco.javacv.FrameGrabber$Exception: avformat_open_input() error -1094995529: Could not open input "rtsp://admin:lbx123456@192.168.0.3:554". (Has setFormat() been called?)
	at org.bytedeco.javacv.FFmpegFrameGrabber.startUnsafe(FFmpegFrameGrabber.java:876)
	at org.bytedeco.javacv.FFmpegFrameGrabber.start(FFmpegFrameGrabber.java:801)
	at org.bytedeco.javacv.FFmpegFrameGrabber.start(FFmpegFrameGrabber.java:796)
	at com.shark.aio.data.video.service.ImageRecorderService.run(ImageRecorderService.java:107)
	at java.util.concurrent.Executors$RunnableAdapter.call(Executors.java:511)
	at java.util.concurrent.FutureTask.run(FutureTask.java:266)
	... 3 common frames omitted
2024-08-28 09:07:20.011 [,] [scheduling-1] ERROR o.s.s.s.TaskUtils$LoggingErrorHandler - [handleError,95] - Unexpected error occurred in scheduled task
java.util.concurrent.ExecutionException: org.bytedeco.javacv.FrameGrabber$Exception: avformat_open_input() error -1094995529: Could not open input "rtsp://admin:lbx123456@192.168.0.3:554". (Has setFormat() been called?)
	at java.util.concurrent.FutureTask.report(FutureTask.java:122)
	at java.util.concurrent.FutureTask.get(FutureTask.java:192)
	at com.shark.aio.base.controller.InitFFmpeg.monitorFfmpegProcess(InitFFmpeg.java:106)
	at com.shark.aio.base.controller.InitFFmpeg$$FastClassBySpringCGLIB$$6f28da27.invoke(<generated>)
	at org.springframework.cglib.proxy.MethodProxy.invoke(MethodProxy.java:218)
	at org.springframework.aop.framework.CglibAopProxy$CglibMethodInvocation.invokeJoinpoint(CglibAopProxy.java:793)
	at org.springframework.aop.framework.ReflectiveMethodInvocation.proceed(ReflectiveMethodInvocation.java:163)
	at org.springframework.aop.framework.CglibAopProxy$CglibMethodInvocation.proceed(CglibAopProxy.java:763)
	at org.springframework.aop.framework.adapter.MethodBeforeAdviceInterceptor.invoke(MethodBeforeAdviceInterceptor.java:58)
	at org.springframework.aop.framework.ReflectiveMethodInvocation.proceed(ReflectiveMethodInvocation.java:186)
	at org.springframework.aop.framework.CglibAopProxy$CglibMethodInvocation.proceed(CglibAopProxy.java:763)
	at org.springframework.aop.interceptor.ExposeInvocationInterceptor.invoke(ExposeInvocationInterceptor.java:97)
	at org.springframework.aop.framework.ReflectiveMethodInvocation.proceed(ReflectiveMethodInvocation.java:186)
	at org.springframework.aop.framework.CglibAopProxy$CglibMethodInvocation.proceed(CglibAopProxy.java:763)
	at org.springframework.aop.framework.CglibAopProxy$DynamicAdvisedInterceptor.intercept(CglibAopProxy.java:708)
	at com.shark.aio.base.controller.InitFFmpeg$$EnhancerBySpringCGLIB$$85de51c5.monitorFfmpegProcess(<generated>)
	at sun.reflect.GeneratedMethodAccessor89.invoke(Unknown Source)
	at sun.reflect.DelegatingMethodAccessorImpl.invoke(DelegatingMethodAccessorImpl.java:43)
	at java.lang.reflect.Method.invoke(Method.java:498)
	at org.springframework.scheduling.support.ScheduledMethodRunnable.run(ScheduledMethodRunnable.java:84)
	at org.springframework.scheduling.support.DelegatingErrorHandlingRunnable.run(DelegatingErrorHandlingRunnable.java:54)
	at org.springframework.scheduling.concurrent.ReschedulingRunnable.run(ReschedulingRunnable.java:95)
	at java.util.concurrent.Executors$RunnableAdapter.call(Executors.java:511)
	at java.util.concurrent.FutureTask.run(FutureTask.java:266)
	at java.util.concurrent.ScheduledThreadPoolExecutor$ScheduledFutureTask.access$201(ScheduledThreadPoolExecutor.java:180)
	at java.util.concurrent.ScheduledThreadPoolExecutor$ScheduledFutureTask.run(ScheduledThreadPoolExecutor.java:293)
	at java.util.concurrent.ThreadPoolExecutor.runWorker(ThreadPoolExecutor.java:1149)
	at java.util.concurrent.ThreadPoolExecutor$Worker.run(ThreadPoolExecutor.java:624)
	at java.lang.Thread.run(Thread.java:750)
Caused by: org.bytedeco.javacv.FrameGrabber$Exception: avformat_open_input() error -1094995529: Could not open input "rtsp://admin:lbx123456@192.168.0.3:554". (Has setFormat() been called?)
	at org.bytedeco.javacv.FFmpegFrameGrabber.startUnsafe(FFmpegFrameGrabber.java:876)
	at org.bytedeco.javacv.FFmpegFrameGrabber.start(FFmpegFrameGrabber.java:801)
	at org.bytedeco.javacv.FFmpegFrameGrabber.start(FFmpegFrameGrabber.java:796)
	at com.shark.aio.data.video.service.ImageRecorderService.run(ImageRecorderService.java:107)
	at java.util.concurrent.Executors$RunnableAdapter.call(Executors.java:511)
	at java.util.concurrent.FutureTask.run(FutureTask.java:266)
	... 3 common frames omitted
2024-08-28 09:08:01.024 [,] [scheduling-1] ERROR o.s.s.s.TaskUtils$LoggingErrorHandler - [handleError,95] - Unexpected error occurred in scheduled task
java.util.concurrent.ExecutionException: org.bytedeco.javacv.FrameGrabber$Exception: avformat_open_input() error -1094995529: Could not open input "rtsp://admin:lbx123456@192.168.0.3:554". (Has setFormat() been called?)
	at java.util.concurrent.FutureTask.report(FutureTask.java:122)
	at java.util.concurrent.FutureTask.get(FutureTask.java:192)
	at com.shark.aio.base.controller.InitFFmpeg.monitorFfmpegProcess(InitFFmpeg.java:106)
	at com.shark.aio.base.controller.InitFFmpeg$$FastClassBySpringCGLIB$$6f28da27.invoke(<generated>)
	at org.springframework.cglib.proxy.MethodProxy.invoke(MethodProxy.java:218)
	at org.springframework.aop.framework.CglibAopProxy$CglibMethodInvocation.invokeJoinpoint(CglibAopProxy.java:793)
	at org.springframework.aop.framework.ReflectiveMethodInvocation.proceed(ReflectiveMethodInvocation.java:163)
	at org.springframework.aop.framework.CglibAopProxy$CglibMethodInvocation.proceed(CglibAopProxy.java:763)
	at org.springframework.aop.framework.adapter.MethodBeforeAdviceInterceptor.invoke(MethodBeforeAdviceInterceptor.java:58)
	at org.springframework.aop.framework.ReflectiveMethodInvocation.proceed(ReflectiveMethodInvocation.java:186)
	at org.springframework.aop.framework.CglibAopProxy$CglibMethodInvocation.proceed(CglibAopProxy.java:763)
	at org.springframework.aop.interceptor.ExposeInvocationInterceptor.invoke(ExposeInvocationInterceptor.java:97)
	at org.springframework.aop.framework.ReflectiveMethodInvocation.proceed(ReflectiveMethodInvocation.java:186)
	at org.springframework.aop.framework.CglibAopProxy$CglibMethodInvocation.proceed(CglibAopProxy.java:763)
	at org.springframework.aop.framework.CglibAopProxy$DynamicAdvisedInterceptor.intercept(CglibAopProxy.java:708)
	at com.shark.aio.base.controller.InitFFmpeg$$EnhancerBySpringCGLIB$$6213e244.monitorFfmpegProcess(<generated>)
	at sun.reflect.NativeMethodAccessorImpl.invoke0(Native Method)
	at sun.reflect.NativeMethodAccessorImpl.invoke(NativeMethodAccessorImpl.java:62)
	at sun.reflect.DelegatingMethodAccessorImpl.invoke(DelegatingMethodAccessorImpl.java:43)
	at java.lang.reflect.Method.invoke(Method.java:498)
	at org.springframework.scheduling.support.ScheduledMethodRunnable.run(ScheduledMethodRunnable.java:84)
	at org.springframework.scheduling.support.DelegatingErrorHandlingRunnable.run(DelegatingErrorHandlingRunnable.java:54)
	at org.springframework.scheduling.concurrent.ReschedulingRunnable.run(ReschedulingRunnable.java:95)
	at java.util.concurrent.Executors$RunnableAdapter.call(Executors.java:511)
	at java.util.concurrent.FutureTask.run(FutureTask.java:266)
	at java.util.concurrent.ScheduledThreadPoolExecutor$ScheduledFutureTask.access$201(ScheduledThreadPoolExecutor.java:180)
	at java.util.concurrent.ScheduledThreadPoolExecutor$ScheduledFutureTask.run(ScheduledThreadPoolExecutor.java:293)
	at java.util.concurrent.ThreadPoolExecutor.runWorker(ThreadPoolExecutor.java:1149)
	at java.util.concurrent.ThreadPoolExecutor$Worker.run(ThreadPoolExecutor.java:624)
	at java.lang.Thread.run(Thread.java:750)
Caused by: org.bytedeco.javacv.FrameGrabber$Exception: avformat_open_input() error -1094995529: Could not open input "rtsp://admin:lbx123456@192.168.0.3:554". (Has setFormat() been called?)
	at org.bytedeco.javacv.FFmpegFrameGrabber.startUnsafe(FFmpegFrameGrabber.java:876)
	at org.bytedeco.javacv.FFmpegFrameGrabber.start(FFmpegFrameGrabber.java:801)
	at org.bytedeco.javacv.FFmpegFrameGrabber.start(FFmpegFrameGrabber.java:796)
	at com.shark.aio.data.video.service.ImageRecorderService.run(ImageRecorderService.java:107)
	at java.util.concurrent.Executors$RunnableAdapter.call(Executors.java:511)
	at java.util.concurrent.FutureTask.run(FutureTask.java:266)
	... 3 common frames omitted
2024-08-28 09:08:10.014 [,] [scheduling-1] ERROR o.s.s.s.TaskUtils$LoggingErrorHandler - [handleError,95] - Unexpected error occurred in scheduled task
java.util.concurrent.ExecutionException: org.bytedeco.javacv.FrameGrabber$Exception: avformat_open_input() error -1094995529: Could not open input "rtsp://admin:lbx123456@192.168.0.3:554". (Has setFormat() been called?)
	at java.util.concurrent.FutureTask.report(FutureTask.java:122)
	at java.util.concurrent.FutureTask.get(FutureTask.java:192)
	at com.shark.aio.base.controller.InitFFmpeg.monitorFfmpegProcess(InitFFmpeg.java:106)
	at com.shark.aio.base.controller.InitFFmpeg$$FastClassBySpringCGLIB$$6f28da27.invoke(<generated>)
	at org.springframework.cglib.proxy.MethodProxy.invoke(MethodProxy.java:218)
	at org.springframework.aop.framework.CglibAopProxy$CglibMethodInvocation.invokeJoinpoint(CglibAopProxy.java:793)
	at org.springframework.aop.framework.ReflectiveMethodInvocation.proceed(ReflectiveMethodInvocation.java:163)
	at org.springframework.aop.framework.CglibAopProxy$CglibMethodInvocation.proceed(CglibAopProxy.java:763)
	at org.springframework.aop.framework.adapter.MethodBeforeAdviceInterceptor.invoke(MethodBeforeAdviceInterceptor.java:58)
	at org.springframework.aop.framework.ReflectiveMethodInvocation.proceed(ReflectiveMethodInvocation.java:186)
	at org.springframework.aop.framework.CglibAopProxy$CglibMethodInvocation.proceed(CglibAopProxy.java:763)
	at org.springframework.aop.interceptor.ExposeInvocationInterceptor.invoke(ExposeInvocationInterceptor.java:97)
	at org.springframework.aop.framework.ReflectiveMethodInvocation.proceed(ReflectiveMethodInvocation.java:186)
	at org.springframework.aop.framework.CglibAopProxy$CglibMethodInvocation.proceed(CglibAopProxy.java:763)
	at org.springframework.aop.framework.CglibAopProxy$DynamicAdvisedInterceptor.intercept(CglibAopProxy.java:708)
	at com.shark.aio.base.controller.InitFFmpeg$$EnhancerBySpringCGLIB$$6213e244.monitorFfmpegProcess(<generated>)
	at sun.reflect.NativeMethodAccessorImpl.invoke0(Native Method)
	at sun.reflect.NativeMethodAccessorImpl.invoke(NativeMethodAccessorImpl.java:62)
	at sun.reflect.DelegatingMethodAccessorImpl.invoke(DelegatingMethodAccessorImpl.java:43)
	at java.lang.reflect.Method.invoke(Method.java:498)
	at org.springframework.scheduling.support.ScheduledMethodRunnable.run(ScheduledMethodRunnable.java:84)
	at org.springframework.scheduling.support.DelegatingErrorHandlingRunnable.run(DelegatingErrorHandlingRunnable.java:54)
	at org.springframework.scheduling.concurrent.ReschedulingRunnable.run(ReschedulingRunnable.java:95)
	at java.util.concurrent.Executors$RunnableAdapter.call(Executors.java:511)
	at java.util.concurrent.FutureTask.run(FutureTask.java:266)
	at java.util.concurrent.ScheduledThreadPoolExecutor$ScheduledFutureTask.access$201(ScheduledThreadPoolExecutor.java:180)
	at java.util.concurrent.ScheduledThreadPoolExecutor$ScheduledFutureTask.run(ScheduledThreadPoolExecutor.java:293)
	at java.util.concurrent.ThreadPoolExecutor.runWorker(ThreadPoolExecutor.java:1149)
	at java.util.concurrent.ThreadPoolExecutor$Worker.run(ThreadPoolExecutor.java:624)
	at java.lang.Thread.run(Thread.java:750)
Caused by: org.bytedeco.javacv.FrameGrabber$Exception: avformat_open_input() error -1094995529: Could not open input "rtsp://admin:lbx123456@192.168.0.3:554". (Has setFormat() been called?)
	at org.bytedeco.javacv.FFmpegFrameGrabber.startUnsafe(FFmpegFrameGrabber.java:876)
	at org.bytedeco.javacv.FFmpegFrameGrabber.start(FFmpegFrameGrabber.java:801)
	at org.bytedeco.javacv.FFmpegFrameGrabber.start(FFmpegFrameGrabber.java:796)
	at com.shark.aio.data.video.service.ImageRecorderService.run(ImageRecorderService.java:107)
	at java.util.concurrent.Executors$RunnableAdapter.call(Executors.java:511)
	at java.util.concurrent.FutureTask.run(FutureTask.java:266)
	... 3 common frames omitted
2024-08-28 09:08:20.017 [,] [scheduling-1] ERROR o.s.s.s.TaskUtils$LoggingErrorHandler - [handleError,95] - Unexpected error occurred in scheduled task
java.util.concurrent.ExecutionException: org.bytedeco.javacv.FrameGrabber$Exception: avformat_open_input() error -1094995529: Could not open input "rtsp://admin:lbx123456@192.168.0.3:554". (Has setFormat() been called?)
	at java.util.concurrent.FutureTask.report(FutureTask.java:122)
	at java.util.concurrent.FutureTask.get(FutureTask.java:192)
	at com.shark.aio.base.controller.InitFFmpeg.monitorFfmpegProcess(InitFFmpeg.java:106)
	at com.shark.aio.base.controller.InitFFmpeg$$FastClassBySpringCGLIB$$6f28da27.invoke(<generated>)
	at org.springframework.cglib.proxy.MethodProxy.invoke(MethodProxy.java:218)
	at org.springframework.aop.framework.CglibAopProxy$CglibMethodInvocation.invokeJoinpoint(CglibAopProxy.java:793)
	at org.springframework.aop.framework.ReflectiveMethodInvocation.proceed(ReflectiveMethodInvocation.java:163)
	at org.springframework.aop.framework.CglibAopProxy$CglibMethodInvocation.proceed(CglibAopProxy.java:763)
	at org.springframework.aop.framework.adapter.MethodBeforeAdviceInterceptor.invoke(MethodBeforeAdviceInterceptor.java:58)
	at org.springframework.aop.framework.ReflectiveMethodInvocation.proceed(ReflectiveMethodInvocation.java:186)
	at org.springframework.aop.framework.CglibAopProxy$CglibMethodInvocation.proceed(CglibAopProxy.java:763)
	at org.springframework.aop.interceptor.ExposeInvocationInterceptor.invoke(ExposeInvocationInterceptor.java:97)
	at org.springframework.aop.framework.ReflectiveMethodInvocation.proceed(ReflectiveMethodInvocation.java:186)
	at org.springframework.aop.framework.CglibAopProxy$CglibMethodInvocation.proceed(CglibAopProxy.java:763)
	at org.springframework.aop.framework.CglibAopProxy$DynamicAdvisedInterceptor.intercept(CglibAopProxy.java:708)
	at com.shark.aio.base.controller.InitFFmpeg$$EnhancerBySpringCGLIB$$6213e244.monitorFfmpegProcess(<generated>)
	at sun.reflect.NativeMethodAccessorImpl.invoke0(Native Method)
	at sun.reflect.NativeMethodAccessorImpl.invoke(NativeMethodAccessorImpl.java:62)
	at sun.reflect.DelegatingMethodAccessorImpl.invoke(DelegatingMethodAccessorImpl.java:43)
	at java.lang.reflect.Method.invoke(Method.java:498)
	at org.springframework.scheduling.support.ScheduledMethodRunnable.run(ScheduledMethodRunnable.java:84)
	at org.springframework.scheduling.support.DelegatingErrorHandlingRunnable.run(DelegatingErrorHandlingRunnable.java:54)
	at org.springframework.scheduling.concurrent.ReschedulingRunnable.run(ReschedulingRunnable.java:95)
	at java.util.concurrent.Executors$RunnableAdapter.call(Executors.java:511)
	at java.util.concurrent.FutureTask.run(FutureTask.java:266)
	at java.util.concurrent.ScheduledThreadPoolExecutor$ScheduledFutureTask.access$201(ScheduledThreadPoolExecutor.java:180)
	at java.util.concurrent.ScheduledThreadPoolExecutor$ScheduledFutureTask.run(ScheduledThreadPoolExecutor.java:293)
	at java.util.concurrent.ThreadPoolExecutor.runWorker(ThreadPoolExecutor.java:1149)
	at java.util.concurrent.ThreadPoolExecutor$Worker.run(ThreadPoolExecutor.java:624)
	at java.lang.Thread.run(Thread.java:750)
Caused by: org.bytedeco.javacv.FrameGrabber$Exception: avformat_open_input() error -1094995529: Could not open input "rtsp://admin:lbx123456@192.168.0.3:554". (Has setFormat() been called?)
	at org.bytedeco.javacv.FFmpegFrameGrabber.startUnsafe(FFmpegFrameGrabber.java:876)
	at org.bytedeco.javacv.FFmpegFrameGrabber.start(FFmpegFrameGrabber.java:801)
	at org.bytedeco.javacv.FFmpegFrameGrabber.start(FFmpegFrameGrabber.java:796)
	at com.shark.aio.data.video.service.ImageRecorderService.run(ImageRecorderService.java:107)
	at java.util.concurrent.Executors$RunnableAdapter.call(Executors.java:511)
	at java.util.concurrent.FutureTask.run(FutureTask.java:266)
	... 3 common frames omitted
2024-08-28 09:08:30.010 [,] [scheduling-1] ERROR o.s.s.s.TaskUtils$LoggingErrorHandler - [handleError,95] - Unexpected error occurred in scheduled task
java.util.concurrent.ExecutionException: org.bytedeco.javacv.FrameGrabber$Exception: avformat_open_input() error -1094995529: Could not open input "rtsp://admin:lbx123456@192.168.0.3:554". (Has setFormat() been called?)
	at java.util.concurrent.FutureTask.report(FutureTask.java:122)
	at java.util.concurrent.FutureTask.get(FutureTask.java:192)
	at com.shark.aio.base.controller.InitFFmpeg.monitorFfmpegProcess(InitFFmpeg.java:106)
	at com.shark.aio.base.controller.InitFFmpeg$$FastClassBySpringCGLIB$$6f28da27.invoke(<generated>)
	at org.springframework.cglib.proxy.MethodProxy.invoke(MethodProxy.java:218)
	at org.springframework.aop.framework.CglibAopProxy$CglibMethodInvocation.invokeJoinpoint(CglibAopProxy.java:793)
	at org.springframework.aop.framework.ReflectiveMethodInvocation.proceed(ReflectiveMethodInvocation.java:163)
	at org.springframework.aop.framework.CglibAopProxy$CglibMethodInvocation.proceed(CglibAopProxy.java:763)
	at org.springframework.aop.framework.adapter.MethodBeforeAdviceInterceptor.invoke(MethodBeforeAdviceInterceptor.java:58)
	at org.springframework.aop.framework.ReflectiveMethodInvocation.proceed(ReflectiveMethodInvocation.java:186)
	at org.springframework.aop.framework.CglibAopProxy$CglibMethodInvocation.proceed(CglibAopProxy.java:763)
	at org.springframework.aop.interceptor.ExposeInvocationInterceptor.invoke(ExposeInvocationInterceptor.java:97)
	at org.springframework.aop.framework.ReflectiveMethodInvocation.proceed(ReflectiveMethodInvocation.java:186)
	at org.springframework.aop.framework.CglibAopProxy$CglibMethodInvocation.proceed(CglibAopProxy.java:763)
	at org.springframework.aop.framework.CglibAopProxy$DynamicAdvisedInterceptor.intercept(CglibAopProxy.java:708)
	at com.shark.aio.base.controller.InitFFmpeg$$EnhancerBySpringCGLIB$$6213e244.monitorFfmpegProcess(<generated>)
	at sun.reflect.NativeMethodAccessorImpl.invoke0(Native Method)
	at sun.reflect.NativeMethodAccessorImpl.invoke(NativeMethodAccessorImpl.java:62)
	at sun.reflect.DelegatingMethodAccessorImpl.invoke(DelegatingMethodAccessorImpl.java:43)
	at java.lang.reflect.Method.invoke(Method.java:498)
	at org.springframework.scheduling.support.ScheduledMethodRunnable.run(ScheduledMethodRunnable.java:84)
	at org.springframework.scheduling.support.DelegatingErrorHandlingRunnable.run(DelegatingErrorHandlingRunnable.java:54)
	at org.springframework.scheduling.concurrent.ReschedulingRunnable.run(ReschedulingRunnable.java:95)
	at java.util.concurrent.Executors$RunnableAdapter.call(Executors.java:511)
	at java.util.concurrent.FutureTask.run(FutureTask.java:266)
	at java.util.concurrent.ScheduledThreadPoolExecutor$ScheduledFutureTask.access$201(ScheduledThreadPoolExecutor.java:180)
	at java.util.concurrent.ScheduledThreadPoolExecutor$ScheduledFutureTask.run(ScheduledThreadPoolExecutor.java:293)
	at java.util.concurrent.ThreadPoolExecutor.runWorker(ThreadPoolExecutor.java:1149)
	at java.util.concurrent.ThreadPoolExecutor$Worker.run(ThreadPoolExecutor.java:624)
	at java.lang.Thread.run(Thread.java:750)
Caused by: org.bytedeco.javacv.FrameGrabber$Exception: avformat_open_input() error -1094995529: Could not open input "rtsp://admin:lbx123456@192.168.0.3:554". (Has setFormat() been called?)
	at org.bytedeco.javacv.FFmpegFrameGrabber.startUnsafe(FFmpegFrameGrabber.java:876)
	at org.bytedeco.javacv.FFmpegFrameGrabber.start(FFmpegFrameGrabber.java:801)
	at org.bytedeco.javacv.FFmpegFrameGrabber.start(FFmpegFrameGrabber.java:796)
	at com.shark.aio.data.video.service.ImageRecorderService.run(ImageRecorderService.java:107)
	at java.util.concurrent.Executors$RunnableAdapter.call(Executors.java:511)
	at java.util.concurrent.FutureTask.run(FutureTask.java:266)
	... 3 common frames omitted
2024-08-28 09:08:32.670 [,] [http-nio-8089-exec-1] ERROR o.t.TemplateEngine - [process,1136] - [THYMELEAF][http-nio-8089-exec-1] Exception processing template "video": Exception evaluating SpringEL expression: "session.userEntity.icon" (template: "blank" - line 68, col 30)
org.thymeleaf.exceptions.TemplateProcessingException: Exception evaluating SpringEL expression: "session.userEntity.icon" (template: "blank" - line 68, col 30)
	at org.thymeleaf.spring5.expression.SPELVariableExpressionEvaluator.evaluate(SPELVariableExpressionEvaluator.java:292)
	at org.thymeleaf.standard.expression.VariableExpression.executeVariableExpression(VariableExpression.java:166)
	at org.thymeleaf.standard.expression.SimpleExpression.executeSimple(SimpleExpression.java:66)
	at org.thymeleaf.standard.expression.Expression.execute(Expression.java:109)
	at org.thymeleaf.standard.expression.AdditionExpression.executeAddition(AdditionExpression.java:96)
	at org.thymeleaf.standard.expression.ComplexExpression.executeComplex(ComplexExpression.java:62)
	at org.thymeleaf.standard.expression.Expression.execute(Expression.java:112)
	at org.thymeleaf.standard.expression.Expression.execute(Expression.java:138)
	at org.thymeleaf.standard.expression.LinkExpression.executeLinkExpression(LinkExpression.java:264)
	at org.thymeleaf.standard.expression.SimpleExpression.executeSimple(SimpleExpression.java:85)
	at org.thymeleaf.standard.expression.Expression.execute(Expression.java:109)
	at org.thymeleaf.standard.expression.Expression.execute(Expression.java:138)
	at org.thymeleaf.standard.processor.AbstractStandardExpressionAttributeTagProcessor.doProcess(AbstractStandardExpressionAttributeTagProcessor.java:144)
	at org.thymeleaf.processor.element.AbstractAttributeTagProcessor.doProcess(AbstractAttributeTagProcessor.java:74)
	at org.thymeleaf.processor.element.AbstractElementTagProcessor.process(AbstractElementTagProcessor.java:95)
	at org.thymeleaf.util.ProcessorConfigurationUtils$ElementTagProcessorWrapper.process(ProcessorConfigurationUtils.java:633)
	at org.thymeleaf.engine.ProcessorTemplateHandler.handleStandaloneElement(ProcessorTemplateHandler.java:918)
	at org.thymeleaf.engine.StandaloneElementTag.beHandled(StandaloneElementTag.java:228)
	at org.thymeleaf.engine.Model.process(Model.java:282)
	at org.thymeleaf.engine.ProcessorTemplateHandler.handleOpenElement(ProcessorTemplateHandler.java:1587)
	at org.thymeleaf.engine.OpenElementTag.beHandled(OpenElementTag.java:205)
	at org.thymeleaf.engine.TemplateModel.process(TemplateModel.java:136)
	at org.thymeleaf.engine.TemplateManager.parseAndProcess(TemplateManager.java:661)
	at org.thymeleaf.TemplateEngine.process(TemplateEngine.java:1098)
	at org.thymeleaf.TemplateEngine.process(TemplateEngine.java:1072)
	at org.thymeleaf.spring5.view.ThymeleafView.renderFragment(ThymeleafView.java:366)
	at org.thymeleaf.spring5.view.ThymeleafView.render(ThymeleafView.java:190)
	at org.springframework.web.servlet.DispatcherServlet.render(DispatcherServlet.java:1405)
	at org.springframework.web.servlet.DispatcherServlet.processDispatchResult(DispatcherServlet.java:1149)
	at org.springframework.web.servlet.DispatcherServlet.doDispatch(DispatcherServlet.java:1088)
	at org.springframework.web.servlet.DispatcherServlet.doService(DispatcherServlet.java:964)
	at org.springframework.web.servlet.FrameworkServlet.processRequest(FrameworkServlet.java:1006)
	at org.springframework.web.servlet.FrameworkServlet.doGet(FrameworkServlet.java:898)
	at javax.servlet.http.HttpServlet.service(HttpServlet.java:670)
	at org.springframework.web.servlet.FrameworkServlet.service(FrameworkServlet.java:883)
	at javax.servlet.http.HttpServlet.service(HttpServlet.java:779)
	at org.apache.catalina.core.ApplicationFilterChain.internalDoFilter(ApplicationFilterChain.java:227)
	at org.apache.catalina.core.ApplicationFilterChain.doFilter(ApplicationFilterChain.java:162)
	at org.apache.tomcat.websocket.server.WsFilter.doFilter(WsFilter.java:53)
	at org.apache.catalina.core.ApplicationFilterChain.internalDoFilter(ApplicationFilterChain.java:189)
	at org.apache.catalina.core.ApplicationFilterChain.doFilter(ApplicationFilterChain.java:162)
	at org.springframework.web.filter.CharacterEncodingFilter.doFilterInternal(CharacterEncodingFilter.java:201)
	at org.springframework.web.filter.OncePerRequestFilter.doFilter(OncePerRequestFilter.java:117)
	at org.apache.catalina.core.ApplicationFilterChain.internalDoFilter(ApplicationFilterChain.java:189)
	at org.apache.catalina.core.ApplicationFilterChain.doFilter(ApplicationFilterChain.java:162)
	at org.apache.catalina.core.StandardWrapperValve.invoke(StandardWrapperValve.java:197)
	at org.apache.catalina.core.StandardContextValve.invoke(StandardContextValve.java:97)
	at org.apache.catalina.authenticator.AuthenticatorBase.invoke(AuthenticatorBase.java:541)
	at org.apache.catalina.core.StandardHostValve.invoke(StandardHostValve.java:135)
	at org.apache.catalina.valves.ErrorReportValve.invoke(ErrorReportValve.java:92)
	at org.apache.catalina.core.StandardEngineValve.invoke(StandardEngineValve.java:78)
	at org.apache.catalina.connector.CoyoteAdapter.service(CoyoteAdapter.java:360)
	at org.apache.coyote.http11.Http11Processor.service(Http11Processor.java:399)
	at org.apache.coyote.AbstractProcessorLight.process(AbstractProcessorLight.java:65)
	at org.apache.coyote.AbstractProtocol$ConnectionHandler.process(AbstractProtocol.java:893)
	at org.apache.tomcat.util.net.NioEndpoint$SocketProcessor.doRun(NioEndpoint.java:1789)
	at org.apache.tomcat.util.net.SocketProcessorBase.run(SocketProcessorBase.java:49)
	at org.apache.tomcat.util.threads.ThreadPoolExecutor.runWorker(ThreadPoolExecutor.java:1191)
	at org.apache.tomcat.util.threads.ThreadPoolExecutor$Worker.run(ThreadPoolExecutor.java:659)
	at org.apache.tomcat.util.threads.TaskThread$WrappingRunnable.run(TaskThread.java:61)
	at java.lang.Thread.run(Thread.java:750)
Caused by: org.springframework.expression.spel.SpelEvaluationException: EL1007E: Property or field 'icon' cannot be found on null
	at org.springframework.expression.spel.ast.PropertyOrFieldReference.readProperty(PropertyOrFieldReference.java:213)
	at org.springframework.expression.spel.ast.PropertyOrFieldReference.getValueInternal(PropertyOrFieldReference.java:104)
	at org.springframework.expression.spel.ast.PropertyOrFieldReference.access$000(PropertyOrFieldReference.java:51)
	at org.springframework.expression.spel.ast.PropertyOrFieldReference$AccessorLValue.getValue(PropertyOrFieldReference.java:406)
	at org.springframework.expression.spel.ast.CompoundExpression.getValueInternal(CompoundExpression.java:92)
	at org.springframework.expression.spel.ast.SpelNodeImpl.getValue(SpelNodeImpl.java:112)
	at org.springframework.expression.spel.standard.SpelExpression.getValue(SpelExpression.java:338)
	at org.thymeleaf.spring5.expression.SPELVariableExpressionEvaluator.evaluate(SPELVariableExpressionEvaluator.java:265)
	... 60 common frames omitted
2024-08-28 09:08:32.675 [,] [http-nio-8089-exec-1] ERROR o.a.c.c.C.[.[.[.[dispatcherServlet] - [log,175] - Servlet.service() for servlet [dispatcherServlet] in context with path [] threw exception [Request processing failed; nested exception is org.thymeleaf.exceptions.TemplateProcessingException: Exception evaluating SpringEL expression: "session.userEntity.icon" (template: "blank" - line 68, col 30)] with root cause
org.springframework.expression.spel.SpelEvaluationException: EL1007E: Property or field 'icon' cannot be found on null
	at org.springframework.expression.spel.ast.PropertyOrFieldReference.readProperty(PropertyOrFieldReference.java:213)
	at org.springframework.expression.spel.ast.PropertyOrFieldReference.getValueInternal(PropertyOrFieldReference.java:104)
	at org.springframework.expression.spel.ast.PropertyOrFieldReference.access$000(PropertyOrFieldReference.java:51)
	at org.springframework.expression.spel.ast.PropertyOrFieldReference$AccessorLValue.getValue(PropertyOrFieldReference.java:406)
	at org.springframework.expression.spel.ast.CompoundExpression.getValueInternal(CompoundExpression.java:92)
	at org.springframework.expression.spel.ast.SpelNodeImpl.getValue(SpelNodeImpl.java:112)
	at org.springframework.expression.spel.standard.SpelExpression.getValue(SpelExpression.java:338)
	at org.thymeleaf.spring5.expression.SPELVariableExpressionEvaluator.evaluate(SPELVariableExpressionEvaluator.java:265)
	at org.thymeleaf.standard.expression.VariableExpression.executeVariableExpression(VariableExpression.java:166)
	at org.thymeleaf.standard.expression.SimpleExpression.executeSimple(SimpleExpression.java:66)
	at org.thymeleaf.standard.expression.Expression.execute(Expression.java:109)
	at org.thymeleaf.standard.expression.AdditionExpression.executeAddition(AdditionExpression.java:96)
	at org.thymeleaf.standard.expression.ComplexExpression.executeComplex(ComplexExpression.java:62)
	at org.thymeleaf.standard.expression.Expression.execute(Expression.java:112)
	at org.thymeleaf.standard.expression.Expression.execute(Expression.java:138)
	at org.thymeleaf.standard.expression.LinkExpression.executeLinkExpression(LinkExpression.java:264)
	at org.thymeleaf.standard.expression.SimpleExpression.executeSimple(SimpleExpression.java:85)
	at org.thymeleaf.standard.expression.Expression.execute(Expression.java:109)
	at org.thymeleaf.standard.expression.Expression.execute(Expression.java:138)
	at org.thymeleaf.standard.processor.AbstractStandardExpressionAttributeTagProcessor.doProcess(AbstractStandardExpressionAttributeTagProcessor.java:144)
	at org.thymeleaf.processor.element.AbstractAttributeTagProcessor.doProcess(AbstractAttributeTagProcessor.java:74)
	at org.thymeleaf.processor.element.AbstractElementTagProcessor.process(AbstractElementTagProcessor.java:95)
	at org.thymeleaf.util.ProcessorConfigurationUtils$ElementTagProcessorWrapper.process(ProcessorConfigurationUtils.java:633)
	at org.thymeleaf.engine.ProcessorTemplateHandler.handleStandaloneElement(ProcessorTemplateHandler.java:918)
	at org.thymeleaf.engine.StandaloneElementTag.beHandled(StandaloneElementTag.java:228)
	at org.thymeleaf.engine.Model.process(Model.java:282)
	at org.thymeleaf.engine.ProcessorTemplateHandler.handleOpenElement(ProcessorTemplateHandler.java:1587)
	at org.thymeleaf.engine.OpenElementTag.beHandled(OpenElementTag.java:205)
	at org.thymeleaf.engine.TemplateModel.process(TemplateModel.java:136)
	at org.thymeleaf.engine.TemplateManager.parseAndProcess(TemplateManager.java:661)
	at org.thymeleaf.TemplateEngine.process(TemplateEngine.java:1098)
	at org.thymeleaf.TemplateEngine.process(TemplateEngine.java:1072)
	at org.thymeleaf.spring5.view.ThymeleafView.renderFragment(ThymeleafView.java:366)
	at org.thymeleaf.spring5.view.ThymeleafView.render(ThymeleafView.java:190)
	at org.springframework.web.servlet.DispatcherServlet.render(DispatcherServlet.java:1405)
	at org.springframework.web.servlet.DispatcherServlet.processDispatchResult(DispatcherServlet.java:1149)
	at org.springframework.web.servlet.DispatcherServlet.doDispatch(DispatcherServlet.java:1088)
	at org.springframework.web.servlet.DispatcherServlet.doService(DispatcherServlet.java:964)
	at org.springframework.web.servlet.FrameworkServlet.processRequest(FrameworkServlet.java:1006)
	at org.springframework.web.servlet.FrameworkServlet.doGet(FrameworkServlet.java:898)
	at javax.servlet.http.HttpServlet.service(HttpServlet.java:670)
	at org.springframework.web.servlet.FrameworkServlet.service(FrameworkServlet.java:883)
	at javax.servlet.http.HttpServlet.service(HttpServlet.java:779)
	at org.apache.catalina.core.ApplicationFilterChain.internalDoFilter(ApplicationFilterChain.java:227)
	at org.apache.catalina.core.ApplicationFilterChain.doFilter(ApplicationFilterChain.java:162)
	at org.apache.tomcat.websocket.server.WsFilter.doFilter(WsFilter.java:53)
	at org.apache.catalina.core.ApplicationFilterChain.internalDoFilter(ApplicationFilterChain.java:189)
	at org.apache.catalina.core.ApplicationFilterChain.doFilter(ApplicationFilterChain.java:162)
	at org.springframework.web.filter.CharacterEncodingFilter.doFilterInternal(CharacterEncodingFilter.java:201)
	at org.springframework.web.filter.OncePerRequestFilter.doFilter(OncePerRequestFilter.java:117)
	at org.apache.catalina.core.ApplicationFilterChain.internalDoFilter(ApplicationFilterChain.java:189)
	at org.apache.catalina.core.ApplicationFilterChain.doFilter(ApplicationFilterChain.java:162)
	at org.apache.catalina.core.StandardWrapperValve.invoke(StandardWrapperValve.java:197)
	at org.apache.catalina.core.StandardContextValve.invoke(StandardContextValve.java:97)
	at org.apache.catalina.authenticator.AuthenticatorBase.invoke(AuthenticatorBase.java:541)
	at org.apache.catalina.core.StandardHostValve.invoke(StandardHostValve.java:135)
	at org.apache.catalina.valves.ErrorReportValve.invoke(ErrorReportValve.java:92)
	at org.apache.catalina.core.StandardEngineValve.invoke(StandardEngineValve.java:78)
	at org.apache.catalina.connector.CoyoteAdapter.service(CoyoteAdapter.java:360)
	at org.apache.coyote.http11.Http11Processor.service(Http11Processor.java:399)
	at org.apache.coyote.AbstractProcessorLight.process(AbstractProcessorLight.java:65)
	at org.apache.coyote.AbstractProtocol$ConnectionHandler.process(AbstractProtocol.java:893)
	at org.apache.tomcat.util.net.NioEndpoint$SocketProcessor.doRun(NioEndpoint.java:1789)
	at org.apache.tomcat.util.net.SocketProcessorBase.run(SocketProcessorBase.java:49)
	at org.apache.tomcat.util.threads.ThreadPoolExecutor.runWorker(ThreadPoolExecutor.java:1191)
	at org.apache.tomcat.util.threads.ThreadPoolExecutor$Worker.run(ThreadPoolExecutor.java:659)
	at org.apache.tomcat.util.threads.TaskThread$WrappingRunnable.run(TaskThread.java:61)
	at java.lang.Thread.run(Thread.java:750)
2024-08-28 09:08:40.003 [,] [scheduling-1] ERROR o.s.s.s.TaskUtils$LoggingErrorHandler - [handleError,95] - Unexpected error occurred in scheduled task
java.util.concurrent.ExecutionException: org.bytedeco.javacv.FrameGrabber$Exception: avformat_open_input() error -1094995529: Could not open input "rtsp://admin:lbx123456@192.168.0.3:554". (Has setFormat() been called?)
	at java.util.concurrent.FutureTask.report(FutureTask.java:122)
	at java.util.concurrent.FutureTask.get(FutureTask.java:192)
	at com.shark.aio.base.controller.InitFFmpeg.monitorFfmpegProcess(InitFFmpeg.java:106)
	at com.shark.aio.base.controller.InitFFmpeg$$FastClassBySpringCGLIB$$6f28da27.invoke(<generated>)
	at org.springframework.cglib.proxy.MethodProxy.invoke(MethodProxy.java:218)
	at org.springframework.aop.framework.CglibAopProxy$CglibMethodInvocation.invokeJoinpoint(CglibAopProxy.java:793)
	at org.springframework.aop.framework.ReflectiveMethodInvocation.proceed(ReflectiveMethodInvocation.java:163)
	at org.springframework.aop.framework.CglibAopProxy$CglibMethodInvocation.proceed(CglibAopProxy.java:763)
	at org.springframework.aop.framework.adapter.MethodBeforeAdviceInterceptor.invoke(MethodBeforeAdviceInterceptor.java:58)
	at org.springframework.aop.framework.ReflectiveMethodInvocation.proceed(ReflectiveMethodInvocation.java:186)
	at org.springframework.aop.framework.CglibAopProxy$CglibMethodInvocation.proceed(CglibAopProxy.java:763)
	at org.springframework.aop.interceptor.ExposeInvocationInterceptor.invoke(ExposeInvocationInterceptor.java:97)
	at org.springframework.aop.framework.ReflectiveMethodInvocation.proceed(ReflectiveMethodInvocation.java:186)
	at org.springframework.aop.framework.CglibAopProxy$CglibMethodInvocation.proceed(CglibAopProxy.java:763)
	at org.springframework.aop.framework.CglibAopProxy$DynamicAdvisedInterceptor.intercept(CglibAopProxy.java:708)
	at com.shark.aio.base.controller.InitFFmpeg$$EnhancerBySpringCGLIB$$6213e244.monitorFfmpegProcess(<generated>)
	at sun.reflect.NativeMethodAccessorImpl.invoke0(Native Method)
	at sun.reflect.NativeMethodAccessorImpl.invoke(NativeMethodAccessorImpl.java:62)
	at sun.reflect.DelegatingMethodAccessorImpl.invoke(DelegatingMethodAccessorImpl.java:43)
	at java.lang.reflect.Method.invoke(Method.java:498)
	at org.springframework.scheduling.support.ScheduledMethodRunnable.run(ScheduledMethodRunnable.java:84)
	at org.springframework.scheduling.support.DelegatingErrorHandlingRunnable.run(DelegatingErrorHandlingRunnable.java:54)
	at org.springframework.scheduling.concurrent.ReschedulingRunnable.run(ReschedulingRunnable.java:95)
	at java.util.concurrent.Executors$RunnableAdapter.call(Executors.java:511)
	at java.util.concurrent.FutureTask.run(FutureTask.java:266)
	at java.util.concurrent.ScheduledThreadPoolExecutor$ScheduledFutureTask.access$201(ScheduledThreadPoolExecutor.java:180)
	at java.util.concurrent.ScheduledThreadPoolExecutor$ScheduledFutureTask.run(ScheduledThreadPoolExecutor.java:293)
	at java.util.concurrent.ThreadPoolExecutor.runWorker(ThreadPoolExecutor.java:1149)
	at java.util.concurrent.ThreadPoolExecutor$Worker.run(ThreadPoolExecutor.java:624)
	at java.lang.Thread.run(Thread.java:750)
Caused by: org.bytedeco.javacv.FrameGrabber$Exception: avformat_open_input() error -1094995529: Could not open input "rtsp://admin:lbx123456@192.168.0.3:554". (Has setFormat() been called?)
	at org.bytedeco.javacv.FFmpegFrameGrabber.startUnsafe(FFmpegFrameGrabber.java:876)
	at org.bytedeco.javacv.FFmpegFrameGrabber.start(FFmpegFrameGrabber.java:801)
	at org.bytedeco.javacv.FFmpegFrameGrabber.start(FFmpegFrameGrabber.java:796)
	at com.shark.aio.data.video.service.ImageRecorderService.run(ImageRecorderService.java:107)
	at java.util.concurrent.Executors$RunnableAdapter.call(Executors.java:511)
	at java.util.concurrent.FutureTask.run(FutureTask.java:266)
	... 3 common frames omitted
2024-08-28 09:08:50.011 [,] [scheduling-1] ERROR o.s.s.s.TaskUtils$LoggingErrorHandler - [handleError,95] - Unexpected error occurred in scheduled task
java.util.concurrent.ExecutionException: org.bytedeco.javacv.FrameGrabber$Exception: avformat_open_input() error -1094995529: Could not open input "rtsp://admin:lbx123456@192.168.0.3:554". (Has setFormat() been called?)
	at java.util.concurrent.FutureTask.report(FutureTask.java:122)
	at java.util.concurrent.FutureTask.get(FutureTask.java:192)
	at com.shark.aio.base.controller.InitFFmpeg.monitorFfmpegProcess(InitFFmpeg.java:106)
	at com.shark.aio.base.controller.InitFFmpeg$$FastClassBySpringCGLIB$$6f28da27.invoke(<generated>)
	at org.springframework.cglib.proxy.MethodProxy.invoke(MethodProxy.java:218)
	at org.springframework.aop.framework.CglibAopProxy$CglibMethodInvocation.invokeJoinpoint(CglibAopProxy.java:793)
	at org.springframework.aop.framework.ReflectiveMethodInvocation.proceed(ReflectiveMethodInvocation.java:163)
	at org.springframework.aop.framework.CglibAopProxy$CglibMethodInvocation.proceed(CglibAopProxy.java:763)
	at org.springframework.aop.framework.adapter.MethodBeforeAdviceInterceptor.invoke(MethodBeforeAdviceInterceptor.java:58)
	at org.springframework.aop.framework.ReflectiveMethodInvocation.proceed(ReflectiveMethodInvocation.java:186)
	at org.springframework.aop.framework.CglibAopProxy$CglibMethodInvocation.proceed(CglibAopProxy.java:763)
	at org.springframework.aop.interceptor.ExposeInvocationInterceptor.invoke(ExposeInvocationInterceptor.java:97)
	at org.springframework.aop.framework.ReflectiveMethodInvocation.proceed(ReflectiveMethodInvocation.java:186)
	at org.springframework.aop.framework.CglibAopProxy$CglibMethodInvocation.proceed(CglibAopProxy.java:763)
	at org.springframework.aop.framework.CglibAopProxy$DynamicAdvisedInterceptor.intercept(CglibAopProxy.java:708)
	at com.shark.aio.base.controller.InitFFmpeg$$EnhancerBySpringCGLIB$$6213e244.monitorFfmpegProcess(<generated>)
	at sun.reflect.NativeMethodAccessorImpl.invoke0(Native Method)
	at sun.reflect.NativeMethodAccessorImpl.invoke(NativeMethodAccessorImpl.java:62)
	at sun.reflect.DelegatingMethodAccessorImpl.invoke(DelegatingMethodAccessorImpl.java:43)
	at java.lang.reflect.Method.invoke(Method.java:498)
	at org.springframework.scheduling.support.ScheduledMethodRunnable.run(ScheduledMethodRunnable.java:84)
	at org.springframework.scheduling.support.DelegatingErrorHandlingRunnable.run(DelegatingErrorHandlingRunnable.java:54)
	at org.springframework.scheduling.concurrent.ReschedulingRunnable.run(ReschedulingRunnable.java:95)
	at java.util.concurrent.Executors$RunnableAdapter.call(Executors.java:511)
	at java.util.concurrent.FutureTask.run(FutureTask.java:266)
	at java.util.concurrent.ScheduledThreadPoolExecutor$ScheduledFutureTask.access$201(ScheduledThreadPoolExecutor.java:180)
	at java.util.concurrent.ScheduledThreadPoolExecutor$ScheduledFutureTask.run(ScheduledThreadPoolExecutor.java:293)
	at java.util.concurrent.ThreadPoolExecutor.runWorker(ThreadPoolExecutor.java:1149)
	at java.util.concurrent.ThreadPoolExecutor$Worker.run(ThreadPoolExecutor.java:624)
	at java.lang.Thread.run(Thread.java:750)
Caused by: org.bytedeco.javacv.FrameGrabber$Exception: avformat_open_input() error -1094995529: Could not open input "rtsp://admin:lbx123456@192.168.0.3:554". (Has setFormat() been called?)
	at org.bytedeco.javacv.FFmpegFrameGrabber.startUnsafe(FFmpegFrameGrabber.java:876)
	at org.bytedeco.javacv.FFmpegFrameGrabber.start(FFmpegFrameGrabber.java:801)
	at org.bytedeco.javacv.FFmpegFrameGrabber.start(FFmpegFrameGrabber.java:796)
	at com.shark.aio.data.video.service.ImageRecorderService.run(ImageRecorderService.java:107)
	at java.util.concurrent.Executors$RunnableAdapter.call(Executors.java:511)
	at java.util.concurrent.FutureTask.run(FutureTask.java:266)
	... 3 common frames omitted
2024-08-28 09:09:00.006 [,] [scheduling-1] ERROR o.s.s.s.TaskUtils$LoggingErrorHandler - [handleError,95] - Unexpected error occurred in scheduled task
java.util.concurrent.ExecutionException: org.bytedeco.javacv.FrameGrabber$Exception: avformat_open_input() error -1094995529: Could not open input "rtsp://admin:lbx123456@192.168.0.3:554". (Has setFormat() been called?)
	at java.util.concurrent.FutureTask.report(FutureTask.java:122)
	at java.util.concurrent.FutureTask.get(FutureTask.java:192)
	at com.shark.aio.base.controller.InitFFmpeg.monitorFfmpegProcess(InitFFmpeg.java:106)
	at com.shark.aio.base.controller.InitFFmpeg$$FastClassBySpringCGLIB$$6f28da27.invoke(<generated>)
	at org.springframework.cglib.proxy.MethodProxy.invoke(MethodProxy.java:218)
	at org.springframework.aop.framework.CglibAopProxy$CglibMethodInvocation.invokeJoinpoint(CglibAopProxy.java:793)
	at org.springframework.aop.framework.ReflectiveMethodInvocation.proceed(ReflectiveMethodInvocation.java:163)
	at org.springframework.aop.framework.CglibAopProxy$CglibMethodInvocation.proceed(CglibAopProxy.java:763)
	at org.springframework.aop.framework.adapter.MethodBeforeAdviceInterceptor.invoke(MethodBeforeAdviceInterceptor.java:58)
	at org.springframework.aop.framework.ReflectiveMethodInvocation.proceed(ReflectiveMethodInvocation.java:186)
	at org.springframework.aop.framework.CglibAopProxy$CglibMethodInvocation.proceed(CglibAopProxy.java:763)
	at org.springframework.aop.interceptor.ExposeInvocationInterceptor.invoke(ExposeInvocationInterceptor.java:97)
	at org.springframework.aop.framework.ReflectiveMethodInvocation.proceed(ReflectiveMethodInvocation.java:186)
	at org.springframework.aop.framework.CglibAopProxy$CglibMethodInvocation.proceed(CglibAopProxy.java:763)
	at org.springframework.aop.framework.CglibAopProxy$DynamicAdvisedInterceptor.intercept(CglibAopProxy.java:708)
	at com.shark.aio.base.controller.InitFFmpeg$$EnhancerBySpringCGLIB$$6213e244.monitorFfmpegProcess(<generated>)
	at sun.reflect.NativeMethodAccessorImpl.invoke0(Native Method)
	at sun.reflect.NativeMethodAccessorImpl.invoke(NativeMethodAccessorImpl.java:62)
	at sun.reflect.DelegatingMethodAccessorImpl.invoke(DelegatingMethodAccessorImpl.java:43)
	at java.lang.reflect.Method.invoke(Method.java:498)
	at org.springframework.scheduling.support.ScheduledMethodRunnable.run(ScheduledMethodRunnable.java:84)
	at org.springframework.scheduling.support.DelegatingErrorHandlingRunnable.run(DelegatingErrorHandlingRunnable.java:54)
	at org.springframework.scheduling.concurrent.ReschedulingRunnable.run(ReschedulingRunnable.java:95)
	at java.util.concurrent.Executors$RunnableAdapter.call(Executors.java:511)
	at java.util.concurrent.FutureTask.run(FutureTask.java:266)
	at java.util.concurrent.ScheduledThreadPoolExecutor$ScheduledFutureTask.access$201(ScheduledThreadPoolExecutor.java:180)
	at java.util.concurrent.ScheduledThreadPoolExecutor$ScheduledFutureTask.run(ScheduledThreadPoolExecutor.java:293)
	at java.util.concurrent.ThreadPoolExecutor.runWorker(ThreadPoolExecutor.java:1149)
	at java.util.concurrent.ThreadPoolExecutor$Worker.run(ThreadPoolExecutor.java:624)
	at java.lang.Thread.run(Thread.java:750)
Caused by: org.bytedeco.javacv.FrameGrabber$Exception: avformat_open_input() error -1094995529: Could not open input "rtsp://admin:lbx123456@192.168.0.3:554". (Has setFormat() been called?)
	at org.bytedeco.javacv.FFmpegFrameGrabber.startUnsafe(FFmpegFrameGrabber.java:876)
	at org.bytedeco.javacv.FFmpegFrameGrabber.start(FFmpegFrameGrabber.java:801)
	at org.bytedeco.javacv.FFmpegFrameGrabber.start(FFmpegFrameGrabber.java:796)
	at com.shark.aio.data.video.service.ImageRecorderService.run(ImageRecorderService.java:107)
	at java.util.concurrent.Executors$RunnableAdapter.call(Executors.java:511)
	at java.util.concurrent.FutureTask.run(FutureTask.java:266)
	... 3 common frames omitted
2024-08-28 09:09:10.001 [,] [scheduling-1] ERROR o.s.s.s.TaskUtils$LoggingErrorHandler - [handleError,95] - Unexpected error occurred in scheduled task
java.util.concurrent.ExecutionException: org.bytedeco.javacv.FrameGrabber$Exception: avformat_open_input() error -1094995529: Could not open input "rtsp://admin:lbx123456@192.168.0.3:554". (Has setFormat() been called?)
	at java.util.concurrent.FutureTask.report(FutureTask.java:122)
	at java.util.concurrent.FutureTask.get(FutureTask.java:192)
	at com.shark.aio.base.controller.InitFFmpeg.monitorFfmpegProcess(InitFFmpeg.java:106)
	at com.shark.aio.base.controller.InitFFmpeg$$FastClassBySpringCGLIB$$6f28da27.invoke(<generated>)
	at org.springframework.cglib.proxy.MethodProxy.invoke(MethodProxy.java:218)
	at org.springframework.aop.framework.CglibAopProxy$CglibMethodInvocation.invokeJoinpoint(CglibAopProxy.java:793)
	at org.springframework.aop.framework.ReflectiveMethodInvocation.proceed(ReflectiveMethodInvocation.java:163)
	at org.springframework.aop.framework.CglibAopProxy$CglibMethodInvocation.proceed(CglibAopProxy.java:763)
	at org.springframework.aop.framework.adapter.MethodBeforeAdviceInterceptor.invoke(MethodBeforeAdviceInterceptor.java:58)
	at org.springframework.aop.framework.ReflectiveMethodInvocation.proceed(ReflectiveMethodInvocation.java:186)
	at org.springframework.aop.framework.CglibAopProxy$CglibMethodInvocation.proceed(CglibAopProxy.java:763)
	at org.springframework.aop.interceptor.ExposeInvocationInterceptor.invoke(ExposeInvocationInterceptor.java:97)
	at org.springframework.aop.framework.ReflectiveMethodInvocation.proceed(ReflectiveMethodInvocation.java:186)
	at org.springframework.aop.framework.CglibAopProxy$CglibMethodInvocation.proceed(CglibAopProxy.java:763)
	at org.springframework.aop.framework.CglibAopProxy$DynamicAdvisedInterceptor.intercept(CglibAopProxy.java:708)
	at com.shark.aio.base.controller.InitFFmpeg$$EnhancerBySpringCGLIB$$6213e244.monitorFfmpegProcess(<generated>)
	at sun.reflect.NativeMethodAccessorImpl.invoke0(Native Method)
	at sun.reflect.NativeMethodAccessorImpl.invoke(NativeMethodAccessorImpl.java:62)
	at sun.reflect.DelegatingMethodAccessorImpl.invoke(DelegatingMethodAccessorImpl.java:43)
	at java.lang.reflect.Method.invoke(Method.java:498)
	at org.springframework.scheduling.support.ScheduledMethodRunnable.run(ScheduledMethodRunnable.java:84)
	at org.springframework.scheduling.support.DelegatingErrorHandlingRunnable.run(DelegatingErrorHandlingRunnable.java:54)
	at org.springframework.scheduling.concurrent.ReschedulingRunnable.run(ReschedulingRunnable.java:95)
	at java.util.concurrent.Executors$RunnableAdapter.call(Executors.java:511)
	at java.util.concurrent.FutureTask.run(FutureTask.java:266)
	at java.util.concurrent.ScheduledThreadPoolExecutor$ScheduledFutureTask.access$201(ScheduledThreadPoolExecutor.java:180)
	at java.util.concurrent.ScheduledThreadPoolExecutor$ScheduledFutureTask.run(ScheduledThreadPoolExecutor.java:293)
	at java.util.concurrent.ThreadPoolExecutor.runWorker(ThreadPoolExecutor.java:1149)
	at java.util.concurrent.ThreadPoolExecutor$Worker.run(ThreadPoolExecutor.java:624)
	at java.lang.Thread.run(Thread.java:750)
Caused by: org.bytedeco.javacv.FrameGrabber$Exception: avformat_open_input() error -1094995529: Could not open input "rtsp://admin:lbx123456@192.168.0.3:554". (Has setFormat() been called?)
	at org.bytedeco.javacv.FFmpegFrameGrabber.startUnsafe(FFmpegFrameGrabber.java:876)
	at org.bytedeco.javacv.FFmpegFrameGrabber.start(FFmpegFrameGrabber.java:801)
	at org.bytedeco.javacv.FFmpegFrameGrabber.start(FFmpegFrameGrabber.java:796)
	at com.shark.aio.data.video.service.ImageRecorderService.run(ImageRecorderService.java:107)
	at java.util.concurrent.Executors$RunnableAdapter.call(Executors.java:511)
	at java.util.concurrent.FutureTask.run(FutureTask.java:266)
	... 3 common frames omitted
2024-08-28 09:09:20.013 [,] [scheduling-1] ERROR o.s.s.s.TaskUtils$LoggingErrorHandler - [handleError,95] - Unexpected error occurred in scheduled task
java.util.concurrent.ExecutionException: org.bytedeco.javacv.FrameGrabber$Exception: avformat_open_input() error -1094995529: Could not open input "rtsp://admin:lbx123456@192.168.0.3:554". (Has setFormat() been called?)
	at java.util.concurrent.FutureTask.report(FutureTask.java:122)
	at java.util.concurrent.FutureTask.get(FutureTask.java:192)
	at com.shark.aio.base.controller.InitFFmpeg.monitorFfmpegProcess(InitFFmpeg.java:106)
	at com.shark.aio.base.controller.InitFFmpeg$$FastClassBySpringCGLIB$$6f28da27.invoke(<generated>)
	at org.springframework.cglib.proxy.MethodProxy.invoke(MethodProxy.java:218)
	at org.springframework.aop.framework.CglibAopProxy$CglibMethodInvocation.invokeJoinpoint(CglibAopProxy.java:793)
	at org.springframework.aop.framework.ReflectiveMethodInvocation.proceed(ReflectiveMethodInvocation.java:163)
	at org.springframework.aop.framework.CglibAopProxy$CglibMethodInvocation.proceed(CglibAopProxy.java:763)
	at org.springframework.aop.framework.adapter.MethodBeforeAdviceInterceptor.invoke(MethodBeforeAdviceInterceptor.java:58)
	at org.springframework.aop.framework.ReflectiveMethodInvocation.proceed(ReflectiveMethodInvocation.java:186)
	at org.springframework.aop.framework.CglibAopProxy$CglibMethodInvocation.proceed(CglibAopProxy.java:763)
	at org.springframework.aop.interceptor.ExposeInvocationInterceptor.invoke(ExposeInvocationInterceptor.java:97)
	at org.springframework.aop.framework.ReflectiveMethodInvocation.proceed(ReflectiveMethodInvocation.java:186)
	at org.springframework.aop.framework.CglibAopProxy$CglibMethodInvocation.proceed(CglibAopProxy.java:763)
	at org.springframework.aop.framework.CglibAopProxy$DynamicAdvisedInterceptor.intercept(CglibAopProxy.java:708)
	at com.shark.aio.base.controller.InitFFmpeg$$EnhancerBySpringCGLIB$$6213e244.monitorFfmpegProcess(<generated>)
	at sun.reflect.NativeMethodAccessorImpl.invoke0(Native Method)
	at sun.reflect.NativeMethodAccessorImpl.invoke(NativeMethodAccessorImpl.java:62)
	at sun.reflect.DelegatingMethodAccessorImpl.invoke(DelegatingMethodAccessorImpl.java:43)
	at java.lang.reflect.Method.invoke(Method.java:498)
	at org.springframework.scheduling.support.ScheduledMethodRunnable.run(ScheduledMethodRunnable.java:84)
	at org.springframework.scheduling.support.DelegatingErrorHandlingRunnable.run(DelegatingErrorHandlingRunnable.java:54)
	at org.springframework.scheduling.concurrent.ReschedulingRunnable.run(ReschedulingRunnable.java:95)
	at java.util.concurrent.Executors$RunnableAdapter.call(Executors.java:511)
	at java.util.concurrent.FutureTask.run(FutureTask.java:266)
	at java.util.concurrent.ScheduledThreadPoolExecutor$ScheduledFutureTask.access$201(ScheduledThreadPoolExecutor.java:180)
	at java.util.concurrent.ScheduledThreadPoolExecutor$ScheduledFutureTask.run(ScheduledThreadPoolExecutor.java:293)
	at java.util.concurrent.ThreadPoolExecutor.runWorker(ThreadPoolExecutor.java:1149)
	at java.util.concurrent.ThreadPoolExecutor$Worker.run(ThreadPoolExecutor.java:624)
	at java.lang.Thread.run(Thread.java:750)
Caused by: org.bytedeco.javacv.FrameGrabber$Exception: avformat_open_input() error -1094995529: Could not open input "rtsp://admin:lbx123456@192.168.0.3:554". (Has setFormat() been called?)
	at org.bytedeco.javacv.FFmpegFrameGrabber.startUnsafe(FFmpegFrameGrabber.java:876)
	at org.bytedeco.javacv.FFmpegFrameGrabber.start(FFmpegFrameGrabber.java:801)
	at org.bytedeco.javacv.FFmpegFrameGrabber.start(FFmpegFrameGrabber.java:796)
	at com.shark.aio.data.video.service.ImageRecorderService.run(ImageRecorderService.java:107)
	at java.util.concurrent.Executors$RunnableAdapter.call(Executors.java:511)
	at java.util.concurrent.FutureTask.run(FutureTask.java:266)
	... 3 common frames omitted
2024-08-28 09:09:30.010 [,] [scheduling-1] ERROR o.s.s.s.TaskUtils$LoggingErrorHandler - [handleError,95] - Unexpected error occurred in scheduled task
java.util.concurrent.ExecutionException: org.bytedeco.javacv.FrameGrabber$Exception: avformat_open_input() error -1094995529: Could not open input "rtsp://admin:lbx123456@192.168.0.3:554". (Has setFormat() been called?)
	at java.util.concurrent.FutureTask.report(FutureTask.java:122)
	at java.util.concurrent.FutureTask.get(FutureTask.java:192)
	at com.shark.aio.base.controller.InitFFmpeg.monitorFfmpegProcess(InitFFmpeg.java:106)
	at com.shark.aio.base.controller.InitFFmpeg$$FastClassBySpringCGLIB$$6f28da27.invoke(<generated>)
	at org.springframework.cglib.proxy.MethodProxy.invoke(MethodProxy.java:218)
	at org.springframework.aop.framework.CglibAopProxy$CglibMethodInvocation.invokeJoinpoint(CglibAopProxy.java:793)
	at org.springframework.aop.framework.ReflectiveMethodInvocation.proceed(ReflectiveMethodInvocation.java:163)
	at org.springframework.aop.framework.CglibAopProxy$CglibMethodInvocation.proceed(CglibAopProxy.java:763)
	at org.springframework.aop.framework.adapter.MethodBeforeAdviceInterceptor.invoke(MethodBeforeAdviceInterceptor.java:58)
	at org.springframework.aop.framework.ReflectiveMethodInvocation.proceed(ReflectiveMethodInvocation.java:186)
	at org.springframework.aop.framework.CglibAopProxy$CglibMethodInvocation.proceed(CglibAopProxy.java:763)
	at org.springframework.aop.interceptor.ExposeInvocationInterceptor.invoke(ExposeInvocationInterceptor.java:97)
	at org.springframework.aop.framework.ReflectiveMethodInvocation.proceed(ReflectiveMethodInvocation.java:186)
	at org.springframework.aop.framework.CglibAopProxy$CglibMethodInvocation.proceed(CglibAopProxy.java:763)
	at org.springframework.aop.framework.CglibAopProxy$DynamicAdvisedInterceptor.intercept(CglibAopProxy.java:708)
	at com.shark.aio.base.controller.InitFFmpeg$$EnhancerBySpringCGLIB$$6213e244.monitorFfmpegProcess(<generated>)
	at sun.reflect.NativeMethodAccessorImpl.invoke0(Native Method)
	at sun.reflect.NativeMethodAccessorImpl.invoke(NativeMethodAccessorImpl.java:62)
	at sun.reflect.DelegatingMethodAccessorImpl.invoke(DelegatingMethodAccessorImpl.java:43)
	at java.lang.reflect.Method.invoke(Method.java:498)
	at org.springframework.scheduling.support.ScheduledMethodRunnable.run(ScheduledMethodRunnable.java:84)
	at org.springframework.scheduling.support.DelegatingErrorHandlingRunnable.run(DelegatingErrorHandlingRunnable.java:54)
	at org.springframework.scheduling.concurrent.ReschedulingRunnable.run(ReschedulingRunnable.java:95)
	at java.util.concurrent.Executors$RunnableAdapter.call(Executors.java:511)
	at java.util.concurrent.FutureTask.run(FutureTask.java:266)
	at java.util.concurrent.ScheduledThreadPoolExecutor$ScheduledFutureTask.access$201(ScheduledThreadPoolExecutor.java:180)
	at java.util.concurrent.ScheduledThreadPoolExecutor$ScheduledFutureTask.run(ScheduledThreadPoolExecutor.java:293)
	at java.util.concurrent.ThreadPoolExecutor.runWorker(ThreadPoolExecutor.java:1149)
	at java.util.concurrent.ThreadPoolExecutor$Worker.run(ThreadPoolExecutor.java:624)
	at java.lang.Thread.run(Thread.java:750)
Caused by: org.bytedeco.javacv.FrameGrabber$Exception: avformat_open_input() error -1094995529: Could not open input "rtsp://admin:lbx123456@192.168.0.3:554". (Has setFormat() been called?)
	at org.bytedeco.javacv.FFmpegFrameGrabber.startUnsafe(FFmpegFrameGrabber.java:876)
	at org.bytedeco.javacv.FFmpegFrameGrabber.start(FFmpegFrameGrabber.java:801)
	at org.bytedeco.javacv.FFmpegFrameGrabber.start(FFmpegFrameGrabber.java:796)
	at com.shark.aio.data.video.service.ImageRecorderService.run(ImageRecorderService.java:107)
	at java.util.concurrent.Executors$RunnableAdapter.call(Executors.java:511)
	at java.util.concurrent.FutureTask.run(FutureTask.java:266)
	... 3 common frames omitted
2024-08-28 09:09:40.007 [,] [scheduling-1] ERROR o.s.s.s.TaskUtils$LoggingErrorHandler - [handleError,95] - Unexpected error occurred in scheduled task
java.util.concurrent.ExecutionException: org.bytedeco.javacv.FrameGrabber$Exception: avformat_open_input() error -1094995529: Could not open input "rtsp://admin:lbx123456@192.168.0.3:554". (Has setFormat() been called?)
	at java.util.concurrent.FutureTask.report(FutureTask.java:122)
	at java.util.concurrent.FutureTask.get(FutureTask.java:192)
	at com.shark.aio.base.controller.InitFFmpeg.monitorFfmpegProcess(InitFFmpeg.java:106)
	at com.shark.aio.base.controller.InitFFmpeg$$FastClassBySpringCGLIB$$6f28da27.invoke(<generated>)
	at org.springframework.cglib.proxy.MethodProxy.invoke(MethodProxy.java:218)
	at org.springframework.aop.framework.CglibAopProxy$CglibMethodInvocation.invokeJoinpoint(CglibAopProxy.java:793)
	at org.springframework.aop.framework.ReflectiveMethodInvocation.proceed(ReflectiveMethodInvocation.java:163)
	at org.springframework.aop.framework.CglibAopProxy$CglibMethodInvocation.proceed(CglibAopProxy.java:763)
	at org.springframework.aop.framework.adapter.MethodBeforeAdviceInterceptor.invoke(MethodBeforeAdviceInterceptor.java:58)
	at org.springframework.aop.framework.ReflectiveMethodInvocation.proceed(ReflectiveMethodInvocation.java:186)
	at org.springframework.aop.framework.CglibAopProxy$CglibMethodInvocation.proceed(CglibAopProxy.java:763)
	at org.springframework.aop.interceptor.ExposeInvocationInterceptor.invoke(ExposeInvocationInterceptor.java:97)
	at org.springframework.aop.framework.ReflectiveMethodInvocation.proceed(ReflectiveMethodInvocation.java:186)
	at org.springframework.aop.framework.CglibAopProxy$CglibMethodInvocation.proceed(CglibAopProxy.java:763)
	at org.springframework.aop.framework.CglibAopProxy$DynamicAdvisedInterceptor.intercept(CglibAopProxy.java:708)
	at com.shark.aio.base.controller.InitFFmpeg$$EnhancerBySpringCGLIB$$6213e244.monitorFfmpegProcess(<generated>)
	at sun.reflect.NativeMethodAccessorImpl.invoke0(Native Method)
	at sun.reflect.NativeMethodAccessorImpl.invoke(NativeMethodAccessorImpl.java:62)
	at sun.reflect.DelegatingMethodAccessorImpl.invoke(DelegatingMethodAccessorImpl.java:43)
	at java.lang.reflect.Method.invoke(Method.java:498)
	at org.springframework.scheduling.support.ScheduledMethodRunnable.run(ScheduledMethodRunnable.java:84)
	at org.springframework.scheduling.support.DelegatingErrorHandlingRunnable.run(DelegatingErrorHandlingRunnable.java:54)
	at org.springframework.scheduling.concurrent.ReschedulingRunnable.run(ReschedulingRunnable.java:95)
	at java.util.concurrent.Executors$RunnableAdapter.call(Executors.java:511)
	at java.util.concurrent.FutureTask.run(FutureTask.java:266)
	at java.util.concurrent.ScheduledThreadPoolExecutor$ScheduledFutureTask.access$201(ScheduledThreadPoolExecutor.java:180)
	at java.util.concurrent.ScheduledThreadPoolExecutor$ScheduledFutureTask.run(ScheduledThreadPoolExecutor.java:293)
	at java.util.concurrent.ThreadPoolExecutor.runWorker(ThreadPoolExecutor.java:1149)
	at java.util.concurrent.ThreadPoolExecutor$Worker.run(ThreadPoolExecutor.java:624)
	at java.lang.Thread.run(Thread.java:750)
Caused by: org.bytedeco.javacv.FrameGrabber$Exception: avformat_open_input() error -1094995529: Could not open input "rtsp://admin:lbx123456@192.168.0.3:554". (Has setFormat() been called?)
	at org.bytedeco.javacv.FFmpegFrameGrabber.startUnsafe(FFmpegFrameGrabber.java:876)
	at org.bytedeco.javacv.FFmpegFrameGrabber.start(FFmpegFrameGrabber.java:801)
	at org.bytedeco.javacv.FFmpegFrameGrabber.start(FFmpegFrameGrabber.java:796)
	at com.shark.aio.data.video.service.ImageRecorderService.run(ImageRecorderService.java:107)
	at java.util.concurrent.Executors$RunnableAdapter.call(Executors.java:511)
	at java.util.concurrent.FutureTask.run(FutureTask.java:266)
	... 3 common frames omitted
2024-08-28 09:09:50.007 [,] [scheduling-1] ERROR o.s.s.s.TaskUtils$LoggingErrorHandler - [handleError,95] - Unexpected error occurred in scheduled task
java.util.concurrent.ExecutionException: org.bytedeco.javacv.FrameGrabber$Exception: avformat_open_input() error -1094995529: Could not open input "rtsp://admin:lbx123456@192.168.0.3:554". (Has setFormat() been called?)
	at java.util.concurrent.FutureTask.report(FutureTask.java:122)
	at java.util.concurrent.FutureTask.get(FutureTask.java:192)
	at com.shark.aio.base.controller.InitFFmpeg.monitorFfmpegProcess(InitFFmpeg.java:106)
	at com.shark.aio.base.controller.InitFFmpeg$$FastClassBySpringCGLIB$$6f28da27.invoke(<generated>)
	at org.springframework.cglib.proxy.MethodProxy.invoke(MethodProxy.java:218)
	at org.springframework.aop.framework.CglibAopProxy$CglibMethodInvocation.invokeJoinpoint(CglibAopProxy.java:793)
	at org.springframework.aop.framework.ReflectiveMethodInvocation.proceed(ReflectiveMethodInvocation.java:163)
	at org.springframework.aop.framework.CglibAopProxy$CglibMethodInvocation.proceed(CglibAopProxy.java:763)
	at org.springframework.aop.framework.adapter.MethodBeforeAdviceInterceptor.invoke(MethodBeforeAdviceInterceptor.java:58)
	at org.springframework.aop.framework.ReflectiveMethodInvocation.proceed(ReflectiveMethodInvocation.java:186)
	at org.springframework.aop.framework.CglibAopProxy$CglibMethodInvocation.proceed(CglibAopProxy.java:763)
	at org.springframework.aop.interceptor.ExposeInvocationInterceptor.invoke(ExposeInvocationInterceptor.java:97)
	at org.springframework.aop.framework.ReflectiveMethodInvocation.proceed(ReflectiveMethodInvocation.java:186)
	at org.springframework.aop.framework.CglibAopProxy$CglibMethodInvocation.proceed(CglibAopProxy.java:763)
	at org.springframework.aop.framework.CglibAopProxy$DynamicAdvisedInterceptor.intercept(CglibAopProxy.java:708)
	at com.shark.aio.base.controller.InitFFmpeg$$EnhancerBySpringCGLIB$$6213e244.monitorFfmpegProcess(<generated>)
	at sun.reflect.NativeMethodAccessorImpl.invoke0(Native Method)
	at sun.reflect.NativeMethodAccessorImpl.invoke(NativeMethodAccessorImpl.java:62)
	at sun.reflect.DelegatingMethodAccessorImpl.invoke(DelegatingMethodAccessorImpl.java:43)
	at java.lang.reflect.Method.invoke(Method.java:498)
	at org.springframework.scheduling.support.ScheduledMethodRunnable.run(ScheduledMethodRunnable.java:84)
	at org.springframework.scheduling.support.DelegatingErrorHandlingRunnable.run(DelegatingErrorHandlingRunnable.java:54)
	at org.springframework.scheduling.concurrent.ReschedulingRunnable.run(ReschedulingRunnable.java:95)
	at java.util.concurrent.Executors$RunnableAdapter.call(Executors.java:511)
	at java.util.concurrent.FutureTask.run(FutureTask.java:266)
	at java.util.concurrent.ScheduledThreadPoolExecutor$ScheduledFutureTask.access$201(ScheduledThreadPoolExecutor.java:180)
	at java.util.concurrent.ScheduledThreadPoolExecutor$ScheduledFutureTask.run(ScheduledThreadPoolExecutor.java:293)
	at java.util.concurrent.ThreadPoolExecutor.runWorker(ThreadPoolExecutor.java:1149)
	at java.util.concurrent.ThreadPoolExecutor$Worker.run(ThreadPoolExecutor.java:624)
	at java.lang.Thread.run(Thread.java:750)
Caused by: org.bytedeco.javacv.FrameGrabber$Exception: avformat_open_input() error -1094995529: Could not open input "rtsp://admin:lbx123456@192.168.0.3:554". (Has setFormat() been called?)
	at org.bytedeco.javacv.FFmpegFrameGrabber.startUnsafe(FFmpegFrameGrabber.java:876)
	at org.bytedeco.javacv.FFmpegFrameGrabber.start(FFmpegFrameGrabber.java:801)
	at org.bytedeco.javacv.FFmpegFrameGrabber.start(FFmpegFrameGrabber.java:796)
	at com.shark.aio.data.video.service.ImageRecorderService.run(ImageRecorderService.java:107)
	at java.util.concurrent.Executors$RunnableAdapter.call(Executors.java:511)
	at java.util.concurrent.FutureTask.run(FutureTask.java:266)
	... 3 common frames omitted
2024-08-28 09:10:00.015 [,] [scheduling-1] ERROR o.s.s.s.TaskUtils$LoggingErrorHandler - [handleError,95] - Unexpected error occurred in scheduled task
java.util.concurrent.ExecutionException: org.bytedeco.javacv.FrameGrabber$Exception: avformat_open_input() error -1094995529: Could not open input "rtsp://admin:lbx123456@192.168.0.3:554". (Has setFormat() been called?)
	at java.util.concurrent.FutureTask.report(FutureTask.java:122)
	at java.util.concurrent.FutureTask.get(FutureTask.java:192)
	at com.shark.aio.base.controller.InitFFmpeg.monitorFfmpegProcess(InitFFmpeg.java:106)
	at com.shark.aio.base.controller.InitFFmpeg$$FastClassBySpringCGLIB$$6f28da27.invoke(<generated>)
	at org.springframework.cglib.proxy.MethodProxy.invoke(MethodProxy.java:218)
	at org.springframework.aop.framework.CglibAopProxy$CglibMethodInvocation.invokeJoinpoint(CglibAopProxy.java:793)
	at org.springframework.aop.framework.ReflectiveMethodInvocation.proceed(ReflectiveMethodInvocation.java:163)
	at org.springframework.aop.framework.CglibAopProxy$CglibMethodInvocation.proceed(CglibAopProxy.java:763)
	at org.springframework.aop.framework.adapter.MethodBeforeAdviceInterceptor.invoke(MethodBeforeAdviceInterceptor.java:58)
	at org.springframework.aop.framework.ReflectiveMethodInvocation.proceed(ReflectiveMethodInvocation.java:186)
	at org.springframework.aop.framework.CglibAopProxy$CglibMethodInvocation.proceed(CglibAopProxy.java:763)
	at org.springframework.aop.interceptor.ExposeInvocationInterceptor.invoke(ExposeInvocationInterceptor.java:97)
	at org.springframework.aop.framework.ReflectiveMethodInvocation.proceed(ReflectiveMethodInvocation.java:186)
	at org.springframework.aop.framework.CglibAopProxy$CglibMethodInvocation.proceed(CglibAopProxy.java:763)
	at org.springframework.aop.framework.CglibAopProxy$DynamicAdvisedInterceptor.intercept(CglibAopProxy.java:708)
	at com.shark.aio.base.controller.InitFFmpeg$$EnhancerBySpringCGLIB$$6213e244.monitorFfmpegProcess(<generated>)
	at sun.reflect.NativeMethodAccessorImpl.invoke0(Native Method)
	at sun.reflect.NativeMethodAccessorImpl.invoke(NativeMethodAccessorImpl.java:62)
	at sun.reflect.DelegatingMethodAccessorImpl.invoke(DelegatingMethodAccessorImpl.java:43)
	at java.lang.reflect.Method.invoke(Method.java:498)
	at org.springframework.scheduling.support.ScheduledMethodRunnable.run(ScheduledMethodRunnable.java:84)
	at org.springframework.scheduling.support.DelegatingErrorHandlingRunnable.run(DelegatingErrorHandlingRunnable.java:54)
	at org.springframework.scheduling.concurrent.ReschedulingRunnable.run(ReschedulingRunnable.java:95)
	at java.util.concurrent.Executors$RunnableAdapter.call(Executors.java:511)
	at java.util.concurrent.FutureTask.run(FutureTask.java:266)
	at java.util.concurrent.ScheduledThreadPoolExecutor$ScheduledFutureTask.access$201(ScheduledThreadPoolExecutor.java:180)
	at java.util.concurrent.ScheduledThreadPoolExecutor$ScheduledFutureTask.run(ScheduledThreadPoolExecutor.java:293)
	at java.util.concurrent.ThreadPoolExecutor.runWorker(ThreadPoolExecutor.java:1149)
	at java.util.concurrent.ThreadPoolExecutor$Worker.run(ThreadPoolExecutor.java:624)
	at java.lang.Thread.run(Thread.java:750)
Caused by: org.bytedeco.javacv.FrameGrabber$Exception: avformat_open_input() error -1094995529: Could not open input "rtsp://admin:lbx123456@192.168.0.3:554". (Has setFormat() been called?)
	at org.bytedeco.javacv.FFmpegFrameGrabber.startUnsafe(FFmpegFrameGrabber.java:876)
	at org.bytedeco.javacv.FFmpegFrameGrabber.start(FFmpegFrameGrabber.java:801)
	at org.bytedeco.javacv.FFmpegFrameGrabber.start(FFmpegFrameGrabber.java:796)
	at com.shark.aio.data.video.service.ImageRecorderService.run(ImageRecorderService.java:107)
	at java.util.concurrent.Executors$RunnableAdapter.call(Executors.java:511)
	at java.util.concurrent.FutureTask.run(FutureTask.java:266)
	... 3 common frames omitted
2024-08-28 09:10:10.007 [,] [scheduling-1] ERROR o.s.s.s.TaskUtils$LoggingErrorHandler - [handleError,95] - Unexpected error occurred in scheduled task
java.util.concurrent.ExecutionException: org.bytedeco.javacv.FrameGrabber$Exception: avformat_open_input() error -1094995529: Could not open input "rtsp://admin:lbx123456@192.168.0.3:554". (Has setFormat() been called?)
	at java.util.concurrent.FutureTask.report(FutureTask.java:122)
	at java.util.concurrent.FutureTask.get(FutureTask.java:192)
	at com.shark.aio.base.controller.InitFFmpeg.monitorFfmpegProcess(InitFFmpeg.java:106)
	at com.shark.aio.base.controller.InitFFmpeg$$FastClassBySpringCGLIB$$6f28da27.invoke(<generated>)
	at org.springframework.cglib.proxy.MethodProxy.invoke(MethodProxy.java:218)
	at org.springframework.aop.framework.CglibAopProxy$CglibMethodInvocation.invokeJoinpoint(CglibAopProxy.java:793)
	at org.springframework.aop.framework.ReflectiveMethodInvocation.proceed(ReflectiveMethodInvocation.java:163)
	at org.springframework.aop.framework.CglibAopProxy$CglibMethodInvocation.proceed(CglibAopProxy.java:763)
	at org.springframework.aop.framework.adapter.MethodBeforeAdviceInterceptor.invoke(MethodBeforeAdviceInterceptor.java:58)
	at org.springframework.aop.framework.ReflectiveMethodInvocation.proceed(ReflectiveMethodInvocation.java:186)
	at org.springframework.aop.framework.CglibAopProxy$CglibMethodInvocation.proceed(CglibAopProxy.java:763)
	at org.springframework.aop.interceptor.ExposeInvocationInterceptor.invoke(ExposeInvocationInterceptor.java:97)
	at org.springframework.aop.framework.ReflectiveMethodInvocation.proceed(ReflectiveMethodInvocation.java:186)
	at org.springframework.aop.framework.CglibAopProxy$CglibMethodInvocation.proceed(CglibAopProxy.java:763)
	at org.springframework.aop.framework.CglibAopProxy$DynamicAdvisedInterceptor.intercept(CglibAopProxy.java:708)
	at com.shark.aio.base.controller.InitFFmpeg$$EnhancerBySpringCGLIB$$6213e244.monitorFfmpegProcess(<generated>)
	at sun.reflect.NativeMethodAccessorImpl.invoke0(Native Method)
	at sun.reflect.NativeMethodAccessorImpl.invoke(NativeMethodAccessorImpl.java:62)
	at sun.reflect.DelegatingMethodAccessorImpl.invoke(DelegatingMethodAccessorImpl.java:43)
	at java.lang.reflect.Method.invoke(Method.java:498)
	at org.springframework.scheduling.support.ScheduledMethodRunnable.run(ScheduledMethodRunnable.java:84)
	at org.springframework.scheduling.support.DelegatingErrorHandlingRunnable.run(DelegatingErrorHandlingRunnable.java:54)
	at org.springframework.scheduling.concurrent.ReschedulingRunnable.run(ReschedulingRunnable.java:95)
	at java.util.concurrent.Executors$RunnableAdapter.call(Executors.java:511)
	at java.util.concurrent.FutureTask.run(FutureTask.java:266)
	at java.util.concurrent.ScheduledThreadPoolExecutor$ScheduledFutureTask.access$201(ScheduledThreadPoolExecutor.java:180)
	at java.util.concurrent.ScheduledThreadPoolExecutor$ScheduledFutureTask.run(ScheduledThreadPoolExecutor.java:293)
	at java.util.concurrent.ThreadPoolExecutor.runWorker(ThreadPoolExecutor.java:1149)
	at java.util.concurrent.ThreadPoolExecutor$Worker.run(ThreadPoolExecutor.java:624)
	at java.lang.Thread.run(Thread.java:750)
Caused by: org.bytedeco.javacv.FrameGrabber$Exception: avformat_open_input() error -1094995529: Could not open input "rtsp://admin:lbx123456@192.168.0.3:554". (Has setFormat() been called?)
	at org.bytedeco.javacv.FFmpegFrameGrabber.startUnsafe(FFmpegFrameGrabber.java:876)
	at org.bytedeco.javacv.FFmpegFrameGrabber.start(FFmpegFrameGrabber.java:801)
	at org.bytedeco.javacv.FFmpegFrameGrabber.start(FFmpegFrameGrabber.java:796)
	at com.shark.aio.data.video.service.ImageRecorderService.run(ImageRecorderService.java:107)
	at java.util.concurrent.Executors$RunnableAdapter.call(Executors.java:511)
	at java.util.concurrent.FutureTask.run(FutureTask.java:266)
	... 3 common frames omitted
2024-08-28 09:10:20.012 [,] [scheduling-1] ERROR o.s.s.s.TaskUtils$LoggingErrorHandler - [handleError,95] - Unexpected error occurred in scheduled task
java.util.concurrent.ExecutionException: org.bytedeco.javacv.FrameGrabber$Exception: avformat_open_input() error -1094995529: Could not open input "rtsp://admin:lbx123456@192.168.0.3:554". (Has setFormat() been called?)
	at java.util.concurrent.FutureTask.report(FutureTask.java:122)
	at java.util.concurrent.FutureTask.get(FutureTask.java:192)
	at com.shark.aio.base.controller.InitFFmpeg.monitorFfmpegProcess(InitFFmpeg.java:106)
	at com.shark.aio.base.controller.InitFFmpeg$$FastClassBySpringCGLIB$$6f28da27.invoke(<generated>)
	at org.springframework.cglib.proxy.MethodProxy.invoke(MethodProxy.java:218)
	at org.springframework.aop.framework.CglibAopProxy$CglibMethodInvocation.invokeJoinpoint(CglibAopProxy.java:793)
	at org.springframework.aop.framework.ReflectiveMethodInvocation.proceed(ReflectiveMethodInvocation.java:163)
	at org.springframework.aop.framework.CglibAopProxy$CglibMethodInvocation.proceed(CglibAopProxy.java:763)
	at org.springframework.aop.framework.adapter.MethodBeforeAdviceInterceptor.invoke(MethodBeforeAdviceInterceptor.java:58)
	at org.springframework.aop.framework.ReflectiveMethodInvocation.proceed(ReflectiveMethodInvocation.java:186)
	at org.springframework.aop.framework.CglibAopProxy$CglibMethodInvocation.proceed(CglibAopProxy.java:763)
	at org.springframework.aop.interceptor.ExposeInvocationInterceptor.invoke(ExposeInvocationInterceptor.java:97)
	at org.springframework.aop.framework.ReflectiveMethodInvocation.proceed(ReflectiveMethodInvocation.java:186)
	at org.springframework.aop.framework.CglibAopProxy$CglibMethodInvocation.proceed(CglibAopProxy.java:763)
	at org.springframework.aop.framework.CglibAopProxy$DynamicAdvisedInterceptor.intercept(CglibAopProxy.java:708)
	at com.shark.aio.base.controller.InitFFmpeg$$EnhancerBySpringCGLIB$$6213e244.monitorFfmpegProcess(<generated>)
	at sun.reflect.NativeMethodAccessorImpl.invoke0(Native Method)
	at sun.reflect.NativeMethodAccessorImpl.invoke(NativeMethodAccessorImpl.java:62)
	at sun.reflect.DelegatingMethodAccessorImpl.invoke(DelegatingMethodAccessorImpl.java:43)
	at java.lang.reflect.Method.invoke(Method.java:498)
	at org.springframework.scheduling.support.ScheduledMethodRunnable.run(ScheduledMethodRunnable.java:84)
	at org.springframework.scheduling.support.DelegatingErrorHandlingRunnable.run(DelegatingErrorHandlingRunnable.java:54)
	at org.springframework.scheduling.concurrent.ReschedulingRunnable.run(ReschedulingRunnable.java:95)
	at java.util.concurrent.Executors$RunnableAdapter.call(Executors.java:511)
	at java.util.concurrent.FutureTask.run(FutureTask.java:266)
	at java.util.concurrent.ScheduledThreadPoolExecutor$ScheduledFutureTask.access$201(ScheduledThreadPoolExecutor.java:180)
	at java.util.concurrent.ScheduledThreadPoolExecutor$ScheduledFutureTask.run(ScheduledThreadPoolExecutor.java:293)
	at java.util.concurrent.ThreadPoolExecutor.runWorker(ThreadPoolExecutor.java:1149)
	at java.util.concurrent.ThreadPoolExecutor$Worker.run(ThreadPoolExecutor.java:624)
	at java.lang.Thread.run(Thread.java:750)
Caused by: org.bytedeco.javacv.FrameGrabber$Exception: avformat_open_input() error -1094995529: Could not open input "rtsp://admin:lbx123456@192.168.0.3:554". (Has setFormat() been called?)
	at org.bytedeco.javacv.FFmpegFrameGrabber.startUnsafe(FFmpegFrameGrabber.java:876)
	at org.bytedeco.javacv.FFmpegFrameGrabber.start(FFmpegFrameGrabber.java:801)
	at org.bytedeco.javacv.FFmpegFrameGrabber.start(FFmpegFrameGrabber.java:796)
	at com.shark.aio.data.video.service.ImageRecorderService.run(ImageRecorderService.java:107)
	at java.util.concurrent.Executors$RunnableAdapter.call(Executors.java:511)
	at java.util.concurrent.FutureTask.run(FutureTask.java:266)
	... 3 common frames omitted
2024-08-28 09:10:30.004 [,] [scheduling-1] ERROR o.s.s.s.TaskUtils$LoggingErrorHandler - [handleError,95] - Unexpected error occurred in scheduled task
java.util.concurrent.ExecutionException: org.bytedeco.javacv.FrameGrabber$Exception: avformat_open_input() error -1094995529: Could not open input "rtsp://admin:lbx123456@192.168.0.3:554". (Has setFormat() been called?)
	at java.util.concurrent.FutureTask.report(FutureTask.java:122)
	at java.util.concurrent.FutureTask.get(FutureTask.java:192)
	at com.shark.aio.base.controller.InitFFmpeg.monitorFfmpegProcess(InitFFmpeg.java:106)
	at com.shark.aio.base.controller.InitFFmpeg$$FastClassBySpringCGLIB$$6f28da27.invoke(<generated>)
	at org.springframework.cglib.proxy.MethodProxy.invoke(MethodProxy.java:218)
	at org.springframework.aop.framework.CglibAopProxy$CglibMethodInvocation.invokeJoinpoint(CglibAopProxy.java:793)
	at org.springframework.aop.framework.ReflectiveMethodInvocation.proceed(ReflectiveMethodInvocation.java:163)
	at org.springframework.aop.framework.CglibAopProxy$CglibMethodInvocation.proceed(CglibAopProxy.java:763)
	at org.springframework.aop.framework.adapter.MethodBeforeAdviceInterceptor.invoke(MethodBeforeAdviceInterceptor.java:58)
	at org.springframework.aop.framework.ReflectiveMethodInvocation.proceed(ReflectiveMethodInvocation.java:186)
	at org.springframework.aop.framework.CglibAopProxy$CglibMethodInvocation.proceed(CglibAopProxy.java:763)
	at org.springframework.aop.interceptor.ExposeInvocationInterceptor.invoke(ExposeInvocationInterceptor.java:97)
	at org.springframework.aop.framework.ReflectiveMethodInvocation.proceed(ReflectiveMethodInvocation.java:186)
	at org.springframework.aop.framework.CglibAopProxy$CglibMethodInvocation.proceed(CglibAopProxy.java:763)
	at org.springframework.aop.framework.CglibAopProxy$DynamicAdvisedInterceptor.intercept(CglibAopProxy.java:708)
	at com.shark.aio.base.controller.InitFFmpeg$$EnhancerBySpringCGLIB$$6213e244.monitorFfmpegProcess(<generated>)
	at sun.reflect.NativeMethodAccessorImpl.invoke0(Native Method)
	at sun.reflect.NativeMethodAccessorImpl.invoke(NativeMethodAccessorImpl.java:62)
	at sun.reflect.DelegatingMethodAccessorImpl.invoke(DelegatingMethodAccessorImpl.java:43)
	at java.lang.reflect.Method.invoke(Method.java:498)
	at org.springframework.scheduling.support.ScheduledMethodRunnable.run(ScheduledMethodRunnable.java:84)
	at org.springframework.scheduling.support.DelegatingErrorHandlingRunnable.run(DelegatingErrorHandlingRunnable.java:54)
	at org.springframework.scheduling.concurrent.ReschedulingRunnable.run(ReschedulingRunnable.java:95)
	at java.util.concurrent.Executors$RunnableAdapter.call(Executors.java:511)
	at java.util.concurrent.FutureTask.run(FutureTask.java:266)
	at java.util.concurrent.ScheduledThreadPoolExecutor$ScheduledFutureTask.access$201(ScheduledThreadPoolExecutor.java:180)
	at java.util.concurrent.ScheduledThreadPoolExecutor$ScheduledFutureTask.run(ScheduledThreadPoolExecutor.java:293)
	at java.util.concurrent.ThreadPoolExecutor.runWorker(ThreadPoolExecutor.java:1149)
	at java.util.concurrent.ThreadPoolExecutor$Worker.run(ThreadPoolExecutor.java:624)
	at java.lang.Thread.run(Thread.java:750)
Caused by: org.bytedeco.javacv.FrameGrabber$Exception: avformat_open_input() error -1094995529: Could not open input "rtsp://admin:lbx123456@192.168.0.3:554". (Has setFormat() been called?)
	at org.bytedeco.javacv.FFmpegFrameGrabber.startUnsafe(FFmpegFrameGrabber.java:876)
	at org.bytedeco.javacv.FFmpegFrameGrabber.start(FFmpegFrameGrabber.java:801)
	at org.bytedeco.javacv.FFmpegFrameGrabber.start(FFmpegFrameGrabber.java:796)
	at com.shark.aio.data.video.service.ImageRecorderService.run(ImageRecorderService.java:107)
	at java.util.concurrent.Executors$RunnableAdapter.call(Executors.java:511)
	at java.util.concurrent.FutureTask.run(FutureTask.java:266)
	... 3 common frames omitted
2024-08-28 09:10:40.012 [,] [scheduling-1] ERROR o.s.s.s.TaskUtils$LoggingErrorHandler - [handleError,95] - Unexpected error occurred in scheduled task
java.util.concurrent.ExecutionException: org.bytedeco.javacv.FrameGrabber$Exception: avformat_open_input() error -1094995529: Could not open input "rtsp://admin:lbx123456@192.168.0.3:554". (Has setFormat() been called?)
	at java.util.concurrent.FutureTask.report(FutureTask.java:122)
	at java.util.concurrent.FutureTask.get(FutureTask.java:192)
	at com.shark.aio.base.controller.InitFFmpeg.monitorFfmpegProcess(InitFFmpeg.java:106)
	at com.shark.aio.base.controller.InitFFmpeg$$FastClassBySpringCGLIB$$6f28da27.invoke(<generated>)
	at org.springframework.cglib.proxy.MethodProxy.invoke(MethodProxy.java:218)
	at org.springframework.aop.framework.CglibAopProxy$CglibMethodInvocation.invokeJoinpoint(CglibAopProxy.java:793)
	at org.springframework.aop.framework.ReflectiveMethodInvocation.proceed(ReflectiveMethodInvocation.java:163)
	at org.springframework.aop.framework.CglibAopProxy$CglibMethodInvocation.proceed(CglibAopProxy.java:763)
	at org.springframework.aop.framework.adapter.MethodBeforeAdviceInterceptor.invoke(MethodBeforeAdviceInterceptor.java:58)
	at org.springframework.aop.framework.ReflectiveMethodInvocation.proceed(ReflectiveMethodInvocation.java:186)
	at org.springframework.aop.framework.CglibAopProxy$CglibMethodInvocation.proceed(CglibAopProxy.java:763)
	at org.springframework.aop.interceptor.ExposeInvocationInterceptor.invoke(ExposeInvocationInterceptor.java:97)
	at org.springframework.aop.framework.ReflectiveMethodInvocation.proceed(ReflectiveMethodInvocation.java:186)
	at org.springframework.aop.framework.CglibAopProxy$CglibMethodInvocation.proceed(CglibAopProxy.java:763)
	at org.springframework.aop.framework.CglibAopProxy$DynamicAdvisedInterceptor.intercept(CglibAopProxy.java:708)
	at com.shark.aio.base.controller.InitFFmpeg$$EnhancerBySpringCGLIB$$6213e244.monitorFfmpegProcess(<generated>)
	at sun.reflect.GeneratedMethodAccessor78.invoke(Unknown Source)
	at sun.reflect.DelegatingMethodAccessorImpl.invoke(DelegatingMethodAccessorImpl.java:43)
	at java.lang.reflect.Method.invoke(Method.java:498)
	at org.springframework.scheduling.support.ScheduledMethodRunnable.run(ScheduledMethodRunnable.java:84)
	at org.springframework.scheduling.support.DelegatingErrorHandlingRunnable.run(DelegatingErrorHandlingRunnable.java:54)
	at org.springframework.scheduling.concurrent.ReschedulingRunnable.run(ReschedulingRunnable.java:95)
	at java.util.concurrent.Executors$RunnableAdapter.call(Executors.java:511)
	at java.util.concurrent.FutureTask.run(FutureTask.java:266)
	at java.util.concurrent.ScheduledThreadPoolExecutor$ScheduledFutureTask.access$201(ScheduledThreadPoolExecutor.java:180)
	at java.util.concurrent.ScheduledThreadPoolExecutor$ScheduledFutureTask.run(ScheduledThreadPoolExecutor.java:293)
	at java.util.concurrent.ThreadPoolExecutor.runWorker(ThreadPoolExecutor.java:1149)
	at java.util.concurrent.ThreadPoolExecutor$Worker.run(ThreadPoolExecutor.java:624)
	at java.lang.Thread.run(Thread.java:750)
Caused by: org.bytedeco.javacv.FrameGrabber$Exception: avformat_open_input() error -1094995529: Could not open input "rtsp://admin:lbx123456@192.168.0.3:554". (Has setFormat() been called?)
	at org.bytedeco.javacv.FFmpegFrameGrabber.startUnsafe(FFmpegFrameGrabber.java:876)
	at org.bytedeco.javacv.FFmpegFrameGrabber.start(FFmpegFrameGrabber.java:801)
	at org.bytedeco.javacv.FFmpegFrameGrabber.start(FFmpegFrameGrabber.java:796)
	at com.shark.aio.data.video.service.ImageRecorderService.run(ImageRecorderService.java:107)
	at java.util.concurrent.Executors$RunnableAdapter.call(Executors.java:511)
	at java.util.concurrent.FutureTask.run(FutureTask.java:266)
	... 3 common frames omitted
2024-08-28 09:10:50.003 [,] [scheduling-1] ERROR o.s.s.s.TaskUtils$LoggingErrorHandler - [handleError,95] - Unexpected error occurred in scheduled task
java.util.concurrent.ExecutionException: org.bytedeco.javacv.FrameGrabber$Exception: avformat_open_input() error -1094995529: Could not open input "rtsp://admin:lbx123456@192.168.0.3:554". (Has setFormat() been called?)
	at java.util.concurrent.FutureTask.report(FutureTask.java:122)
	at java.util.concurrent.FutureTask.get(FutureTask.java:192)
	at com.shark.aio.base.controller.InitFFmpeg.monitorFfmpegProcess(InitFFmpeg.java:106)
	at com.shark.aio.base.controller.InitFFmpeg$$FastClassBySpringCGLIB$$6f28da27.invoke(<generated>)
	at org.springframework.cglib.proxy.MethodProxy.invoke(MethodProxy.java:218)
	at org.springframework.aop.framework.CglibAopProxy$CglibMethodInvocation.invokeJoinpoint(CglibAopProxy.java:793)
	at org.springframework.aop.framework.ReflectiveMethodInvocation.proceed(ReflectiveMethodInvocation.java:163)
	at org.springframework.aop.framework.CglibAopProxy$CglibMethodInvocation.proceed(CglibAopProxy.java:763)
	at org.springframework.aop.framework.adapter.MethodBeforeAdviceInterceptor.invoke(MethodBeforeAdviceInterceptor.java:58)
	at org.springframework.aop.framework.ReflectiveMethodInvocation.proceed(ReflectiveMethodInvocation.java:186)
	at org.springframework.aop.framework.CglibAopProxy$CglibMethodInvocation.proceed(CglibAopProxy.java:763)
	at org.springframework.aop.interceptor.ExposeInvocationInterceptor.invoke(ExposeInvocationInterceptor.java:97)
	at org.springframework.aop.framework.ReflectiveMethodInvocation.proceed(ReflectiveMethodInvocation.java:186)
	at org.springframework.aop.framework.CglibAopProxy$CglibMethodInvocation.proceed(CglibAopProxy.java:763)
	at org.springframework.aop.framework.CglibAopProxy$DynamicAdvisedInterceptor.intercept(CglibAopProxy.java:708)
	at com.shark.aio.base.controller.InitFFmpeg$$EnhancerBySpringCGLIB$$6213e244.monitorFfmpegProcess(<generated>)
	at sun.reflect.GeneratedMethodAccessor78.invoke(Unknown Source)
	at sun.reflect.DelegatingMethodAccessorImpl.invoke(DelegatingMethodAccessorImpl.java:43)
	at java.lang.reflect.Method.invoke(Method.java:498)
	at org.springframework.scheduling.support.ScheduledMethodRunnable.run(ScheduledMethodRunnable.java:84)
	at org.springframework.scheduling.support.DelegatingErrorHandlingRunnable.run(DelegatingErrorHandlingRunnable.java:54)
	at org.springframework.scheduling.concurrent.ReschedulingRunnable.run(ReschedulingRunnable.java:95)
	at java.util.concurrent.Executors$RunnableAdapter.call(Executors.java:511)
	at java.util.concurrent.FutureTask.run(FutureTask.java:266)
	at java.util.concurrent.ScheduledThreadPoolExecutor$ScheduledFutureTask.access$201(ScheduledThreadPoolExecutor.java:180)
	at java.util.concurrent.ScheduledThreadPoolExecutor$ScheduledFutureTask.run(ScheduledThreadPoolExecutor.java:293)
	at java.util.concurrent.ThreadPoolExecutor.runWorker(ThreadPoolExecutor.java:1149)
	at java.util.concurrent.ThreadPoolExecutor$Worker.run(ThreadPoolExecutor.java:624)
	at java.lang.Thread.run(Thread.java:750)
Caused by: org.bytedeco.javacv.FrameGrabber$Exception: avformat_open_input() error -1094995529: Could not open input "rtsp://admin:lbx123456@192.168.0.3:554". (Has setFormat() been called?)
	at org.bytedeco.javacv.FFmpegFrameGrabber.startUnsafe(FFmpegFrameGrabber.java:876)
	at org.bytedeco.javacv.FFmpegFrameGrabber.start(FFmpegFrameGrabber.java:801)
	at org.bytedeco.javacv.FFmpegFrameGrabber.start(FFmpegFrameGrabber.java:796)
	at com.shark.aio.data.video.service.ImageRecorderService.run(ImageRecorderService.java:107)
	at java.util.concurrent.Executors$RunnableAdapter.call(Executors.java:511)
	at java.util.concurrent.FutureTask.run(FutureTask.java:266)
	... 3 common frames omitted
2024-08-28 09:11:00.039 [,] [scheduling-1] ERROR o.s.s.s.TaskUtils$LoggingErrorHandler - [handleError,95] - Unexpected error occurred in scheduled task
java.util.concurrent.ExecutionException: org.bytedeco.javacv.FrameGrabber$Exception: avformat_open_input() error -1094995529: Could not open input "rtsp://admin:lbx123456@192.168.0.3:554". (Has setFormat() been called?)
	at java.util.concurrent.FutureTask.report(FutureTask.java:122)
	at java.util.concurrent.FutureTask.get(FutureTask.java:192)
	at com.shark.aio.base.controller.InitFFmpeg.monitorFfmpegProcess(InitFFmpeg.java:106)
	at com.shark.aio.base.controller.InitFFmpeg$$FastClassBySpringCGLIB$$6f28da27.invoke(<generated>)
	at org.springframework.cglib.proxy.MethodProxy.invoke(MethodProxy.java:218)
	at org.springframework.aop.framework.CglibAopProxy$CglibMethodInvocation.invokeJoinpoint(CglibAopProxy.java:793)
	at org.springframework.aop.framework.ReflectiveMethodInvocation.proceed(ReflectiveMethodInvocation.java:163)
	at org.springframework.aop.framework.CglibAopProxy$CglibMethodInvocation.proceed(CglibAopProxy.java:763)
	at org.springframework.aop.framework.adapter.MethodBeforeAdviceInterceptor.invoke(MethodBeforeAdviceInterceptor.java:58)
	at org.springframework.aop.framework.ReflectiveMethodInvocation.proceed(ReflectiveMethodInvocation.java:186)
	at org.springframework.aop.framework.CglibAopProxy$CglibMethodInvocation.proceed(CglibAopProxy.java:763)
	at org.springframework.aop.interceptor.ExposeInvocationInterceptor.invoke(ExposeInvocationInterceptor.java:97)
	at org.springframework.aop.framework.ReflectiveMethodInvocation.proceed(ReflectiveMethodInvocation.java:186)
	at org.springframework.aop.framework.CglibAopProxy$CglibMethodInvocation.proceed(CglibAopProxy.java:763)
	at org.springframework.aop.framework.CglibAopProxy$DynamicAdvisedInterceptor.intercept(CglibAopProxy.java:708)
	at com.shark.aio.base.controller.InitFFmpeg$$EnhancerBySpringCGLIB$$6213e244.monitorFfmpegProcess(<generated>)
	at sun.reflect.GeneratedMethodAccessor78.invoke(Unknown Source)
	at sun.reflect.DelegatingMethodAccessorImpl.invoke(DelegatingMethodAccessorImpl.java:43)
	at java.lang.reflect.Method.invoke(Method.java:498)
	at org.springframework.scheduling.support.ScheduledMethodRunnable.run(ScheduledMethodRunnable.java:84)
	at org.springframework.scheduling.support.DelegatingErrorHandlingRunnable.run(DelegatingErrorHandlingRunnable.java:54)
	at org.springframework.scheduling.concurrent.ReschedulingRunnable.run(ReschedulingRunnable.java:95)
	at java.util.concurrent.Executors$RunnableAdapter.call(Executors.java:511)
	at java.util.concurrent.FutureTask.run(FutureTask.java:266)
	at java.util.concurrent.ScheduledThreadPoolExecutor$ScheduledFutureTask.access$201(ScheduledThreadPoolExecutor.java:180)
	at java.util.concurrent.ScheduledThreadPoolExecutor$ScheduledFutureTask.run(ScheduledThreadPoolExecutor.java:293)
	at java.util.concurrent.ThreadPoolExecutor.runWorker(ThreadPoolExecutor.java:1149)
	at java.util.concurrent.ThreadPoolExecutor$Worker.run(ThreadPoolExecutor.java:624)
	at java.lang.Thread.run(Thread.java:750)
Caused by: org.bytedeco.javacv.FrameGrabber$Exception: avformat_open_input() error -1094995529: Could not open input "rtsp://admin:lbx123456@192.168.0.3:554". (Has setFormat() been called?)
	at org.bytedeco.javacv.FFmpegFrameGrabber.startUnsafe(FFmpegFrameGrabber.java:876)
	at org.bytedeco.javacv.FFmpegFrameGrabber.start(FFmpegFrameGrabber.java:801)
	at org.bytedeco.javacv.FFmpegFrameGrabber.start(FFmpegFrameGrabber.java:796)
	at com.shark.aio.data.video.service.ImageRecorderService.run(ImageRecorderService.java:107)
	at java.util.concurrent.Executors$RunnableAdapter.call(Executors.java:511)
	at java.util.concurrent.FutureTask.run(FutureTask.java:266)
	... 3 common frames omitted
2024-08-28 09:11:10.005 [,] [scheduling-1] ERROR o.s.s.s.TaskUtils$LoggingErrorHandler - [handleError,95] - Unexpected error occurred in scheduled task
java.util.concurrent.ExecutionException: org.bytedeco.javacv.FrameGrabber$Exception: avformat_open_input() error -1094995529: Could not open input "rtsp://admin:lbx123456@192.168.0.3:554". (Has setFormat() been called?)
	at java.util.concurrent.FutureTask.report(FutureTask.java:122)
	at java.util.concurrent.FutureTask.get(FutureTask.java:192)
	at com.shark.aio.base.controller.InitFFmpeg.monitorFfmpegProcess(InitFFmpeg.java:106)
	at com.shark.aio.base.controller.InitFFmpeg$$FastClassBySpringCGLIB$$6f28da27.invoke(<generated>)
	at org.springframework.cglib.proxy.MethodProxy.invoke(MethodProxy.java:218)
	at org.springframework.aop.framework.CglibAopProxy$CglibMethodInvocation.invokeJoinpoint(CglibAopProxy.java:793)
	at org.springframework.aop.framework.ReflectiveMethodInvocation.proceed(ReflectiveMethodInvocation.java:163)
	at org.springframework.aop.framework.CglibAopProxy$CglibMethodInvocation.proceed(CglibAopProxy.java:763)
	at org.springframework.aop.framework.adapter.MethodBeforeAdviceInterceptor.invoke(MethodBeforeAdviceInterceptor.java:58)
	at org.springframework.aop.framework.ReflectiveMethodInvocation.proceed(ReflectiveMethodInvocation.java:186)
	at org.springframework.aop.framework.CglibAopProxy$CglibMethodInvocation.proceed(CglibAopProxy.java:763)
	at org.springframework.aop.interceptor.ExposeInvocationInterceptor.invoke(ExposeInvocationInterceptor.java:97)
	at org.springframework.aop.framework.ReflectiveMethodInvocation.proceed(ReflectiveMethodInvocation.java:186)
	at org.springframework.aop.framework.CglibAopProxy$CglibMethodInvocation.proceed(CglibAopProxy.java:763)
	at org.springframework.aop.framework.CglibAopProxy$DynamicAdvisedInterceptor.intercept(CglibAopProxy.java:708)
	at com.shark.aio.base.controller.InitFFmpeg$$EnhancerBySpringCGLIB$$6213e244.monitorFfmpegProcess(<generated>)
	at sun.reflect.GeneratedMethodAccessor78.invoke(Unknown Source)
	at sun.reflect.DelegatingMethodAccessorImpl.invoke(DelegatingMethodAccessorImpl.java:43)
	at java.lang.reflect.Method.invoke(Method.java:498)
	at org.springframework.scheduling.support.ScheduledMethodRunnable.run(ScheduledMethodRunnable.java:84)
	at org.springframework.scheduling.support.DelegatingErrorHandlingRunnable.run(DelegatingErrorHandlingRunnable.java:54)
	at org.springframework.scheduling.concurrent.ReschedulingRunnable.run(ReschedulingRunnable.java:95)
	at java.util.concurrent.Executors$RunnableAdapter.call(Executors.java:511)
	at java.util.concurrent.FutureTask.run(FutureTask.java:266)
	at java.util.concurrent.ScheduledThreadPoolExecutor$ScheduledFutureTask.access$201(ScheduledThreadPoolExecutor.java:180)
	at java.util.concurrent.ScheduledThreadPoolExecutor$ScheduledFutureTask.run(ScheduledThreadPoolExecutor.java:293)
	at java.util.concurrent.ThreadPoolExecutor.runWorker(ThreadPoolExecutor.java:1149)
	at java.util.concurrent.ThreadPoolExecutor$Worker.run(ThreadPoolExecutor.java:624)
	at java.lang.Thread.run(Thread.java:750)
Caused by: org.bytedeco.javacv.FrameGrabber$Exception: avformat_open_input() error -1094995529: Could not open input "rtsp://admin:lbx123456@192.168.0.3:554". (Has setFormat() been called?)
	at org.bytedeco.javacv.FFmpegFrameGrabber.startUnsafe(FFmpegFrameGrabber.java:876)
	at org.bytedeco.javacv.FFmpegFrameGrabber.start(FFmpegFrameGrabber.java:801)
	at org.bytedeco.javacv.FFmpegFrameGrabber.start(FFmpegFrameGrabber.java:796)
	at com.shark.aio.data.video.service.ImageRecorderService.run(ImageRecorderService.java:107)
	at java.util.concurrent.Executors$RunnableAdapter.call(Executors.java:511)
	at java.util.concurrent.FutureTask.run(FutureTask.java:266)
	... 3 common frames omitted
2024-08-28 09:11:20.014 [,] [scheduling-1] ERROR o.s.s.s.TaskUtils$LoggingErrorHandler - [handleError,95] - Unexpected error occurred in scheduled task
java.util.concurrent.ExecutionException: org.bytedeco.javacv.FrameGrabber$Exception: avformat_open_input() error -1094995529: Could not open input "rtsp://admin:lbx123456@192.168.0.3:554". (Has setFormat() been called?)
	at java.util.concurrent.FutureTask.report(FutureTask.java:122)
	at java.util.concurrent.FutureTask.get(FutureTask.java:192)
	at com.shark.aio.base.controller.InitFFmpeg.monitorFfmpegProcess(InitFFmpeg.java:106)
	at com.shark.aio.base.controller.InitFFmpeg$$FastClassBySpringCGLIB$$6f28da27.invoke(<generated>)
	at org.springframework.cglib.proxy.MethodProxy.invoke(MethodProxy.java:218)
	at org.springframework.aop.framework.CglibAopProxy$CglibMethodInvocation.invokeJoinpoint(CglibAopProxy.java:793)
	at org.springframework.aop.framework.ReflectiveMethodInvocation.proceed(ReflectiveMethodInvocation.java:163)
	at org.springframework.aop.framework.CglibAopProxy$CglibMethodInvocation.proceed(CglibAopProxy.java:763)
	at org.springframework.aop.framework.adapter.MethodBeforeAdviceInterceptor.invoke(MethodBeforeAdviceInterceptor.java:58)
	at org.springframework.aop.framework.ReflectiveMethodInvocation.proceed(ReflectiveMethodInvocation.java:186)
	at org.springframework.aop.framework.CglibAopProxy$CglibMethodInvocation.proceed(CglibAopProxy.java:763)
	at org.springframework.aop.interceptor.ExposeInvocationInterceptor.invoke(ExposeInvocationInterceptor.java:97)
	at org.springframework.aop.framework.ReflectiveMethodInvocation.proceed(ReflectiveMethodInvocation.java:186)
	at org.springframework.aop.framework.CglibAopProxy$CglibMethodInvocation.proceed(CglibAopProxy.java:763)
	at org.springframework.aop.framework.CglibAopProxy$DynamicAdvisedInterceptor.intercept(CglibAopProxy.java:708)
	at com.shark.aio.base.controller.InitFFmpeg$$EnhancerBySpringCGLIB$$6213e244.monitorFfmpegProcess(<generated>)
	at sun.reflect.GeneratedMethodAccessor78.invoke(Unknown Source)
	at sun.reflect.DelegatingMethodAccessorImpl.invoke(DelegatingMethodAccessorImpl.java:43)
	at java.lang.reflect.Method.invoke(Method.java:498)
	at org.springframework.scheduling.support.ScheduledMethodRunnable.run(ScheduledMethodRunnable.java:84)
	at org.springframework.scheduling.support.DelegatingErrorHandlingRunnable.run(DelegatingErrorHandlingRunnable.java:54)
	at org.springframework.scheduling.concurrent.ReschedulingRunnable.run(ReschedulingRunnable.java:95)
	at java.util.concurrent.Executors$RunnableAdapter.call(Executors.java:511)
	at java.util.concurrent.FutureTask.run(FutureTask.java:266)
	at java.util.concurrent.ScheduledThreadPoolExecutor$ScheduledFutureTask.access$201(ScheduledThreadPoolExecutor.java:180)
	at java.util.concurrent.ScheduledThreadPoolExecutor$ScheduledFutureTask.run(ScheduledThreadPoolExecutor.java:293)
	at java.util.concurrent.ThreadPoolExecutor.runWorker(ThreadPoolExecutor.java:1149)
	at java.util.concurrent.ThreadPoolExecutor$Worker.run(ThreadPoolExecutor.java:624)
	at java.lang.Thread.run(Thread.java:750)
Caused by: org.bytedeco.javacv.FrameGrabber$Exception: avformat_open_input() error -1094995529: Could not open input "rtsp://admin:lbx123456@192.168.0.3:554". (Has setFormat() been called?)
	at org.bytedeco.javacv.FFmpegFrameGrabber.startUnsafe(FFmpegFrameGrabber.java:876)
	at org.bytedeco.javacv.FFmpegFrameGrabber.start(FFmpegFrameGrabber.java:801)
	at org.bytedeco.javacv.FFmpegFrameGrabber.start(FFmpegFrameGrabber.java:796)
	at com.shark.aio.data.video.service.ImageRecorderService.run(ImageRecorderService.java:107)
	at java.util.concurrent.Executors$RunnableAdapter.call(Executors.java:511)
	at java.util.concurrent.FutureTask.run(FutureTask.java:266)
	... 3 common frames omitted
2024-08-28 09:11:30.013 [,] [scheduling-1] ERROR o.s.s.s.TaskUtils$LoggingErrorHandler - [handleError,95] - Unexpected error occurred in scheduled task
java.util.concurrent.ExecutionException: org.bytedeco.javacv.FrameGrabber$Exception: avformat_open_input() error -1094995529: Could not open input "rtsp://admin:lbx123456@192.168.0.3:554". (Has setFormat() been called?)
	at java.util.concurrent.FutureTask.report(FutureTask.java:122)
	at java.util.concurrent.FutureTask.get(FutureTask.java:192)
	at com.shark.aio.base.controller.InitFFmpeg.monitorFfmpegProcess(InitFFmpeg.java:106)
	at com.shark.aio.base.controller.InitFFmpeg$$FastClassBySpringCGLIB$$6f28da27.invoke(<generated>)
	at org.springframework.cglib.proxy.MethodProxy.invoke(MethodProxy.java:218)
	at org.springframework.aop.framework.CglibAopProxy$CglibMethodInvocation.invokeJoinpoint(CglibAopProxy.java:793)
	at org.springframework.aop.framework.ReflectiveMethodInvocation.proceed(ReflectiveMethodInvocation.java:163)
	at org.springframework.aop.framework.CglibAopProxy$CglibMethodInvocation.proceed(CglibAopProxy.java:763)
	at org.springframework.aop.framework.adapter.MethodBeforeAdviceInterceptor.invoke(MethodBeforeAdviceInterceptor.java:58)
	at org.springframework.aop.framework.ReflectiveMethodInvocation.proceed(ReflectiveMethodInvocation.java:186)
	at org.springframework.aop.framework.CglibAopProxy$CglibMethodInvocation.proceed(CglibAopProxy.java:763)
	at org.springframework.aop.interceptor.ExposeInvocationInterceptor.invoke(ExposeInvocationInterceptor.java:97)
	at org.springframework.aop.framework.ReflectiveMethodInvocation.proceed(ReflectiveMethodInvocation.java:186)
	at org.springframework.aop.framework.CglibAopProxy$CglibMethodInvocation.proceed(CglibAopProxy.java:763)
	at org.springframework.aop.framework.CglibAopProxy$DynamicAdvisedInterceptor.intercept(CglibAopProxy.java:708)
	at com.shark.aio.base.controller.InitFFmpeg$$EnhancerBySpringCGLIB$$6213e244.monitorFfmpegProcess(<generated>)
	at sun.reflect.GeneratedMethodAccessor78.invoke(Unknown Source)
	at sun.reflect.DelegatingMethodAccessorImpl.invoke(DelegatingMethodAccessorImpl.java:43)
	at java.lang.reflect.Method.invoke(Method.java:498)
	at org.springframework.scheduling.support.ScheduledMethodRunnable.run(ScheduledMethodRunnable.java:84)
	at org.springframework.scheduling.support.DelegatingErrorHandlingRunnable.run(DelegatingErrorHandlingRunnable.java:54)
	at org.springframework.scheduling.concurrent.ReschedulingRunnable.run(ReschedulingRunnable.java:95)
	at java.util.concurrent.Executors$RunnableAdapter.call(Executors.java:511)
	at java.util.concurrent.FutureTask.run(FutureTask.java:266)
	at java.util.concurrent.ScheduledThreadPoolExecutor$ScheduledFutureTask.access$201(ScheduledThreadPoolExecutor.java:180)
	at java.util.concurrent.ScheduledThreadPoolExecutor$ScheduledFutureTask.run(ScheduledThreadPoolExecutor.java:293)
	at java.util.concurrent.ThreadPoolExecutor.runWorker(ThreadPoolExecutor.java:1149)
	at java.util.concurrent.ThreadPoolExecutor$Worker.run(ThreadPoolExecutor.java:624)
	at java.lang.Thread.run(Thread.java:750)
Caused by: org.bytedeco.javacv.FrameGrabber$Exception: avformat_open_input() error -1094995529: Could not open input "rtsp://admin:lbx123456@192.168.0.3:554". (Has setFormat() been called?)
	at org.bytedeco.javacv.FFmpegFrameGrabber.startUnsafe(FFmpegFrameGrabber.java:876)
	at org.bytedeco.javacv.FFmpegFrameGrabber.start(FFmpegFrameGrabber.java:801)
	at org.bytedeco.javacv.FFmpegFrameGrabber.start(FFmpegFrameGrabber.java:796)
	at com.shark.aio.data.video.service.ImageRecorderService.run(ImageRecorderService.java:107)
	at java.util.concurrent.Executors$RunnableAdapter.call(Executors.java:511)
	at java.util.concurrent.FutureTask.run(FutureTask.java:266)
	... 3 common frames omitted
2024-08-28 09:11:40.009 [,] [scheduling-1] ERROR o.s.s.s.TaskUtils$LoggingErrorHandler - [handleError,95] - Unexpected error occurred in scheduled task
java.util.concurrent.ExecutionException: org.bytedeco.javacv.FrameGrabber$Exception: avformat_open_input() error -1094995529: Could not open input "rtsp://admin:lbx123456@192.168.0.3:554". (Has setFormat() been called?)
	at java.util.concurrent.FutureTask.report(FutureTask.java:122)
	at java.util.concurrent.FutureTask.get(FutureTask.java:192)
	at com.shark.aio.base.controller.InitFFmpeg.monitorFfmpegProcess(InitFFmpeg.java:106)
	at com.shark.aio.base.controller.InitFFmpeg$$FastClassBySpringCGLIB$$6f28da27.invoke(<generated>)
	at org.springframework.cglib.proxy.MethodProxy.invoke(MethodProxy.java:218)
	at org.springframework.aop.framework.CglibAopProxy$CglibMethodInvocation.invokeJoinpoint(CglibAopProxy.java:793)
	at org.springframework.aop.framework.ReflectiveMethodInvocation.proceed(ReflectiveMethodInvocation.java:163)
	at org.springframework.aop.framework.CglibAopProxy$CglibMethodInvocation.proceed(CglibAopProxy.java:763)
	at org.springframework.aop.framework.adapter.MethodBeforeAdviceInterceptor.invoke(MethodBeforeAdviceInterceptor.java:58)
	at org.springframework.aop.framework.ReflectiveMethodInvocation.proceed(ReflectiveMethodInvocation.java:186)
	at org.springframework.aop.framework.CglibAopProxy$CglibMethodInvocation.proceed(CglibAopProxy.java:763)
	at org.springframework.aop.interceptor.ExposeInvocationInterceptor.invoke(ExposeInvocationInterceptor.java:97)
	at org.springframework.aop.framework.ReflectiveMethodInvocation.proceed(ReflectiveMethodInvocation.java:186)
	at org.springframework.aop.framework.CglibAopProxy$CglibMethodInvocation.proceed(CglibAopProxy.java:763)
	at org.springframework.aop.framework.CglibAopProxy$DynamicAdvisedInterceptor.intercept(CglibAopProxy.java:708)
	at com.shark.aio.base.controller.InitFFmpeg$$EnhancerBySpringCGLIB$$6213e244.monitorFfmpegProcess(<generated>)
	at sun.reflect.GeneratedMethodAccessor78.invoke(Unknown Source)
	at sun.reflect.DelegatingMethodAccessorImpl.invoke(DelegatingMethodAccessorImpl.java:43)
	at java.lang.reflect.Method.invoke(Method.java:498)
	at org.springframework.scheduling.support.ScheduledMethodRunnable.run(ScheduledMethodRunnable.java:84)
	at org.springframework.scheduling.support.DelegatingErrorHandlingRunnable.run(DelegatingErrorHandlingRunnable.java:54)
	at org.springframework.scheduling.concurrent.ReschedulingRunnable.run(ReschedulingRunnable.java:95)
	at java.util.concurrent.Executors$RunnableAdapter.call(Executors.java:511)
	at java.util.concurrent.FutureTask.run(FutureTask.java:266)
	at java.util.concurrent.ScheduledThreadPoolExecutor$ScheduledFutureTask.access$201(ScheduledThreadPoolExecutor.java:180)
	at java.util.concurrent.ScheduledThreadPoolExecutor$ScheduledFutureTask.run(ScheduledThreadPoolExecutor.java:293)
	at java.util.concurrent.ThreadPoolExecutor.runWorker(ThreadPoolExecutor.java:1149)
	at java.util.concurrent.ThreadPoolExecutor$Worker.run(ThreadPoolExecutor.java:624)
	at java.lang.Thread.run(Thread.java:750)
Caused by: org.bytedeco.javacv.FrameGrabber$Exception: avformat_open_input() error -1094995529: Could not open input "rtsp://admin:lbx123456@192.168.0.3:554". (Has setFormat() been called?)
	at org.bytedeco.javacv.FFmpegFrameGrabber.startUnsafe(FFmpegFrameGrabber.java:876)
	at org.bytedeco.javacv.FFmpegFrameGrabber.start(FFmpegFrameGrabber.java:801)
	at org.bytedeco.javacv.FFmpegFrameGrabber.start(FFmpegFrameGrabber.java:796)
	at com.shark.aio.data.video.service.ImageRecorderService.run(ImageRecorderService.java:107)
	at java.util.concurrent.Executors$RunnableAdapter.call(Executors.java:511)
	at java.util.concurrent.FutureTask.run(FutureTask.java:266)
	... 3 common frames omitted
2024-08-28 09:11:50.002 [,] [scheduling-1] ERROR o.s.s.s.TaskUtils$LoggingErrorHandler - [handleError,95] - Unexpected error occurred in scheduled task
java.util.concurrent.ExecutionException: org.bytedeco.javacv.FrameGrabber$Exception: avformat_open_input() error -1094995529: Could not open input "rtsp://admin:lbx123456@192.168.0.3:554". (Has setFormat() been called?)
	at java.util.concurrent.FutureTask.report(FutureTask.java:122)
	at java.util.concurrent.FutureTask.get(FutureTask.java:192)
	at com.shark.aio.base.controller.InitFFmpeg.monitorFfmpegProcess(InitFFmpeg.java:106)
	at com.shark.aio.base.controller.InitFFmpeg$$FastClassBySpringCGLIB$$6f28da27.invoke(<generated>)
	at org.springframework.cglib.proxy.MethodProxy.invoke(MethodProxy.java:218)
	at org.springframework.aop.framework.CglibAopProxy$CglibMethodInvocation.invokeJoinpoint(CglibAopProxy.java:793)
	at org.springframework.aop.framework.ReflectiveMethodInvocation.proceed(ReflectiveMethodInvocation.java:163)
	at org.springframework.aop.framework.CglibAopProxy$CglibMethodInvocation.proceed(CglibAopProxy.java:763)
	at org.springframework.aop.framework.adapter.MethodBeforeAdviceInterceptor.invoke(MethodBeforeAdviceInterceptor.java:58)
	at org.springframework.aop.framework.ReflectiveMethodInvocation.proceed(ReflectiveMethodInvocation.java:186)
	at org.springframework.aop.framework.CglibAopProxy$CglibMethodInvocation.proceed(CglibAopProxy.java:763)
	at org.springframework.aop.interceptor.ExposeInvocationInterceptor.invoke(ExposeInvocationInterceptor.java:97)
	at org.springframework.aop.framework.ReflectiveMethodInvocation.proceed(ReflectiveMethodInvocation.java:186)
	at org.springframework.aop.framework.CglibAopProxy$CglibMethodInvocation.proceed(CglibAopProxy.java:763)
	at org.springframework.aop.framework.CglibAopProxy$DynamicAdvisedInterceptor.intercept(CglibAopProxy.java:708)
	at com.shark.aio.base.controller.InitFFmpeg$$EnhancerBySpringCGLIB$$6213e244.monitorFfmpegProcess(<generated>)
	at sun.reflect.GeneratedMethodAccessor78.invoke(Unknown Source)
	at sun.reflect.DelegatingMethodAccessorImpl.invoke(DelegatingMethodAccessorImpl.java:43)
	at java.lang.reflect.Method.invoke(Method.java:498)
	at org.springframework.scheduling.support.ScheduledMethodRunnable.run(ScheduledMethodRunnable.java:84)
	at org.springframework.scheduling.support.DelegatingErrorHandlingRunnable.run(DelegatingErrorHandlingRunnable.java:54)
	at org.springframework.scheduling.concurrent.ReschedulingRunnable.run(ReschedulingRunnable.java:95)
	at java.util.concurrent.Executors$RunnableAdapter.call(Executors.java:511)
	at java.util.concurrent.FutureTask.run(FutureTask.java:266)
	at java.util.concurrent.ScheduledThreadPoolExecutor$ScheduledFutureTask.access$201(ScheduledThreadPoolExecutor.java:180)
	at java.util.concurrent.ScheduledThreadPoolExecutor$ScheduledFutureTask.run(ScheduledThreadPoolExecutor.java:293)
	at java.util.concurrent.ThreadPoolExecutor.runWorker(ThreadPoolExecutor.java:1149)
	at java.util.concurrent.ThreadPoolExecutor$Worker.run(ThreadPoolExecutor.java:624)
	at java.lang.Thread.run(Thread.java:750)
Caused by: org.bytedeco.javacv.FrameGrabber$Exception: avformat_open_input() error -1094995529: Could not open input "rtsp://admin:lbx123456@192.168.0.3:554". (Has setFormat() been called?)
	at org.bytedeco.javacv.FFmpegFrameGrabber.startUnsafe(FFmpegFrameGrabber.java:876)
	at org.bytedeco.javacv.FFmpegFrameGrabber.start(FFmpegFrameGrabber.java:801)
	at org.bytedeco.javacv.FFmpegFrameGrabber.start(FFmpegFrameGrabber.java:796)
	at com.shark.aio.data.video.service.ImageRecorderService.run(ImageRecorderService.java:107)
	at java.util.concurrent.Executors$RunnableAdapter.call(Executors.java:511)
	at java.util.concurrent.FutureTask.run(FutureTask.java:266)
	... 3 common frames omitted
2024-08-28 09:13:10.158 [,] [scheduling-1] ERROR o.s.s.s.TaskUtils$LoggingErrorHandler - [handleError,95] - Unexpected error occurred in scheduled task
java.lang.InterruptedException: null
	at java.util.concurrent.FutureTask.awaitDone(FutureTask.java:404)
	at java.util.concurrent.FutureTask.get(FutureTask.java:191)
	at com.shark.aio.base.controller.InitFFmpeg.monitorFfmpegProcess(InitFFmpeg.java:106)
	at com.shark.aio.base.controller.InitFFmpeg$$FastClassBySpringCGLIB$$6f28da27.invoke(<generated>)
	at org.springframework.cglib.proxy.MethodProxy.invoke(MethodProxy.java:218)
	at org.springframework.aop.framework.CglibAopProxy$CglibMethodInvocation.invokeJoinpoint(CglibAopProxy.java:793)
	at org.springframework.aop.framework.ReflectiveMethodInvocation.proceed(ReflectiveMethodInvocation.java:163)
	at org.springframework.aop.framework.CglibAopProxy$CglibMethodInvocation.proceed(CglibAopProxy.java:763)
	at org.springframework.aop.framework.adapter.MethodBeforeAdviceInterceptor.invoke(MethodBeforeAdviceInterceptor.java:58)
	at org.springframework.aop.framework.ReflectiveMethodInvocation.proceed(ReflectiveMethodInvocation.java:186)
	at org.springframework.aop.framework.CglibAopProxy$CglibMethodInvocation.proceed(CglibAopProxy.java:763)
	at org.springframework.aop.interceptor.ExposeInvocationInterceptor.invoke(ExposeInvocationInterceptor.java:97)
	at org.springframework.aop.framework.ReflectiveMethodInvocation.proceed(ReflectiveMethodInvocation.java:186)
	at org.springframework.aop.framework.CglibAopProxy$CglibMethodInvocation.proceed(CglibAopProxy.java:763)
	at org.springframework.aop.framework.CglibAopProxy$DynamicAdvisedInterceptor.intercept(CglibAopProxy.java:708)
	at com.shark.aio.base.controller.InitFFmpeg$$EnhancerBySpringCGLIB$$28092d10.monitorFfmpegProcess(<generated>)
	at sun.reflect.NativeMethodAccessorImpl.invoke0(Native Method)
	at sun.reflect.NativeMethodAccessorImpl.invoke(NativeMethodAccessorImpl.java:62)
	at sun.reflect.DelegatingMethodAccessorImpl.invoke(DelegatingMethodAccessorImpl.java:43)
	at java.lang.reflect.Method.invoke(Method.java:498)
	at org.springframework.scheduling.support.ScheduledMethodRunnable.run(ScheduledMethodRunnable.java:84)
	at org.springframework.scheduling.support.DelegatingErrorHandlingRunnable.run(DelegatingErrorHandlingRunnable.java:54)
	at org.springframework.scheduling.concurrent.ReschedulingRunnable.run(ReschedulingRunnable.java:95)
	at java.util.concurrent.Executors$RunnableAdapter.call(Executors.java:511)
	at java.util.concurrent.FutureTask.run(FutureTask.java:266)
	at java.util.concurrent.ScheduledThreadPoolExecutor$ScheduledFutureTask.access$201(ScheduledThreadPoolExecutor.java:180)
	at java.util.concurrent.ScheduledThreadPoolExecutor$ScheduledFutureTask.run(ScheduledThreadPoolExecutor.java:293)
	at java.util.concurrent.ThreadPoolExecutor.runWorker(ThreadPoolExecutor.java:1149)
	at java.util.concurrent.ThreadPoolExecutor$Worker.run(ThreadPoolExecutor.java:624)
	at java.lang.Thread.run(Thread.java:750)
2024-08-28 15:53:16.468 [,] [http-nio-8089-exec-5] ERROR o.a.c.c.C.[.[.[.[dispatcherServlet] - [log,175] - Servlet.service() for servlet [dispatcherServlet] in context with path [] threw exception [Request processing failed; nested exception is org.springframework.web.client.ResourceAccessException: I/O error on POST request for "http://localhost:5555/receive_stream": Connection refused: connect; nested exception is java.net.ConnectException: Connection refused: connect] with root cause
java.net.ConnectException: Connection refused: connect
	at java.net.DualStackPlainSocketImpl.connect0(Native Method)
	at java.net.DualStackPlainSocketImpl.socketConnect(DualStackPlainSocketImpl.java:75)
	at java.net.AbstractPlainSocketImpl.doConnect(AbstractPlainSocketImpl.java:476)
	at java.net.AbstractPlainSocketImpl.connectToAddress(AbstractPlainSocketImpl.java:218)
	at java.net.AbstractPlainSocketImpl.connect(AbstractPlainSocketImpl.java:200)
	at java.net.PlainSocketImpl.connect(PlainSocketImpl.java:162)
	at java.net.SocksSocketImpl.connect(SocksSocketImpl.java:394)
	at java.net.Socket.connect(Socket.java:606)
	at java.net.Socket.connect(Socket.java:555)
	at sun.net.NetworkClient.doConnect(NetworkClient.java:180)
	at sun.net.www.http.HttpClient.openServer(HttpClient.java:499)
	at sun.net.www.http.HttpClient.openServer(HttpClient.java:594)
	at sun.net.www.http.HttpClient.<init>(HttpClient.java:278)
	at sun.net.www.http.HttpClient.New(HttpClient.java:375)
	at sun.net.www.http.HttpClient.New(HttpClient.java:393)
	at sun.net.www.protocol.http.HttpURLConnection.getNewHttpClient(HttpURLConnection.java:1240)
	at sun.net.www.protocol.http.HttpURLConnection.plainConnect0(HttpURLConnection.java:1167)
	at sun.net.www.protocol.http.HttpURLConnection.plainConnect(HttpURLConnection.java:1061)
	at sun.net.www.protocol.http.HttpURLConnection.connect(HttpURLConnection.java:995)
	at org.springframework.http.client.SimpleBufferingClientHttpRequest.executeInternal(SimpleBufferingClientHttpRequest.java:76)
	at org.springframework.http.client.AbstractBufferingClientHttpRequest.executeInternal(AbstractBufferingClientHttpRequest.java:48)
	at org.springframework.http.client.AbstractClientHttpRequest.execute(AbstractClientHttpRequest.java:66)
	at org.springframework.web.client.RestTemplate.doExecute(RestTemplate.java:776)
	at org.springframework.web.client.RestTemplate.execute(RestTemplate.java:711)
	at org.springframework.web.client.RestTemplate.postForObject(RestTemplate.java:437)
	at com.shark.aio.data.video.controller.VideoController$VideoPlayController.sendStreamToFlask(VideoController.java:320)
	at com.shark.aio.data.video.controller.VideoController$VideoPlayController.toVideoPlayPage(VideoController.java:310)
	at sun.reflect.NativeMethodAccessorImpl.invoke0(Native Method)
	at sun.reflect.NativeMethodAccessorImpl.invoke(NativeMethodAccessorImpl.java:62)
	at sun.reflect.DelegatingMethodAccessorImpl.invoke(DelegatingMethodAccessorImpl.java:43)
	at java.lang.reflect.Method.invoke(Method.java:498)
	at org.springframework.web.method.support.InvocableHandlerMethod.doInvoke(InvocableHandlerMethod.java:205)
	at org.springframework.web.method.support.InvocableHandlerMethod.invokeForRequest(InvocableHandlerMethod.java:150)
	at org.springframework.web.servlet.mvc.method.annotation.ServletInvocableHandlerMethod.invokeAndHandle(ServletInvocableHandlerMethod.java:117)
	at org.springframework.web.servlet.mvc.method.annotation.RequestMappingHandlerAdapter.invokeHandlerMethod(RequestMappingHandlerAdapter.java:895)
	at org.springframework.web.servlet.mvc.method.annotation.RequestMappingHandlerAdapter.handleInternal(RequestMappingHandlerAdapter.java:808)
	at org.springframework.web.servlet.mvc.method.AbstractHandlerMethodAdapter.handle(AbstractHandlerMethodAdapter.java:87)
	at org.springframework.web.servlet.DispatcherServlet.doDispatch(DispatcherServlet.java:1071)
	at org.springframework.web.servlet.DispatcherServlet.doService(DispatcherServlet.java:964)
	at org.springframework.web.servlet.FrameworkServlet.processRequest(FrameworkServlet.java:1006)
	at org.springframework.web.servlet.FrameworkServlet.doGet(FrameworkServlet.java:898)
	at javax.servlet.http.HttpServlet.service(HttpServlet.java:670)
	at org.springframework.web.servlet.FrameworkServlet.service(FrameworkServlet.java:883)
	at javax.servlet.http.HttpServlet.service(HttpServlet.java:779)
	at org.apache.catalina.core.ApplicationFilterChain.internalDoFilter(ApplicationFilterChain.java:227)
	at org.apache.catalina.core.ApplicationFilterChain.doFilter(ApplicationFilterChain.java:162)
	at org.apache.tomcat.websocket.server.WsFilter.doFilter(WsFilter.java:53)
	at org.apache.catalina.core.ApplicationFilterChain.internalDoFilter(ApplicationFilterChain.java:189)
	at org.apache.catalina.core.ApplicationFilterChain.doFilter(ApplicationFilterChain.java:162)
	at org.springframework.web.filter.CharacterEncodingFilter.doFilterInternal(CharacterEncodingFilter.java:201)
	at org.springframework.web.filter.OncePerRequestFilter.doFilter(OncePerRequestFilter.java:117)
	at org.apache.catalina.core.ApplicationFilterChain.internalDoFilter(ApplicationFilterChain.java:189)
	at org.apache.catalina.core.ApplicationFilterChain.doFilter(ApplicationFilterChain.java:162)
	at org.apache.catalina.core.StandardWrapperValve.invoke(StandardWrapperValve.java:197)
	at org.apache.catalina.core.StandardContextValve.invoke(StandardContextValve.java:97)
	at org.apache.catalina.authenticator.AuthenticatorBase.invoke(AuthenticatorBase.java:541)
	at org.apache.catalina.core.StandardHostValve.invoke(StandardHostValve.java:135)
	at org.apache.catalina.valves.ErrorReportValve.invoke(ErrorReportValve.java:92)
	at org.apache.catalina.core.StandardEngineValve.invoke(StandardEngineValve.java:78)
	at org.apache.catalina.connector.CoyoteAdapter.service(CoyoteAdapter.java:360)
	at org.apache.coyote.http11.Http11Processor.service(Http11Processor.java:399)
	at org.apache.coyote.AbstractProcessorLight.process(AbstractProcessorLight.java:65)
	at org.apache.coyote.AbstractProtocol$ConnectionHandler.process(AbstractProtocol.java:893)
	at org.apache.tomcat.util.net.NioEndpoint$SocketProcessor.doRun(NioEndpoint.java:1789)
	at org.apache.tomcat.util.net.SocketProcessorBase.run(SocketProcessorBase.java:49)
	at org.apache.tomcat.util.threads.ThreadPoolExecutor.runWorker(ThreadPoolExecutor.java:1191)
	at org.apache.tomcat.util.threads.ThreadPoolExecutor$Worker.run(ThreadPoolExecutor.java:659)
	at org.apache.tomcat.util.threads.TaskThread$WrappingRunnable.run(TaskThread.java:61)
	at java.lang.Thread.run(Thread.java:750)
2024-08-28 15:56:15.525 [,] [scheduling-1] ERROR o.s.s.s.TaskUtils$LoggingErrorHandler - [handleError,95] - Unexpected error occurred in scheduled task
java.lang.InterruptedException: null
	at java.util.concurrent.FutureTask.awaitDone(FutureTask.java:404)
	at java.util.concurrent.FutureTask.get(FutureTask.java:191)
	at com.shark.aio.base.controller.InitFFmpeg.monitorFfmpegProcess(InitFFmpeg.java:106)
	at com.shark.aio.base.controller.InitFFmpeg$$FastClassBySpringCGLIB$$6f28da27.invoke(<generated>)
	at org.springframework.cglib.proxy.MethodProxy.invoke(MethodProxy.java:218)
	at org.springframework.aop.framework.CglibAopProxy$CglibMethodInvocation.invokeJoinpoint(CglibAopProxy.java:793)
	at org.springframework.aop.framework.ReflectiveMethodInvocation.proceed(ReflectiveMethodInvocation.java:163)
	at org.springframework.aop.framework.CglibAopProxy$CglibMethodInvocation.proceed(CglibAopProxy.java:763)
	at org.springframework.aop.framework.adapter.MethodBeforeAdviceInterceptor.invoke(MethodBeforeAdviceInterceptor.java:58)
	at org.springframework.aop.framework.ReflectiveMethodInvocation.proceed(ReflectiveMethodInvocation.java:186)
	at org.springframework.aop.framework.CglibAopProxy$CglibMethodInvocation.proceed(CglibAopProxy.java:763)
	at org.springframework.aop.interceptor.ExposeInvocationInterceptor.invoke(ExposeInvocationInterceptor.java:97)
	at org.springframework.aop.framework.ReflectiveMethodInvocation.proceed(ReflectiveMethodInvocation.java:186)
	at org.springframework.aop.framework.CglibAopProxy$CglibMethodInvocation.proceed(CglibAopProxy.java:763)
	at org.springframework.aop.framework.CglibAopProxy$DynamicAdvisedInterceptor.intercept(CglibAopProxy.java:708)
	at com.shark.aio.base.controller.InitFFmpeg$$EnhancerBySpringCGLIB$$28092d10.monitorFfmpegProcess(<generated>)
	at sun.reflect.NativeMethodAccessorImpl.invoke0(Native Method)
	at sun.reflect.NativeMethodAccessorImpl.invoke(NativeMethodAccessorImpl.java:62)
	at sun.reflect.DelegatingMethodAccessorImpl.invoke(DelegatingMethodAccessorImpl.java:43)
	at java.lang.reflect.Method.invoke(Method.java:498)
	at org.springframework.scheduling.support.ScheduledMethodRunnable.run(ScheduledMethodRunnable.java:84)
	at org.springframework.scheduling.support.DelegatingErrorHandlingRunnable.run(DelegatingErrorHandlingRunnable.java:54)
	at org.springframework.scheduling.concurrent.ReschedulingRunnable.run(ReschedulingRunnable.java:95)
	at java.util.concurrent.Executors$RunnableAdapter.call(Executors.java:511)
	at java.util.concurrent.FutureTask.run(FutureTask.java:266)
	at java.util.concurrent.ScheduledThreadPoolExecutor$ScheduledFutureTask.access$201(ScheduledThreadPoolExecutor.java:180)
	at java.util.concurrent.ScheduledThreadPoolExecutor$ScheduledFutureTask.run(ScheduledThreadPoolExecutor.java:293)
	at java.util.concurrent.ThreadPoolExecutor.runWorker(ThreadPoolExecutor.java:1149)
	at java.util.concurrent.ThreadPoolExecutor$Worker.run(ThreadPoolExecutor.java:624)
	at java.lang.Thread.run(Thread.java:750)
2024-08-28 16:01:33.168 [,] [scheduling-1] ERROR o.s.s.s.TaskUtils$LoggingErrorHandler - [handleError,95] - Unexpected error occurred in scheduled task
java.lang.InterruptedException: null
	at java.util.concurrent.FutureTask.awaitDone(FutureTask.java:404)
	at java.util.concurrent.FutureTask.get(FutureTask.java:191)
	at com.shark.aio.base.controller.InitFFmpeg.monitorFfmpegProcess(InitFFmpeg.java:106)
	at com.shark.aio.base.controller.InitFFmpeg$$FastClassBySpringCGLIB$$6f28da27.invoke(<generated>)
	at org.springframework.cglib.proxy.MethodProxy.invoke(MethodProxy.java:218)
	at org.springframework.aop.framework.CglibAopProxy$CglibMethodInvocation.invokeJoinpoint(CglibAopProxy.java:793)
	at org.springframework.aop.framework.ReflectiveMethodInvocation.proceed(ReflectiveMethodInvocation.java:163)
	at org.springframework.aop.framework.CglibAopProxy$CglibMethodInvocation.proceed(CglibAopProxy.java:763)
	at org.springframework.aop.framework.adapter.MethodBeforeAdviceInterceptor.invoke(MethodBeforeAdviceInterceptor.java:58)
	at org.springframework.aop.framework.ReflectiveMethodInvocation.proceed(ReflectiveMethodInvocation.java:186)
	at org.springframework.aop.framework.CglibAopProxy$CglibMethodInvocation.proceed(CglibAopProxy.java:763)
	at org.springframework.aop.interceptor.ExposeInvocationInterceptor.invoke(ExposeInvocationInterceptor.java:97)
	at org.springframework.aop.framework.ReflectiveMethodInvocation.proceed(ReflectiveMethodInvocation.java:186)
	at org.springframework.aop.framework.CglibAopProxy$CglibMethodInvocation.proceed(CglibAopProxy.java:763)
	at org.springframework.aop.framework.CglibAopProxy$DynamicAdvisedInterceptor.intercept(CglibAopProxy.java:708)
	at com.shark.aio.base.controller.InitFFmpeg$$EnhancerBySpringCGLIB$$28092d10.monitorFfmpegProcess(<generated>)
	at sun.reflect.NativeMethodAccessorImpl.invoke0(Native Method)
	at sun.reflect.NativeMethodAccessorImpl.invoke(NativeMethodAccessorImpl.java:62)
	at sun.reflect.DelegatingMethodAccessorImpl.invoke(DelegatingMethodAccessorImpl.java:43)
	at java.lang.reflect.Method.invoke(Method.java:498)
	at org.springframework.scheduling.support.ScheduledMethodRunnable.run(ScheduledMethodRunnable.java:84)
	at org.springframework.scheduling.support.DelegatingErrorHandlingRunnable.run(DelegatingErrorHandlingRunnable.java:54)
	at org.springframework.scheduling.concurrent.ReschedulingRunnable.run(ReschedulingRunnable.java:95)
	at java.util.concurrent.Executors$RunnableAdapter.call(Executors.java:511)
	at java.util.concurrent.FutureTask.run(FutureTask.java:266)
	at java.util.concurrent.ScheduledThreadPoolExecutor$ScheduledFutureTask.access$201(ScheduledThreadPoolExecutor.java:180)
	at java.util.concurrent.ScheduledThreadPoolExecutor$ScheduledFutureTask.run(ScheduledThreadPoolExecutor.java:293)
	at java.util.concurrent.ThreadPoolExecutor.runWorker(ThreadPoolExecutor.java:1149)
	at java.util.concurrent.ThreadPoolExecutor$Worker.run(ThreadPoolExecutor.java:624)
	at java.lang.Thread.run(Thread.java:750)
2024-08-28 16:02:33.007 [,] [http-nio-8089-exec-1] ERROR o.t.TemplateEngine - [process,1136] - [THYMELEAF][http-nio-8089-exec-1] Exception processing template "video": Exception evaluating SpringEL expression: "session.userEntity.icon" (template: "blank" - line 68, col 30)
org.thymeleaf.exceptions.TemplateProcessingException: Exception evaluating SpringEL expression: "session.userEntity.icon" (template: "blank" - line 68, col 30)
	at org.thymeleaf.spring5.expression.SPELVariableExpressionEvaluator.evaluate(SPELVariableExpressionEvaluator.java:292)
	at org.thymeleaf.standard.expression.VariableExpression.executeVariableExpression(VariableExpression.java:166)
	at org.thymeleaf.standard.expression.SimpleExpression.executeSimple(SimpleExpression.java:66)
	at org.thymeleaf.standard.expression.Expression.execute(Expression.java:109)
	at org.thymeleaf.standard.expression.AdditionExpression.executeAddition(AdditionExpression.java:96)
	at org.thymeleaf.standard.expression.ComplexExpression.executeComplex(ComplexExpression.java:62)
	at org.thymeleaf.standard.expression.Expression.execute(Expression.java:112)
	at org.thymeleaf.standard.expression.Expression.execute(Expression.java:138)
	at org.thymeleaf.standard.expression.LinkExpression.executeLinkExpression(LinkExpression.java:264)
	at org.thymeleaf.standard.expression.SimpleExpression.executeSimple(SimpleExpression.java:85)
	at org.thymeleaf.standard.expression.Expression.execute(Expression.java:109)
	at org.thymeleaf.standard.expression.Expression.execute(Expression.java:138)
	at org.thymeleaf.standard.processor.AbstractStandardExpressionAttributeTagProcessor.doProcess(AbstractStandardExpressionAttributeTagProcessor.java:144)
	at org.thymeleaf.processor.element.AbstractAttributeTagProcessor.doProcess(AbstractAttributeTagProcessor.java:74)
	at org.thymeleaf.processor.element.AbstractElementTagProcessor.process(AbstractElementTagProcessor.java:95)
	at org.thymeleaf.util.ProcessorConfigurationUtils$ElementTagProcessorWrapper.process(ProcessorConfigurationUtils.java:633)
	at org.thymeleaf.engine.ProcessorTemplateHandler.handleStandaloneElement(ProcessorTemplateHandler.java:918)
	at org.thymeleaf.engine.StandaloneElementTag.beHandled(StandaloneElementTag.java:228)
	at org.thymeleaf.engine.Model.process(Model.java:282)
	at org.thymeleaf.engine.ProcessorTemplateHandler.handleOpenElement(ProcessorTemplateHandler.java:1587)
	at org.thymeleaf.engine.OpenElementTag.beHandled(OpenElementTag.java:205)
	at org.thymeleaf.engine.TemplateModel.process(TemplateModel.java:136)
	at org.thymeleaf.engine.TemplateManager.parseAndProcess(TemplateManager.java:661)
	at org.thymeleaf.TemplateEngine.process(TemplateEngine.java:1098)
	at org.thymeleaf.TemplateEngine.process(TemplateEngine.java:1072)
	at org.thymeleaf.spring5.view.ThymeleafView.renderFragment(ThymeleafView.java:366)
	at org.thymeleaf.spring5.view.ThymeleafView.render(ThymeleafView.java:190)
	at org.springframework.web.servlet.DispatcherServlet.render(DispatcherServlet.java:1405)
	at org.springframework.web.servlet.DispatcherServlet.processDispatchResult(DispatcherServlet.java:1149)
	at org.springframework.web.servlet.DispatcherServlet.doDispatch(DispatcherServlet.java:1088)
	at org.springframework.web.servlet.DispatcherServlet.doService(DispatcherServlet.java:964)
	at org.springframework.web.servlet.FrameworkServlet.processRequest(FrameworkServlet.java:1006)
	at org.springframework.web.servlet.FrameworkServlet.doGet(FrameworkServlet.java:898)
	at javax.servlet.http.HttpServlet.service(HttpServlet.java:670)
	at org.springframework.web.servlet.FrameworkServlet.service(FrameworkServlet.java:883)
	at javax.servlet.http.HttpServlet.service(HttpServlet.java:779)
	at org.apache.catalina.core.ApplicationFilterChain.internalDoFilter(ApplicationFilterChain.java:227)
	at org.apache.catalina.core.ApplicationFilterChain.doFilter(ApplicationFilterChain.java:162)
	at org.apache.tomcat.websocket.server.WsFilter.doFilter(WsFilter.java:53)
	at org.apache.catalina.core.ApplicationFilterChain.internalDoFilter(ApplicationFilterChain.java:189)
	at org.apache.catalina.core.ApplicationFilterChain.doFilter(ApplicationFilterChain.java:162)
	at org.springframework.web.filter.CharacterEncodingFilter.doFilterInternal(CharacterEncodingFilter.java:201)
	at org.springframework.web.filter.OncePerRequestFilter.doFilter(OncePerRequestFilter.java:117)
	at org.apache.catalina.core.ApplicationFilterChain.internalDoFilter(ApplicationFilterChain.java:189)
	at org.apache.catalina.core.ApplicationFilterChain.doFilter(ApplicationFilterChain.java:162)
	at org.apache.catalina.core.StandardWrapperValve.invoke(StandardWrapperValve.java:197)
	at org.apache.catalina.core.StandardContextValve.invoke(StandardContextValve.java:97)
	at org.apache.catalina.authenticator.AuthenticatorBase.invoke(AuthenticatorBase.java:541)
	at org.apache.catalina.core.StandardHostValve.invoke(StandardHostValve.java:135)
	at org.apache.catalina.valves.ErrorReportValve.invoke(ErrorReportValve.java:92)
	at org.apache.catalina.core.StandardEngineValve.invoke(StandardEngineValve.java:78)
	at org.apache.catalina.connector.CoyoteAdapter.service(CoyoteAdapter.java:360)
	at org.apache.coyote.http11.Http11Processor.service(Http11Processor.java:399)
	at org.apache.coyote.AbstractProcessorLight.process(AbstractProcessorLight.java:65)
	at org.apache.coyote.AbstractProtocol$ConnectionHandler.process(AbstractProtocol.java:893)
	at org.apache.tomcat.util.net.NioEndpoint$SocketProcessor.doRun(NioEndpoint.java:1789)
	at org.apache.tomcat.util.net.SocketProcessorBase.run(SocketProcessorBase.java:49)
	at org.apache.tomcat.util.threads.ThreadPoolExecutor.runWorker(ThreadPoolExecutor.java:1191)
	at org.apache.tomcat.util.threads.ThreadPoolExecutor$Worker.run(ThreadPoolExecutor.java:659)
	at org.apache.tomcat.util.threads.TaskThread$WrappingRunnable.run(TaskThread.java:61)
	at java.lang.Thread.run(Thread.java:750)
Caused by: org.springframework.expression.spel.SpelEvaluationException: EL1007E: Property or field 'icon' cannot be found on null
	at org.springframework.expression.spel.ast.PropertyOrFieldReference.readProperty(PropertyOrFieldReference.java:213)
	at org.springframework.expression.spel.ast.PropertyOrFieldReference.getValueInternal(PropertyOrFieldReference.java:104)
	at org.springframework.expression.spel.ast.PropertyOrFieldReference.access$000(PropertyOrFieldReference.java:51)
	at org.springframework.expression.spel.ast.PropertyOrFieldReference$AccessorLValue.getValue(PropertyOrFieldReference.java:406)
	at org.springframework.expression.spel.ast.CompoundExpression.getValueInternal(CompoundExpression.java:92)
	at org.springframework.expression.spel.ast.SpelNodeImpl.getValue(SpelNodeImpl.java:112)
	at org.springframework.expression.spel.standard.SpelExpression.getValue(SpelExpression.java:338)
	at org.thymeleaf.spring5.expression.SPELVariableExpressionEvaluator.evaluate(SPELVariableExpressionEvaluator.java:265)
	... 60 common frames omitted
2024-08-28 16:02:33.040 [,] [http-nio-8089-exec-1] ERROR o.a.c.c.C.[.[.[.[dispatcherServlet] - [log,175] - Servlet.service() for servlet [dispatcherServlet] in context with path [] threw exception [Request processing failed; nested exception is org.thymeleaf.exceptions.TemplateProcessingException: Exception evaluating SpringEL expression: "session.userEntity.icon" (template: "blank" - line 68, col 30)] with root cause
org.springframework.expression.spel.SpelEvaluationException: EL1007E: Property or field 'icon' cannot be found on null
	at org.springframework.expression.spel.ast.PropertyOrFieldReference.readProperty(PropertyOrFieldReference.java:213)
	at org.springframework.expression.spel.ast.PropertyOrFieldReference.getValueInternal(PropertyOrFieldReference.java:104)
	at org.springframework.expression.spel.ast.PropertyOrFieldReference.access$000(PropertyOrFieldReference.java:51)
	at org.springframework.expression.spel.ast.PropertyOrFieldReference$AccessorLValue.getValue(PropertyOrFieldReference.java:406)
	at org.springframework.expression.spel.ast.CompoundExpression.getValueInternal(CompoundExpression.java:92)
	at org.springframework.expression.spel.ast.SpelNodeImpl.getValue(SpelNodeImpl.java:112)
	at org.springframework.expression.spel.standard.SpelExpression.getValue(SpelExpression.java:338)
	at org.thymeleaf.spring5.expression.SPELVariableExpressionEvaluator.evaluate(SPELVariableExpressionEvaluator.java:265)
	at org.thymeleaf.standard.expression.VariableExpression.executeVariableExpression(VariableExpression.java:166)
	at org.thymeleaf.standard.expression.SimpleExpression.executeSimple(SimpleExpression.java:66)
	at org.thymeleaf.standard.expression.Expression.execute(Expression.java:109)
	at org.thymeleaf.standard.expression.AdditionExpression.executeAddition(AdditionExpression.java:96)
	at org.thymeleaf.standard.expression.ComplexExpression.executeComplex(ComplexExpression.java:62)
	at org.thymeleaf.standard.expression.Expression.execute(Expression.java:112)
	at org.thymeleaf.standard.expression.Expression.execute(Expression.java:138)
	at org.thymeleaf.standard.expression.LinkExpression.executeLinkExpression(LinkExpression.java:264)
	at org.thymeleaf.standard.expression.SimpleExpression.executeSimple(SimpleExpression.java:85)
	at org.thymeleaf.standard.expression.Expression.execute(Expression.java:109)
	at org.thymeleaf.standard.expression.Expression.execute(Expression.java:138)
	at org.thymeleaf.standard.processor.AbstractStandardExpressionAttributeTagProcessor.doProcess(AbstractStandardExpressionAttributeTagProcessor.java:144)
	at org.thymeleaf.processor.element.AbstractAttributeTagProcessor.doProcess(AbstractAttributeTagProcessor.java:74)
	at org.thymeleaf.processor.element.AbstractElementTagProcessor.process(AbstractElementTagProcessor.java:95)
	at org.thymeleaf.util.ProcessorConfigurationUtils$ElementTagProcessorWrapper.process(ProcessorConfigurationUtils.java:633)
	at org.thymeleaf.engine.ProcessorTemplateHandler.handleStandaloneElement(ProcessorTemplateHandler.java:918)
	at org.thymeleaf.engine.StandaloneElementTag.beHandled(StandaloneElementTag.java:228)
	at org.thymeleaf.engine.Model.process(Model.java:282)
	at org.thymeleaf.engine.ProcessorTemplateHandler.handleOpenElement(ProcessorTemplateHandler.java:1587)
	at org.thymeleaf.engine.OpenElementTag.beHandled(OpenElementTag.java:205)
	at org.thymeleaf.engine.TemplateModel.process(TemplateModel.java:136)
	at org.thymeleaf.engine.TemplateManager.parseAndProcess(TemplateManager.java:661)
	at org.thymeleaf.TemplateEngine.process(TemplateEngine.java:1098)
	at org.thymeleaf.TemplateEngine.process(TemplateEngine.java:1072)
	at org.thymeleaf.spring5.view.ThymeleafView.renderFragment(ThymeleafView.java:366)
	at org.thymeleaf.spring5.view.ThymeleafView.render(ThymeleafView.java:190)
	at org.springframework.web.servlet.DispatcherServlet.render(DispatcherServlet.java:1405)
	at org.springframework.web.servlet.DispatcherServlet.processDispatchResult(DispatcherServlet.java:1149)
	at org.springframework.web.servlet.DispatcherServlet.doDispatch(DispatcherServlet.java:1088)
	at org.springframework.web.servlet.DispatcherServlet.doService(DispatcherServlet.java:964)
	at org.springframework.web.servlet.FrameworkServlet.processRequest(FrameworkServlet.java:1006)
	at org.springframework.web.servlet.FrameworkServlet.doGet(FrameworkServlet.java:898)
	at javax.servlet.http.HttpServlet.service(HttpServlet.java:670)
	at org.springframework.web.servlet.FrameworkServlet.service(FrameworkServlet.java:883)
	at javax.servlet.http.HttpServlet.service(HttpServlet.java:779)
	at org.apache.catalina.core.ApplicationFilterChain.internalDoFilter(ApplicationFilterChain.java:227)
	at org.apache.catalina.core.ApplicationFilterChain.doFilter(ApplicationFilterChain.java:162)
	at org.apache.tomcat.websocket.server.WsFilter.doFilter(WsFilter.java:53)
	at org.apache.catalina.core.ApplicationFilterChain.internalDoFilter(ApplicationFilterChain.java:189)
	at org.apache.catalina.core.ApplicationFilterChain.doFilter(ApplicationFilterChain.java:162)
	at org.springframework.web.filter.CharacterEncodingFilter.doFilterInternal(CharacterEncodingFilter.java:201)
	at org.springframework.web.filter.OncePerRequestFilter.doFilter(OncePerRequestFilter.java:117)
	at org.apache.catalina.core.ApplicationFilterChain.internalDoFilter(ApplicationFilterChain.java:189)
	at org.apache.catalina.core.ApplicationFilterChain.doFilter(ApplicationFilterChain.java:162)
	at org.apache.catalina.core.StandardWrapperValve.invoke(StandardWrapperValve.java:197)
	at org.apache.catalina.core.StandardContextValve.invoke(StandardContextValve.java:97)
	at org.apache.catalina.authenticator.AuthenticatorBase.invoke(AuthenticatorBase.java:541)
	at org.apache.catalina.core.StandardHostValve.invoke(StandardHostValve.java:135)
	at org.apache.catalina.valves.ErrorReportValve.invoke(ErrorReportValve.java:92)
	at org.apache.catalina.core.StandardEngineValve.invoke(StandardEngineValve.java:78)
	at org.apache.catalina.connector.CoyoteAdapter.service(CoyoteAdapter.java:360)
	at org.apache.coyote.http11.Http11Processor.service(Http11Processor.java:399)
	at org.apache.coyote.AbstractProcessorLight.process(AbstractProcessorLight.java:65)
	at org.apache.coyote.AbstractProtocol$ConnectionHandler.process(AbstractProtocol.java:893)
	at org.apache.tomcat.util.net.NioEndpoint$SocketProcessor.doRun(NioEndpoint.java:1789)
	at org.apache.tomcat.util.net.SocketProcessorBase.run(SocketProcessorBase.java:49)
	at org.apache.tomcat.util.threads.ThreadPoolExecutor.runWorker(ThreadPoolExecutor.java:1191)
	at org.apache.tomcat.util.threads.ThreadPoolExecutor$Worker.run(ThreadPoolExecutor.java:659)
	at org.apache.tomcat.util.threads.TaskThread$WrappingRunnable.run(TaskThread.java:61)
	at java.lang.Thread.run(Thread.java:750)
2024-08-28 16:04:48.625 [,] [scheduling-1] ERROR o.s.s.s.TaskUtils$LoggingErrorHandler - [handleError,95] - Unexpected error occurred in scheduled task
java.lang.InterruptedException: null
	at java.util.concurrent.FutureTask.awaitDone(FutureTask.java:404)
	at java.util.concurrent.FutureTask.get(FutureTask.java:191)
	at com.shark.aio.base.controller.InitFFmpeg.monitorFfmpegProcess(InitFFmpeg.java:106)
	at com.shark.aio.base.controller.InitFFmpeg$$FastClassBySpringCGLIB$$6f28da27.invoke(<generated>)
	at org.springframework.cglib.proxy.MethodProxy.invoke(MethodProxy.java:218)
	at org.springframework.aop.framework.CglibAopProxy$CglibMethodInvocation.invokeJoinpoint(CglibAopProxy.java:793)
	at org.springframework.aop.framework.ReflectiveMethodInvocation.proceed(ReflectiveMethodInvocation.java:163)
	at org.springframework.aop.framework.CglibAopProxy$CglibMethodInvocation.proceed(CglibAopProxy.java:763)
	at org.springframework.aop.framework.adapter.MethodBeforeAdviceInterceptor.invoke(MethodBeforeAdviceInterceptor.java:58)
	at org.springframework.aop.framework.ReflectiveMethodInvocation.proceed(ReflectiveMethodInvocation.java:186)
	at org.springframework.aop.framework.CglibAopProxy$CglibMethodInvocation.proceed(CglibAopProxy.java:763)
	at org.springframework.aop.interceptor.ExposeInvocationInterceptor.invoke(ExposeInvocationInterceptor.java:97)
	at org.springframework.aop.framework.ReflectiveMethodInvocation.proceed(ReflectiveMethodInvocation.java:186)
	at org.springframework.aop.framework.CglibAopProxy$CglibMethodInvocation.proceed(CglibAopProxy.java:763)
	at org.springframework.aop.framework.CglibAopProxy$DynamicAdvisedInterceptor.intercept(CglibAopProxy.java:708)
	at com.shark.aio.base.controller.InitFFmpeg$$EnhancerBySpringCGLIB$$28092d10.monitorFfmpegProcess(<generated>)
	at sun.reflect.NativeMethodAccessorImpl.invoke0(Native Method)
	at sun.reflect.NativeMethodAccessorImpl.invoke(NativeMethodAccessorImpl.java:62)
	at sun.reflect.DelegatingMethodAccessorImpl.invoke(DelegatingMethodAccessorImpl.java:43)
	at java.lang.reflect.Method.invoke(Method.java:498)
	at org.springframework.scheduling.support.ScheduledMethodRunnable.run(ScheduledMethodRunnable.java:84)
	at org.springframework.scheduling.support.DelegatingErrorHandlingRunnable.run(DelegatingErrorHandlingRunnable.java:54)
	at org.springframework.scheduling.concurrent.ReschedulingRunnable.run(ReschedulingRunnable.java:95)
	at java.util.concurrent.Executors$RunnableAdapter.call(Executors.java:511)
	at java.util.concurrent.FutureTask.run(FutureTask.java:266)
	at java.util.concurrent.ScheduledThreadPoolExecutor$ScheduledFutureTask.access$201(ScheduledThreadPoolExecutor.java:180)
	at java.util.concurrent.ScheduledThreadPoolExecutor$ScheduledFutureTask.run(ScheduledThreadPoolExecutor.java:293)
	at java.util.concurrent.ThreadPoolExecutor.runWorker(ThreadPoolExecutor.java:1149)
	at java.util.concurrent.ThreadPoolExecutor$Worker.run(ThreadPoolExecutor.java:624)
	at java.lang.Thread.run(Thread.java:750)
2024-08-28 16:12:37.854 [,] [scheduling-1] ERROR o.s.s.s.TaskUtils$LoggingErrorHandler - [handleError,95] - Unexpected error occurred in scheduled task
java.lang.InterruptedException: null
	at java.util.concurrent.FutureTask.awaitDone(FutureTask.java:404)
	at java.util.concurrent.FutureTask.get(FutureTask.java:191)
	at com.shark.aio.base.controller.InitFFmpeg.monitorFfmpegProcess(InitFFmpeg.java:106)
	at com.shark.aio.base.controller.InitFFmpeg$$FastClassBySpringCGLIB$$6f28da27.invoke(<generated>)
	at org.springframework.cglib.proxy.MethodProxy.invoke(MethodProxy.java:218)
	at org.springframework.aop.framework.CglibAopProxy$CglibMethodInvocation.invokeJoinpoint(CglibAopProxy.java:793)
	at org.springframework.aop.framework.ReflectiveMethodInvocation.proceed(ReflectiveMethodInvocation.java:163)
	at org.springframework.aop.framework.CglibAopProxy$CglibMethodInvocation.proceed(CglibAopProxy.java:763)
	at org.springframework.aop.framework.adapter.MethodBeforeAdviceInterceptor.invoke(MethodBeforeAdviceInterceptor.java:58)
	at org.springframework.aop.framework.ReflectiveMethodInvocation.proceed(ReflectiveMethodInvocation.java:186)
	at org.springframework.aop.framework.CglibAopProxy$CglibMethodInvocation.proceed(CglibAopProxy.java:763)
	at org.springframework.aop.interceptor.ExposeInvocationInterceptor.invoke(ExposeInvocationInterceptor.java:97)
	at org.springframework.aop.framework.ReflectiveMethodInvocation.proceed(ReflectiveMethodInvocation.java:186)
	at org.springframework.aop.framework.CglibAopProxy$CglibMethodInvocation.proceed(CglibAopProxy.java:763)
	at org.springframework.aop.framework.CglibAopProxy$DynamicAdvisedInterceptor.intercept(CglibAopProxy.java:708)
	at com.shark.aio.base.controller.InitFFmpeg$$EnhancerBySpringCGLIB$$2d3fb41c.monitorFfmpegProcess(<generated>)
	at sun.reflect.NativeMethodAccessorImpl.invoke0(Native Method)
	at sun.reflect.NativeMethodAccessorImpl.invoke(NativeMethodAccessorImpl.java:62)
	at sun.reflect.DelegatingMethodAccessorImpl.invoke(DelegatingMethodAccessorImpl.java:43)
	at java.lang.reflect.Method.invoke(Method.java:498)
	at org.springframework.scheduling.support.ScheduledMethodRunnable.run(ScheduledMethodRunnable.java:84)
	at org.springframework.scheduling.support.DelegatingErrorHandlingRunnable.run(DelegatingErrorHandlingRunnable.java:54)
	at org.springframework.scheduling.concurrent.ReschedulingRunnable.run(ReschedulingRunnable.java:95)
	at java.util.concurrent.Executors$RunnableAdapter.call(Executors.java:511)
	at java.util.concurrent.FutureTask.run(FutureTask.java:266)
	at java.util.concurrent.ScheduledThreadPoolExecutor$ScheduledFutureTask.access$201(ScheduledThreadPoolExecutor.java:180)
	at java.util.concurrent.ScheduledThreadPoolExecutor$ScheduledFutureTask.run(ScheduledThreadPoolExecutor.java:293)
	at java.util.concurrent.ThreadPoolExecutor.runWorker(ThreadPoolExecutor.java:1149)
	at java.util.concurrent.ThreadPoolExecutor$Worker.run(ThreadPoolExecutor.java:624)
	at java.lang.Thread.run(Thread.java:750)
2024-08-28 16:13:10.016 [,] [scheduling-1] ERROR o.s.s.s.TaskUtils$LoggingErrorHandler - [handleError,95] - Unexpected error occurred in scheduled task
java.util.concurrent.ExecutionException: org.bytedeco.javacv.FrameGrabber$Exception: avformat_open_input() error -1482175992: Could not open input "rtsp://admin:lbx123456@192.168.0.3:554". (Has setFormat() been called?)
	at java.util.concurrent.FutureTask.report(FutureTask.java:122)
	at java.util.concurrent.FutureTask.get(FutureTask.java:192)
	at com.shark.aio.base.controller.InitFFmpeg.monitorFfmpegProcess(InitFFmpeg.java:106)
	at com.shark.aio.base.controller.InitFFmpeg$$FastClassBySpringCGLIB$$6f28da27.invoke(<generated>)
	at org.springframework.cglib.proxy.MethodProxy.invoke(MethodProxy.java:218)
	at org.springframework.aop.framework.CglibAopProxy$CglibMethodInvocation.invokeJoinpoint(CglibAopProxy.java:793)
	at org.springframework.aop.framework.ReflectiveMethodInvocation.proceed(ReflectiveMethodInvocation.java:163)
	at org.springframework.aop.framework.CglibAopProxy$CglibMethodInvocation.proceed(CglibAopProxy.java:763)
	at org.springframework.aop.framework.adapter.MethodBeforeAdviceInterceptor.invoke(MethodBeforeAdviceInterceptor.java:58)
	at org.springframework.aop.framework.ReflectiveMethodInvocation.proceed(ReflectiveMethodInvocation.java:186)
	at org.springframework.aop.framework.CglibAopProxy$CglibMethodInvocation.proceed(CglibAopProxy.java:763)
	at org.springframework.aop.interceptor.ExposeInvocationInterceptor.invoke(ExposeInvocationInterceptor.java:97)
	at org.springframework.aop.framework.ReflectiveMethodInvocation.proceed(ReflectiveMethodInvocation.java:186)
	at org.springframework.aop.framework.CglibAopProxy$CglibMethodInvocation.proceed(CglibAopProxy.java:763)
	at org.springframework.aop.framework.CglibAopProxy$DynamicAdvisedInterceptor.intercept(CglibAopProxy.java:708)
	at com.shark.aio.base.controller.InitFFmpeg$$EnhancerBySpringCGLIB$$d2a69b64.monitorFfmpegProcess(<generated>)
	at sun.reflect.NativeMethodAccessorImpl.invoke0(Native Method)
	at sun.reflect.NativeMethodAccessorImpl.invoke(NativeMethodAccessorImpl.java:62)
	at sun.reflect.DelegatingMethodAccessorImpl.invoke(DelegatingMethodAccessorImpl.java:43)
	at java.lang.reflect.Method.invoke(Method.java:498)
	at org.springframework.scheduling.support.ScheduledMethodRunnable.run(ScheduledMethodRunnable.java:84)
	at org.springframework.scheduling.support.DelegatingErrorHandlingRunnable.run(DelegatingErrorHandlingRunnable.java:54)
	at org.springframework.scheduling.concurrent.ReschedulingRunnable.run(ReschedulingRunnable.java:95)
	at java.util.concurrent.Executors$RunnableAdapter.call(Executors.java:511)
	at java.util.concurrent.FutureTask.run(FutureTask.java:266)
	at java.util.concurrent.ScheduledThreadPoolExecutor$ScheduledFutureTask.access$201(ScheduledThreadPoolExecutor.java:180)
	at java.util.concurrent.ScheduledThreadPoolExecutor$ScheduledFutureTask.run(ScheduledThreadPoolExecutor.java:293)
	at java.util.concurrent.ThreadPoolExecutor.runWorker(ThreadPoolExecutor.java:1149)
	at java.util.concurrent.ThreadPoolExecutor$Worker.run(ThreadPoolExecutor.java:624)
	at java.lang.Thread.run(Thread.java:750)
Caused by: org.bytedeco.javacv.FrameGrabber$Exception: avformat_open_input() error -1482175992: Could not open input "rtsp://admin:lbx123456@192.168.0.3:554". (Has setFormat() been called?)
	at org.bytedeco.javacv.FFmpegFrameGrabber.startUnsafe(FFmpegFrameGrabber.java:876)
	at org.bytedeco.javacv.FFmpegFrameGrabber.start(FFmpegFrameGrabber.java:801)
	at org.bytedeco.javacv.FFmpegFrameGrabber.start(FFmpegFrameGrabber.java:796)
	at com.shark.aio.data.video.service.ImageRecorderService.run(ImageRecorderService.java:107)
	at java.util.concurrent.Executors$RunnableAdapter.call(Executors.java:511)
	at java.util.concurrent.FutureTask.run(FutureTask.java:266)
	... 3 common frames omitted
2024-08-28 16:13:20.006 [,] [scheduling-1] ERROR o.s.s.s.TaskUtils$LoggingErrorHandler - [handleError,95] - Unexpected error occurred in scheduled task
java.util.concurrent.ExecutionException: org.bytedeco.javacv.FrameGrabber$Exception: avformat_open_input() error -1482175992: Could not open input "rtsp://admin:lbx123456@192.168.0.3:554". (Has setFormat() been called?)
	at java.util.concurrent.FutureTask.report(FutureTask.java:122)
	at java.util.concurrent.FutureTask.get(FutureTask.java:192)
	at com.shark.aio.base.controller.InitFFmpeg.monitorFfmpegProcess(InitFFmpeg.java:106)
	at com.shark.aio.base.controller.InitFFmpeg$$FastClassBySpringCGLIB$$6f28da27.invoke(<generated>)
	at org.springframework.cglib.proxy.MethodProxy.invoke(MethodProxy.java:218)
	at org.springframework.aop.framework.CglibAopProxy$CglibMethodInvocation.invokeJoinpoint(CglibAopProxy.java:793)
	at org.springframework.aop.framework.ReflectiveMethodInvocation.proceed(ReflectiveMethodInvocation.java:163)
	at org.springframework.aop.framework.CglibAopProxy$CglibMethodInvocation.proceed(CglibAopProxy.java:763)
	at org.springframework.aop.framework.adapter.MethodBeforeAdviceInterceptor.invoke(MethodBeforeAdviceInterceptor.java:58)
	at org.springframework.aop.framework.ReflectiveMethodInvocation.proceed(ReflectiveMethodInvocation.java:186)
	at org.springframework.aop.framework.CglibAopProxy$CglibMethodInvocation.proceed(CglibAopProxy.java:763)
	at org.springframework.aop.interceptor.ExposeInvocationInterceptor.invoke(ExposeInvocationInterceptor.java:97)
	at org.springframework.aop.framework.ReflectiveMethodInvocation.proceed(ReflectiveMethodInvocation.java:186)
	at org.springframework.aop.framework.CglibAopProxy$CglibMethodInvocation.proceed(CglibAopProxy.java:763)
	at org.springframework.aop.framework.CglibAopProxy$DynamicAdvisedInterceptor.intercept(CglibAopProxy.java:708)
	at com.shark.aio.base.controller.InitFFmpeg$$EnhancerBySpringCGLIB$$d2a69b64.monitorFfmpegProcess(<generated>)
	at sun.reflect.NativeMethodAccessorImpl.invoke0(Native Method)
	at sun.reflect.NativeMethodAccessorImpl.invoke(NativeMethodAccessorImpl.java:62)
	at sun.reflect.DelegatingMethodAccessorImpl.invoke(DelegatingMethodAccessorImpl.java:43)
	at java.lang.reflect.Method.invoke(Method.java:498)
	at org.springframework.scheduling.support.ScheduledMethodRunnable.run(ScheduledMethodRunnable.java:84)
	at org.springframework.scheduling.support.DelegatingErrorHandlingRunnable.run(DelegatingErrorHandlingRunnable.java:54)
	at org.springframework.scheduling.concurrent.ReschedulingRunnable.run(ReschedulingRunnable.java:95)
	at java.util.concurrent.Executors$RunnableAdapter.call(Executors.java:511)
	at java.util.concurrent.FutureTask.run(FutureTask.java:266)
	at java.util.concurrent.ScheduledThreadPoolExecutor$ScheduledFutureTask.access$201(ScheduledThreadPoolExecutor.java:180)
	at java.util.concurrent.ScheduledThreadPoolExecutor$ScheduledFutureTask.run(ScheduledThreadPoolExecutor.java:293)
	at java.util.concurrent.ThreadPoolExecutor.runWorker(ThreadPoolExecutor.java:1149)
	at java.util.concurrent.ThreadPoolExecutor$Worker.run(ThreadPoolExecutor.java:624)
	at java.lang.Thread.run(Thread.java:750)
Caused by: org.bytedeco.javacv.FrameGrabber$Exception: avformat_open_input() error -1482175992: Could not open input "rtsp://admin:lbx123456@192.168.0.3:554". (Has setFormat() been called?)
	at org.bytedeco.javacv.FFmpegFrameGrabber.startUnsafe(FFmpegFrameGrabber.java:876)
	at org.bytedeco.javacv.FFmpegFrameGrabber.start(FFmpegFrameGrabber.java:801)
	at org.bytedeco.javacv.FFmpegFrameGrabber.start(FFmpegFrameGrabber.java:796)
	at com.shark.aio.data.video.service.ImageRecorderService.run(ImageRecorderService.java:107)
	at java.util.concurrent.Executors$RunnableAdapter.call(Executors.java:511)
	at java.util.concurrent.FutureTask.run(FutureTask.java:266)
	... 3 common frames omitted
2024-08-28 16:13:30.007 [,] [scheduling-1] ERROR o.s.s.s.TaskUtils$LoggingErrorHandler - [handleError,95] - Unexpected error occurred in scheduled task
java.util.concurrent.ExecutionException: org.bytedeco.javacv.FrameGrabber$Exception: avformat_open_input() error -1482175992: Could not open input "rtsp://admin:lbx123456@192.168.0.3:554". (Has setFormat() been called?)
	at java.util.concurrent.FutureTask.report(FutureTask.java:122)
	at java.util.concurrent.FutureTask.get(FutureTask.java:192)
	at com.shark.aio.base.controller.InitFFmpeg.monitorFfmpegProcess(InitFFmpeg.java:106)
	at com.shark.aio.base.controller.InitFFmpeg$$FastClassBySpringCGLIB$$6f28da27.invoke(<generated>)
	at org.springframework.cglib.proxy.MethodProxy.invoke(MethodProxy.java:218)
	at org.springframework.aop.framework.CglibAopProxy$CglibMethodInvocation.invokeJoinpoint(CglibAopProxy.java:793)
	at org.springframework.aop.framework.ReflectiveMethodInvocation.proceed(ReflectiveMethodInvocation.java:163)
	at org.springframework.aop.framework.CglibAopProxy$CglibMethodInvocation.proceed(CglibAopProxy.java:763)
	at org.springframework.aop.framework.adapter.MethodBeforeAdviceInterceptor.invoke(MethodBeforeAdviceInterceptor.java:58)
	at org.springframework.aop.framework.ReflectiveMethodInvocation.proceed(ReflectiveMethodInvocation.java:186)
	at org.springframework.aop.framework.CglibAopProxy$CglibMethodInvocation.proceed(CglibAopProxy.java:763)
	at org.springframework.aop.interceptor.ExposeInvocationInterceptor.invoke(ExposeInvocationInterceptor.java:97)
	at org.springframework.aop.framework.ReflectiveMethodInvocation.proceed(ReflectiveMethodInvocation.java:186)
	at org.springframework.aop.framework.CglibAopProxy$CglibMethodInvocation.proceed(CglibAopProxy.java:763)
	at org.springframework.aop.framework.CglibAopProxy$DynamicAdvisedInterceptor.intercept(CglibAopProxy.java:708)
	at com.shark.aio.base.controller.InitFFmpeg$$EnhancerBySpringCGLIB$$d2a69b64.monitorFfmpegProcess(<generated>)
	at sun.reflect.NativeMethodAccessorImpl.invoke0(Native Method)
	at sun.reflect.NativeMethodAccessorImpl.invoke(NativeMethodAccessorImpl.java:62)
	at sun.reflect.DelegatingMethodAccessorImpl.invoke(DelegatingMethodAccessorImpl.java:43)
	at java.lang.reflect.Method.invoke(Method.java:498)
	at org.springframework.scheduling.support.ScheduledMethodRunnable.run(ScheduledMethodRunnable.java:84)
	at org.springframework.scheduling.support.DelegatingErrorHandlingRunnable.run(DelegatingErrorHandlingRunnable.java:54)
	at org.springframework.scheduling.concurrent.ReschedulingRunnable.run(ReschedulingRunnable.java:95)
	at java.util.concurrent.Executors$RunnableAdapter.call(Executors.java:511)
	at java.util.concurrent.FutureTask.run(FutureTask.java:266)
	at java.util.concurrent.ScheduledThreadPoolExecutor$ScheduledFutureTask.access$201(ScheduledThreadPoolExecutor.java:180)
	at java.util.concurrent.ScheduledThreadPoolExecutor$ScheduledFutureTask.run(ScheduledThreadPoolExecutor.java:293)
	at java.util.concurrent.ThreadPoolExecutor.runWorker(ThreadPoolExecutor.java:1149)
	at java.util.concurrent.ThreadPoolExecutor$Worker.run(ThreadPoolExecutor.java:624)
	at java.lang.Thread.run(Thread.java:750)
Caused by: org.bytedeco.javacv.FrameGrabber$Exception: avformat_open_input() error -1482175992: Could not open input "rtsp://admin:lbx123456@192.168.0.3:554". (Has setFormat() been called?)
	at org.bytedeco.javacv.FFmpegFrameGrabber.startUnsafe(FFmpegFrameGrabber.java:876)
	at org.bytedeco.javacv.FFmpegFrameGrabber.start(FFmpegFrameGrabber.java:801)
	at org.bytedeco.javacv.FFmpegFrameGrabber.start(FFmpegFrameGrabber.java:796)
	at com.shark.aio.data.video.service.ImageRecorderService.run(ImageRecorderService.java:107)
	at java.util.concurrent.Executors$RunnableAdapter.call(Executors.java:511)
	at java.util.concurrent.FutureTask.run(FutureTask.java:266)
	... 3 common frames omitted
2024-08-28 16:13:40.002 [,] [scheduling-1] ERROR o.s.s.s.TaskUtils$LoggingErrorHandler - [handleError,95] - Unexpected error occurred in scheduled task
java.util.concurrent.ExecutionException: org.bytedeco.javacv.FrameGrabber$Exception: avformat_open_input() error -1482175992: Could not open input "rtsp://admin:lbx123456@192.168.0.3:554". (Has setFormat() been called?)
	at java.util.concurrent.FutureTask.report(FutureTask.java:122)
	at java.util.concurrent.FutureTask.get(FutureTask.java:192)
	at com.shark.aio.base.controller.InitFFmpeg.monitorFfmpegProcess(InitFFmpeg.java:106)
	at com.shark.aio.base.controller.InitFFmpeg$$FastClassBySpringCGLIB$$6f28da27.invoke(<generated>)
	at org.springframework.cglib.proxy.MethodProxy.invoke(MethodProxy.java:218)
	at org.springframework.aop.framework.CglibAopProxy$CglibMethodInvocation.invokeJoinpoint(CglibAopProxy.java:793)
	at org.springframework.aop.framework.ReflectiveMethodInvocation.proceed(ReflectiveMethodInvocation.java:163)
	at org.springframework.aop.framework.CglibAopProxy$CglibMethodInvocation.proceed(CglibAopProxy.java:763)
	at org.springframework.aop.framework.adapter.MethodBeforeAdviceInterceptor.invoke(MethodBeforeAdviceInterceptor.java:58)
	at org.springframework.aop.framework.ReflectiveMethodInvocation.proceed(ReflectiveMethodInvocation.java:186)
	at org.springframework.aop.framework.CglibAopProxy$CglibMethodInvocation.proceed(CglibAopProxy.java:763)
	at org.springframework.aop.interceptor.ExposeInvocationInterceptor.invoke(ExposeInvocationInterceptor.java:97)
	at org.springframework.aop.framework.ReflectiveMethodInvocation.proceed(ReflectiveMethodInvocation.java:186)
	at org.springframework.aop.framework.CglibAopProxy$CglibMethodInvocation.proceed(CglibAopProxy.java:763)
	at org.springframework.aop.framework.CglibAopProxy$DynamicAdvisedInterceptor.intercept(CglibAopProxy.java:708)
	at com.shark.aio.base.controller.InitFFmpeg$$EnhancerBySpringCGLIB$$d2a69b64.monitorFfmpegProcess(<generated>)
	at sun.reflect.NativeMethodAccessorImpl.invoke0(Native Method)
	at sun.reflect.NativeMethodAccessorImpl.invoke(NativeMethodAccessorImpl.java:62)
	at sun.reflect.DelegatingMethodAccessorImpl.invoke(DelegatingMethodAccessorImpl.java:43)
	at java.lang.reflect.Method.invoke(Method.java:498)
	at org.springframework.scheduling.support.ScheduledMethodRunnable.run(ScheduledMethodRunnable.java:84)
	at org.springframework.scheduling.support.DelegatingErrorHandlingRunnable.run(DelegatingErrorHandlingRunnable.java:54)
	at org.springframework.scheduling.concurrent.ReschedulingRunnable.run(ReschedulingRunnable.java:95)
	at java.util.concurrent.Executors$RunnableAdapter.call(Executors.java:511)
	at java.util.concurrent.FutureTask.run(FutureTask.java:266)
	at java.util.concurrent.ScheduledThreadPoolExecutor$ScheduledFutureTask.access$201(ScheduledThreadPoolExecutor.java:180)
	at java.util.concurrent.ScheduledThreadPoolExecutor$ScheduledFutureTask.run(ScheduledThreadPoolExecutor.java:293)
	at java.util.concurrent.ThreadPoolExecutor.runWorker(ThreadPoolExecutor.java:1149)
	at java.util.concurrent.ThreadPoolExecutor$Worker.run(ThreadPoolExecutor.java:624)
	at java.lang.Thread.run(Thread.java:750)
Caused by: org.bytedeco.javacv.FrameGrabber$Exception: avformat_open_input() error -1482175992: Could not open input "rtsp://admin:lbx123456@192.168.0.3:554". (Has setFormat() been called?)
	at org.bytedeco.javacv.FFmpegFrameGrabber.startUnsafe(FFmpegFrameGrabber.java:876)
	at org.bytedeco.javacv.FFmpegFrameGrabber.start(FFmpegFrameGrabber.java:801)
	at org.bytedeco.javacv.FFmpegFrameGrabber.start(FFmpegFrameGrabber.java:796)
	at com.shark.aio.data.video.service.ImageRecorderService.run(ImageRecorderService.java:107)
	at java.util.concurrent.Executors$RunnableAdapter.call(Executors.java:511)
	at java.util.concurrent.FutureTask.run(FutureTask.java:266)
	... 3 common frames omitted
2024-08-28 16:13:50.002 [,] [scheduling-1] ERROR o.s.s.s.TaskUtils$LoggingErrorHandler - [handleError,95] - Unexpected error occurred in scheduled task
java.util.concurrent.ExecutionException: org.bytedeco.javacv.FrameGrabber$Exception: avformat_open_input() error -1482175992: Could not open input "rtsp://admin:lbx123456@192.168.0.3:554". (Has setFormat() been called?)
	at java.util.concurrent.FutureTask.report(FutureTask.java:122)
	at java.util.concurrent.FutureTask.get(FutureTask.java:192)
	at com.shark.aio.base.controller.InitFFmpeg.monitorFfmpegProcess(InitFFmpeg.java:106)
	at com.shark.aio.base.controller.InitFFmpeg$$FastClassBySpringCGLIB$$6f28da27.invoke(<generated>)
	at org.springframework.cglib.proxy.MethodProxy.invoke(MethodProxy.java:218)
	at org.springframework.aop.framework.CglibAopProxy$CglibMethodInvocation.invokeJoinpoint(CglibAopProxy.java:793)
	at org.springframework.aop.framework.ReflectiveMethodInvocation.proceed(ReflectiveMethodInvocation.java:163)
	at org.springframework.aop.framework.CglibAopProxy$CglibMethodInvocation.proceed(CglibAopProxy.java:763)
	at org.springframework.aop.framework.adapter.MethodBeforeAdviceInterceptor.invoke(MethodBeforeAdviceInterceptor.java:58)
	at org.springframework.aop.framework.ReflectiveMethodInvocation.proceed(ReflectiveMethodInvocation.java:186)
	at org.springframework.aop.framework.CglibAopProxy$CglibMethodInvocation.proceed(CglibAopProxy.java:763)
	at org.springframework.aop.interceptor.ExposeInvocationInterceptor.invoke(ExposeInvocationInterceptor.java:97)
	at org.springframework.aop.framework.ReflectiveMethodInvocation.proceed(ReflectiveMethodInvocation.java:186)
	at org.springframework.aop.framework.CglibAopProxy$CglibMethodInvocation.proceed(CglibAopProxy.java:763)
	at org.springframework.aop.framework.CglibAopProxy$DynamicAdvisedInterceptor.intercept(CglibAopProxy.java:708)
	at com.shark.aio.base.controller.InitFFmpeg$$EnhancerBySpringCGLIB$$d2a69b64.monitorFfmpegProcess(<generated>)
	at sun.reflect.NativeMethodAccessorImpl.invoke0(Native Method)
	at sun.reflect.NativeMethodAccessorImpl.invoke(NativeMethodAccessorImpl.java:62)
	at sun.reflect.DelegatingMethodAccessorImpl.invoke(DelegatingMethodAccessorImpl.java:43)
	at java.lang.reflect.Method.invoke(Method.java:498)
	at org.springframework.scheduling.support.ScheduledMethodRunnable.run(ScheduledMethodRunnable.java:84)
	at org.springframework.scheduling.support.DelegatingErrorHandlingRunnable.run(DelegatingErrorHandlingRunnable.java:54)
	at org.springframework.scheduling.concurrent.ReschedulingRunnable.run(ReschedulingRunnable.java:95)
	at java.util.concurrent.Executors$RunnableAdapter.call(Executors.java:511)
	at java.util.concurrent.FutureTask.run(FutureTask.java:266)
	at java.util.concurrent.ScheduledThreadPoolExecutor$ScheduledFutureTask.access$201(ScheduledThreadPoolExecutor.java:180)
	at java.util.concurrent.ScheduledThreadPoolExecutor$ScheduledFutureTask.run(ScheduledThreadPoolExecutor.java:293)
	at java.util.concurrent.ThreadPoolExecutor.runWorker(ThreadPoolExecutor.java:1149)
	at java.util.concurrent.ThreadPoolExecutor$Worker.run(ThreadPoolExecutor.java:624)
	at java.lang.Thread.run(Thread.java:750)
Caused by: org.bytedeco.javacv.FrameGrabber$Exception: avformat_open_input() error -1482175992: Could not open input "rtsp://admin:lbx123456@192.168.0.3:554". (Has setFormat() been called?)
	at org.bytedeco.javacv.FFmpegFrameGrabber.startUnsafe(FFmpegFrameGrabber.java:876)
	at org.bytedeco.javacv.FFmpegFrameGrabber.start(FFmpegFrameGrabber.java:801)
	at org.bytedeco.javacv.FFmpegFrameGrabber.start(FFmpegFrameGrabber.java:796)
	at com.shark.aio.data.video.service.ImageRecorderService.run(ImageRecorderService.java:107)
	at java.util.concurrent.Executors$RunnableAdapter.call(Executors.java:511)
	at java.util.concurrent.FutureTask.run(FutureTask.java:266)
	... 3 common frames omitted
2024-08-28 16:14:00.010 [,] [scheduling-1] ERROR o.s.s.s.TaskUtils$LoggingErrorHandler - [handleError,95] - Unexpected error occurred in scheduled task
java.util.concurrent.ExecutionException: org.bytedeco.javacv.FrameGrabber$Exception: avformat_open_input() error -1482175992: Could not open input "rtsp://admin:lbx123456@192.168.0.3:554". (Has setFormat() been called?)
	at java.util.concurrent.FutureTask.report(FutureTask.java:122)
	at java.util.concurrent.FutureTask.get(FutureTask.java:192)
	at com.shark.aio.base.controller.InitFFmpeg.monitorFfmpegProcess(InitFFmpeg.java:106)
	at com.shark.aio.base.controller.InitFFmpeg$$FastClassBySpringCGLIB$$6f28da27.invoke(<generated>)
	at org.springframework.cglib.proxy.MethodProxy.invoke(MethodProxy.java:218)
	at org.springframework.aop.framework.CglibAopProxy$CglibMethodInvocation.invokeJoinpoint(CglibAopProxy.java:793)
	at org.springframework.aop.framework.ReflectiveMethodInvocation.proceed(ReflectiveMethodInvocation.java:163)
	at org.springframework.aop.framework.CglibAopProxy$CglibMethodInvocation.proceed(CglibAopProxy.java:763)
	at org.springframework.aop.framework.adapter.MethodBeforeAdviceInterceptor.invoke(MethodBeforeAdviceInterceptor.java:58)
	at org.springframework.aop.framework.ReflectiveMethodInvocation.proceed(ReflectiveMethodInvocation.java:186)
	at org.springframework.aop.framework.CglibAopProxy$CglibMethodInvocation.proceed(CglibAopProxy.java:763)
	at org.springframework.aop.interceptor.ExposeInvocationInterceptor.invoke(ExposeInvocationInterceptor.java:97)
	at org.springframework.aop.framework.ReflectiveMethodInvocation.proceed(ReflectiveMethodInvocation.java:186)
	at org.springframework.aop.framework.CglibAopProxy$CglibMethodInvocation.proceed(CglibAopProxy.java:763)
	at org.springframework.aop.framework.CglibAopProxy$DynamicAdvisedInterceptor.intercept(CglibAopProxy.java:708)
	at com.shark.aio.base.controller.InitFFmpeg$$EnhancerBySpringCGLIB$$d2a69b64.monitorFfmpegProcess(<generated>)
	at sun.reflect.NativeMethodAccessorImpl.invoke0(Native Method)
	at sun.reflect.NativeMethodAccessorImpl.invoke(NativeMethodAccessorImpl.java:62)
	at sun.reflect.DelegatingMethodAccessorImpl.invoke(DelegatingMethodAccessorImpl.java:43)
	at java.lang.reflect.Method.invoke(Method.java:498)
	at org.springframework.scheduling.support.ScheduledMethodRunnable.run(ScheduledMethodRunnable.java:84)
	at org.springframework.scheduling.support.DelegatingErrorHandlingRunnable.run(DelegatingErrorHandlingRunnable.java:54)
	at org.springframework.scheduling.concurrent.ReschedulingRunnable.run(ReschedulingRunnable.java:95)
	at java.util.concurrent.Executors$RunnableAdapter.call(Executors.java:511)
	at java.util.concurrent.FutureTask.run(FutureTask.java:266)
	at java.util.concurrent.ScheduledThreadPoolExecutor$ScheduledFutureTask.access$201(ScheduledThreadPoolExecutor.java:180)
	at java.util.concurrent.ScheduledThreadPoolExecutor$ScheduledFutureTask.run(ScheduledThreadPoolExecutor.java:293)
	at java.util.concurrent.ThreadPoolExecutor.runWorker(ThreadPoolExecutor.java:1149)
	at java.util.concurrent.ThreadPoolExecutor$Worker.run(ThreadPoolExecutor.java:624)
	at java.lang.Thread.run(Thread.java:750)
Caused by: org.bytedeco.javacv.FrameGrabber$Exception: avformat_open_input() error -1482175992: Could not open input "rtsp://admin:lbx123456@192.168.0.3:554". (Has setFormat() been called?)
	at org.bytedeco.javacv.FFmpegFrameGrabber.startUnsafe(FFmpegFrameGrabber.java:876)
	at org.bytedeco.javacv.FFmpegFrameGrabber.start(FFmpegFrameGrabber.java:801)
	at org.bytedeco.javacv.FFmpegFrameGrabber.start(FFmpegFrameGrabber.java:796)
	at com.shark.aio.data.video.service.ImageRecorderService.run(ImageRecorderService.java:107)
	at java.util.concurrent.Executors$RunnableAdapter.call(Executors.java:511)
	at java.util.concurrent.FutureTask.run(FutureTask.java:266)
	... 3 common frames omitted
2024-08-28 16:14:10.005 [,] [scheduling-1] ERROR o.s.s.s.TaskUtils$LoggingErrorHandler - [handleError,95] - Unexpected error occurred in scheduled task
java.util.concurrent.ExecutionException: org.bytedeco.javacv.FrameGrabber$Exception: avformat_open_input() error -1482175992: Could not open input "rtsp://admin:lbx123456@192.168.0.3:554". (Has setFormat() been called?)
	at java.util.concurrent.FutureTask.report(FutureTask.java:122)
	at java.util.concurrent.FutureTask.get(FutureTask.java:192)
	at com.shark.aio.base.controller.InitFFmpeg.monitorFfmpegProcess(InitFFmpeg.java:106)
	at com.shark.aio.base.controller.InitFFmpeg$$FastClassBySpringCGLIB$$6f28da27.invoke(<generated>)
	at org.springframework.cglib.proxy.MethodProxy.invoke(MethodProxy.java:218)
	at org.springframework.aop.framework.CglibAopProxy$CglibMethodInvocation.invokeJoinpoint(CglibAopProxy.java:793)
	at org.springframework.aop.framework.ReflectiveMethodInvocation.proceed(ReflectiveMethodInvocation.java:163)
	at org.springframework.aop.framework.CglibAopProxy$CglibMethodInvocation.proceed(CglibAopProxy.java:763)
	at org.springframework.aop.framework.adapter.MethodBeforeAdviceInterceptor.invoke(MethodBeforeAdviceInterceptor.java:58)
	at org.springframework.aop.framework.ReflectiveMethodInvocation.proceed(ReflectiveMethodInvocation.java:186)
	at org.springframework.aop.framework.CglibAopProxy$CglibMethodInvocation.proceed(CglibAopProxy.java:763)
	at org.springframework.aop.interceptor.ExposeInvocationInterceptor.invoke(ExposeInvocationInterceptor.java:97)
	at org.springframework.aop.framework.ReflectiveMethodInvocation.proceed(ReflectiveMethodInvocation.java:186)
	at org.springframework.aop.framework.CglibAopProxy$CglibMethodInvocation.proceed(CglibAopProxy.java:763)
	at org.springframework.aop.framework.CglibAopProxy$DynamicAdvisedInterceptor.intercept(CglibAopProxy.java:708)
	at com.shark.aio.base.controller.InitFFmpeg$$EnhancerBySpringCGLIB$$d2a69b64.monitorFfmpegProcess(<generated>)
	at sun.reflect.NativeMethodAccessorImpl.invoke0(Native Method)
	at sun.reflect.NativeMethodAccessorImpl.invoke(NativeMethodAccessorImpl.java:62)
	at sun.reflect.DelegatingMethodAccessorImpl.invoke(DelegatingMethodAccessorImpl.java:43)
	at java.lang.reflect.Method.invoke(Method.java:498)
	at org.springframework.scheduling.support.ScheduledMethodRunnable.run(ScheduledMethodRunnable.java:84)
	at org.springframework.scheduling.support.DelegatingErrorHandlingRunnable.run(DelegatingErrorHandlingRunnable.java:54)
	at org.springframework.scheduling.concurrent.ReschedulingRunnable.run(ReschedulingRunnable.java:95)
	at java.util.concurrent.Executors$RunnableAdapter.call(Executors.java:511)
	at java.util.concurrent.FutureTask.run(FutureTask.java:266)
	at java.util.concurrent.ScheduledThreadPoolExecutor$ScheduledFutureTask.access$201(ScheduledThreadPoolExecutor.java:180)
	at java.util.concurrent.ScheduledThreadPoolExecutor$ScheduledFutureTask.run(ScheduledThreadPoolExecutor.java:293)
	at java.util.concurrent.ThreadPoolExecutor.runWorker(ThreadPoolExecutor.java:1149)
	at java.util.concurrent.ThreadPoolExecutor$Worker.run(ThreadPoolExecutor.java:624)
	at java.lang.Thread.run(Thread.java:750)
Caused by: org.bytedeco.javacv.FrameGrabber$Exception: avformat_open_input() error -1482175992: Could not open input "rtsp://admin:lbx123456@192.168.0.3:554". (Has setFormat() been called?)
	at org.bytedeco.javacv.FFmpegFrameGrabber.startUnsafe(FFmpegFrameGrabber.java:876)
	at org.bytedeco.javacv.FFmpegFrameGrabber.start(FFmpegFrameGrabber.java:801)
	at org.bytedeco.javacv.FFmpegFrameGrabber.start(FFmpegFrameGrabber.java:796)
	at com.shark.aio.data.video.service.ImageRecorderService.run(ImageRecorderService.java:107)
	at java.util.concurrent.Executors$RunnableAdapter.call(Executors.java:511)
	at java.util.concurrent.FutureTask.run(FutureTask.java:266)
	... 3 common frames omitted
2024-08-28 16:14:20.008 [,] [scheduling-1] ERROR o.s.s.s.TaskUtils$LoggingErrorHandler - [handleError,95] - Unexpected error occurred in scheduled task
java.util.concurrent.ExecutionException: org.bytedeco.javacv.FrameGrabber$Exception: avformat_open_input() error -1482175992: Could not open input "rtsp://admin:lbx123456@192.168.0.3:554". (Has setFormat() been called?)
	at java.util.concurrent.FutureTask.report(FutureTask.java:122)
	at java.util.concurrent.FutureTask.get(FutureTask.java:192)
	at com.shark.aio.base.controller.InitFFmpeg.monitorFfmpegProcess(InitFFmpeg.java:106)
	at com.shark.aio.base.controller.InitFFmpeg$$FastClassBySpringCGLIB$$6f28da27.invoke(<generated>)
	at org.springframework.cglib.proxy.MethodProxy.invoke(MethodProxy.java:218)
	at org.springframework.aop.framework.CglibAopProxy$CglibMethodInvocation.invokeJoinpoint(CglibAopProxy.java:793)
	at org.springframework.aop.framework.ReflectiveMethodInvocation.proceed(ReflectiveMethodInvocation.java:163)
	at org.springframework.aop.framework.CglibAopProxy$CglibMethodInvocation.proceed(CglibAopProxy.java:763)
	at org.springframework.aop.framework.adapter.MethodBeforeAdviceInterceptor.invoke(MethodBeforeAdviceInterceptor.java:58)
	at org.springframework.aop.framework.ReflectiveMethodInvocation.proceed(ReflectiveMethodInvocation.java:186)
	at org.springframework.aop.framework.CglibAopProxy$CglibMethodInvocation.proceed(CglibAopProxy.java:763)
	at org.springframework.aop.interceptor.ExposeInvocationInterceptor.invoke(ExposeInvocationInterceptor.java:97)
	at org.springframework.aop.framework.ReflectiveMethodInvocation.proceed(ReflectiveMethodInvocation.java:186)
	at org.springframework.aop.framework.CglibAopProxy$CglibMethodInvocation.proceed(CglibAopProxy.java:763)
	at org.springframework.aop.framework.CglibAopProxy$DynamicAdvisedInterceptor.intercept(CglibAopProxy.java:708)
	at com.shark.aio.base.controller.InitFFmpeg$$EnhancerBySpringCGLIB$$d2a69b64.monitorFfmpegProcess(<generated>)
	at sun.reflect.NativeMethodAccessorImpl.invoke0(Native Method)
	at sun.reflect.NativeMethodAccessorImpl.invoke(NativeMethodAccessorImpl.java:62)
	at sun.reflect.DelegatingMethodAccessorImpl.invoke(DelegatingMethodAccessorImpl.java:43)
	at java.lang.reflect.Method.invoke(Method.java:498)
	at org.springframework.scheduling.support.ScheduledMethodRunnable.run(ScheduledMethodRunnable.java:84)
	at org.springframework.scheduling.support.DelegatingErrorHandlingRunnable.run(DelegatingErrorHandlingRunnable.java:54)
	at org.springframework.scheduling.concurrent.ReschedulingRunnable.run(ReschedulingRunnable.java:95)
	at java.util.concurrent.Executors$RunnableAdapter.call(Executors.java:511)
	at java.util.concurrent.FutureTask.run(FutureTask.java:266)
	at java.util.concurrent.ScheduledThreadPoolExecutor$ScheduledFutureTask.access$201(ScheduledThreadPoolExecutor.java:180)
	at java.util.concurrent.ScheduledThreadPoolExecutor$ScheduledFutureTask.run(ScheduledThreadPoolExecutor.java:293)
	at java.util.concurrent.ThreadPoolExecutor.runWorker(ThreadPoolExecutor.java:1149)
	at java.util.concurrent.ThreadPoolExecutor$Worker.run(ThreadPoolExecutor.java:624)
	at java.lang.Thread.run(Thread.java:750)
Caused by: org.bytedeco.javacv.FrameGrabber$Exception: avformat_open_input() error -1482175992: Could not open input "rtsp://admin:lbx123456@192.168.0.3:554". (Has setFormat() been called?)
	at org.bytedeco.javacv.FFmpegFrameGrabber.startUnsafe(FFmpegFrameGrabber.java:876)
	at org.bytedeco.javacv.FFmpegFrameGrabber.start(FFmpegFrameGrabber.java:801)
	at org.bytedeco.javacv.FFmpegFrameGrabber.start(FFmpegFrameGrabber.java:796)
	at com.shark.aio.data.video.service.ImageRecorderService.run(ImageRecorderService.java:107)
	at java.util.concurrent.Executors$RunnableAdapter.call(Executors.java:511)
	at java.util.concurrent.FutureTask.run(FutureTask.java:266)
	... 3 common frames omitted
2024-08-28 16:14:30.012 [,] [scheduling-1] ERROR o.s.s.s.TaskUtils$LoggingErrorHandler - [handleError,95] - Unexpected error occurred in scheduled task
java.util.concurrent.ExecutionException: org.bytedeco.javacv.FrameGrabber$Exception: avformat_open_input() error -1482175992: Could not open input "rtsp://admin:lbx123456@192.168.0.3:554". (Has setFormat() been called?)
	at java.util.concurrent.FutureTask.report(FutureTask.java:122)
	at java.util.concurrent.FutureTask.get(FutureTask.java:192)
	at com.shark.aio.base.controller.InitFFmpeg.monitorFfmpegProcess(InitFFmpeg.java:106)
	at com.shark.aio.base.controller.InitFFmpeg$$FastClassBySpringCGLIB$$6f28da27.invoke(<generated>)
	at org.springframework.cglib.proxy.MethodProxy.invoke(MethodProxy.java:218)
	at org.springframework.aop.framework.CglibAopProxy$CglibMethodInvocation.invokeJoinpoint(CglibAopProxy.java:793)
	at org.springframework.aop.framework.ReflectiveMethodInvocation.proceed(ReflectiveMethodInvocation.java:163)
	at org.springframework.aop.framework.CglibAopProxy$CglibMethodInvocation.proceed(CglibAopProxy.java:763)
	at org.springframework.aop.framework.adapter.MethodBeforeAdviceInterceptor.invoke(MethodBeforeAdviceInterceptor.java:58)
	at org.springframework.aop.framework.ReflectiveMethodInvocation.proceed(ReflectiveMethodInvocation.java:186)
	at org.springframework.aop.framework.CglibAopProxy$CglibMethodInvocation.proceed(CglibAopProxy.java:763)
	at org.springframework.aop.interceptor.ExposeInvocationInterceptor.invoke(ExposeInvocationInterceptor.java:97)
	at org.springframework.aop.framework.ReflectiveMethodInvocation.proceed(ReflectiveMethodInvocation.java:186)
	at org.springframework.aop.framework.CglibAopProxy$CglibMethodInvocation.proceed(CglibAopProxy.java:763)
	at org.springframework.aop.framework.CglibAopProxy$DynamicAdvisedInterceptor.intercept(CglibAopProxy.java:708)
	at com.shark.aio.base.controller.InitFFmpeg$$EnhancerBySpringCGLIB$$d2a69b64.monitorFfmpegProcess(<generated>)
	at sun.reflect.NativeMethodAccessorImpl.invoke0(Native Method)
	at sun.reflect.NativeMethodAccessorImpl.invoke(NativeMethodAccessorImpl.java:62)
	at sun.reflect.DelegatingMethodAccessorImpl.invoke(DelegatingMethodAccessorImpl.java:43)
	at java.lang.reflect.Method.invoke(Method.java:498)
	at org.springframework.scheduling.support.ScheduledMethodRunnable.run(ScheduledMethodRunnable.java:84)
	at org.springframework.scheduling.support.DelegatingErrorHandlingRunnable.run(DelegatingErrorHandlingRunnable.java:54)
	at org.springframework.scheduling.concurrent.ReschedulingRunnable.run(ReschedulingRunnable.java:95)
	at java.util.concurrent.Executors$RunnableAdapter.call(Executors.java:511)
	at java.util.concurrent.FutureTask.run(FutureTask.java:266)
	at java.util.concurrent.ScheduledThreadPoolExecutor$ScheduledFutureTask.access$201(ScheduledThreadPoolExecutor.java:180)
	at java.util.concurrent.ScheduledThreadPoolExecutor$ScheduledFutureTask.run(ScheduledThreadPoolExecutor.java:293)
	at java.util.concurrent.ThreadPoolExecutor.runWorker(ThreadPoolExecutor.java:1149)
	at java.util.concurrent.ThreadPoolExecutor$Worker.run(ThreadPoolExecutor.java:624)
	at java.lang.Thread.run(Thread.java:750)
Caused by: org.bytedeco.javacv.FrameGrabber$Exception: avformat_open_input() error -1482175992: Could not open input "rtsp://admin:lbx123456@192.168.0.3:554". (Has setFormat() been called?)
	at org.bytedeco.javacv.FFmpegFrameGrabber.startUnsafe(FFmpegFrameGrabber.java:876)
	at org.bytedeco.javacv.FFmpegFrameGrabber.start(FFmpegFrameGrabber.java:801)
	at org.bytedeco.javacv.FFmpegFrameGrabber.start(FFmpegFrameGrabber.java:796)
	at com.shark.aio.data.video.service.ImageRecorderService.run(ImageRecorderService.java:107)
	at java.util.concurrent.Executors$RunnableAdapter.call(Executors.java:511)
	at java.util.concurrent.FutureTask.run(FutureTask.java:266)
	... 3 common frames omitted
2024-08-28 16:14:40.010 [,] [scheduling-1] ERROR o.s.s.s.TaskUtils$LoggingErrorHandler - [handleError,95] - Unexpected error occurred in scheduled task
java.util.concurrent.ExecutionException: org.bytedeco.javacv.FrameGrabber$Exception: avformat_open_input() error -1482175992: Could not open input "rtsp://admin:lbx123456@192.168.0.3:554". (Has setFormat() been called?)
	at java.util.concurrent.FutureTask.report(FutureTask.java:122)
	at java.util.concurrent.FutureTask.get(FutureTask.java:192)
	at com.shark.aio.base.controller.InitFFmpeg.monitorFfmpegProcess(InitFFmpeg.java:106)
	at com.shark.aio.base.controller.InitFFmpeg$$FastClassBySpringCGLIB$$6f28da27.invoke(<generated>)
	at org.springframework.cglib.proxy.MethodProxy.invoke(MethodProxy.java:218)
	at org.springframework.aop.framework.CglibAopProxy$CglibMethodInvocation.invokeJoinpoint(CglibAopProxy.java:793)
	at org.springframework.aop.framework.ReflectiveMethodInvocation.proceed(ReflectiveMethodInvocation.java:163)
	at org.springframework.aop.framework.CglibAopProxy$CglibMethodInvocation.proceed(CglibAopProxy.java:763)
	at org.springframework.aop.framework.adapter.MethodBeforeAdviceInterceptor.invoke(MethodBeforeAdviceInterceptor.java:58)
	at org.springframework.aop.framework.ReflectiveMethodInvocation.proceed(ReflectiveMethodInvocation.java:186)
	at org.springframework.aop.framework.CglibAopProxy$CglibMethodInvocation.proceed(CglibAopProxy.java:763)
	at org.springframework.aop.interceptor.ExposeInvocationInterceptor.invoke(ExposeInvocationInterceptor.java:97)
	at org.springframework.aop.framework.ReflectiveMethodInvocation.proceed(ReflectiveMethodInvocation.java:186)
	at org.springframework.aop.framework.CglibAopProxy$CglibMethodInvocation.proceed(CglibAopProxy.java:763)
	at org.springframework.aop.framework.CglibAopProxy$DynamicAdvisedInterceptor.intercept(CglibAopProxy.java:708)
	at com.shark.aio.base.controller.InitFFmpeg$$EnhancerBySpringCGLIB$$d2a69b64.monitorFfmpegProcess(<generated>)
	at sun.reflect.NativeMethodAccessorImpl.invoke0(Native Method)
	at sun.reflect.NativeMethodAccessorImpl.invoke(NativeMethodAccessorImpl.java:62)
	at sun.reflect.DelegatingMethodAccessorImpl.invoke(DelegatingMethodAccessorImpl.java:43)
	at java.lang.reflect.Method.invoke(Method.java:498)
	at org.springframework.scheduling.support.ScheduledMethodRunnable.run(ScheduledMethodRunnable.java:84)
	at org.springframework.scheduling.support.DelegatingErrorHandlingRunnable.run(DelegatingErrorHandlingRunnable.java:54)
	at org.springframework.scheduling.concurrent.ReschedulingRunnable.run(ReschedulingRunnable.java:95)
	at java.util.concurrent.Executors$RunnableAdapter.call(Executors.java:511)
	at java.util.concurrent.FutureTask.run(FutureTask.java:266)
	at java.util.concurrent.ScheduledThreadPoolExecutor$ScheduledFutureTask.access$201(ScheduledThreadPoolExecutor.java:180)
	at java.util.concurrent.ScheduledThreadPoolExecutor$ScheduledFutureTask.run(ScheduledThreadPoolExecutor.java:293)
	at java.util.concurrent.ThreadPoolExecutor.runWorker(ThreadPoolExecutor.java:1149)
	at java.util.concurrent.ThreadPoolExecutor$Worker.run(ThreadPoolExecutor.java:624)
	at java.lang.Thread.run(Thread.java:750)
Caused by: org.bytedeco.javacv.FrameGrabber$Exception: avformat_open_input() error -1482175992: Could not open input "rtsp://admin:lbx123456@192.168.0.3:554". (Has setFormat() been called?)
	at org.bytedeco.javacv.FFmpegFrameGrabber.startUnsafe(FFmpegFrameGrabber.java:876)
	at org.bytedeco.javacv.FFmpegFrameGrabber.start(FFmpegFrameGrabber.java:801)
	at org.bytedeco.javacv.FFmpegFrameGrabber.start(FFmpegFrameGrabber.java:796)
	at com.shark.aio.data.video.service.ImageRecorderService.run(ImageRecorderService.java:107)
	at java.util.concurrent.Executors$RunnableAdapter.call(Executors.java:511)
	at java.util.concurrent.FutureTask.run(FutureTask.java:266)
	... 3 common frames omitted
2024-08-28 16:14:50.015 [,] [scheduling-1] ERROR o.s.s.s.TaskUtils$LoggingErrorHandler - [handleError,95] - Unexpected error occurred in scheduled task
java.util.concurrent.ExecutionException: org.bytedeco.javacv.FrameGrabber$Exception: avformat_open_input() error -1482175992: Could not open input "rtsp://admin:lbx123456@192.168.0.3:554". (Has setFormat() been called?)
	at java.util.concurrent.FutureTask.report(FutureTask.java:122)
	at java.util.concurrent.FutureTask.get(FutureTask.java:192)
	at com.shark.aio.base.controller.InitFFmpeg.monitorFfmpegProcess(InitFFmpeg.java:106)
	at com.shark.aio.base.controller.InitFFmpeg$$FastClassBySpringCGLIB$$6f28da27.invoke(<generated>)
	at org.springframework.cglib.proxy.MethodProxy.invoke(MethodProxy.java:218)
	at org.springframework.aop.framework.CglibAopProxy$CglibMethodInvocation.invokeJoinpoint(CglibAopProxy.java:793)
	at org.springframework.aop.framework.ReflectiveMethodInvocation.proceed(ReflectiveMethodInvocation.java:163)
	at org.springframework.aop.framework.CglibAopProxy$CglibMethodInvocation.proceed(CglibAopProxy.java:763)
	at org.springframework.aop.framework.adapter.MethodBeforeAdviceInterceptor.invoke(MethodBeforeAdviceInterceptor.java:58)
	at org.springframework.aop.framework.ReflectiveMethodInvocation.proceed(ReflectiveMethodInvocation.java:186)
	at org.springframework.aop.framework.CglibAopProxy$CglibMethodInvocation.proceed(CglibAopProxy.java:763)
	at org.springframework.aop.interceptor.ExposeInvocationInterceptor.invoke(ExposeInvocationInterceptor.java:97)
	at org.springframework.aop.framework.ReflectiveMethodInvocation.proceed(ReflectiveMethodInvocation.java:186)
	at org.springframework.aop.framework.CglibAopProxy$CglibMethodInvocation.proceed(CglibAopProxy.java:763)
	at org.springframework.aop.framework.CglibAopProxy$DynamicAdvisedInterceptor.intercept(CglibAopProxy.java:708)
	at com.shark.aio.base.controller.InitFFmpeg$$EnhancerBySpringCGLIB$$d2a69b64.monitorFfmpegProcess(<generated>)
	at sun.reflect.NativeMethodAccessorImpl.invoke0(Native Method)
	at sun.reflect.NativeMethodAccessorImpl.invoke(NativeMethodAccessorImpl.java:62)
	at sun.reflect.DelegatingMethodAccessorImpl.invoke(DelegatingMethodAccessorImpl.java:43)
	at java.lang.reflect.Method.invoke(Method.java:498)
	at org.springframework.scheduling.support.ScheduledMethodRunnable.run(ScheduledMethodRunnable.java:84)
	at org.springframework.scheduling.support.DelegatingErrorHandlingRunnable.run(DelegatingErrorHandlingRunnable.java:54)
	at org.springframework.scheduling.concurrent.ReschedulingRunnable.run(ReschedulingRunnable.java:95)
	at java.util.concurrent.Executors$RunnableAdapter.call(Executors.java:511)
	at java.util.concurrent.FutureTask.run(FutureTask.java:266)
	at java.util.concurrent.ScheduledThreadPoolExecutor$ScheduledFutureTask.access$201(ScheduledThreadPoolExecutor.java:180)
	at java.util.concurrent.ScheduledThreadPoolExecutor$ScheduledFutureTask.run(ScheduledThreadPoolExecutor.java:293)
	at java.util.concurrent.ThreadPoolExecutor.runWorker(ThreadPoolExecutor.java:1149)
	at java.util.concurrent.ThreadPoolExecutor$Worker.run(ThreadPoolExecutor.java:624)
	at java.lang.Thread.run(Thread.java:750)
Caused by: org.bytedeco.javacv.FrameGrabber$Exception: avformat_open_input() error -1482175992: Could not open input "rtsp://admin:lbx123456@192.168.0.3:554". (Has setFormat() been called?)
	at org.bytedeco.javacv.FFmpegFrameGrabber.startUnsafe(FFmpegFrameGrabber.java:876)
	at org.bytedeco.javacv.FFmpegFrameGrabber.start(FFmpegFrameGrabber.java:801)
	at org.bytedeco.javacv.FFmpegFrameGrabber.start(FFmpegFrameGrabber.java:796)
	at com.shark.aio.data.video.service.ImageRecorderService.run(ImageRecorderService.java:107)
	at java.util.concurrent.Executors$RunnableAdapter.call(Executors.java:511)
	at java.util.concurrent.FutureTask.run(FutureTask.java:266)
	... 3 common frames omitted
2024-08-28 16:15:00.017 [,] [scheduling-1] ERROR o.s.s.s.TaskUtils$LoggingErrorHandler - [handleError,95] - Unexpected error occurred in scheduled task
java.util.concurrent.ExecutionException: org.bytedeco.javacv.FrameGrabber$Exception: avformat_open_input() error -1482175992: Could not open input "rtsp://admin:lbx123456@192.168.0.3:554". (Has setFormat() been called?)
	at java.util.concurrent.FutureTask.report(FutureTask.java:122)
	at java.util.concurrent.FutureTask.get(FutureTask.java:192)
	at com.shark.aio.base.controller.InitFFmpeg.monitorFfmpegProcess(InitFFmpeg.java:106)
	at com.shark.aio.base.controller.InitFFmpeg$$FastClassBySpringCGLIB$$6f28da27.invoke(<generated>)
	at org.springframework.cglib.proxy.MethodProxy.invoke(MethodProxy.java:218)
	at org.springframework.aop.framework.CglibAopProxy$CglibMethodInvocation.invokeJoinpoint(CglibAopProxy.java:793)
	at org.springframework.aop.framework.ReflectiveMethodInvocation.proceed(ReflectiveMethodInvocation.java:163)
	at org.springframework.aop.framework.CglibAopProxy$CglibMethodInvocation.proceed(CglibAopProxy.java:763)
	at org.springframework.aop.framework.adapter.MethodBeforeAdviceInterceptor.invoke(MethodBeforeAdviceInterceptor.java:58)
	at org.springframework.aop.framework.ReflectiveMethodInvocation.proceed(ReflectiveMethodInvocation.java:186)
	at org.springframework.aop.framework.CglibAopProxy$CglibMethodInvocation.proceed(CglibAopProxy.java:763)
	at org.springframework.aop.interceptor.ExposeInvocationInterceptor.invoke(ExposeInvocationInterceptor.java:97)
	at org.springframework.aop.framework.ReflectiveMethodInvocation.proceed(ReflectiveMethodInvocation.java:186)
	at org.springframework.aop.framework.CglibAopProxy$CglibMethodInvocation.proceed(CglibAopProxy.java:763)
	at org.springframework.aop.framework.CglibAopProxy$DynamicAdvisedInterceptor.intercept(CglibAopProxy.java:708)
	at com.shark.aio.base.controller.InitFFmpeg$$EnhancerBySpringCGLIB$$d2a69b64.monitorFfmpegProcess(<generated>)
	at sun.reflect.NativeMethodAccessorImpl.invoke0(Native Method)
	at sun.reflect.NativeMethodAccessorImpl.invoke(NativeMethodAccessorImpl.java:62)
	at sun.reflect.DelegatingMethodAccessorImpl.invoke(DelegatingMethodAccessorImpl.java:43)
	at java.lang.reflect.Method.invoke(Method.java:498)
	at org.springframework.scheduling.support.ScheduledMethodRunnable.run(ScheduledMethodRunnable.java:84)
	at org.springframework.scheduling.support.DelegatingErrorHandlingRunnable.run(DelegatingErrorHandlingRunnable.java:54)
	at org.springframework.scheduling.concurrent.ReschedulingRunnable.run(ReschedulingRunnable.java:95)
	at java.util.concurrent.Executors$RunnableAdapter.call(Executors.java:511)
	at java.util.concurrent.FutureTask.run(FutureTask.java:266)
	at java.util.concurrent.ScheduledThreadPoolExecutor$ScheduledFutureTask.access$201(ScheduledThreadPoolExecutor.java:180)
	at java.util.concurrent.ScheduledThreadPoolExecutor$ScheduledFutureTask.run(ScheduledThreadPoolExecutor.java:293)
	at java.util.concurrent.ThreadPoolExecutor.runWorker(ThreadPoolExecutor.java:1149)
	at java.util.concurrent.ThreadPoolExecutor$Worker.run(ThreadPoolExecutor.java:624)
	at java.lang.Thread.run(Thread.java:750)
Caused by: org.bytedeco.javacv.FrameGrabber$Exception: avformat_open_input() error -1482175992: Could not open input "rtsp://admin:lbx123456@192.168.0.3:554". (Has setFormat() been called?)
	at org.bytedeco.javacv.FFmpegFrameGrabber.startUnsafe(FFmpegFrameGrabber.java:876)
	at org.bytedeco.javacv.FFmpegFrameGrabber.start(FFmpegFrameGrabber.java:801)
	at org.bytedeco.javacv.FFmpegFrameGrabber.start(FFmpegFrameGrabber.java:796)
	at com.shark.aio.data.video.service.ImageRecorderService.run(ImageRecorderService.java:107)
	at java.util.concurrent.Executors$RunnableAdapter.call(Executors.java:511)
	at java.util.concurrent.FutureTask.run(FutureTask.java:266)
	... 3 common frames omitted
2024-08-28 16:15:10.012 [,] [scheduling-1] ERROR o.s.s.s.TaskUtils$LoggingErrorHandler - [handleError,95] - Unexpected error occurred in scheduled task
java.util.concurrent.ExecutionException: org.bytedeco.javacv.FrameGrabber$Exception: avformat_open_input() error -1482175992: Could not open input "rtsp://admin:lbx123456@192.168.0.3:554". (Has setFormat() been called?)
	at java.util.concurrent.FutureTask.report(FutureTask.java:122)
	at java.util.concurrent.FutureTask.get(FutureTask.java:192)
	at com.shark.aio.base.controller.InitFFmpeg.monitorFfmpegProcess(InitFFmpeg.java:106)
	at com.shark.aio.base.controller.InitFFmpeg$$FastClassBySpringCGLIB$$6f28da27.invoke(<generated>)
	at org.springframework.cglib.proxy.MethodProxy.invoke(MethodProxy.java:218)
	at org.springframework.aop.framework.CglibAopProxy$CglibMethodInvocation.invokeJoinpoint(CglibAopProxy.java:793)
	at org.springframework.aop.framework.ReflectiveMethodInvocation.proceed(ReflectiveMethodInvocation.java:163)
	at org.springframework.aop.framework.CglibAopProxy$CglibMethodInvocation.proceed(CglibAopProxy.java:763)
	at org.springframework.aop.framework.adapter.MethodBeforeAdviceInterceptor.invoke(MethodBeforeAdviceInterceptor.java:58)
	at org.springframework.aop.framework.ReflectiveMethodInvocation.proceed(ReflectiveMethodInvocation.java:186)
	at org.springframework.aop.framework.CglibAopProxy$CglibMethodInvocation.proceed(CglibAopProxy.java:763)
	at org.springframework.aop.interceptor.ExposeInvocationInterceptor.invoke(ExposeInvocationInterceptor.java:97)
	at org.springframework.aop.framework.ReflectiveMethodInvocation.proceed(ReflectiveMethodInvocation.java:186)
	at org.springframework.aop.framework.CglibAopProxy$CglibMethodInvocation.proceed(CglibAopProxy.java:763)
	at org.springframework.aop.framework.CglibAopProxy$DynamicAdvisedInterceptor.intercept(CglibAopProxy.java:708)
	at com.shark.aio.base.controller.InitFFmpeg$$EnhancerBySpringCGLIB$$d2a69b64.monitorFfmpegProcess(<generated>)
	at sun.reflect.NativeMethodAccessorImpl.invoke0(Native Method)
	at sun.reflect.NativeMethodAccessorImpl.invoke(NativeMethodAccessorImpl.java:62)
	at sun.reflect.DelegatingMethodAccessorImpl.invoke(DelegatingMethodAccessorImpl.java:43)
	at java.lang.reflect.Method.invoke(Method.java:498)
	at org.springframework.scheduling.support.ScheduledMethodRunnable.run(ScheduledMethodRunnable.java:84)
	at org.springframework.scheduling.support.DelegatingErrorHandlingRunnable.run(DelegatingErrorHandlingRunnable.java:54)
	at org.springframework.scheduling.concurrent.ReschedulingRunnable.run(ReschedulingRunnable.java:95)
	at java.util.concurrent.Executors$RunnableAdapter.call(Executors.java:511)
	at java.util.concurrent.FutureTask.run(FutureTask.java:266)
	at java.util.concurrent.ScheduledThreadPoolExecutor$ScheduledFutureTask.access$201(ScheduledThreadPoolExecutor.java:180)
	at java.util.concurrent.ScheduledThreadPoolExecutor$ScheduledFutureTask.run(ScheduledThreadPoolExecutor.java:293)
	at java.util.concurrent.ThreadPoolExecutor.runWorker(ThreadPoolExecutor.java:1149)
	at java.util.concurrent.ThreadPoolExecutor$Worker.run(ThreadPoolExecutor.java:624)
	at java.lang.Thread.run(Thread.java:750)
Caused by: org.bytedeco.javacv.FrameGrabber$Exception: avformat_open_input() error -1482175992: Could not open input "rtsp://admin:lbx123456@192.168.0.3:554". (Has setFormat() been called?)
	at org.bytedeco.javacv.FFmpegFrameGrabber.startUnsafe(FFmpegFrameGrabber.java:876)
	at org.bytedeco.javacv.FFmpegFrameGrabber.start(FFmpegFrameGrabber.java:801)
	at org.bytedeco.javacv.FFmpegFrameGrabber.start(FFmpegFrameGrabber.java:796)
	at com.shark.aio.data.video.service.ImageRecorderService.run(ImageRecorderService.java:107)
	at java.util.concurrent.Executors$RunnableAdapter.call(Executors.java:511)
	at java.util.concurrent.FutureTask.run(FutureTask.java:266)
	... 3 common frames omitted
2024-08-28 16:15:20.013 [,] [scheduling-1] ERROR o.s.s.s.TaskUtils$LoggingErrorHandler - [handleError,95] - Unexpected error occurred in scheduled task
java.util.concurrent.ExecutionException: org.bytedeco.javacv.FrameGrabber$Exception: avformat_open_input() error -1482175992: Could not open input "rtsp://admin:lbx123456@192.168.0.3:554". (Has setFormat() been called?)
	at java.util.concurrent.FutureTask.report(FutureTask.java:122)
	at java.util.concurrent.FutureTask.get(FutureTask.java:192)
	at com.shark.aio.base.controller.InitFFmpeg.monitorFfmpegProcess(InitFFmpeg.java:106)
	at com.shark.aio.base.controller.InitFFmpeg$$FastClassBySpringCGLIB$$6f28da27.invoke(<generated>)
	at org.springframework.cglib.proxy.MethodProxy.invoke(MethodProxy.java:218)
	at org.springframework.aop.framework.CglibAopProxy$CglibMethodInvocation.invokeJoinpoint(CglibAopProxy.java:793)
	at org.springframework.aop.framework.ReflectiveMethodInvocation.proceed(ReflectiveMethodInvocation.java:163)
	at org.springframework.aop.framework.CglibAopProxy$CglibMethodInvocation.proceed(CglibAopProxy.java:763)
	at org.springframework.aop.framework.adapter.MethodBeforeAdviceInterceptor.invoke(MethodBeforeAdviceInterceptor.java:58)
	at org.springframework.aop.framework.ReflectiveMethodInvocation.proceed(ReflectiveMethodInvocation.java:186)
	at org.springframework.aop.framework.CglibAopProxy$CglibMethodInvocation.proceed(CglibAopProxy.java:763)
	at org.springframework.aop.interceptor.ExposeInvocationInterceptor.invoke(ExposeInvocationInterceptor.java:97)
	at org.springframework.aop.framework.ReflectiveMethodInvocation.proceed(ReflectiveMethodInvocation.java:186)
	at org.springframework.aop.framework.CglibAopProxy$CglibMethodInvocation.proceed(CglibAopProxy.java:763)
	at org.springframework.aop.framework.CglibAopProxy$DynamicAdvisedInterceptor.intercept(CglibAopProxy.java:708)
	at com.shark.aio.base.controller.InitFFmpeg$$EnhancerBySpringCGLIB$$d2a69b64.monitorFfmpegProcess(<generated>)
	at sun.reflect.NativeMethodAccessorImpl.invoke0(Native Method)
	at sun.reflect.NativeMethodAccessorImpl.invoke(NativeMethodAccessorImpl.java:62)
	at sun.reflect.DelegatingMethodAccessorImpl.invoke(DelegatingMethodAccessorImpl.java:43)
	at java.lang.reflect.Method.invoke(Method.java:498)
	at org.springframework.scheduling.support.ScheduledMethodRunnable.run(ScheduledMethodRunnable.java:84)
	at org.springframework.scheduling.support.DelegatingErrorHandlingRunnable.run(DelegatingErrorHandlingRunnable.java:54)
	at org.springframework.scheduling.concurrent.ReschedulingRunnable.run(ReschedulingRunnable.java:95)
	at java.util.concurrent.Executors$RunnableAdapter.call(Executors.java:511)
	at java.util.concurrent.FutureTask.run(FutureTask.java:266)
	at java.util.concurrent.ScheduledThreadPoolExecutor$ScheduledFutureTask.access$201(ScheduledThreadPoolExecutor.java:180)
	at java.util.concurrent.ScheduledThreadPoolExecutor$ScheduledFutureTask.run(ScheduledThreadPoolExecutor.java:293)
	at java.util.concurrent.ThreadPoolExecutor.runWorker(ThreadPoolExecutor.java:1149)
	at java.util.concurrent.ThreadPoolExecutor$Worker.run(ThreadPoolExecutor.java:624)
	at java.lang.Thread.run(Thread.java:750)
Caused by: org.bytedeco.javacv.FrameGrabber$Exception: avformat_open_input() error -1482175992: Could not open input "rtsp://admin:lbx123456@192.168.0.3:554". (Has setFormat() been called?)
	at org.bytedeco.javacv.FFmpegFrameGrabber.startUnsafe(FFmpegFrameGrabber.java:876)
	at org.bytedeco.javacv.FFmpegFrameGrabber.start(FFmpegFrameGrabber.java:801)
	at org.bytedeco.javacv.FFmpegFrameGrabber.start(FFmpegFrameGrabber.java:796)
	at com.shark.aio.data.video.service.ImageRecorderService.run(ImageRecorderService.java:107)
	at java.util.concurrent.Executors$RunnableAdapter.call(Executors.java:511)
	at java.util.concurrent.FutureTask.run(FutureTask.java:266)
	... 3 common frames omitted
2024-08-28 16:15:30.012 [,] [scheduling-1] ERROR o.s.s.s.TaskUtils$LoggingErrorHandler - [handleError,95] - Unexpected error occurred in scheduled task
java.util.concurrent.ExecutionException: org.bytedeco.javacv.FrameGrabber$Exception: avformat_open_input() error -1482175992: Could not open input "rtsp://admin:lbx123456@192.168.0.3:554". (Has setFormat() been called?)
	at java.util.concurrent.FutureTask.report(FutureTask.java:122)
	at java.util.concurrent.FutureTask.get(FutureTask.java:192)
	at com.shark.aio.base.controller.InitFFmpeg.monitorFfmpegProcess(InitFFmpeg.java:106)
	at com.shark.aio.base.controller.InitFFmpeg$$FastClassBySpringCGLIB$$6f28da27.invoke(<generated>)
	at org.springframework.cglib.proxy.MethodProxy.invoke(MethodProxy.java:218)
	at org.springframework.aop.framework.CglibAopProxy$CglibMethodInvocation.invokeJoinpoint(CglibAopProxy.java:793)
	at org.springframework.aop.framework.ReflectiveMethodInvocation.proceed(ReflectiveMethodInvocation.java:163)
	at org.springframework.aop.framework.CglibAopProxy$CglibMethodInvocation.proceed(CglibAopProxy.java:763)
	at org.springframework.aop.framework.adapter.MethodBeforeAdviceInterceptor.invoke(MethodBeforeAdviceInterceptor.java:58)
	at org.springframework.aop.framework.ReflectiveMethodInvocation.proceed(ReflectiveMethodInvocation.java:186)
	at org.springframework.aop.framework.CglibAopProxy$CglibMethodInvocation.proceed(CglibAopProxy.java:763)
	at org.springframework.aop.interceptor.ExposeInvocationInterceptor.invoke(ExposeInvocationInterceptor.java:97)
	at org.springframework.aop.framework.ReflectiveMethodInvocation.proceed(ReflectiveMethodInvocation.java:186)
	at org.springframework.aop.framework.CglibAopProxy$CglibMethodInvocation.proceed(CglibAopProxy.java:763)
	at org.springframework.aop.framework.CglibAopProxy$DynamicAdvisedInterceptor.intercept(CglibAopProxy.java:708)
	at com.shark.aio.base.controller.InitFFmpeg$$EnhancerBySpringCGLIB$$d2a69b64.monitorFfmpegProcess(<generated>)
	at sun.reflect.NativeMethodAccessorImpl.invoke0(Native Method)
	at sun.reflect.NativeMethodAccessorImpl.invoke(NativeMethodAccessorImpl.java:62)
	at sun.reflect.DelegatingMethodAccessorImpl.invoke(DelegatingMethodAccessorImpl.java:43)
	at java.lang.reflect.Method.invoke(Method.java:498)
	at org.springframework.scheduling.support.ScheduledMethodRunnable.run(ScheduledMethodRunnable.java:84)
	at org.springframework.scheduling.support.DelegatingErrorHandlingRunnable.run(DelegatingErrorHandlingRunnable.java:54)
	at org.springframework.scheduling.concurrent.ReschedulingRunnable.run(ReschedulingRunnable.java:95)
	at java.util.concurrent.Executors$RunnableAdapter.call(Executors.java:511)
	at java.util.concurrent.FutureTask.run(FutureTask.java:266)
	at java.util.concurrent.ScheduledThreadPoolExecutor$ScheduledFutureTask.access$201(ScheduledThreadPoolExecutor.java:180)
	at java.util.concurrent.ScheduledThreadPoolExecutor$ScheduledFutureTask.run(ScheduledThreadPoolExecutor.java:293)
	at java.util.concurrent.ThreadPoolExecutor.runWorker(ThreadPoolExecutor.java:1149)
	at java.util.concurrent.ThreadPoolExecutor$Worker.run(ThreadPoolExecutor.java:624)
	at java.lang.Thread.run(Thread.java:750)
Caused by: org.bytedeco.javacv.FrameGrabber$Exception: avformat_open_input() error -1482175992: Could not open input "rtsp://admin:lbx123456@192.168.0.3:554". (Has setFormat() been called?)
	at org.bytedeco.javacv.FFmpegFrameGrabber.startUnsafe(FFmpegFrameGrabber.java:876)
	at org.bytedeco.javacv.FFmpegFrameGrabber.start(FFmpegFrameGrabber.java:801)
	at org.bytedeco.javacv.FFmpegFrameGrabber.start(FFmpegFrameGrabber.java:796)
	at com.shark.aio.data.video.service.ImageRecorderService.run(ImageRecorderService.java:107)
	at java.util.concurrent.Executors$RunnableAdapter.call(Executors.java:511)
	at java.util.concurrent.FutureTask.run(FutureTask.java:266)
	... 3 common frames omitted
2024-08-28 16:19:49.164 [,] [scheduling-1] ERROR o.s.s.s.TaskUtils$LoggingErrorHandler - [handleError,95] - Unexpected error occurred in scheduled task
java.lang.InterruptedException: null
	at java.util.concurrent.FutureTask.awaitDone(FutureTask.java:404)
	at java.util.concurrent.FutureTask.get(FutureTask.java:191)
	at com.shark.aio.base.controller.InitFFmpeg.monitorFfmpegProcess(InitFFmpeg.java:106)
	at com.shark.aio.base.controller.InitFFmpeg$$FastClassBySpringCGLIB$$6f28da27.invoke(<generated>)
	at org.springframework.cglib.proxy.MethodProxy.invoke(MethodProxy.java:218)
	at org.springframework.aop.framework.CglibAopProxy$CglibMethodInvocation.invokeJoinpoint(CglibAopProxy.java:793)
	at org.springframework.aop.framework.ReflectiveMethodInvocation.proceed(ReflectiveMethodInvocation.java:163)
	at org.springframework.aop.framework.CglibAopProxy$CglibMethodInvocation.proceed(CglibAopProxy.java:763)
	at org.springframework.aop.framework.adapter.MethodBeforeAdviceInterceptor.invoke(MethodBeforeAdviceInterceptor.java:58)
	at org.springframework.aop.framework.ReflectiveMethodInvocation.proceed(ReflectiveMethodInvocation.java:186)
	at org.springframework.aop.framework.CglibAopProxy$CglibMethodInvocation.proceed(CglibAopProxy.java:763)
	at org.springframework.aop.interceptor.ExposeInvocationInterceptor.invoke(ExposeInvocationInterceptor.java:97)
	at org.springframework.aop.framework.ReflectiveMethodInvocation.proceed(ReflectiveMethodInvocation.java:186)
	at org.springframework.aop.framework.CglibAopProxy$CglibMethodInvocation.proceed(CglibAopProxy.java:763)
	at org.springframework.aop.framework.CglibAopProxy$DynamicAdvisedInterceptor.intercept(CglibAopProxy.java:708)
	at com.shark.aio.base.controller.InitFFmpeg$$EnhancerBySpringCGLIB$$28092d10.monitorFfmpegProcess(<generated>)
	at sun.reflect.NativeMethodAccessorImpl.invoke0(Native Method)
	at sun.reflect.NativeMethodAccessorImpl.invoke(NativeMethodAccessorImpl.java:62)
	at sun.reflect.DelegatingMethodAccessorImpl.invoke(DelegatingMethodAccessorImpl.java:43)
	at java.lang.reflect.Method.invoke(Method.java:498)
	at org.springframework.scheduling.support.ScheduledMethodRunnable.run(ScheduledMethodRunnable.java:84)
	at org.springframework.scheduling.support.DelegatingErrorHandlingRunnable.run(DelegatingErrorHandlingRunnable.java:54)
	at org.springframework.scheduling.concurrent.ReschedulingRunnable.run(ReschedulingRunnable.java:95)
	at java.util.concurrent.Executors$RunnableAdapter.call(Executors.java:511)
	at java.util.concurrent.FutureTask.run(FutureTask.java:266)
	at java.util.concurrent.ScheduledThreadPoolExecutor$ScheduledFutureTask.access$201(ScheduledThreadPoolExecutor.java:180)
	at java.util.concurrent.ScheduledThreadPoolExecutor$ScheduledFutureTask.run(ScheduledThreadPoolExecutor.java:293)
	at java.util.concurrent.ThreadPoolExecutor.runWorker(ThreadPoolExecutor.java:1149)
	at java.util.concurrent.ThreadPoolExecutor$Worker.run(ThreadPoolExecutor.java:624)
	at java.lang.Thread.run(Thread.java:750)
2024-08-28 16:23:57.603 [,] [scheduling-1] ERROR o.s.s.s.TaskUtils$LoggingErrorHandler - [handleError,95] - Unexpected error occurred in scheduled task
java.lang.InterruptedException: null
	at java.util.concurrent.FutureTask.awaitDone(FutureTask.java:404)
	at java.util.concurrent.FutureTask.get(FutureTask.java:191)
	at com.shark.aio.base.controller.InitFFmpeg.monitorFfmpegProcess(InitFFmpeg.java:106)
	at com.shark.aio.base.controller.InitFFmpeg$$FastClassBySpringCGLIB$$6f28da27.invoke(<generated>)
	at org.springframework.cglib.proxy.MethodProxy.invoke(MethodProxy.java:218)
	at org.springframework.aop.framework.CglibAopProxy$CglibMethodInvocation.invokeJoinpoint(CglibAopProxy.java:793)
	at org.springframework.aop.framework.ReflectiveMethodInvocation.proceed(ReflectiveMethodInvocation.java:163)
	at org.springframework.aop.framework.CglibAopProxy$CglibMethodInvocation.proceed(CglibAopProxy.java:763)
	at org.springframework.aop.framework.adapter.MethodBeforeAdviceInterceptor.invoke(MethodBeforeAdviceInterceptor.java:58)
	at org.springframework.aop.framework.ReflectiveMethodInvocation.proceed(ReflectiveMethodInvocation.java:186)
	at org.springframework.aop.framework.CglibAopProxy$CglibMethodInvocation.proceed(CglibAopProxy.java:763)
	at org.springframework.aop.interceptor.ExposeInvocationInterceptor.invoke(ExposeInvocationInterceptor.java:97)
	at org.springframework.aop.framework.ReflectiveMethodInvocation.proceed(ReflectiveMethodInvocation.java:186)
	at org.springframework.aop.framework.CglibAopProxy$CglibMethodInvocation.proceed(CglibAopProxy.java:763)
	at org.springframework.aop.framework.CglibAopProxy$DynamicAdvisedInterceptor.intercept(CglibAopProxy.java:708)
	at com.shark.aio.base.controller.InitFFmpeg$$EnhancerBySpringCGLIB$$97e3e443.monitorFfmpegProcess(<generated>)
	at sun.reflect.NativeMethodAccessorImpl.invoke0(Native Method)
	at sun.reflect.NativeMethodAccessorImpl.invoke(NativeMethodAccessorImpl.java:62)
	at sun.reflect.DelegatingMethodAccessorImpl.invoke(DelegatingMethodAccessorImpl.java:43)
	at java.lang.reflect.Method.invoke(Method.java:498)
	at org.springframework.scheduling.support.ScheduledMethodRunnable.run(ScheduledMethodRunnable.java:84)
	at org.springframework.scheduling.support.DelegatingErrorHandlingRunnable.run(DelegatingErrorHandlingRunnable.java:54)
	at org.springframework.scheduling.concurrent.ReschedulingRunnable.run(ReschedulingRunnable.java:95)
	at java.util.concurrent.Executors$RunnableAdapter.call(Executors.java:511)
	at java.util.concurrent.FutureTask.run(FutureTask.java:266)
	at java.util.concurrent.ScheduledThreadPoolExecutor$ScheduledFutureTask.access$201(ScheduledThreadPoolExecutor.java:180)
	at java.util.concurrent.ScheduledThreadPoolExecutor$ScheduledFutureTask.run(ScheduledThreadPoolExecutor.java:293)
	at java.util.concurrent.ThreadPoolExecutor.runWorker(ThreadPoolExecutor.java:1149)
	at java.util.concurrent.ThreadPoolExecutor$Worker.run(ThreadPoolExecutor.java:624)
	at java.lang.Thread.run(Thread.java:750)
2024-08-28 16:29:33.504 [,] [scheduling-1] ERROR o.s.s.s.TaskUtils$LoggingErrorHandler - [handleError,95] - Unexpected error occurred in scheduled task
java.lang.InterruptedException: null
	at java.util.concurrent.FutureTask.awaitDone(FutureTask.java:404)
	at java.util.concurrent.FutureTask.get(FutureTask.java:191)
	at com.shark.aio.base.controller.InitFFmpeg.monitorFfmpegProcess(InitFFmpeg.java:106)
	at com.shark.aio.base.controller.InitFFmpeg$$FastClassBySpringCGLIB$$6f28da27.invoke(<generated>)
	at org.springframework.cglib.proxy.MethodProxy.invoke(MethodProxy.java:218)
	at org.springframework.aop.framework.CglibAopProxy$CglibMethodInvocation.invokeJoinpoint(CglibAopProxy.java:793)
	at org.springframework.aop.framework.ReflectiveMethodInvocation.proceed(ReflectiveMethodInvocation.java:163)
	at org.springframework.aop.framework.CglibAopProxy$CglibMethodInvocation.proceed(CglibAopProxy.java:763)
	at org.springframework.aop.framework.adapter.MethodBeforeAdviceInterceptor.invoke(MethodBeforeAdviceInterceptor.java:58)
	at org.springframework.aop.framework.ReflectiveMethodInvocation.proceed(ReflectiveMethodInvocation.java:186)
	at org.springframework.aop.framework.CglibAopProxy$CglibMethodInvocation.proceed(CglibAopProxy.java:763)
	at org.springframework.aop.interceptor.ExposeInvocationInterceptor.invoke(ExposeInvocationInterceptor.java:97)
	at org.springframework.aop.framework.ReflectiveMethodInvocation.proceed(ReflectiveMethodInvocation.java:186)
	at org.springframework.aop.framework.CglibAopProxy$CglibMethodInvocation.proceed(CglibAopProxy.java:763)
	at org.springframework.aop.framework.CglibAopProxy$DynamicAdvisedInterceptor.intercept(CglibAopProxy.java:708)
	at com.shark.aio.base.controller.InitFFmpeg$$EnhancerBySpringCGLIB$$6213e244.monitorFfmpegProcess(<generated>)
	at sun.reflect.NativeMethodAccessorImpl.invoke0(Native Method)
	at sun.reflect.NativeMethodAccessorImpl.invoke(NativeMethodAccessorImpl.java:62)
	at sun.reflect.DelegatingMethodAccessorImpl.invoke(DelegatingMethodAccessorImpl.java:43)
	at java.lang.reflect.Method.invoke(Method.java:498)
	at org.springframework.scheduling.support.ScheduledMethodRunnable.run(ScheduledMethodRunnable.java:84)
	at org.springframework.scheduling.support.DelegatingErrorHandlingRunnable.run(DelegatingErrorHandlingRunnable.java:54)
	at org.springframework.scheduling.concurrent.ReschedulingRunnable.run(ReschedulingRunnable.java:95)
	at java.util.concurrent.Executors$RunnableAdapter.call(Executors.java:511)
	at java.util.concurrent.FutureTask.run(FutureTask.java:266)
	at java.util.concurrent.ScheduledThreadPoolExecutor$ScheduledFutureTask.access$201(ScheduledThreadPoolExecutor.java:180)
	at java.util.concurrent.ScheduledThreadPoolExecutor$ScheduledFutureTask.run(ScheduledThreadPoolExecutor.java:293)
	at java.util.concurrent.ThreadPoolExecutor.runWorker(ThreadPoolExecutor.java:1149)
	at java.util.concurrent.ThreadPoolExecutor$Worker.run(ThreadPoolExecutor.java:624)
	at java.lang.Thread.run(Thread.java:750)
2024-08-28 16:41:13.289 [,] [scheduling-1] ERROR o.s.s.s.TaskUtils$LoggingErrorHandler - [handleError,95] - Unexpected error occurred in scheduled task
java.lang.InterruptedException: null
	at java.util.concurrent.FutureTask.awaitDone(FutureTask.java:404)
	at java.util.concurrent.FutureTask.get(FutureTask.java:191)
	at com.shark.aio.base.controller.InitFFmpeg.monitorFfmpegProcess(InitFFmpeg.java:106)
	at com.shark.aio.base.controller.InitFFmpeg$$FastClassBySpringCGLIB$$6f28da27.invoke(<generated>)
	at org.springframework.cglib.proxy.MethodProxy.invoke(MethodProxy.java:218)
	at org.springframework.aop.framework.CglibAopProxy$CglibMethodInvocation.invokeJoinpoint(CglibAopProxy.java:793)
	at org.springframework.aop.framework.ReflectiveMethodInvocation.proceed(ReflectiveMethodInvocation.java:163)
	at org.springframework.aop.framework.CglibAopProxy$CglibMethodInvocation.proceed(CglibAopProxy.java:763)
	at org.springframework.aop.framework.adapter.MethodBeforeAdviceInterceptor.invoke(MethodBeforeAdviceInterceptor.java:58)
	at org.springframework.aop.framework.ReflectiveMethodInvocation.proceed(ReflectiveMethodInvocation.java:186)
	at org.springframework.aop.framework.CglibAopProxy$CglibMethodInvocation.proceed(CglibAopProxy.java:763)
	at org.springframework.aop.interceptor.ExposeInvocationInterceptor.invoke(ExposeInvocationInterceptor.java:97)
	at org.springframework.aop.framework.ReflectiveMethodInvocation.proceed(ReflectiveMethodInvocation.java:186)
	at org.springframework.aop.framework.CglibAopProxy$CglibMethodInvocation.proceed(CglibAopProxy.java:763)
	at org.springframework.aop.framework.CglibAopProxy$DynamicAdvisedInterceptor.intercept(CglibAopProxy.java:708)
	at com.shark.aio.base.controller.InitFFmpeg$$EnhancerBySpringCGLIB$$28092d10.monitorFfmpegProcess(<generated>)
	at sun.reflect.NativeMethodAccessorImpl.invoke0(Native Method)
	at sun.reflect.NativeMethodAccessorImpl.invoke(NativeMethodAccessorImpl.java:62)
	at sun.reflect.DelegatingMethodAccessorImpl.invoke(DelegatingMethodAccessorImpl.java:43)
	at java.lang.reflect.Method.invoke(Method.java:498)
	at org.springframework.scheduling.support.ScheduledMethodRunnable.run(ScheduledMethodRunnable.java:84)
	at org.springframework.scheduling.support.DelegatingErrorHandlingRunnable.run(DelegatingErrorHandlingRunnable.java:54)
	at org.springframework.scheduling.concurrent.ReschedulingRunnable.run(ReschedulingRunnable.java:95)
	at java.util.concurrent.Executors$RunnableAdapter.call(Executors.java:511)
	at java.util.concurrent.FutureTask.run(FutureTask.java:266)
	at java.util.concurrent.ScheduledThreadPoolExecutor$ScheduledFutureTask.access$201(ScheduledThreadPoolExecutor.java:180)
	at java.util.concurrent.ScheduledThreadPoolExecutor$ScheduledFutureTask.run(ScheduledThreadPoolExecutor.java:293)
	at java.util.concurrent.ThreadPoolExecutor.runWorker(ThreadPoolExecutor.java:1149)
	at java.util.concurrent.ThreadPoolExecutor$Worker.run(ThreadPoolExecutor.java:624)
	at java.lang.Thread.run(Thread.java:750)
2024-08-28 16:41:42.896 [,] [scheduling-1] ERROR o.s.s.s.TaskUtils$LoggingErrorHandler - [handleError,95] - Unexpected error occurred in scheduled task
java.util.concurrent.ExecutionException: org.bytedeco.javacv.FrameGrabber$Exception: avformat_open_input() error -1482175992: Could not open input "rtsp://admin:lbx123456@192.168.0.3:554". (Has setFormat() been called?)
	at java.util.concurrent.FutureTask.report(FutureTask.java:122)
	at java.util.concurrent.FutureTask.get(FutureTask.java:192)
	at com.shark.aio.base.controller.InitFFmpeg.monitorFfmpegProcess(InitFFmpeg.java:106)
	at com.shark.aio.base.controller.InitFFmpeg$$FastClassBySpringCGLIB$$6f28da27.invoke(<generated>)
	at org.springframework.cglib.proxy.MethodProxy.invoke(MethodProxy.java:218)
	at org.springframework.aop.framework.CglibAopProxy$CglibMethodInvocation.invokeJoinpoint(CglibAopProxy.java:793)
	at org.springframework.aop.framework.ReflectiveMethodInvocation.proceed(ReflectiveMethodInvocation.java:163)
	at org.springframework.aop.framework.CglibAopProxy$CglibMethodInvocation.proceed(CglibAopProxy.java:763)
	at org.springframework.aop.framework.adapter.MethodBeforeAdviceInterceptor.invoke(MethodBeforeAdviceInterceptor.java:58)
	at org.springframework.aop.framework.ReflectiveMethodInvocation.proceed(ReflectiveMethodInvocation.java:186)
	at org.springframework.aop.framework.CglibAopProxy$CglibMethodInvocation.proceed(CglibAopProxy.java:763)
	at org.springframework.aop.interceptor.ExposeInvocationInterceptor.invoke(ExposeInvocationInterceptor.java:97)
	at org.springframework.aop.framework.ReflectiveMethodInvocation.proceed(ReflectiveMethodInvocation.java:186)
	at org.springframework.aop.framework.CglibAopProxy$CglibMethodInvocation.proceed(CglibAopProxy.java:763)
	at org.springframework.aop.framework.CglibAopProxy$DynamicAdvisedInterceptor.intercept(CglibAopProxy.java:708)
	at com.shark.aio.base.controller.InitFFmpeg$$EnhancerBySpringCGLIB$$444f92a6.monitorFfmpegProcess(<generated>)
	at sun.reflect.NativeMethodAccessorImpl.invoke0(Native Method)
	at sun.reflect.NativeMethodAccessorImpl.invoke(NativeMethodAccessorImpl.java:62)
	at sun.reflect.DelegatingMethodAccessorImpl.invoke(DelegatingMethodAccessorImpl.java:43)
	at java.lang.reflect.Method.invoke(Method.java:498)
	at org.springframework.scheduling.support.ScheduledMethodRunnable.run(ScheduledMethodRunnable.java:84)
	at org.springframework.scheduling.support.DelegatingErrorHandlingRunnable.run(DelegatingErrorHandlingRunnable.java:54)
	at org.springframework.scheduling.concurrent.ReschedulingRunnable.run(ReschedulingRunnable.java:95)
	at java.util.concurrent.Executors$RunnableAdapter.call(Executors.java:511)
	at java.util.concurrent.FutureTask.run(FutureTask.java:266)
	at java.util.concurrent.ScheduledThreadPoolExecutor$ScheduledFutureTask.access$201(ScheduledThreadPoolExecutor.java:180)
	at java.util.concurrent.ScheduledThreadPoolExecutor$ScheduledFutureTask.run(ScheduledThreadPoolExecutor.java:293)
	at java.util.concurrent.ThreadPoolExecutor.runWorker(ThreadPoolExecutor.java:1149)
	at java.util.concurrent.ThreadPoolExecutor$Worker.run(ThreadPoolExecutor.java:624)
	at java.lang.Thread.run(Thread.java:750)
Caused by: org.bytedeco.javacv.FrameGrabber$Exception: avformat_open_input() error -1482175992: Could not open input "rtsp://admin:lbx123456@192.168.0.3:554". (Has setFormat() been called?)
	at org.bytedeco.javacv.FFmpegFrameGrabber.startUnsafe(FFmpegFrameGrabber.java:876)
	at org.bytedeco.javacv.FFmpegFrameGrabber.start(FFmpegFrameGrabber.java:801)
	at org.bytedeco.javacv.FFmpegFrameGrabber.start(FFmpegFrameGrabber.java:796)
	at com.shark.aio.data.video.service.ImageRecorderService.run(ImageRecorderService.java:107)
	at java.util.concurrent.Executors$RunnableAdapter.call(Executors.java:511)
	at java.util.concurrent.FutureTask.run(FutureTask.java:266)
	... 3 common frames omitted
2024-08-28 16:41:46.452 [,] [http-nio-8089-exec-9] ERROR o.a.c.c.C.[.[.[.[dispatcherServlet] - [log,175] - Servlet.service() for servlet [dispatcherServlet] in context with path [] threw exception [Request processing failed; nested exception is org.springframework.web.client.ResourceAccessException: I/O error on POST request for "http://localhost:5555/receive_stream": Connection refused: connect; nested exception is java.net.ConnectException: Connection refused: connect] with root cause
java.net.ConnectException: Connection refused: connect
	at java.net.DualStackPlainSocketImpl.connect0(Native Method)
	at java.net.DualStackPlainSocketImpl.socketConnect(DualStackPlainSocketImpl.java:75)
	at java.net.AbstractPlainSocketImpl.doConnect(AbstractPlainSocketImpl.java:476)
	at java.net.AbstractPlainSocketImpl.connectToAddress(AbstractPlainSocketImpl.java:218)
	at java.net.AbstractPlainSocketImpl.connect(AbstractPlainSocketImpl.java:200)
	at java.net.PlainSocketImpl.connect(PlainSocketImpl.java:162)
	at java.net.SocksSocketImpl.connect(SocksSocketImpl.java:394)
	at java.net.Socket.connect(Socket.java:606)
	at java.net.Socket.connect(Socket.java:555)
	at sun.net.NetworkClient.doConnect(NetworkClient.java:180)
	at sun.net.www.http.HttpClient.openServer(HttpClient.java:499)
	at sun.net.www.http.HttpClient.openServer(HttpClient.java:594)
	at sun.net.www.http.HttpClient.<init>(HttpClient.java:278)
	at sun.net.www.http.HttpClient.New(HttpClient.java:375)
	at sun.net.www.http.HttpClient.New(HttpClient.java:393)
	at sun.net.www.protocol.http.HttpURLConnection.getNewHttpClient(HttpURLConnection.java:1240)
	at sun.net.www.protocol.http.HttpURLConnection.plainConnect0(HttpURLConnection.java:1167)
	at sun.net.www.protocol.http.HttpURLConnection.plainConnect(HttpURLConnection.java:1061)
	at sun.net.www.protocol.http.HttpURLConnection.connect(HttpURLConnection.java:995)
	at org.springframework.http.client.SimpleBufferingClientHttpRequest.executeInternal(SimpleBufferingClientHttpRequest.java:76)
	at org.springframework.http.client.AbstractBufferingClientHttpRequest.executeInternal(AbstractBufferingClientHttpRequest.java:48)
	at org.springframework.http.client.AbstractClientHttpRequest.execute(AbstractClientHttpRequest.java:66)
	at org.springframework.web.client.RestTemplate.doExecute(RestTemplate.java:776)
	at org.springframework.web.client.RestTemplate.execute(RestTemplate.java:711)
	at org.springframework.web.client.RestTemplate.postForObject(RestTemplate.java:437)
	at com.shark.aio.data.video.controller.VideoController$VideoPlayController.sendStreamToFlask(VideoController.java:320)
	at com.shark.aio.data.video.controller.VideoController$VideoPlayController.toVideoPlayPage(VideoController.java:310)
	at sun.reflect.NativeMethodAccessorImpl.invoke0(Native Method)
	at sun.reflect.NativeMethodAccessorImpl.invoke(NativeMethodAccessorImpl.java:62)
	at sun.reflect.DelegatingMethodAccessorImpl.invoke(DelegatingMethodAccessorImpl.java:43)
	at java.lang.reflect.Method.invoke(Method.java:498)
	at org.springframework.web.method.support.InvocableHandlerMethod.doInvoke(InvocableHandlerMethod.java:205)
	at org.springframework.web.method.support.InvocableHandlerMethod.invokeForRequest(InvocableHandlerMethod.java:150)
	at org.springframework.web.servlet.mvc.method.annotation.ServletInvocableHandlerMethod.invokeAndHandle(ServletInvocableHandlerMethod.java:117)
	at org.springframework.web.servlet.mvc.method.annotation.RequestMappingHandlerAdapter.invokeHandlerMethod(RequestMappingHandlerAdapter.java:895)
	at org.springframework.web.servlet.mvc.method.annotation.RequestMappingHandlerAdapter.handleInternal(RequestMappingHandlerAdapter.java:808)
	at org.springframework.web.servlet.mvc.method.AbstractHandlerMethodAdapter.handle(AbstractHandlerMethodAdapter.java:87)
	at org.springframework.web.servlet.DispatcherServlet.doDispatch(DispatcherServlet.java:1071)
	at org.springframework.web.servlet.DispatcherServlet.doService(DispatcherServlet.java:964)
	at org.springframework.web.servlet.FrameworkServlet.processRequest(FrameworkServlet.java:1006)
	at org.springframework.web.servlet.FrameworkServlet.doGet(FrameworkServlet.java:898)
	at javax.servlet.http.HttpServlet.service(HttpServlet.java:670)
	at org.springframework.web.servlet.FrameworkServlet.service(FrameworkServlet.java:883)
	at javax.servlet.http.HttpServlet.service(HttpServlet.java:779)
	at org.apache.catalina.core.ApplicationFilterChain.internalDoFilter(ApplicationFilterChain.java:227)
	at org.apache.catalina.core.ApplicationFilterChain.doFilter(ApplicationFilterChain.java:162)
	at org.apache.tomcat.websocket.server.WsFilter.doFilter(WsFilter.java:53)
	at org.apache.catalina.core.ApplicationFilterChain.internalDoFilter(ApplicationFilterChain.java:189)
	at org.apache.catalina.core.ApplicationFilterChain.doFilter(ApplicationFilterChain.java:162)
	at org.springframework.web.filter.CharacterEncodingFilter.doFilterInternal(CharacterEncodingFilter.java:201)
	at org.springframework.web.filter.OncePerRequestFilter.doFilter(OncePerRequestFilter.java:117)
	at org.apache.catalina.core.ApplicationFilterChain.internalDoFilter(ApplicationFilterChain.java:189)
	at org.apache.catalina.core.ApplicationFilterChain.doFilter(ApplicationFilterChain.java:162)
	at org.apache.catalina.core.StandardWrapperValve.invoke(StandardWrapperValve.java:197)
	at org.apache.catalina.core.StandardContextValve.invoke(StandardContextValve.java:97)
	at org.apache.catalina.authenticator.AuthenticatorBase.invoke(AuthenticatorBase.java:541)
	at org.apache.catalina.core.StandardHostValve.invoke(StandardHostValve.java:135)
	at org.apache.catalina.valves.ErrorReportValve.invoke(ErrorReportValve.java:92)
	at org.apache.catalina.core.StandardEngineValve.invoke(StandardEngineValve.java:78)
	at org.apache.catalina.connector.CoyoteAdapter.service(CoyoteAdapter.java:360)
	at org.apache.coyote.http11.Http11Processor.service(Http11Processor.java:399)
	at org.apache.coyote.AbstractProcessorLight.process(AbstractProcessorLight.java:65)
	at org.apache.coyote.AbstractProtocol$ConnectionHandler.process(AbstractProtocol.java:893)
	at org.apache.tomcat.util.net.NioEndpoint$SocketProcessor.doRun(NioEndpoint.java:1789)
	at org.apache.tomcat.util.net.SocketProcessorBase.run(SocketProcessorBase.java:49)
	at org.apache.tomcat.util.threads.ThreadPoolExecutor.runWorker(ThreadPoolExecutor.java:1191)
	at org.apache.tomcat.util.threads.ThreadPoolExecutor$Worker.run(ThreadPoolExecutor.java:659)
	at org.apache.tomcat.util.threads.TaskThread$WrappingRunnable.run(TaskThread.java:61)
	at java.lang.Thread.run(Thread.java:750)
2024-08-28 16:41:50.006 [,] [scheduling-1] ERROR o.s.s.s.TaskUtils$LoggingErrorHandler - [handleError,95] - Unexpected error occurred in scheduled task
java.util.concurrent.ExecutionException: org.bytedeco.javacv.FrameGrabber$Exception: avformat_open_input() error -1482175992: Could not open input "rtsp://admin:lbx123456@192.168.0.3:554". (Has setFormat() been called?)
	at java.util.concurrent.FutureTask.report(FutureTask.java:122)
	at java.util.concurrent.FutureTask.get(FutureTask.java:192)
	at com.shark.aio.base.controller.InitFFmpeg.monitorFfmpegProcess(InitFFmpeg.java:106)
	at com.shark.aio.base.controller.InitFFmpeg$$FastClassBySpringCGLIB$$6f28da27.invoke(<generated>)
	at org.springframework.cglib.proxy.MethodProxy.invoke(MethodProxy.java:218)
	at org.springframework.aop.framework.CglibAopProxy$CglibMethodInvocation.invokeJoinpoint(CglibAopProxy.java:793)
	at org.springframework.aop.framework.ReflectiveMethodInvocation.proceed(ReflectiveMethodInvocation.java:163)
	at org.springframework.aop.framework.CglibAopProxy$CglibMethodInvocation.proceed(CglibAopProxy.java:763)
	at org.springframework.aop.framework.adapter.MethodBeforeAdviceInterceptor.invoke(MethodBeforeAdviceInterceptor.java:58)
	at org.springframework.aop.framework.ReflectiveMethodInvocation.proceed(ReflectiveMethodInvocation.java:186)
	at org.springframework.aop.framework.CglibAopProxy$CglibMethodInvocation.proceed(CglibAopProxy.java:763)
	at org.springframework.aop.interceptor.ExposeInvocationInterceptor.invoke(ExposeInvocationInterceptor.java:97)
	at org.springframework.aop.framework.ReflectiveMethodInvocation.proceed(ReflectiveMethodInvocation.java:186)
	at org.springframework.aop.framework.CglibAopProxy$CglibMethodInvocation.proceed(CglibAopProxy.java:763)
	at org.springframework.aop.framework.CglibAopProxy$DynamicAdvisedInterceptor.intercept(CglibAopProxy.java:708)
	at com.shark.aio.base.controller.InitFFmpeg$$EnhancerBySpringCGLIB$$444f92a6.monitorFfmpegProcess(<generated>)
	at sun.reflect.NativeMethodAccessorImpl.invoke0(Native Method)
	at sun.reflect.NativeMethodAccessorImpl.invoke(NativeMethodAccessorImpl.java:62)
	at sun.reflect.DelegatingMethodAccessorImpl.invoke(DelegatingMethodAccessorImpl.java:43)
	at java.lang.reflect.Method.invoke(Method.java:498)
	at org.springframework.scheduling.support.ScheduledMethodRunnable.run(ScheduledMethodRunnable.java:84)
	at org.springframework.scheduling.support.DelegatingErrorHandlingRunnable.run(DelegatingErrorHandlingRunnable.java:54)
	at org.springframework.scheduling.concurrent.ReschedulingRunnable.run(ReschedulingRunnable.java:95)
	at java.util.concurrent.Executors$RunnableAdapter.call(Executors.java:511)
	at java.util.concurrent.FutureTask.run(FutureTask.java:266)
	at java.util.concurrent.ScheduledThreadPoolExecutor$ScheduledFutureTask.access$201(ScheduledThreadPoolExecutor.java:180)
	at java.util.concurrent.ScheduledThreadPoolExecutor$ScheduledFutureTask.run(ScheduledThreadPoolExecutor.java:293)
	at java.util.concurrent.ThreadPoolExecutor.runWorker(ThreadPoolExecutor.java:1149)
	at java.util.concurrent.ThreadPoolExecutor$Worker.run(ThreadPoolExecutor.java:624)
	at java.lang.Thread.run(Thread.java:750)
Caused by: org.bytedeco.javacv.FrameGrabber$Exception: avformat_open_input() error -1482175992: Could not open input "rtsp://admin:lbx123456@192.168.0.3:554". (Has setFormat() been called?)
	at org.bytedeco.javacv.FFmpegFrameGrabber.startUnsafe(FFmpegFrameGrabber.java:876)
	at org.bytedeco.javacv.FFmpegFrameGrabber.start(FFmpegFrameGrabber.java:801)
	at org.bytedeco.javacv.FFmpegFrameGrabber.start(FFmpegFrameGrabber.java:796)
	at com.shark.aio.data.video.service.ImageRecorderService.run(ImageRecorderService.java:107)
	at java.util.concurrent.Executors$RunnableAdapter.call(Executors.java:511)
	at java.util.concurrent.FutureTask.run(FutureTask.java:266)
	... 3 common frames omitted
2024-08-28 16:42:00.004 [,] [scheduling-1] ERROR o.s.s.s.TaskUtils$LoggingErrorHandler - [handleError,95] - Unexpected error occurred in scheduled task
java.util.concurrent.ExecutionException: org.bytedeco.javacv.FrameGrabber$Exception: avformat_open_input() error -1482175992: Could not open input "rtsp://admin:lbx123456@192.168.0.3:554". (Has setFormat() been called?)
	at java.util.concurrent.FutureTask.report(FutureTask.java:122)
	at java.util.concurrent.FutureTask.get(FutureTask.java:192)
	at com.shark.aio.base.controller.InitFFmpeg.monitorFfmpegProcess(InitFFmpeg.java:106)
	at com.shark.aio.base.controller.InitFFmpeg$$FastClassBySpringCGLIB$$6f28da27.invoke(<generated>)
	at org.springframework.cglib.proxy.MethodProxy.invoke(MethodProxy.java:218)
	at org.springframework.aop.framework.CglibAopProxy$CglibMethodInvocation.invokeJoinpoint(CglibAopProxy.java:793)
	at org.springframework.aop.framework.ReflectiveMethodInvocation.proceed(ReflectiveMethodInvocation.java:163)
	at org.springframework.aop.framework.CglibAopProxy$CglibMethodInvocation.proceed(CglibAopProxy.java:763)
	at org.springframework.aop.framework.adapter.MethodBeforeAdviceInterceptor.invoke(MethodBeforeAdviceInterceptor.java:58)
	at org.springframework.aop.framework.ReflectiveMethodInvocation.proceed(ReflectiveMethodInvocation.java:186)
	at org.springframework.aop.framework.CglibAopProxy$CglibMethodInvocation.proceed(CglibAopProxy.java:763)
	at org.springframework.aop.interceptor.ExposeInvocationInterceptor.invoke(ExposeInvocationInterceptor.java:97)
	at org.springframework.aop.framework.ReflectiveMethodInvocation.proceed(ReflectiveMethodInvocation.java:186)
	at org.springframework.aop.framework.CglibAopProxy$CglibMethodInvocation.proceed(CglibAopProxy.java:763)
	at org.springframework.aop.framework.CglibAopProxy$DynamicAdvisedInterceptor.intercept(CglibAopProxy.java:708)
	at com.shark.aio.base.controller.InitFFmpeg$$EnhancerBySpringCGLIB$$444f92a6.monitorFfmpegProcess(<generated>)
	at sun.reflect.NativeMethodAccessorImpl.invoke0(Native Method)
	at sun.reflect.NativeMethodAccessorImpl.invoke(NativeMethodAccessorImpl.java:62)
	at sun.reflect.DelegatingMethodAccessorImpl.invoke(DelegatingMethodAccessorImpl.java:43)
	at java.lang.reflect.Method.invoke(Method.java:498)
	at org.springframework.scheduling.support.ScheduledMethodRunnable.run(ScheduledMethodRunnable.java:84)
	at org.springframework.scheduling.support.DelegatingErrorHandlingRunnable.run(DelegatingErrorHandlingRunnable.java:54)
	at org.springframework.scheduling.concurrent.ReschedulingRunnable.run(ReschedulingRunnable.java:95)
	at java.util.concurrent.Executors$RunnableAdapter.call(Executors.java:511)
	at java.util.concurrent.FutureTask.run(FutureTask.java:266)
	at java.util.concurrent.ScheduledThreadPoolExecutor$ScheduledFutureTask.access$201(ScheduledThreadPoolExecutor.java:180)
	at java.util.concurrent.ScheduledThreadPoolExecutor$ScheduledFutureTask.run(ScheduledThreadPoolExecutor.java:293)
	at java.util.concurrent.ThreadPoolExecutor.runWorker(ThreadPoolExecutor.java:1149)
	at java.util.concurrent.ThreadPoolExecutor$Worker.run(ThreadPoolExecutor.java:624)
	at java.lang.Thread.run(Thread.java:750)
Caused by: org.bytedeco.javacv.FrameGrabber$Exception: avformat_open_input() error -1482175992: Could not open input "rtsp://admin:lbx123456@192.168.0.3:554". (Has setFormat() been called?)
	at org.bytedeco.javacv.FFmpegFrameGrabber.startUnsafe(FFmpegFrameGrabber.java:876)
	at org.bytedeco.javacv.FFmpegFrameGrabber.start(FFmpegFrameGrabber.java:801)
	at org.bytedeco.javacv.FFmpegFrameGrabber.start(FFmpegFrameGrabber.java:796)
	at com.shark.aio.data.video.service.ImageRecorderService.run(ImageRecorderService.java:107)
	at java.util.concurrent.Executors$RunnableAdapter.call(Executors.java:511)
	at java.util.concurrent.FutureTask.run(FutureTask.java:266)
	... 3 common frames omitted
2024-08-28 16:42:06.801 [,] [http-nio-8089-exec-3] ERROR o.a.c.c.C.[.[.[.[dispatcherServlet] - [log,175] - Servlet.service() for servlet [dispatcherServlet] in context with path [] threw exception [Request processing failed; nested exception is org.springframework.web.client.ResourceAccessException: I/O error on POST request for "http://localhost:5555/receive_stream": Connection refused: connect; nested exception is java.net.ConnectException: Connection refused: connect] with root cause
java.net.ConnectException: Connection refused: connect
	at java.net.DualStackPlainSocketImpl.connect0(Native Method)
	at java.net.DualStackPlainSocketImpl.socketConnect(DualStackPlainSocketImpl.java:75)
	at java.net.AbstractPlainSocketImpl.doConnect(AbstractPlainSocketImpl.java:476)
	at java.net.AbstractPlainSocketImpl.connectToAddress(AbstractPlainSocketImpl.java:218)
	at java.net.AbstractPlainSocketImpl.connect(AbstractPlainSocketImpl.java:200)
	at java.net.PlainSocketImpl.connect(PlainSocketImpl.java:162)
	at java.net.SocksSocketImpl.connect(SocksSocketImpl.java:394)
	at java.net.Socket.connect(Socket.java:606)
	at java.net.Socket.connect(Socket.java:555)
	at sun.net.NetworkClient.doConnect(NetworkClient.java:180)
	at sun.net.www.http.HttpClient.openServer(HttpClient.java:499)
	at sun.net.www.http.HttpClient.openServer(HttpClient.java:594)
	at sun.net.www.http.HttpClient.<init>(HttpClient.java:278)
	at sun.net.www.http.HttpClient.New(HttpClient.java:375)
	at sun.net.www.http.HttpClient.New(HttpClient.java:393)
	at sun.net.www.protocol.http.HttpURLConnection.getNewHttpClient(HttpURLConnection.java:1240)
	at sun.net.www.protocol.http.HttpURLConnection.plainConnect0(HttpURLConnection.java:1167)
	at sun.net.www.protocol.http.HttpURLConnection.plainConnect(HttpURLConnection.java:1061)
	at sun.net.www.protocol.http.HttpURLConnection.connect(HttpURLConnection.java:995)
	at org.springframework.http.client.SimpleBufferingClientHttpRequest.executeInternal(SimpleBufferingClientHttpRequest.java:76)
	at org.springframework.http.client.AbstractBufferingClientHttpRequest.executeInternal(AbstractBufferingClientHttpRequest.java:48)
	at org.springframework.http.client.AbstractClientHttpRequest.execute(AbstractClientHttpRequest.java:66)
	at org.springframework.web.client.RestTemplate.doExecute(RestTemplate.java:776)
	at org.springframework.web.client.RestTemplate.execute(RestTemplate.java:711)
	at org.springframework.web.client.RestTemplate.postForObject(RestTemplate.java:437)
	at com.shark.aio.data.video.controller.VideoController$VideoPlayController.sendStreamToFlask(VideoController.java:320)
	at com.shark.aio.data.video.controller.VideoController$VideoPlayController.toVideoPlayPage(VideoController.java:310)
	at sun.reflect.NativeMethodAccessorImpl.invoke0(Native Method)
	at sun.reflect.NativeMethodAccessorImpl.invoke(NativeMethodAccessorImpl.java:62)
	at sun.reflect.DelegatingMethodAccessorImpl.invoke(DelegatingMethodAccessorImpl.java:43)
	at java.lang.reflect.Method.invoke(Method.java:498)
	at org.springframework.web.method.support.InvocableHandlerMethod.doInvoke(InvocableHandlerMethod.java:205)
	at org.springframework.web.method.support.InvocableHandlerMethod.invokeForRequest(InvocableHandlerMethod.java:150)
	at org.springframework.web.servlet.mvc.method.annotation.ServletInvocableHandlerMethod.invokeAndHandle(ServletInvocableHandlerMethod.java:117)
	at org.springframework.web.servlet.mvc.method.annotation.RequestMappingHandlerAdapter.invokeHandlerMethod(RequestMappingHandlerAdapter.java:895)
	at org.springframework.web.servlet.mvc.method.annotation.RequestMappingHandlerAdapter.handleInternal(RequestMappingHandlerAdapter.java:808)
	at org.springframework.web.servlet.mvc.method.AbstractHandlerMethodAdapter.handle(AbstractHandlerMethodAdapter.java:87)
	at org.springframework.web.servlet.DispatcherServlet.doDispatch(DispatcherServlet.java:1071)
	at org.springframework.web.servlet.DispatcherServlet.doService(DispatcherServlet.java:964)
	at org.springframework.web.servlet.FrameworkServlet.processRequest(FrameworkServlet.java:1006)
	at org.springframework.web.servlet.FrameworkServlet.doGet(FrameworkServlet.java:898)
	at javax.servlet.http.HttpServlet.service(HttpServlet.java:670)
	at org.springframework.web.servlet.FrameworkServlet.service(FrameworkServlet.java:883)
	at javax.servlet.http.HttpServlet.service(HttpServlet.java:779)
	at org.apache.catalina.core.ApplicationFilterChain.internalDoFilter(ApplicationFilterChain.java:227)
	at org.apache.catalina.core.ApplicationFilterChain.doFilter(ApplicationFilterChain.java:162)
	at org.apache.tomcat.websocket.server.WsFilter.doFilter(WsFilter.java:53)
	at org.apache.catalina.core.ApplicationFilterChain.internalDoFilter(ApplicationFilterChain.java:189)
	at org.apache.catalina.core.ApplicationFilterChain.doFilter(ApplicationFilterChain.java:162)
	at org.springframework.web.filter.CharacterEncodingFilter.doFilterInternal(CharacterEncodingFilter.java:201)
	at org.springframework.web.filter.OncePerRequestFilter.doFilter(OncePerRequestFilter.java:117)
	at org.apache.catalina.core.ApplicationFilterChain.internalDoFilter(ApplicationFilterChain.java:189)
	at org.apache.catalina.core.ApplicationFilterChain.doFilter(ApplicationFilterChain.java:162)
	at org.apache.catalina.core.StandardWrapperValve.invoke(StandardWrapperValve.java:197)
	at org.apache.catalina.core.StandardContextValve.invoke(StandardContextValve.java:97)
	at org.apache.catalina.authenticator.AuthenticatorBase.invoke(AuthenticatorBase.java:541)
	at org.apache.catalina.core.StandardHostValve.invoke(StandardHostValve.java:135)
	at org.apache.catalina.valves.ErrorReportValve.invoke(ErrorReportValve.java:92)
	at org.apache.catalina.core.StandardEngineValve.invoke(StandardEngineValve.java:78)
	at org.apache.catalina.connector.CoyoteAdapter.service(CoyoteAdapter.java:360)
	at org.apache.coyote.http11.Http11Processor.service(Http11Processor.java:399)
	at org.apache.coyote.AbstractProcessorLight.process(AbstractProcessorLight.java:65)
	at org.apache.coyote.AbstractProtocol$ConnectionHandler.process(AbstractProtocol.java:893)
	at org.apache.tomcat.util.net.NioEndpoint$SocketProcessor.doRun(NioEndpoint.java:1789)
	at org.apache.tomcat.util.net.SocketProcessorBase.run(SocketProcessorBase.java:49)
	at org.apache.tomcat.util.threads.ThreadPoolExecutor.runWorker(ThreadPoolExecutor.java:1191)
	at org.apache.tomcat.util.threads.ThreadPoolExecutor$Worker.run(ThreadPoolExecutor.java:659)
	at org.apache.tomcat.util.threads.TaskThread$WrappingRunnable.run(TaskThread.java:61)
	at java.lang.Thread.run(Thread.java:750)
2024-08-28 16:42:10.014 [,] [scheduling-1] ERROR o.s.s.s.TaskUtils$LoggingErrorHandler - [handleError,95] - Unexpected error occurred in scheduled task
java.util.concurrent.ExecutionException: org.bytedeco.javacv.FrameGrabber$Exception: avformat_open_input() error -1482175992: Could not open input "rtsp://admin:lbx123456@192.168.0.3:554". (Has setFormat() been called?)
	at java.util.concurrent.FutureTask.report(FutureTask.java:122)
	at java.util.concurrent.FutureTask.get(FutureTask.java:192)
	at com.shark.aio.base.controller.InitFFmpeg.monitorFfmpegProcess(InitFFmpeg.java:106)
	at com.shark.aio.base.controller.InitFFmpeg$$FastClassBySpringCGLIB$$6f28da27.invoke(<generated>)
	at org.springframework.cglib.proxy.MethodProxy.invoke(MethodProxy.java:218)
	at org.springframework.aop.framework.CglibAopProxy$CglibMethodInvocation.invokeJoinpoint(CglibAopProxy.java:793)
	at org.springframework.aop.framework.ReflectiveMethodInvocation.proceed(ReflectiveMethodInvocation.java:163)
	at org.springframework.aop.framework.CglibAopProxy$CglibMethodInvocation.proceed(CglibAopProxy.java:763)
	at org.springframework.aop.framework.adapter.MethodBeforeAdviceInterceptor.invoke(MethodBeforeAdviceInterceptor.java:58)
	at org.springframework.aop.framework.ReflectiveMethodInvocation.proceed(ReflectiveMethodInvocation.java:186)
	at org.springframework.aop.framework.CglibAopProxy$CglibMethodInvocation.proceed(CglibAopProxy.java:763)
	at org.springframework.aop.interceptor.ExposeInvocationInterceptor.invoke(ExposeInvocationInterceptor.java:97)
	at org.springframework.aop.framework.ReflectiveMethodInvocation.proceed(ReflectiveMethodInvocation.java:186)
	at org.springframework.aop.framework.CglibAopProxy$CglibMethodInvocation.proceed(CglibAopProxy.java:763)
	at org.springframework.aop.framework.CglibAopProxy$DynamicAdvisedInterceptor.intercept(CglibAopProxy.java:708)
	at com.shark.aio.base.controller.InitFFmpeg$$EnhancerBySpringCGLIB$$444f92a6.monitorFfmpegProcess(<generated>)
	at sun.reflect.NativeMethodAccessorImpl.invoke0(Native Method)
	at sun.reflect.NativeMethodAccessorImpl.invoke(NativeMethodAccessorImpl.java:62)
	at sun.reflect.DelegatingMethodAccessorImpl.invoke(DelegatingMethodAccessorImpl.java:43)
	at java.lang.reflect.Method.invoke(Method.java:498)
	at org.springframework.scheduling.support.ScheduledMethodRunnable.run(ScheduledMethodRunnable.java:84)
	at org.springframework.scheduling.support.DelegatingErrorHandlingRunnable.run(DelegatingErrorHandlingRunnable.java:54)
	at org.springframework.scheduling.concurrent.ReschedulingRunnable.run(ReschedulingRunnable.java:95)
	at java.util.concurrent.Executors$RunnableAdapter.call(Executors.java:511)
	at java.util.concurrent.FutureTask.run(FutureTask.java:266)
	at java.util.concurrent.ScheduledThreadPoolExecutor$ScheduledFutureTask.access$201(ScheduledThreadPoolExecutor.java:180)
	at java.util.concurrent.ScheduledThreadPoolExecutor$ScheduledFutureTask.run(ScheduledThreadPoolExecutor.java:293)
	at java.util.concurrent.ThreadPoolExecutor.runWorker(ThreadPoolExecutor.java:1149)
	at java.util.concurrent.ThreadPoolExecutor$Worker.run(ThreadPoolExecutor.java:624)
	at java.lang.Thread.run(Thread.java:750)
Caused by: org.bytedeco.javacv.FrameGrabber$Exception: avformat_open_input() error -1482175992: Could not open input "rtsp://admin:lbx123456@192.168.0.3:554". (Has setFormat() been called?)
	at org.bytedeco.javacv.FFmpegFrameGrabber.startUnsafe(FFmpegFrameGrabber.java:876)
	at org.bytedeco.javacv.FFmpegFrameGrabber.start(FFmpegFrameGrabber.java:801)
	at org.bytedeco.javacv.FFmpegFrameGrabber.start(FFmpegFrameGrabber.java:796)
	at com.shark.aio.data.video.service.ImageRecorderService.run(ImageRecorderService.java:107)
	at java.util.concurrent.Executors$RunnableAdapter.call(Executors.java:511)
	at java.util.concurrent.FutureTask.run(FutureTask.java:266)
	... 3 common frames omitted
2024-08-28 16:42:20.003 [,] [scheduling-1] ERROR o.s.s.s.TaskUtils$LoggingErrorHandler - [handleError,95] - Unexpected error occurred in scheduled task
java.util.concurrent.ExecutionException: org.bytedeco.javacv.FrameGrabber$Exception: avformat_open_input() error -1482175992: Could not open input "rtsp://admin:lbx123456@192.168.0.3:554". (Has setFormat() been called?)
	at java.util.concurrent.FutureTask.report(FutureTask.java:122)
	at java.util.concurrent.FutureTask.get(FutureTask.java:192)
	at com.shark.aio.base.controller.InitFFmpeg.monitorFfmpegProcess(InitFFmpeg.java:106)
	at com.shark.aio.base.controller.InitFFmpeg$$FastClassBySpringCGLIB$$6f28da27.invoke(<generated>)
	at org.springframework.cglib.proxy.MethodProxy.invoke(MethodProxy.java:218)
	at org.springframework.aop.framework.CglibAopProxy$CglibMethodInvocation.invokeJoinpoint(CglibAopProxy.java:793)
	at org.springframework.aop.framework.ReflectiveMethodInvocation.proceed(ReflectiveMethodInvocation.java:163)
	at org.springframework.aop.framework.CglibAopProxy$CglibMethodInvocation.proceed(CglibAopProxy.java:763)
	at org.springframework.aop.framework.adapter.MethodBeforeAdviceInterceptor.invoke(MethodBeforeAdviceInterceptor.java:58)
	at org.springframework.aop.framework.ReflectiveMethodInvocation.proceed(ReflectiveMethodInvocation.java:186)
	at org.springframework.aop.framework.CglibAopProxy$CglibMethodInvocation.proceed(CglibAopProxy.java:763)
	at org.springframework.aop.interceptor.ExposeInvocationInterceptor.invoke(ExposeInvocationInterceptor.java:97)
	at org.springframework.aop.framework.ReflectiveMethodInvocation.proceed(ReflectiveMethodInvocation.java:186)
	at org.springframework.aop.framework.CglibAopProxy$CglibMethodInvocation.proceed(CglibAopProxy.java:763)
	at org.springframework.aop.framework.CglibAopProxy$DynamicAdvisedInterceptor.intercept(CglibAopProxy.java:708)
	at com.shark.aio.base.controller.InitFFmpeg$$EnhancerBySpringCGLIB$$444f92a6.monitorFfmpegProcess(<generated>)
	at sun.reflect.NativeMethodAccessorImpl.invoke0(Native Method)
	at sun.reflect.NativeMethodAccessorImpl.invoke(NativeMethodAccessorImpl.java:62)
	at sun.reflect.DelegatingMethodAccessorImpl.invoke(DelegatingMethodAccessorImpl.java:43)
	at java.lang.reflect.Method.invoke(Method.java:498)
	at org.springframework.scheduling.support.ScheduledMethodRunnable.run(ScheduledMethodRunnable.java:84)
	at org.springframework.scheduling.support.DelegatingErrorHandlingRunnable.run(DelegatingErrorHandlingRunnable.java:54)
	at org.springframework.scheduling.concurrent.ReschedulingRunnable.run(ReschedulingRunnable.java:95)
	at java.util.concurrent.Executors$RunnableAdapter.call(Executors.java:511)
	at java.util.concurrent.FutureTask.run(FutureTask.java:266)
	at java.util.concurrent.ScheduledThreadPoolExecutor$ScheduledFutureTask.access$201(ScheduledThreadPoolExecutor.java:180)
	at java.util.concurrent.ScheduledThreadPoolExecutor$ScheduledFutureTask.run(ScheduledThreadPoolExecutor.java:293)
	at java.util.concurrent.ThreadPoolExecutor.runWorker(ThreadPoolExecutor.java:1149)
	at java.util.concurrent.ThreadPoolExecutor$Worker.run(ThreadPoolExecutor.java:624)
	at java.lang.Thread.run(Thread.java:750)
Caused by: org.bytedeco.javacv.FrameGrabber$Exception: avformat_open_input() error -1482175992: Could not open input "rtsp://admin:lbx123456@192.168.0.3:554". (Has setFormat() been called?)
	at org.bytedeco.javacv.FFmpegFrameGrabber.startUnsafe(FFmpegFrameGrabber.java:876)
	at org.bytedeco.javacv.FFmpegFrameGrabber.start(FFmpegFrameGrabber.java:801)
	at org.bytedeco.javacv.FFmpegFrameGrabber.start(FFmpegFrameGrabber.java:796)
	at com.shark.aio.data.video.service.ImageRecorderService.run(ImageRecorderService.java:107)
	at java.util.concurrent.Executors$RunnableAdapter.call(Executors.java:511)
	at java.util.concurrent.FutureTask.run(FutureTask.java:266)
	... 3 common frames omitted
2024-08-28 16:42:30.004 [,] [scheduling-1] ERROR o.s.s.s.TaskUtils$LoggingErrorHandler - [handleError,95] - Unexpected error occurred in scheduled task
java.util.concurrent.ExecutionException: org.bytedeco.javacv.FrameGrabber$Exception: avformat_open_input() error -1482175992: Could not open input "rtsp://admin:lbx123456@192.168.0.3:554". (Has setFormat() been called?)
	at java.util.concurrent.FutureTask.report(FutureTask.java:122)
	at java.util.concurrent.FutureTask.get(FutureTask.java:192)
	at com.shark.aio.base.controller.InitFFmpeg.monitorFfmpegProcess(InitFFmpeg.java:106)
	at com.shark.aio.base.controller.InitFFmpeg$$FastClassBySpringCGLIB$$6f28da27.invoke(<generated>)
	at org.springframework.cglib.proxy.MethodProxy.invoke(MethodProxy.java:218)
	at org.springframework.aop.framework.CglibAopProxy$CglibMethodInvocation.invokeJoinpoint(CglibAopProxy.java:793)
	at org.springframework.aop.framework.ReflectiveMethodInvocation.proceed(ReflectiveMethodInvocation.java:163)
	at org.springframework.aop.framework.CglibAopProxy$CglibMethodInvocation.proceed(CglibAopProxy.java:763)
	at org.springframework.aop.framework.adapter.MethodBeforeAdviceInterceptor.invoke(MethodBeforeAdviceInterceptor.java:58)
	at org.springframework.aop.framework.ReflectiveMethodInvocation.proceed(ReflectiveMethodInvocation.java:186)
	at org.springframework.aop.framework.CglibAopProxy$CglibMethodInvocation.proceed(CglibAopProxy.java:763)
	at org.springframework.aop.interceptor.ExposeInvocationInterceptor.invoke(ExposeInvocationInterceptor.java:97)
	at org.springframework.aop.framework.ReflectiveMethodInvocation.proceed(ReflectiveMethodInvocation.java:186)
	at org.springframework.aop.framework.CglibAopProxy$CglibMethodInvocation.proceed(CglibAopProxy.java:763)
	at org.springframework.aop.framework.CglibAopProxy$DynamicAdvisedInterceptor.intercept(CglibAopProxy.java:708)
	at com.shark.aio.base.controller.InitFFmpeg$$EnhancerBySpringCGLIB$$444f92a6.monitorFfmpegProcess(<generated>)
	at sun.reflect.NativeMethodAccessorImpl.invoke0(Native Method)
	at sun.reflect.NativeMethodAccessorImpl.invoke(NativeMethodAccessorImpl.java:62)
	at sun.reflect.DelegatingMethodAccessorImpl.invoke(DelegatingMethodAccessorImpl.java:43)
	at java.lang.reflect.Method.invoke(Method.java:498)
	at org.springframework.scheduling.support.ScheduledMethodRunnable.run(ScheduledMethodRunnable.java:84)
	at org.springframework.scheduling.support.DelegatingErrorHandlingRunnable.run(DelegatingErrorHandlingRunnable.java:54)
	at org.springframework.scheduling.concurrent.ReschedulingRunnable.run(ReschedulingRunnable.java:95)
	at java.util.concurrent.Executors$RunnableAdapter.call(Executors.java:511)
	at java.util.concurrent.FutureTask.run(FutureTask.java:266)
	at java.util.concurrent.ScheduledThreadPoolExecutor$ScheduledFutureTask.access$201(ScheduledThreadPoolExecutor.java:180)
	at java.util.concurrent.ScheduledThreadPoolExecutor$ScheduledFutureTask.run(ScheduledThreadPoolExecutor.java:293)
	at java.util.concurrent.ThreadPoolExecutor.runWorker(ThreadPoolExecutor.java:1149)
	at java.util.concurrent.ThreadPoolExecutor$Worker.run(ThreadPoolExecutor.java:624)
	at java.lang.Thread.run(Thread.java:750)
Caused by: org.bytedeco.javacv.FrameGrabber$Exception: avformat_open_input() error -1482175992: Could not open input "rtsp://admin:lbx123456@192.168.0.3:554". (Has setFormat() been called?)
	at org.bytedeco.javacv.FFmpegFrameGrabber.startUnsafe(FFmpegFrameGrabber.java:876)
	at org.bytedeco.javacv.FFmpegFrameGrabber.start(FFmpegFrameGrabber.java:801)
	at org.bytedeco.javacv.FFmpegFrameGrabber.start(FFmpegFrameGrabber.java:796)
	at com.shark.aio.data.video.service.ImageRecorderService.run(ImageRecorderService.java:107)
	at java.util.concurrent.Executors$RunnableAdapter.call(Executors.java:511)
	at java.util.concurrent.FutureTask.run(FutureTask.java:266)
	... 3 common frames omitted
2024-08-28 16:42:40.006 [,] [scheduling-1] ERROR o.s.s.s.TaskUtils$LoggingErrorHandler - [handleError,95] - Unexpected error occurred in scheduled task
java.util.concurrent.ExecutionException: org.bytedeco.javacv.FrameGrabber$Exception: avformat_open_input() error -1482175992: Could not open input "rtsp://admin:lbx123456@192.168.0.3:554". (Has setFormat() been called?)
	at java.util.concurrent.FutureTask.report(FutureTask.java:122)
	at java.util.concurrent.FutureTask.get(FutureTask.java:192)
	at com.shark.aio.base.controller.InitFFmpeg.monitorFfmpegProcess(InitFFmpeg.java:106)
	at com.shark.aio.base.controller.InitFFmpeg$$FastClassBySpringCGLIB$$6f28da27.invoke(<generated>)
	at org.springframework.cglib.proxy.MethodProxy.invoke(MethodProxy.java:218)
	at org.springframework.aop.framework.CglibAopProxy$CglibMethodInvocation.invokeJoinpoint(CglibAopProxy.java:793)
	at org.springframework.aop.framework.ReflectiveMethodInvocation.proceed(ReflectiveMethodInvocation.java:163)
	at org.springframework.aop.framework.CglibAopProxy$CglibMethodInvocation.proceed(CglibAopProxy.java:763)
	at org.springframework.aop.framework.adapter.MethodBeforeAdviceInterceptor.invoke(MethodBeforeAdviceInterceptor.java:58)
	at org.springframework.aop.framework.ReflectiveMethodInvocation.proceed(ReflectiveMethodInvocation.java:186)
	at org.springframework.aop.framework.CglibAopProxy$CglibMethodInvocation.proceed(CglibAopProxy.java:763)
	at org.springframework.aop.interceptor.ExposeInvocationInterceptor.invoke(ExposeInvocationInterceptor.java:97)
	at org.springframework.aop.framework.ReflectiveMethodInvocation.proceed(ReflectiveMethodInvocation.java:186)
	at org.springframework.aop.framework.CglibAopProxy$CglibMethodInvocation.proceed(CglibAopProxy.java:763)
	at org.springframework.aop.framework.CglibAopProxy$DynamicAdvisedInterceptor.intercept(CglibAopProxy.java:708)
	at com.shark.aio.base.controller.InitFFmpeg$$EnhancerBySpringCGLIB$$444f92a6.monitorFfmpegProcess(<generated>)
	at sun.reflect.NativeMethodAccessorImpl.invoke0(Native Method)
	at sun.reflect.NativeMethodAccessorImpl.invoke(NativeMethodAccessorImpl.java:62)
	at sun.reflect.DelegatingMethodAccessorImpl.invoke(DelegatingMethodAccessorImpl.java:43)
	at java.lang.reflect.Method.invoke(Method.java:498)
	at org.springframework.scheduling.support.ScheduledMethodRunnable.run(ScheduledMethodRunnable.java:84)
	at org.springframework.scheduling.support.DelegatingErrorHandlingRunnable.run(DelegatingErrorHandlingRunnable.java:54)
	at org.springframework.scheduling.concurrent.ReschedulingRunnable.run(ReschedulingRunnable.java:95)
	at java.util.concurrent.Executors$RunnableAdapter.call(Executors.java:511)
	at java.util.concurrent.FutureTask.run(FutureTask.java:266)
	at java.util.concurrent.ScheduledThreadPoolExecutor$ScheduledFutureTask.access$201(ScheduledThreadPoolExecutor.java:180)
	at java.util.concurrent.ScheduledThreadPoolExecutor$ScheduledFutureTask.run(ScheduledThreadPoolExecutor.java:293)
	at java.util.concurrent.ThreadPoolExecutor.runWorker(ThreadPoolExecutor.java:1149)
	at java.util.concurrent.ThreadPoolExecutor$Worker.run(ThreadPoolExecutor.java:624)
	at java.lang.Thread.run(Thread.java:750)
Caused by: org.bytedeco.javacv.FrameGrabber$Exception: avformat_open_input() error -1482175992: Could not open input "rtsp://admin:lbx123456@192.168.0.3:554". (Has setFormat() been called?)
	at org.bytedeco.javacv.FFmpegFrameGrabber.startUnsafe(FFmpegFrameGrabber.java:876)
	at org.bytedeco.javacv.FFmpegFrameGrabber.start(FFmpegFrameGrabber.java:801)
	at org.bytedeco.javacv.FFmpegFrameGrabber.start(FFmpegFrameGrabber.java:796)
	at com.shark.aio.data.video.service.ImageRecorderService.run(ImageRecorderService.java:107)
	at java.util.concurrent.Executors$RunnableAdapter.call(Executors.java:511)
	at java.util.concurrent.FutureTask.run(FutureTask.java:266)
	... 3 common frames omitted
2024-08-28 16:42:50.012 [,] [scheduling-1] ERROR o.s.s.s.TaskUtils$LoggingErrorHandler - [handleError,95] - Unexpected error occurred in scheduled task
java.util.concurrent.ExecutionException: org.bytedeco.javacv.FrameGrabber$Exception: avformat_open_input() error -1482175992: Could not open input "rtsp://admin:lbx123456@192.168.0.3:554". (Has setFormat() been called?)
	at java.util.concurrent.FutureTask.report(FutureTask.java:122)
	at java.util.concurrent.FutureTask.get(FutureTask.java:192)
	at com.shark.aio.base.controller.InitFFmpeg.monitorFfmpegProcess(InitFFmpeg.java:106)
	at com.shark.aio.base.controller.InitFFmpeg$$FastClassBySpringCGLIB$$6f28da27.invoke(<generated>)
	at org.springframework.cglib.proxy.MethodProxy.invoke(MethodProxy.java:218)
	at org.springframework.aop.framework.CglibAopProxy$CglibMethodInvocation.invokeJoinpoint(CglibAopProxy.java:793)
	at org.springframework.aop.framework.ReflectiveMethodInvocation.proceed(ReflectiveMethodInvocation.java:163)
	at org.springframework.aop.framework.CglibAopProxy$CglibMethodInvocation.proceed(CglibAopProxy.java:763)
	at org.springframework.aop.framework.adapter.MethodBeforeAdviceInterceptor.invoke(MethodBeforeAdviceInterceptor.java:58)
	at org.springframework.aop.framework.ReflectiveMethodInvocation.proceed(ReflectiveMethodInvocation.java:186)
	at org.springframework.aop.framework.CglibAopProxy$CglibMethodInvocation.proceed(CglibAopProxy.java:763)
	at org.springframework.aop.interceptor.ExposeInvocationInterceptor.invoke(ExposeInvocationInterceptor.java:97)
	at org.springframework.aop.framework.ReflectiveMethodInvocation.proceed(ReflectiveMethodInvocation.java:186)
	at org.springframework.aop.framework.CglibAopProxy$CglibMethodInvocation.proceed(CglibAopProxy.java:763)
	at org.springframework.aop.framework.CglibAopProxy$DynamicAdvisedInterceptor.intercept(CglibAopProxy.java:708)
	at com.shark.aio.base.controller.InitFFmpeg$$EnhancerBySpringCGLIB$$444f92a6.monitorFfmpegProcess(<generated>)
	at sun.reflect.NativeMethodAccessorImpl.invoke0(Native Method)
	at sun.reflect.NativeMethodAccessorImpl.invoke(NativeMethodAccessorImpl.java:62)
	at sun.reflect.DelegatingMethodAccessorImpl.invoke(DelegatingMethodAccessorImpl.java:43)
	at java.lang.reflect.Method.invoke(Method.java:498)
	at org.springframework.scheduling.support.ScheduledMethodRunnable.run(ScheduledMethodRunnable.java:84)
	at org.springframework.scheduling.support.DelegatingErrorHandlingRunnable.run(DelegatingErrorHandlingRunnable.java:54)
	at org.springframework.scheduling.concurrent.ReschedulingRunnable.run(ReschedulingRunnable.java:95)
	at java.util.concurrent.Executors$RunnableAdapter.call(Executors.java:511)
	at java.util.concurrent.FutureTask.run(FutureTask.java:266)
	at java.util.concurrent.ScheduledThreadPoolExecutor$ScheduledFutureTask.access$201(ScheduledThreadPoolExecutor.java:180)
	at java.util.concurrent.ScheduledThreadPoolExecutor$ScheduledFutureTask.run(ScheduledThreadPoolExecutor.java:293)
	at java.util.concurrent.ThreadPoolExecutor.runWorker(ThreadPoolExecutor.java:1149)
	at java.util.concurrent.ThreadPoolExecutor$Worker.run(ThreadPoolExecutor.java:624)
	at java.lang.Thread.run(Thread.java:750)
Caused by: org.bytedeco.javacv.FrameGrabber$Exception: avformat_open_input() error -1482175992: Could not open input "rtsp://admin:lbx123456@192.168.0.3:554". (Has setFormat() been called?)
	at org.bytedeco.javacv.FFmpegFrameGrabber.startUnsafe(FFmpegFrameGrabber.java:876)
	at org.bytedeco.javacv.FFmpegFrameGrabber.start(FFmpegFrameGrabber.java:801)
	at org.bytedeco.javacv.FFmpegFrameGrabber.start(FFmpegFrameGrabber.java:796)
	at com.shark.aio.data.video.service.ImageRecorderService.run(ImageRecorderService.java:107)
	at java.util.concurrent.Executors$RunnableAdapter.call(Executors.java:511)
	at java.util.concurrent.FutureTask.run(FutureTask.java:266)
	... 3 common frames omitted
2024-08-28 16:43:00.004 [,] [scheduling-1] ERROR o.s.s.s.TaskUtils$LoggingErrorHandler - [handleError,95] - Unexpected error occurred in scheduled task
java.util.concurrent.ExecutionException: org.bytedeco.javacv.FrameGrabber$Exception: avformat_open_input() error -1482175992: Could not open input "rtsp://admin:lbx123456@192.168.0.3:554". (Has setFormat() been called?)
	at java.util.concurrent.FutureTask.report(FutureTask.java:122)
	at java.util.concurrent.FutureTask.get(FutureTask.java:192)
	at com.shark.aio.base.controller.InitFFmpeg.monitorFfmpegProcess(InitFFmpeg.java:106)
	at com.shark.aio.base.controller.InitFFmpeg$$FastClassBySpringCGLIB$$6f28da27.invoke(<generated>)
	at org.springframework.cglib.proxy.MethodProxy.invoke(MethodProxy.java:218)
	at org.springframework.aop.framework.CglibAopProxy$CglibMethodInvocation.invokeJoinpoint(CglibAopProxy.java:793)
	at org.springframework.aop.framework.ReflectiveMethodInvocation.proceed(ReflectiveMethodInvocation.java:163)
	at org.springframework.aop.framework.CglibAopProxy$CglibMethodInvocation.proceed(CglibAopProxy.java:763)
	at org.springframework.aop.framework.adapter.MethodBeforeAdviceInterceptor.invoke(MethodBeforeAdviceInterceptor.java:58)
	at org.springframework.aop.framework.ReflectiveMethodInvocation.proceed(ReflectiveMethodInvocation.java:186)
	at org.springframework.aop.framework.CglibAopProxy$CglibMethodInvocation.proceed(CglibAopProxy.java:763)
	at org.springframework.aop.interceptor.ExposeInvocationInterceptor.invoke(ExposeInvocationInterceptor.java:97)
	at org.springframework.aop.framework.ReflectiveMethodInvocation.proceed(ReflectiveMethodInvocation.java:186)
	at org.springframework.aop.framework.CglibAopProxy$CglibMethodInvocation.proceed(CglibAopProxy.java:763)
	at org.springframework.aop.framework.CglibAopProxy$DynamicAdvisedInterceptor.intercept(CglibAopProxy.java:708)
	at com.shark.aio.base.controller.InitFFmpeg$$EnhancerBySpringCGLIB$$444f92a6.monitorFfmpegProcess(<generated>)
	at sun.reflect.NativeMethodAccessorImpl.invoke0(Native Method)
	at sun.reflect.NativeMethodAccessorImpl.invoke(NativeMethodAccessorImpl.java:62)
	at sun.reflect.DelegatingMethodAccessorImpl.invoke(DelegatingMethodAccessorImpl.java:43)
	at java.lang.reflect.Method.invoke(Method.java:498)
	at org.springframework.scheduling.support.ScheduledMethodRunnable.run(ScheduledMethodRunnable.java:84)
	at org.springframework.scheduling.support.DelegatingErrorHandlingRunnable.run(DelegatingErrorHandlingRunnable.java:54)
	at org.springframework.scheduling.concurrent.ReschedulingRunnable.run(ReschedulingRunnable.java:95)
	at java.util.concurrent.Executors$RunnableAdapter.call(Executors.java:511)
	at java.util.concurrent.FutureTask.run(FutureTask.java:266)
	at java.util.concurrent.ScheduledThreadPoolExecutor$ScheduledFutureTask.access$201(ScheduledThreadPoolExecutor.java:180)
	at java.util.concurrent.ScheduledThreadPoolExecutor$ScheduledFutureTask.run(ScheduledThreadPoolExecutor.java:293)
	at java.util.concurrent.ThreadPoolExecutor.runWorker(ThreadPoolExecutor.java:1149)
	at java.util.concurrent.ThreadPoolExecutor$Worker.run(ThreadPoolExecutor.java:624)
	at java.lang.Thread.run(Thread.java:750)
Caused by: org.bytedeco.javacv.FrameGrabber$Exception: avformat_open_input() error -1482175992: Could not open input "rtsp://admin:lbx123456@192.168.0.3:554". (Has setFormat() been called?)
	at org.bytedeco.javacv.FFmpegFrameGrabber.startUnsafe(FFmpegFrameGrabber.java:876)
	at org.bytedeco.javacv.FFmpegFrameGrabber.start(FFmpegFrameGrabber.java:801)
	at org.bytedeco.javacv.FFmpegFrameGrabber.start(FFmpegFrameGrabber.java:796)
	at com.shark.aio.data.video.service.ImageRecorderService.run(ImageRecorderService.java:107)
	at java.util.concurrent.Executors$RunnableAdapter.call(Executors.java:511)
	at java.util.concurrent.FutureTask.run(FutureTask.java:266)
	... 3 common frames omitted
2024-08-28 16:43:10.004 [,] [scheduling-1] ERROR o.s.s.s.TaskUtils$LoggingErrorHandler - [handleError,95] - Unexpected error occurred in scheduled task
java.util.concurrent.ExecutionException: org.bytedeco.javacv.FrameGrabber$Exception: avformat_open_input() error -1482175992: Could not open input "rtsp://admin:lbx123456@192.168.0.3:554". (Has setFormat() been called?)
	at java.util.concurrent.FutureTask.report(FutureTask.java:122)
	at java.util.concurrent.FutureTask.get(FutureTask.java:192)
	at com.shark.aio.base.controller.InitFFmpeg.monitorFfmpegProcess(InitFFmpeg.java:106)
	at com.shark.aio.base.controller.InitFFmpeg$$FastClassBySpringCGLIB$$6f28da27.invoke(<generated>)
	at org.springframework.cglib.proxy.MethodProxy.invoke(MethodProxy.java:218)
	at org.springframework.aop.framework.CglibAopProxy$CglibMethodInvocation.invokeJoinpoint(CglibAopProxy.java:793)
	at org.springframework.aop.framework.ReflectiveMethodInvocation.proceed(ReflectiveMethodInvocation.java:163)
	at org.springframework.aop.framework.CglibAopProxy$CglibMethodInvocation.proceed(CglibAopProxy.java:763)
	at org.springframework.aop.framework.adapter.MethodBeforeAdviceInterceptor.invoke(MethodBeforeAdviceInterceptor.java:58)
	at org.springframework.aop.framework.ReflectiveMethodInvocation.proceed(ReflectiveMethodInvocation.java:186)
	at org.springframework.aop.framework.CglibAopProxy$CglibMethodInvocation.proceed(CglibAopProxy.java:763)
	at org.springframework.aop.interceptor.ExposeInvocationInterceptor.invoke(ExposeInvocationInterceptor.java:97)
	at org.springframework.aop.framework.ReflectiveMethodInvocation.proceed(ReflectiveMethodInvocation.java:186)
	at org.springframework.aop.framework.CglibAopProxy$CglibMethodInvocation.proceed(CglibAopProxy.java:763)
	at org.springframework.aop.framework.CglibAopProxy$DynamicAdvisedInterceptor.intercept(CglibAopProxy.java:708)
	at com.shark.aio.base.controller.InitFFmpeg$$EnhancerBySpringCGLIB$$444f92a6.monitorFfmpegProcess(<generated>)
	at sun.reflect.NativeMethodAccessorImpl.invoke0(Native Method)
	at sun.reflect.NativeMethodAccessorImpl.invoke(NativeMethodAccessorImpl.java:62)
	at sun.reflect.DelegatingMethodAccessorImpl.invoke(DelegatingMethodAccessorImpl.java:43)
	at java.lang.reflect.Method.invoke(Method.java:498)
	at org.springframework.scheduling.support.ScheduledMethodRunnable.run(ScheduledMethodRunnable.java:84)
	at org.springframework.scheduling.support.DelegatingErrorHandlingRunnable.run(DelegatingErrorHandlingRunnable.java:54)
	at org.springframework.scheduling.concurrent.ReschedulingRunnable.run(ReschedulingRunnable.java:95)
	at java.util.concurrent.Executors$RunnableAdapter.call(Executors.java:511)
	at java.util.concurrent.FutureTask.run(FutureTask.java:266)
	at java.util.concurrent.ScheduledThreadPoolExecutor$ScheduledFutureTask.access$201(ScheduledThreadPoolExecutor.java:180)
	at java.util.concurrent.ScheduledThreadPoolExecutor$ScheduledFutureTask.run(ScheduledThreadPoolExecutor.java:293)
	at java.util.concurrent.ThreadPoolExecutor.runWorker(ThreadPoolExecutor.java:1149)
	at java.util.concurrent.ThreadPoolExecutor$Worker.run(ThreadPoolExecutor.java:624)
	at java.lang.Thread.run(Thread.java:750)
Caused by: org.bytedeco.javacv.FrameGrabber$Exception: avformat_open_input() error -1482175992: Could not open input "rtsp://admin:lbx123456@192.168.0.3:554". (Has setFormat() been called?)
	at org.bytedeco.javacv.FFmpegFrameGrabber.startUnsafe(FFmpegFrameGrabber.java:876)
	at org.bytedeco.javacv.FFmpegFrameGrabber.start(FFmpegFrameGrabber.java:801)
	at org.bytedeco.javacv.FFmpegFrameGrabber.start(FFmpegFrameGrabber.java:796)
	at com.shark.aio.data.video.service.ImageRecorderService.run(ImageRecorderService.java:107)
	at java.util.concurrent.Executors$RunnableAdapter.call(Executors.java:511)
	at java.util.concurrent.FutureTask.run(FutureTask.java:266)
	... 3 common frames omitted
2024-08-28 16:43:20.005 [,] [scheduling-1] ERROR o.s.s.s.TaskUtils$LoggingErrorHandler - [handleError,95] - Unexpected error occurred in scheduled task
java.util.concurrent.ExecutionException: org.bytedeco.javacv.FrameGrabber$Exception: avformat_open_input() error -1482175992: Could not open input "rtsp://admin:lbx123456@192.168.0.3:554". (Has setFormat() been called?)
	at java.util.concurrent.FutureTask.report(FutureTask.java:122)
	at java.util.concurrent.FutureTask.get(FutureTask.java:192)
	at com.shark.aio.base.controller.InitFFmpeg.monitorFfmpegProcess(InitFFmpeg.java:106)
	at com.shark.aio.base.controller.InitFFmpeg$$FastClassBySpringCGLIB$$6f28da27.invoke(<generated>)
	at org.springframework.cglib.proxy.MethodProxy.invoke(MethodProxy.java:218)
	at org.springframework.aop.framework.CglibAopProxy$CglibMethodInvocation.invokeJoinpoint(CglibAopProxy.java:793)
	at org.springframework.aop.framework.ReflectiveMethodInvocation.proceed(ReflectiveMethodInvocation.java:163)
	at org.springframework.aop.framework.CglibAopProxy$CglibMethodInvocation.proceed(CglibAopProxy.java:763)
	at org.springframework.aop.framework.adapter.MethodBeforeAdviceInterceptor.invoke(MethodBeforeAdviceInterceptor.java:58)
	at org.springframework.aop.framework.ReflectiveMethodInvocation.proceed(ReflectiveMethodInvocation.java:186)
	at org.springframework.aop.framework.CglibAopProxy$CglibMethodInvocation.proceed(CglibAopProxy.java:763)
	at org.springframework.aop.interceptor.ExposeInvocationInterceptor.invoke(ExposeInvocationInterceptor.java:97)
	at org.springframework.aop.framework.ReflectiveMethodInvocation.proceed(ReflectiveMethodInvocation.java:186)
	at org.springframework.aop.framework.CglibAopProxy$CglibMethodInvocation.proceed(CglibAopProxy.java:763)
	at org.springframework.aop.framework.CglibAopProxy$DynamicAdvisedInterceptor.intercept(CglibAopProxy.java:708)
	at com.shark.aio.base.controller.InitFFmpeg$$EnhancerBySpringCGLIB$$444f92a6.monitorFfmpegProcess(<generated>)
	at sun.reflect.NativeMethodAccessorImpl.invoke0(Native Method)
	at sun.reflect.NativeMethodAccessorImpl.invoke(NativeMethodAccessorImpl.java:62)
	at sun.reflect.DelegatingMethodAccessorImpl.invoke(DelegatingMethodAccessorImpl.java:43)
	at java.lang.reflect.Method.invoke(Method.java:498)
	at org.springframework.scheduling.support.ScheduledMethodRunnable.run(ScheduledMethodRunnable.java:84)
	at org.springframework.scheduling.support.DelegatingErrorHandlingRunnable.run(DelegatingErrorHandlingRunnable.java:54)
	at org.springframework.scheduling.concurrent.ReschedulingRunnable.run(ReschedulingRunnable.java:95)
	at java.util.concurrent.Executors$RunnableAdapter.call(Executors.java:511)
	at java.util.concurrent.FutureTask.run(FutureTask.java:266)
	at java.util.concurrent.ScheduledThreadPoolExecutor$ScheduledFutureTask.access$201(ScheduledThreadPoolExecutor.java:180)
	at java.util.concurrent.ScheduledThreadPoolExecutor$ScheduledFutureTask.run(ScheduledThreadPoolExecutor.java:293)
	at java.util.concurrent.ThreadPoolExecutor.runWorker(ThreadPoolExecutor.java:1149)
	at java.util.concurrent.ThreadPoolExecutor$Worker.run(ThreadPoolExecutor.java:624)
	at java.lang.Thread.run(Thread.java:750)
Caused by: org.bytedeco.javacv.FrameGrabber$Exception: avformat_open_input() error -1482175992: Could not open input "rtsp://admin:lbx123456@192.168.0.3:554". (Has setFormat() been called?)
	at org.bytedeco.javacv.FFmpegFrameGrabber.startUnsafe(FFmpegFrameGrabber.java:876)
	at org.bytedeco.javacv.FFmpegFrameGrabber.start(FFmpegFrameGrabber.java:801)
	at org.bytedeco.javacv.FFmpegFrameGrabber.start(FFmpegFrameGrabber.java:796)
	at com.shark.aio.data.video.service.ImageRecorderService.run(ImageRecorderService.java:107)
	at java.util.concurrent.Executors$RunnableAdapter.call(Executors.java:511)
	at java.util.concurrent.FutureTask.run(FutureTask.java:266)
	... 3 common frames omitted
2024-08-28 16:43:30.016 [,] [scheduling-1] ERROR o.s.s.s.TaskUtils$LoggingErrorHandler - [handleError,95] - Unexpected error occurred in scheduled task
java.util.concurrent.ExecutionException: org.bytedeco.javacv.FrameGrabber$Exception: avformat_open_input() error -1482175992: Could not open input "rtsp://admin:lbx123456@192.168.0.3:554". (Has setFormat() been called?)
	at java.util.concurrent.FutureTask.report(FutureTask.java:122)
	at java.util.concurrent.FutureTask.get(FutureTask.java:192)
	at com.shark.aio.base.controller.InitFFmpeg.monitorFfmpegProcess(InitFFmpeg.java:106)
	at com.shark.aio.base.controller.InitFFmpeg$$FastClassBySpringCGLIB$$6f28da27.invoke(<generated>)
	at org.springframework.cglib.proxy.MethodProxy.invoke(MethodProxy.java:218)
	at org.springframework.aop.framework.CglibAopProxy$CglibMethodInvocation.invokeJoinpoint(CglibAopProxy.java:793)
	at org.springframework.aop.framework.ReflectiveMethodInvocation.proceed(ReflectiveMethodInvocation.java:163)
	at org.springframework.aop.framework.CglibAopProxy$CglibMethodInvocation.proceed(CglibAopProxy.java:763)
	at org.springframework.aop.framework.adapter.MethodBeforeAdviceInterceptor.invoke(MethodBeforeAdviceInterceptor.java:58)
	at org.springframework.aop.framework.ReflectiveMethodInvocation.proceed(ReflectiveMethodInvocation.java:186)
	at org.springframework.aop.framework.CglibAopProxy$CglibMethodInvocation.proceed(CglibAopProxy.java:763)
	at org.springframework.aop.interceptor.ExposeInvocationInterceptor.invoke(ExposeInvocationInterceptor.java:97)
	at org.springframework.aop.framework.ReflectiveMethodInvocation.proceed(ReflectiveMethodInvocation.java:186)
	at org.springframework.aop.framework.CglibAopProxy$CglibMethodInvocation.proceed(CglibAopProxy.java:763)
	at org.springframework.aop.framework.CglibAopProxy$DynamicAdvisedInterceptor.intercept(CglibAopProxy.java:708)
	at com.shark.aio.base.controller.InitFFmpeg$$EnhancerBySpringCGLIB$$444f92a6.monitorFfmpegProcess(<generated>)
	at sun.reflect.NativeMethodAccessorImpl.invoke0(Native Method)
	at sun.reflect.NativeMethodAccessorImpl.invoke(NativeMethodAccessorImpl.java:62)
	at sun.reflect.DelegatingMethodAccessorImpl.invoke(DelegatingMethodAccessorImpl.java:43)
	at java.lang.reflect.Method.invoke(Method.java:498)
	at org.springframework.scheduling.support.ScheduledMethodRunnable.run(ScheduledMethodRunnable.java:84)
	at org.springframework.scheduling.support.DelegatingErrorHandlingRunnable.run(DelegatingErrorHandlingRunnable.java:54)
	at org.springframework.scheduling.concurrent.ReschedulingRunnable.run(ReschedulingRunnable.java:95)
	at java.util.concurrent.Executors$RunnableAdapter.call(Executors.java:511)
	at java.util.concurrent.FutureTask.run(FutureTask.java:266)
	at java.util.concurrent.ScheduledThreadPoolExecutor$ScheduledFutureTask.access$201(ScheduledThreadPoolExecutor.java:180)
	at java.util.concurrent.ScheduledThreadPoolExecutor$ScheduledFutureTask.run(ScheduledThreadPoolExecutor.java:293)
	at java.util.concurrent.ThreadPoolExecutor.runWorker(ThreadPoolExecutor.java:1149)
	at java.util.concurrent.ThreadPoolExecutor$Worker.run(ThreadPoolExecutor.java:624)
	at java.lang.Thread.run(Thread.java:750)
Caused by: org.bytedeco.javacv.FrameGrabber$Exception: avformat_open_input() error -1482175992: Could not open input "rtsp://admin:lbx123456@192.168.0.3:554". (Has setFormat() been called?)
	at org.bytedeco.javacv.FFmpegFrameGrabber.startUnsafe(FFmpegFrameGrabber.java:876)
	at org.bytedeco.javacv.FFmpegFrameGrabber.start(FFmpegFrameGrabber.java:801)
	at org.bytedeco.javacv.FFmpegFrameGrabber.start(FFmpegFrameGrabber.java:796)
	at com.shark.aio.data.video.service.ImageRecorderService.run(ImageRecorderService.java:107)
	at java.util.concurrent.Executors$RunnableAdapter.call(Executors.java:511)
	at java.util.concurrent.FutureTask.run(FutureTask.java:266)
	... 3 common frames omitted
2024-08-28 16:43:40.016 [,] [scheduling-1] ERROR o.s.s.s.TaskUtils$LoggingErrorHandler - [handleError,95] - Unexpected error occurred in scheduled task
java.util.concurrent.ExecutionException: org.bytedeco.javacv.FrameGrabber$Exception: avformat_open_input() error -1482175992: Could not open input "rtsp://admin:lbx123456@192.168.0.3:554". (Has setFormat() been called?)
	at java.util.concurrent.FutureTask.report(FutureTask.java:122)
	at java.util.concurrent.FutureTask.get(FutureTask.java:192)
	at com.shark.aio.base.controller.InitFFmpeg.monitorFfmpegProcess(InitFFmpeg.java:106)
	at com.shark.aio.base.controller.InitFFmpeg$$FastClassBySpringCGLIB$$6f28da27.invoke(<generated>)
	at org.springframework.cglib.proxy.MethodProxy.invoke(MethodProxy.java:218)
	at org.springframework.aop.framework.CglibAopProxy$CglibMethodInvocation.invokeJoinpoint(CglibAopProxy.java:793)
	at org.springframework.aop.framework.ReflectiveMethodInvocation.proceed(ReflectiveMethodInvocation.java:163)
	at org.springframework.aop.framework.CglibAopProxy$CglibMethodInvocation.proceed(CglibAopProxy.java:763)
	at org.springframework.aop.framework.adapter.MethodBeforeAdviceInterceptor.invoke(MethodBeforeAdviceInterceptor.java:58)
	at org.springframework.aop.framework.ReflectiveMethodInvocation.proceed(ReflectiveMethodInvocation.java:186)
	at org.springframework.aop.framework.CglibAopProxy$CglibMethodInvocation.proceed(CglibAopProxy.java:763)
	at org.springframework.aop.interceptor.ExposeInvocationInterceptor.invoke(ExposeInvocationInterceptor.java:97)
	at org.springframework.aop.framework.ReflectiveMethodInvocation.proceed(ReflectiveMethodInvocation.java:186)
	at org.springframework.aop.framework.CglibAopProxy$CglibMethodInvocation.proceed(CglibAopProxy.java:763)
	at org.springframework.aop.framework.CglibAopProxy$DynamicAdvisedInterceptor.intercept(CglibAopProxy.java:708)
	at com.shark.aio.base.controller.InitFFmpeg$$EnhancerBySpringCGLIB$$444f92a6.monitorFfmpegProcess(<generated>)
	at sun.reflect.NativeMethodAccessorImpl.invoke0(Native Method)
	at sun.reflect.NativeMethodAccessorImpl.invoke(NativeMethodAccessorImpl.java:62)
	at sun.reflect.DelegatingMethodAccessorImpl.invoke(DelegatingMethodAccessorImpl.java:43)
	at java.lang.reflect.Method.invoke(Method.java:498)
	at org.springframework.scheduling.support.ScheduledMethodRunnable.run(ScheduledMethodRunnable.java:84)
	at org.springframework.scheduling.support.DelegatingErrorHandlingRunnable.run(DelegatingErrorHandlingRunnable.java:54)
	at org.springframework.scheduling.concurrent.ReschedulingRunnable.run(ReschedulingRunnable.java:95)
	at java.util.concurrent.Executors$RunnableAdapter.call(Executors.java:511)
	at java.util.concurrent.FutureTask.run(FutureTask.java:266)
	at java.util.concurrent.ScheduledThreadPoolExecutor$ScheduledFutureTask.access$201(ScheduledThreadPoolExecutor.java:180)
	at java.util.concurrent.ScheduledThreadPoolExecutor$ScheduledFutureTask.run(ScheduledThreadPoolExecutor.java:293)
	at java.util.concurrent.ThreadPoolExecutor.runWorker(ThreadPoolExecutor.java:1149)
	at java.util.concurrent.ThreadPoolExecutor$Worker.run(ThreadPoolExecutor.java:624)
	at java.lang.Thread.run(Thread.java:750)
Caused by: org.bytedeco.javacv.FrameGrabber$Exception: avformat_open_input() error -1482175992: Could not open input "rtsp://admin:lbx123456@192.168.0.3:554". (Has setFormat() been called?)
	at org.bytedeco.javacv.FFmpegFrameGrabber.startUnsafe(FFmpegFrameGrabber.java:876)
	at org.bytedeco.javacv.FFmpegFrameGrabber.start(FFmpegFrameGrabber.java:801)
	at org.bytedeco.javacv.FFmpegFrameGrabber.start(FFmpegFrameGrabber.java:796)
	at com.shark.aio.data.video.service.ImageRecorderService.run(ImageRecorderService.java:107)
	at java.util.concurrent.Executors$RunnableAdapter.call(Executors.java:511)
	at java.util.concurrent.FutureTask.run(FutureTask.java:266)
	... 3 common frames omitted
2024-08-28 16:43:50.000 [,] [scheduling-1] ERROR o.s.s.s.TaskUtils$LoggingErrorHandler - [handleError,95] - Unexpected error occurred in scheduled task
java.util.concurrent.ExecutionException: org.bytedeco.javacv.FrameGrabber$Exception: avformat_open_input() error -1482175992: Could not open input "rtsp://admin:lbx123456@192.168.0.3:554". (Has setFormat() been called?)
	at java.util.concurrent.FutureTask.report(FutureTask.java:122)
	at java.util.concurrent.FutureTask.get(FutureTask.java:192)
	at com.shark.aio.base.controller.InitFFmpeg.monitorFfmpegProcess(InitFFmpeg.java:106)
	at com.shark.aio.base.controller.InitFFmpeg$$FastClassBySpringCGLIB$$6f28da27.invoke(<generated>)
	at org.springframework.cglib.proxy.MethodProxy.invoke(MethodProxy.java:218)
	at org.springframework.aop.framework.CglibAopProxy$CglibMethodInvocation.invokeJoinpoint(CglibAopProxy.java:793)
	at org.springframework.aop.framework.ReflectiveMethodInvocation.proceed(ReflectiveMethodInvocation.java:163)
	at org.springframework.aop.framework.CglibAopProxy$CglibMethodInvocation.proceed(CglibAopProxy.java:763)
	at org.springframework.aop.framework.adapter.MethodBeforeAdviceInterceptor.invoke(MethodBeforeAdviceInterceptor.java:58)
	at org.springframework.aop.framework.ReflectiveMethodInvocation.proceed(ReflectiveMethodInvocation.java:186)
	at org.springframework.aop.framework.CglibAopProxy$CglibMethodInvocation.proceed(CglibAopProxy.java:763)
	at org.springframework.aop.interceptor.ExposeInvocationInterceptor.invoke(ExposeInvocationInterceptor.java:97)
	at org.springframework.aop.framework.ReflectiveMethodInvocation.proceed(ReflectiveMethodInvocation.java:186)
	at org.springframework.aop.framework.CglibAopProxy$CglibMethodInvocation.proceed(CglibAopProxy.java:763)
	at org.springframework.aop.framework.CglibAopProxy$DynamicAdvisedInterceptor.intercept(CglibAopProxy.java:708)
	at com.shark.aio.base.controller.InitFFmpeg$$EnhancerBySpringCGLIB$$444f92a6.monitorFfmpegProcess(<generated>)
	at sun.reflect.NativeMethodAccessorImpl.invoke0(Native Method)
	at sun.reflect.NativeMethodAccessorImpl.invoke(NativeMethodAccessorImpl.java:62)
	at sun.reflect.DelegatingMethodAccessorImpl.invoke(DelegatingMethodAccessorImpl.java:43)
	at java.lang.reflect.Method.invoke(Method.java:498)
	at org.springframework.scheduling.support.ScheduledMethodRunnable.run(ScheduledMethodRunnable.java:84)
	at org.springframework.scheduling.support.DelegatingErrorHandlingRunnable.run(DelegatingErrorHandlingRunnable.java:54)
	at org.springframework.scheduling.concurrent.ReschedulingRunnable.run(ReschedulingRunnable.java:95)
	at java.util.concurrent.Executors$RunnableAdapter.call(Executors.java:511)
	at java.util.concurrent.FutureTask.run(FutureTask.java:266)
	at java.util.concurrent.ScheduledThreadPoolExecutor$ScheduledFutureTask.access$201(ScheduledThreadPoolExecutor.java:180)
	at java.util.concurrent.ScheduledThreadPoolExecutor$ScheduledFutureTask.run(ScheduledThreadPoolExecutor.java:293)
	at java.util.concurrent.ThreadPoolExecutor.runWorker(ThreadPoolExecutor.java:1149)
	at java.util.concurrent.ThreadPoolExecutor$Worker.run(ThreadPoolExecutor.java:624)
	at java.lang.Thread.run(Thread.java:750)
Caused by: org.bytedeco.javacv.FrameGrabber$Exception: avformat_open_input() error -1482175992: Could not open input "rtsp://admin:lbx123456@192.168.0.3:554". (Has setFormat() been called?)
	at org.bytedeco.javacv.FFmpegFrameGrabber.startUnsafe(FFmpegFrameGrabber.java:876)
	at org.bytedeco.javacv.FFmpegFrameGrabber.start(FFmpegFrameGrabber.java:801)
	at org.bytedeco.javacv.FFmpegFrameGrabber.start(FFmpegFrameGrabber.java:796)
	at com.shark.aio.data.video.service.ImageRecorderService.run(ImageRecorderService.java:107)
	at java.util.concurrent.Executors$RunnableAdapter.call(Executors.java:511)
	at java.util.concurrent.FutureTask.run(FutureTask.java:266)
	... 3 common frames omitted
2024-08-28 16:44:00.011 [,] [scheduling-1] ERROR o.s.s.s.TaskUtils$LoggingErrorHandler - [handleError,95] - Unexpected error occurred in scheduled task
java.util.concurrent.ExecutionException: org.bytedeco.javacv.FrameGrabber$Exception: avformat_open_input() error -1482175992: Could not open input "rtsp://admin:lbx123456@192.168.0.3:554". (Has setFormat() been called?)
	at java.util.concurrent.FutureTask.report(FutureTask.java:122)
	at java.util.concurrent.FutureTask.get(FutureTask.java:192)
	at com.shark.aio.base.controller.InitFFmpeg.monitorFfmpegProcess(InitFFmpeg.java:106)
	at com.shark.aio.base.controller.InitFFmpeg$$FastClassBySpringCGLIB$$6f28da27.invoke(<generated>)
	at org.springframework.cglib.proxy.MethodProxy.invoke(MethodProxy.java:218)
	at org.springframework.aop.framework.CglibAopProxy$CglibMethodInvocation.invokeJoinpoint(CglibAopProxy.java:793)
	at org.springframework.aop.framework.ReflectiveMethodInvocation.proceed(ReflectiveMethodInvocation.java:163)
	at org.springframework.aop.framework.CglibAopProxy$CglibMethodInvocation.proceed(CglibAopProxy.java:763)
	at org.springframework.aop.framework.adapter.MethodBeforeAdviceInterceptor.invoke(MethodBeforeAdviceInterceptor.java:58)
	at org.springframework.aop.framework.ReflectiveMethodInvocation.proceed(ReflectiveMethodInvocation.java:186)
	at org.springframework.aop.framework.CglibAopProxy$CglibMethodInvocation.proceed(CglibAopProxy.java:763)
	at org.springframework.aop.interceptor.ExposeInvocationInterceptor.invoke(ExposeInvocationInterceptor.java:97)
	at org.springframework.aop.framework.ReflectiveMethodInvocation.proceed(ReflectiveMethodInvocation.java:186)
	at org.springframework.aop.framework.CglibAopProxy$CglibMethodInvocation.proceed(CglibAopProxy.java:763)
	at org.springframework.aop.framework.CglibAopProxy$DynamicAdvisedInterceptor.intercept(CglibAopProxy.java:708)
	at com.shark.aio.base.controller.InitFFmpeg$$EnhancerBySpringCGLIB$$444f92a6.monitorFfmpegProcess(<generated>)
	at sun.reflect.NativeMethodAccessorImpl.invoke0(Native Method)
	at sun.reflect.NativeMethodAccessorImpl.invoke(NativeMethodAccessorImpl.java:62)
	at sun.reflect.DelegatingMethodAccessorImpl.invoke(DelegatingMethodAccessorImpl.java:43)
	at java.lang.reflect.Method.invoke(Method.java:498)
	at org.springframework.scheduling.support.ScheduledMethodRunnable.run(ScheduledMethodRunnable.java:84)
	at org.springframework.scheduling.support.DelegatingErrorHandlingRunnable.run(DelegatingErrorHandlingRunnable.java:54)
	at org.springframework.scheduling.concurrent.ReschedulingRunnable.run(ReschedulingRunnable.java:95)
	at java.util.concurrent.Executors$RunnableAdapter.call(Executors.java:511)
	at java.util.concurrent.FutureTask.run(FutureTask.java:266)
	at java.util.concurrent.ScheduledThreadPoolExecutor$ScheduledFutureTask.access$201(ScheduledThreadPoolExecutor.java:180)
	at java.util.concurrent.ScheduledThreadPoolExecutor$ScheduledFutureTask.run(ScheduledThreadPoolExecutor.java:293)
	at java.util.concurrent.ThreadPoolExecutor.runWorker(ThreadPoolExecutor.java:1149)
	at java.util.concurrent.ThreadPoolExecutor$Worker.run(ThreadPoolExecutor.java:624)
	at java.lang.Thread.run(Thread.java:750)
Caused by: org.bytedeco.javacv.FrameGrabber$Exception: avformat_open_input() error -1482175992: Could not open input "rtsp://admin:lbx123456@192.168.0.3:554". (Has setFormat() been called?)
	at org.bytedeco.javacv.FFmpegFrameGrabber.startUnsafe(FFmpegFrameGrabber.java:876)
	at org.bytedeco.javacv.FFmpegFrameGrabber.start(FFmpegFrameGrabber.java:801)
	at org.bytedeco.javacv.FFmpegFrameGrabber.start(FFmpegFrameGrabber.java:796)
	at com.shark.aio.data.video.service.ImageRecorderService.run(ImageRecorderService.java:107)
	at java.util.concurrent.Executors$RunnableAdapter.call(Executors.java:511)
	at java.util.concurrent.FutureTask.run(FutureTask.java:266)
	... 3 common frames omitted
2024-08-28 16:44:10.005 [,] [scheduling-1] ERROR o.s.s.s.TaskUtils$LoggingErrorHandler - [handleError,95] - Unexpected error occurred in scheduled task
java.util.concurrent.ExecutionException: org.bytedeco.javacv.FrameGrabber$Exception: avformat_open_input() error -1482175992: Could not open input "rtsp://admin:lbx123456@192.168.0.3:554". (Has setFormat() been called?)
	at java.util.concurrent.FutureTask.report(FutureTask.java:122)
	at java.util.concurrent.FutureTask.get(FutureTask.java:192)
	at com.shark.aio.base.controller.InitFFmpeg.monitorFfmpegProcess(InitFFmpeg.java:106)
	at com.shark.aio.base.controller.InitFFmpeg$$FastClassBySpringCGLIB$$6f28da27.invoke(<generated>)
	at org.springframework.cglib.proxy.MethodProxy.invoke(MethodProxy.java:218)
	at org.springframework.aop.framework.CglibAopProxy$CglibMethodInvocation.invokeJoinpoint(CglibAopProxy.java:793)
	at org.springframework.aop.framework.ReflectiveMethodInvocation.proceed(ReflectiveMethodInvocation.java:163)
	at org.springframework.aop.framework.CglibAopProxy$CglibMethodInvocation.proceed(CglibAopProxy.java:763)
	at org.springframework.aop.framework.adapter.MethodBeforeAdviceInterceptor.invoke(MethodBeforeAdviceInterceptor.java:58)
	at org.springframework.aop.framework.ReflectiveMethodInvocation.proceed(ReflectiveMethodInvocation.java:186)
	at org.springframework.aop.framework.CglibAopProxy$CglibMethodInvocation.proceed(CglibAopProxy.java:763)
	at org.springframework.aop.interceptor.ExposeInvocationInterceptor.invoke(ExposeInvocationInterceptor.java:97)
	at org.springframework.aop.framework.ReflectiveMethodInvocation.proceed(ReflectiveMethodInvocation.java:186)
	at org.springframework.aop.framework.CglibAopProxy$CglibMethodInvocation.proceed(CglibAopProxy.java:763)
	at org.springframework.aop.framework.CglibAopProxy$DynamicAdvisedInterceptor.intercept(CglibAopProxy.java:708)
	at com.shark.aio.base.controller.InitFFmpeg$$EnhancerBySpringCGLIB$$444f92a6.monitorFfmpegProcess(<generated>)
	at sun.reflect.NativeMethodAccessorImpl.invoke0(Native Method)
	at sun.reflect.NativeMethodAccessorImpl.invoke(NativeMethodAccessorImpl.java:62)
	at sun.reflect.DelegatingMethodAccessorImpl.invoke(DelegatingMethodAccessorImpl.java:43)
	at java.lang.reflect.Method.invoke(Method.java:498)
	at org.springframework.scheduling.support.ScheduledMethodRunnable.run(ScheduledMethodRunnable.java:84)
	at org.springframework.scheduling.support.DelegatingErrorHandlingRunnable.run(DelegatingErrorHandlingRunnable.java:54)
	at org.springframework.scheduling.concurrent.ReschedulingRunnable.run(ReschedulingRunnable.java:95)
	at java.util.concurrent.Executors$RunnableAdapter.call(Executors.java:511)
	at java.util.concurrent.FutureTask.run(FutureTask.java:266)
	at java.util.concurrent.ScheduledThreadPoolExecutor$ScheduledFutureTask.access$201(ScheduledThreadPoolExecutor.java:180)
	at java.util.concurrent.ScheduledThreadPoolExecutor$ScheduledFutureTask.run(ScheduledThreadPoolExecutor.java:293)
	at java.util.concurrent.ThreadPoolExecutor.runWorker(ThreadPoolExecutor.java:1149)
	at java.util.concurrent.ThreadPoolExecutor$Worker.run(ThreadPoolExecutor.java:624)
	at java.lang.Thread.run(Thread.java:750)
Caused by: org.bytedeco.javacv.FrameGrabber$Exception: avformat_open_input() error -1482175992: Could not open input "rtsp://admin:lbx123456@192.168.0.3:554". (Has setFormat() been called?)
	at org.bytedeco.javacv.FFmpegFrameGrabber.startUnsafe(FFmpegFrameGrabber.java:876)
	at org.bytedeco.javacv.FFmpegFrameGrabber.start(FFmpegFrameGrabber.java:801)
	at org.bytedeco.javacv.FFmpegFrameGrabber.start(FFmpegFrameGrabber.java:796)
	at com.shark.aio.data.video.service.ImageRecorderService.run(ImageRecorderService.java:107)
	at java.util.concurrent.Executors$RunnableAdapter.call(Executors.java:511)
	at java.util.concurrent.FutureTask.run(FutureTask.java:266)
	... 3 common frames omitted
2024-08-28 16:44:20.003 [,] [scheduling-1] ERROR o.s.s.s.TaskUtils$LoggingErrorHandler - [handleError,95] - Unexpected error occurred in scheduled task
java.util.concurrent.ExecutionException: org.bytedeco.javacv.FrameGrabber$Exception: avformat_open_input() error -1482175992: Could not open input "rtsp://admin:lbx123456@192.168.0.3:554". (Has setFormat() been called?)
	at java.util.concurrent.FutureTask.report(FutureTask.java:122)
	at java.util.concurrent.FutureTask.get(FutureTask.java:192)
	at com.shark.aio.base.controller.InitFFmpeg.monitorFfmpegProcess(InitFFmpeg.java:106)
	at com.shark.aio.base.controller.InitFFmpeg$$FastClassBySpringCGLIB$$6f28da27.invoke(<generated>)
	at org.springframework.cglib.proxy.MethodProxy.invoke(MethodProxy.java:218)
	at org.springframework.aop.framework.CglibAopProxy$CglibMethodInvocation.invokeJoinpoint(CglibAopProxy.java:793)
	at org.springframework.aop.framework.ReflectiveMethodInvocation.proceed(ReflectiveMethodInvocation.java:163)
	at org.springframework.aop.framework.CglibAopProxy$CglibMethodInvocation.proceed(CglibAopProxy.java:763)
	at org.springframework.aop.framework.adapter.MethodBeforeAdviceInterceptor.invoke(MethodBeforeAdviceInterceptor.java:58)
	at org.springframework.aop.framework.ReflectiveMethodInvocation.proceed(ReflectiveMethodInvocation.java:186)
	at org.springframework.aop.framework.CglibAopProxy$CglibMethodInvocation.proceed(CglibAopProxy.java:763)
	at org.springframework.aop.interceptor.ExposeInvocationInterceptor.invoke(ExposeInvocationInterceptor.java:97)
	at org.springframework.aop.framework.ReflectiveMethodInvocation.proceed(ReflectiveMethodInvocation.java:186)
	at org.springframework.aop.framework.CglibAopProxy$CglibMethodInvocation.proceed(CglibAopProxy.java:763)
	at org.springframework.aop.framework.CglibAopProxy$DynamicAdvisedInterceptor.intercept(CglibAopProxy.java:708)
	at com.shark.aio.base.controller.InitFFmpeg$$EnhancerBySpringCGLIB$$444f92a6.monitorFfmpegProcess(<generated>)
	at sun.reflect.GeneratedMethodAccessor81.invoke(Unknown Source)
	at sun.reflect.DelegatingMethodAccessorImpl.invoke(DelegatingMethodAccessorImpl.java:43)
	at java.lang.reflect.Method.invoke(Method.java:498)
	at org.springframework.scheduling.support.ScheduledMethodRunnable.run(ScheduledMethodRunnable.java:84)
	at org.springframework.scheduling.support.DelegatingErrorHandlingRunnable.run(DelegatingErrorHandlingRunnable.java:54)
	at org.springframework.scheduling.concurrent.ReschedulingRunnable.run(ReschedulingRunnable.java:95)
	at java.util.concurrent.Executors$RunnableAdapter.call(Executors.java:511)
	at java.util.concurrent.FutureTask.run(FutureTask.java:266)
	at java.util.concurrent.ScheduledThreadPoolExecutor$ScheduledFutureTask.access$201(ScheduledThreadPoolExecutor.java:180)
	at java.util.concurrent.ScheduledThreadPoolExecutor$ScheduledFutureTask.run(ScheduledThreadPoolExecutor.java:293)
	at java.util.concurrent.ThreadPoolExecutor.runWorker(ThreadPoolExecutor.java:1149)
	at java.util.concurrent.ThreadPoolExecutor$Worker.run(ThreadPoolExecutor.java:624)
	at java.lang.Thread.run(Thread.java:750)
Caused by: org.bytedeco.javacv.FrameGrabber$Exception: avformat_open_input() error -1482175992: Could not open input "rtsp://admin:lbx123456@192.168.0.3:554". (Has setFormat() been called?)
	at org.bytedeco.javacv.FFmpegFrameGrabber.startUnsafe(FFmpegFrameGrabber.java:876)
	at org.bytedeco.javacv.FFmpegFrameGrabber.start(FFmpegFrameGrabber.java:801)
	at org.bytedeco.javacv.FFmpegFrameGrabber.start(FFmpegFrameGrabber.java:796)
	at com.shark.aio.data.video.service.ImageRecorderService.run(ImageRecorderService.java:107)
	at java.util.concurrent.Executors$RunnableAdapter.call(Executors.java:511)
	at java.util.concurrent.FutureTask.run(FutureTask.java:266)
	... 3 common frames omitted
2024-08-28 16:44:30.003 [,] [scheduling-1] ERROR o.s.s.s.TaskUtils$LoggingErrorHandler - [handleError,95] - Unexpected error occurred in scheduled task
java.util.concurrent.ExecutionException: org.bytedeco.javacv.FrameGrabber$Exception: avformat_open_input() error -1482175992: Could not open input "rtsp://admin:lbx123456@192.168.0.3:554". (Has setFormat() been called?)
	at java.util.concurrent.FutureTask.report(FutureTask.java:122)
	at java.util.concurrent.FutureTask.get(FutureTask.java:192)
	at com.shark.aio.base.controller.InitFFmpeg.monitorFfmpegProcess(InitFFmpeg.java:106)
	at com.shark.aio.base.controller.InitFFmpeg$$FastClassBySpringCGLIB$$6f28da27.invoke(<generated>)
	at org.springframework.cglib.proxy.MethodProxy.invoke(MethodProxy.java:218)
	at org.springframework.aop.framework.CglibAopProxy$CglibMethodInvocation.invokeJoinpoint(CglibAopProxy.java:793)
	at org.springframework.aop.framework.ReflectiveMethodInvocation.proceed(ReflectiveMethodInvocation.java:163)
	at org.springframework.aop.framework.CglibAopProxy$CglibMethodInvocation.proceed(CglibAopProxy.java:763)
	at org.springframework.aop.framework.adapter.MethodBeforeAdviceInterceptor.invoke(MethodBeforeAdviceInterceptor.java:58)
	at org.springframework.aop.framework.ReflectiveMethodInvocation.proceed(ReflectiveMethodInvocation.java:186)
	at org.springframework.aop.framework.CglibAopProxy$CglibMethodInvocation.proceed(CglibAopProxy.java:763)
	at org.springframework.aop.interceptor.ExposeInvocationInterceptor.invoke(ExposeInvocationInterceptor.java:97)
	at org.springframework.aop.framework.ReflectiveMethodInvocation.proceed(ReflectiveMethodInvocation.java:186)
	at org.springframework.aop.framework.CglibAopProxy$CglibMethodInvocation.proceed(CglibAopProxy.java:763)
	at org.springframework.aop.framework.CglibAopProxy$DynamicAdvisedInterceptor.intercept(CglibAopProxy.java:708)
	at com.shark.aio.base.controller.InitFFmpeg$$EnhancerBySpringCGLIB$$444f92a6.monitorFfmpegProcess(<generated>)
	at sun.reflect.GeneratedMethodAccessor81.invoke(Unknown Source)
	at sun.reflect.DelegatingMethodAccessorImpl.invoke(DelegatingMethodAccessorImpl.java:43)
	at java.lang.reflect.Method.invoke(Method.java:498)
	at org.springframework.scheduling.support.ScheduledMethodRunnable.run(ScheduledMethodRunnable.java:84)
	at org.springframework.scheduling.support.DelegatingErrorHandlingRunnable.run(DelegatingErrorHandlingRunnable.java:54)
	at org.springframework.scheduling.concurrent.ReschedulingRunnable.run(ReschedulingRunnable.java:95)
	at java.util.concurrent.Executors$RunnableAdapter.call(Executors.java:511)
	at java.util.concurrent.FutureTask.run(FutureTask.java:266)
	at java.util.concurrent.ScheduledThreadPoolExecutor$ScheduledFutureTask.access$201(ScheduledThreadPoolExecutor.java:180)
	at java.util.concurrent.ScheduledThreadPoolExecutor$ScheduledFutureTask.run(ScheduledThreadPoolExecutor.java:293)
	at java.util.concurrent.ThreadPoolExecutor.runWorker(ThreadPoolExecutor.java:1149)
	at java.util.concurrent.ThreadPoolExecutor$Worker.run(ThreadPoolExecutor.java:624)
	at java.lang.Thread.run(Thread.java:750)
Caused by: org.bytedeco.javacv.FrameGrabber$Exception: avformat_open_input() error -1482175992: Could not open input "rtsp://admin:lbx123456@192.168.0.3:554". (Has setFormat() been called?)
	at org.bytedeco.javacv.FFmpegFrameGrabber.startUnsafe(FFmpegFrameGrabber.java:876)
	at org.bytedeco.javacv.FFmpegFrameGrabber.start(FFmpegFrameGrabber.java:801)
	at org.bytedeco.javacv.FFmpegFrameGrabber.start(FFmpegFrameGrabber.java:796)
	at com.shark.aio.data.video.service.ImageRecorderService.run(ImageRecorderService.java:107)
	at java.util.concurrent.Executors$RunnableAdapter.call(Executors.java:511)
	at java.util.concurrent.FutureTask.run(FutureTask.java:266)
	... 3 common frames omitted
2024-08-28 16:44:40.004 [,] [scheduling-1] ERROR o.s.s.s.TaskUtils$LoggingErrorHandler - [handleError,95] - Unexpected error occurred in scheduled task
java.util.concurrent.ExecutionException: org.bytedeco.javacv.FrameGrabber$Exception: avformat_open_input() error -1482175992: Could not open input "rtsp://admin:lbx123456@192.168.0.3:554". (Has setFormat() been called?)
	at java.util.concurrent.FutureTask.report(FutureTask.java:122)
	at java.util.concurrent.FutureTask.get(FutureTask.java:192)
	at com.shark.aio.base.controller.InitFFmpeg.monitorFfmpegProcess(InitFFmpeg.java:106)
	at com.shark.aio.base.controller.InitFFmpeg$$FastClassBySpringCGLIB$$6f28da27.invoke(<generated>)
	at org.springframework.cglib.proxy.MethodProxy.invoke(MethodProxy.java:218)
	at org.springframework.aop.framework.CglibAopProxy$CglibMethodInvocation.invokeJoinpoint(CglibAopProxy.java:793)
	at org.springframework.aop.framework.ReflectiveMethodInvocation.proceed(ReflectiveMethodInvocation.java:163)
	at org.springframework.aop.framework.CglibAopProxy$CglibMethodInvocation.proceed(CglibAopProxy.java:763)
	at org.springframework.aop.framework.adapter.MethodBeforeAdviceInterceptor.invoke(MethodBeforeAdviceInterceptor.java:58)
	at org.springframework.aop.framework.ReflectiveMethodInvocation.proceed(ReflectiveMethodInvocation.java:186)
	at org.springframework.aop.framework.CglibAopProxy$CglibMethodInvocation.proceed(CglibAopProxy.java:763)
	at org.springframework.aop.interceptor.ExposeInvocationInterceptor.invoke(ExposeInvocationInterceptor.java:97)
	at org.springframework.aop.framework.ReflectiveMethodInvocation.proceed(ReflectiveMethodInvocation.java:186)
	at org.springframework.aop.framework.CglibAopProxy$CglibMethodInvocation.proceed(CglibAopProxy.java:763)
	at org.springframework.aop.framework.CglibAopProxy$DynamicAdvisedInterceptor.intercept(CglibAopProxy.java:708)
	at com.shark.aio.base.controller.InitFFmpeg$$EnhancerBySpringCGLIB$$444f92a6.monitorFfmpegProcess(<generated>)
	at sun.reflect.GeneratedMethodAccessor81.invoke(Unknown Source)
	at sun.reflect.DelegatingMethodAccessorImpl.invoke(DelegatingMethodAccessorImpl.java:43)
	at java.lang.reflect.Method.invoke(Method.java:498)
	at org.springframework.scheduling.support.ScheduledMethodRunnable.run(ScheduledMethodRunnable.java:84)
	at org.springframework.scheduling.support.DelegatingErrorHandlingRunnable.run(DelegatingErrorHandlingRunnable.java:54)
	at org.springframework.scheduling.concurrent.ReschedulingRunnable.run(ReschedulingRunnable.java:95)
	at java.util.concurrent.Executors$RunnableAdapter.call(Executors.java:511)
	at java.util.concurrent.FutureTask.run(FutureTask.java:266)
	at java.util.concurrent.ScheduledThreadPoolExecutor$ScheduledFutureTask.access$201(ScheduledThreadPoolExecutor.java:180)
	at java.util.concurrent.ScheduledThreadPoolExecutor$ScheduledFutureTask.run(ScheduledThreadPoolExecutor.java:293)
	at java.util.concurrent.ThreadPoolExecutor.runWorker(ThreadPoolExecutor.java:1149)
	at java.util.concurrent.ThreadPoolExecutor$Worker.run(ThreadPoolExecutor.java:624)
	at java.lang.Thread.run(Thread.java:750)
Caused by: org.bytedeco.javacv.FrameGrabber$Exception: avformat_open_input() error -1482175992: Could not open input "rtsp://admin:lbx123456@192.168.0.3:554". (Has setFormat() been called?)
	at org.bytedeco.javacv.FFmpegFrameGrabber.startUnsafe(FFmpegFrameGrabber.java:876)
	at org.bytedeco.javacv.FFmpegFrameGrabber.start(FFmpegFrameGrabber.java:801)
	at org.bytedeco.javacv.FFmpegFrameGrabber.start(FFmpegFrameGrabber.java:796)
	at com.shark.aio.data.video.service.ImageRecorderService.run(ImageRecorderService.java:107)
	at java.util.concurrent.Executors$RunnableAdapter.call(Executors.java:511)
	at java.util.concurrent.FutureTask.run(FutureTask.java:266)
	... 3 common frames omitted
2024-08-28 16:44:50.003 [,] [scheduling-1] ERROR o.s.s.s.TaskUtils$LoggingErrorHandler - [handleError,95] - Unexpected error occurred in scheduled task
java.util.concurrent.ExecutionException: org.bytedeco.javacv.FrameGrabber$Exception: avformat_open_input() error -1482175992: Could not open input "rtsp://admin:lbx123456@192.168.0.3:554". (Has setFormat() been called?)
	at java.util.concurrent.FutureTask.report(FutureTask.java:122)
	at java.util.concurrent.FutureTask.get(FutureTask.java:192)
	at com.shark.aio.base.controller.InitFFmpeg.monitorFfmpegProcess(InitFFmpeg.java:106)
	at com.shark.aio.base.controller.InitFFmpeg$$FastClassBySpringCGLIB$$6f28da27.invoke(<generated>)
	at org.springframework.cglib.proxy.MethodProxy.invoke(MethodProxy.java:218)
	at org.springframework.aop.framework.CglibAopProxy$CglibMethodInvocation.invokeJoinpoint(CglibAopProxy.java:793)
	at org.springframework.aop.framework.ReflectiveMethodInvocation.proceed(ReflectiveMethodInvocation.java:163)
	at org.springframework.aop.framework.CglibAopProxy$CglibMethodInvocation.proceed(CglibAopProxy.java:763)
	at org.springframework.aop.framework.adapter.MethodBeforeAdviceInterceptor.invoke(MethodBeforeAdviceInterceptor.java:58)
	at org.springframework.aop.framework.ReflectiveMethodInvocation.proceed(ReflectiveMethodInvocation.java:186)
	at org.springframework.aop.framework.CglibAopProxy$CglibMethodInvocation.proceed(CglibAopProxy.java:763)
	at org.springframework.aop.interceptor.ExposeInvocationInterceptor.invoke(ExposeInvocationInterceptor.java:97)
	at org.springframework.aop.framework.ReflectiveMethodInvocation.proceed(ReflectiveMethodInvocation.java:186)
	at org.springframework.aop.framework.CglibAopProxy$CglibMethodInvocation.proceed(CglibAopProxy.java:763)
	at org.springframework.aop.framework.CglibAopProxy$DynamicAdvisedInterceptor.intercept(CglibAopProxy.java:708)
	at com.shark.aio.base.controller.InitFFmpeg$$EnhancerBySpringCGLIB$$444f92a6.monitorFfmpegProcess(<generated>)
	at sun.reflect.GeneratedMethodAccessor81.invoke(Unknown Source)
	at sun.reflect.DelegatingMethodAccessorImpl.invoke(DelegatingMethodAccessorImpl.java:43)
	at java.lang.reflect.Method.invoke(Method.java:498)
	at org.springframework.scheduling.support.ScheduledMethodRunnable.run(ScheduledMethodRunnable.java:84)
	at org.springframework.scheduling.support.DelegatingErrorHandlingRunnable.run(DelegatingErrorHandlingRunnable.java:54)
	at org.springframework.scheduling.concurrent.ReschedulingRunnable.run(ReschedulingRunnable.java:95)
	at java.util.concurrent.Executors$RunnableAdapter.call(Executors.java:511)
	at java.util.concurrent.FutureTask.run(FutureTask.java:266)
	at java.util.concurrent.ScheduledThreadPoolExecutor$ScheduledFutureTask.access$201(ScheduledThreadPoolExecutor.java:180)
	at java.util.concurrent.ScheduledThreadPoolExecutor$ScheduledFutureTask.run(ScheduledThreadPoolExecutor.java:293)
	at java.util.concurrent.ThreadPoolExecutor.runWorker(ThreadPoolExecutor.java:1149)
	at java.util.concurrent.ThreadPoolExecutor$Worker.run(ThreadPoolExecutor.java:624)
	at java.lang.Thread.run(Thread.java:750)
Caused by: org.bytedeco.javacv.FrameGrabber$Exception: avformat_open_input() error -1482175992: Could not open input "rtsp://admin:lbx123456@192.168.0.3:554". (Has setFormat() been called?)
	at org.bytedeco.javacv.FFmpegFrameGrabber.startUnsafe(FFmpegFrameGrabber.java:876)
	at org.bytedeco.javacv.FFmpegFrameGrabber.start(FFmpegFrameGrabber.java:801)
	at org.bytedeco.javacv.FFmpegFrameGrabber.start(FFmpegFrameGrabber.java:796)
	at com.shark.aio.data.video.service.ImageRecorderService.run(ImageRecorderService.java:107)
	at java.util.concurrent.Executors$RunnableAdapter.call(Executors.java:511)
	at java.util.concurrent.FutureTask.run(FutureTask.java:266)
	... 3 common frames omitted
2024-08-28 16:45:00.002 [,] [scheduling-1] ERROR o.s.s.s.TaskUtils$LoggingErrorHandler - [handleError,95] - Unexpected error occurred in scheduled task
java.util.concurrent.ExecutionException: org.bytedeco.javacv.FrameGrabber$Exception: avformat_open_input() error -1482175992: Could not open input "rtsp://admin:lbx123456@192.168.0.3:554". (Has setFormat() been called?)
	at java.util.concurrent.FutureTask.report(FutureTask.java:122)
	at java.util.concurrent.FutureTask.get(FutureTask.java:192)
	at com.shark.aio.base.controller.InitFFmpeg.monitorFfmpegProcess(InitFFmpeg.java:106)
	at com.shark.aio.base.controller.InitFFmpeg$$FastClassBySpringCGLIB$$6f28da27.invoke(<generated>)
	at org.springframework.cglib.proxy.MethodProxy.invoke(MethodProxy.java:218)
	at org.springframework.aop.framework.CglibAopProxy$CglibMethodInvocation.invokeJoinpoint(CglibAopProxy.java:793)
	at org.springframework.aop.framework.ReflectiveMethodInvocation.proceed(ReflectiveMethodInvocation.java:163)
	at org.springframework.aop.framework.CglibAopProxy$CglibMethodInvocation.proceed(CglibAopProxy.java:763)
	at org.springframework.aop.framework.adapter.MethodBeforeAdviceInterceptor.invoke(MethodBeforeAdviceInterceptor.java:58)
	at org.springframework.aop.framework.ReflectiveMethodInvocation.proceed(ReflectiveMethodInvocation.java:186)
	at org.springframework.aop.framework.CglibAopProxy$CglibMethodInvocation.proceed(CglibAopProxy.java:763)
	at org.springframework.aop.interceptor.ExposeInvocationInterceptor.invoke(ExposeInvocationInterceptor.java:97)
	at org.springframework.aop.framework.ReflectiveMethodInvocation.proceed(ReflectiveMethodInvocation.java:186)
	at org.springframework.aop.framework.CglibAopProxy$CglibMethodInvocation.proceed(CglibAopProxy.java:763)
	at org.springframework.aop.framework.CglibAopProxy$DynamicAdvisedInterceptor.intercept(CglibAopProxy.java:708)
	at com.shark.aio.base.controller.InitFFmpeg$$EnhancerBySpringCGLIB$$444f92a6.monitorFfmpegProcess(<generated>)
	at sun.reflect.GeneratedMethodAccessor81.invoke(Unknown Source)
	at sun.reflect.DelegatingMethodAccessorImpl.invoke(DelegatingMethodAccessorImpl.java:43)
	at java.lang.reflect.Method.invoke(Method.java:498)
	at org.springframework.scheduling.support.ScheduledMethodRunnable.run(ScheduledMethodRunnable.java:84)
	at org.springframework.scheduling.support.DelegatingErrorHandlingRunnable.run(DelegatingErrorHandlingRunnable.java:54)
	at org.springframework.scheduling.concurrent.ReschedulingRunnable.run(ReschedulingRunnable.java:95)
	at java.util.concurrent.Executors$RunnableAdapter.call(Executors.java:511)
	at java.util.concurrent.FutureTask.run(FutureTask.java:266)
	at java.util.concurrent.ScheduledThreadPoolExecutor$ScheduledFutureTask.access$201(ScheduledThreadPoolExecutor.java:180)
	at java.util.concurrent.ScheduledThreadPoolExecutor$ScheduledFutureTask.run(ScheduledThreadPoolExecutor.java:293)
	at java.util.concurrent.ThreadPoolExecutor.runWorker(ThreadPoolExecutor.java:1149)
	at java.util.concurrent.ThreadPoolExecutor$Worker.run(ThreadPoolExecutor.java:624)
	at java.lang.Thread.run(Thread.java:750)
Caused by: org.bytedeco.javacv.FrameGrabber$Exception: avformat_open_input() error -1482175992: Could not open input "rtsp://admin:lbx123456@192.168.0.3:554". (Has setFormat() been called?)
	at org.bytedeco.javacv.FFmpegFrameGrabber.startUnsafe(FFmpegFrameGrabber.java:876)
	at org.bytedeco.javacv.FFmpegFrameGrabber.start(FFmpegFrameGrabber.java:801)
	at org.bytedeco.javacv.FFmpegFrameGrabber.start(FFmpegFrameGrabber.java:796)
	at com.shark.aio.data.video.service.ImageRecorderService.run(ImageRecorderService.java:107)
	at java.util.concurrent.Executors$RunnableAdapter.call(Executors.java:511)
	at java.util.concurrent.FutureTask.run(FutureTask.java:266)
	... 3 common frames omitted
2024-08-28 16:45:10.007 [,] [scheduling-1] ERROR o.s.s.s.TaskUtils$LoggingErrorHandler - [handleError,95] - Unexpected error occurred in scheduled task
java.util.concurrent.ExecutionException: org.bytedeco.javacv.FrameGrabber$Exception: avformat_open_input() error -1482175992: Could not open input "rtsp://admin:lbx123456@192.168.0.3:554". (Has setFormat() been called?)
	at java.util.concurrent.FutureTask.report(FutureTask.java:122)
	at java.util.concurrent.FutureTask.get(FutureTask.java:192)
	at com.shark.aio.base.controller.InitFFmpeg.monitorFfmpegProcess(InitFFmpeg.java:106)
	at com.shark.aio.base.controller.InitFFmpeg$$FastClassBySpringCGLIB$$6f28da27.invoke(<generated>)
	at org.springframework.cglib.proxy.MethodProxy.invoke(MethodProxy.java:218)
	at org.springframework.aop.framework.CglibAopProxy$CglibMethodInvocation.invokeJoinpoint(CglibAopProxy.java:793)
	at org.springframework.aop.framework.ReflectiveMethodInvocation.proceed(ReflectiveMethodInvocation.java:163)
	at org.springframework.aop.framework.CglibAopProxy$CglibMethodInvocation.proceed(CglibAopProxy.java:763)
	at org.springframework.aop.framework.adapter.MethodBeforeAdviceInterceptor.invoke(MethodBeforeAdviceInterceptor.java:58)
	at org.springframework.aop.framework.ReflectiveMethodInvocation.proceed(ReflectiveMethodInvocation.java:186)
	at org.springframework.aop.framework.CglibAopProxy$CglibMethodInvocation.proceed(CglibAopProxy.java:763)
	at org.springframework.aop.interceptor.ExposeInvocationInterceptor.invoke(ExposeInvocationInterceptor.java:97)
	at org.springframework.aop.framework.ReflectiveMethodInvocation.proceed(ReflectiveMethodInvocation.java:186)
	at org.springframework.aop.framework.CglibAopProxy$CglibMethodInvocation.proceed(CglibAopProxy.java:763)
	at org.springframework.aop.framework.CglibAopProxy$DynamicAdvisedInterceptor.intercept(CglibAopProxy.java:708)
	at com.shark.aio.base.controller.InitFFmpeg$$EnhancerBySpringCGLIB$$444f92a6.monitorFfmpegProcess(<generated>)
	at sun.reflect.GeneratedMethodAccessor81.invoke(Unknown Source)
	at sun.reflect.DelegatingMethodAccessorImpl.invoke(DelegatingMethodAccessorImpl.java:43)
	at java.lang.reflect.Method.invoke(Method.java:498)
	at org.springframework.scheduling.support.ScheduledMethodRunnable.run(ScheduledMethodRunnable.java:84)
	at org.springframework.scheduling.support.DelegatingErrorHandlingRunnable.run(DelegatingErrorHandlingRunnable.java:54)
	at org.springframework.scheduling.concurrent.ReschedulingRunnable.run(ReschedulingRunnable.java:95)
	at java.util.concurrent.Executors$RunnableAdapter.call(Executors.java:511)
	at java.util.concurrent.FutureTask.run(FutureTask.java:266)
	at java.util.concurrent.ScheduledThreadPoolExecutor$ScheduledFutureTask.access$201(ScheduledThreadPoolExecutor.java:180)
	at java.util.concurrent.ScheduledThreadPoolExecutor$ScheduledFutureTask.run(ScheduledThreadPoolExecutor.java:293)
	at java.util.concurrent.ThreadPoolExecutor.runWorker(ThreadPoolExecutor.java:1149)
	at java.util.concurrent.ThreadPoolExecutor$Worker.run(ThreadPoolExecutor.java:624)
	at java.lang.Thread.run(Thread.java:750)
Caused by: org.bytedeco.javacv.FrameGrabber$Exception: avformat_open_input() error -1482175992: Could not open input "rtsp://admin:lbx123456@192.168.0.3:554". (Has setFormat() been called?)
	at org.bytedeco.javacv.FFmpegFrameGrabber.startUnsafe(FFmpegFrameGrabber.java:876)
	at org.bytedeco.javacv.FFmpegFrameGrabber.start(FFmpegFrameGrabber.java:801)
	at org.bytedeco.javacv.FFmpegFrameGrabber.start(FFmpegFrameGrabber.java:796)
	at com.shark.aio.data.video.service.ImageRecorderService.run(ImageRecorderService.java:107)
	at java.util.concurrent.Executors$RunnableAdapter.call(Executors.java:511)
	at java.util.concurrent.FutureTask.run(FutureTask.java:266)
	... 3 common frames omitted
2024-08-28 16:45:20.002 [,] [scheduling-1] ERROR o.s.s.s.TaskUtils$LoggingErrorHandler - [handleError,95] - Unexpected error occurred in scheduled task
java.util.concurrent.ExecutionException: org.bytedeco.javacv.FrameGrabber$Exception: avformat_open_input() error -1482175992: Could not open input "rtsp://admin:lbx123456@192.168.0.3:554". (Has setFormat() been called?)
	at java.util.concurrent.FutureTask.report(FutureTask.java:122)
	at java.util.concurrent.FutureTask.get(FutureTask.java:192)
	at com.shark.aio.base.controller.InitFFmpeg.monitorFfmpegProcess(InitFFmpeg.java:106)
	at com.shark.aio.base.controller.InitFFmpeg$$FastClassBySpringCGLIB$$6f28da27.invoke(<generated>)
	at org.springframework.cglib.proxy.MethodProxy.invoke(MethodProxy.java:218)
	at org.springframework.aop.framework.CglibAopProxy$CglibMethodInvocation.invokeJoinpoint(CglibAopProxy.java:793)
	at org.springframework.aop.framework.ReflectiveMethodInvocation.proceed(ReflectiveMethodInvocation.java:163)
	at org.springframework.aop.framework.CglibAopProxy$CglibMethodInvocation.proceed(CglibAopProxy.java:763)
	at org.springframework.aop.framework.adapter.MethodBeforeAdviceInterceptor.invoke(MethodBeforeAdviceInterceptor.java:58)
	at org.springframework.aop.framework.ReflectiveMethodInvocation.proceed(ReflectiveMethodInvocation.java:186)
	at org.springframework.aop.framework.CglibAopProxy$CglibMethodInvocation.proceed(CglibAopProxy.java:763)
	at org.springframework.aop.interceptor.ExposeInvocationInterceptor.invoke(ExposeInvocationInterceptor.java:97)
	at org.springframework.aop.framework.ReflectiveMethodInvocation.proceed(ReflectiveMethodInvocation.java:186)
	at org.springframework.aop.framework.CglibAopProxy$CglibMethodInvocation.proceed(CglibAopProxy.java:763)
	at org.springframework.aop.framework.CglibAopProxy$DynamicAdvisedInterceptor.intercept(CglibAopProxy.java:708)
	at com.shark.aio.base.controller.InitFFmpeg$$EnhancerBySpringCGLIB$$444f92a6.monitorFfmpegProcess(<generated>)
	at sun.reflect.GeneratedMethodAccessor81.invoke(Unknown Source)
	at sun.reflect.DelegatingMethodAccessorImpl.invoke(DelegatingMethodAccessorImpl.java:43)
	at java.lang.reflect.Method.invoke(Method.java:498)
	at org.springframework.scheduling.support.ScheduledMethodRunnable.run(ScheduledMethodRunnable.java:84)
	at org.springframework.scheduling.support.DelegatingErrorHandlingRunnable.run(DelegatingErrorHandlingRunnable.java:54)
	at org.springframework.scheduling.concurrent.ReschedulingRunnable.run(ReschedulingRunnable.java:95)
	at java.util.concurrent.Executors$RunnableAdapter.call(Executors.java:511)
	at java.util.concurrent.FutureTask.run(FutureTask.java:266)
	at java.util.concurrent.ScheduledThreadPoolExecutor$ScheduledFutureTask.access$201(ScheduledThreadPoolExecutor.java:180)
	at java.util.concurrent.ScheduledThreadPoolExecutor$ScheduledFutureTask.run(ScheduledThreadPoolExecutor.java:293)
	at java.util.concurrent.ThreadPoolExecutor.runWorker(ThreadPoolExecutor.java:1149)
	at java.util.concurrent.ThreadPoolExecutor$Worker.run(ThreadPoolExecutor.java:624)
	at java.lang.Thread.run(Thread.java:750)
Caused by: org.bytedeco.javacv.FrameGrabber$Exception: avformat_open_input() error -1482175992: Could not open input "rtsp://admin:lbx123456@192.168.0.3:554". (Has setFormat() been called?)
	at org.bytedeco.javacv.FFmpegFrameGrabber.startUnsafe(FFmpegFrameGrabber.java:876)
	at org.bytedeco.javacv.FFmpegFrameGrabber.start(FFmpegFrameGrabber.java:801)
	at org.bytedeco.javacv.FFmpegFrameGrabber.start(FFmpegFrameGrabber.java:796)
	at com.shark.aio.data.video.service.ImageRecorderService.run(ImageRecorderService.java:107)
	at java.util.concurrent.Executors$RunnableAdapter.call(Executors.java:511)
	at java.util.concurrent.FutureTask.run(FutureTask.java:266)
	... 3 common frames omitted
2024-08-28 16:45:30.001 [,] [scheduling-1] ERROR o.s.s.s.TaskUtils$LoggingErrorHandler - [handleError,95] - Unexpected error occurred in scheduled task
java.util.concurrent.ExecutionException: org.bytedeco.javacv.FrameGrabber$Exception: avformat_open_input() error -1482175992: Could not open input "rtsp://admin:lbx123456@192.168.0.3:554". (Has setFormat() been called?)
	at java.util.concurrent.FutureTask.report(FutureTask.java:122)
	at java.util.concurrent.FutureTask.get(FutureTask.java:192)
	at com.shark.aio.base.controller.InitFFmpeg.monitorFfmpegProcess(InitFFmpeg.java:106)
	at com.shark.aio.base.controller.InitFFmpeg$$FastClassBySpringCGLIB$$6f28da27.invoke(<generated>)
	at org.springframework.cglib.proxy.MethodProxy.invoke(MethodProxy.java:218)
	at org.springframework.aop.framework.CglibAopProxy$CglibMethodInvocation.invokeJoinpoint(CglibAopProxy.java:793)
	at org.springframework.aop.framework.ReflectiveMethodInvocation.proceed(ReflectiveMethodInvocation.java:163)
	at org.springframework.aop.framework.CglibAopProxy$CglibMethodInvocation.proceed(CglibAopProxy.java:763)
	at org.springframework.aop.framework.adapter.MethodBeforeAdviceInterceptor.invoke(MethodBeforeAdviceInterceptor.java:58)
	at org.springframework.aop.framework.ReflectiveMethodInvocation.proceed(ReflectiveMethodInvocation.java:186)
	at org.springframework.aop.framework.CglibAopProxy$CglibMethodInvocation.proceed(CglibAopProxy.java:763)
	at org.springframework.aop.interceptor.ExposeInvocationInterceptor.invoke(ExposeInvocationInterceptor.java:97)
	at org.springframework.aop.framework.ReflectiveMethodInvocation.proceed(ReflectiveMethodInvocation.java:186)
	at org.springframework.aop.framework.CglibAopProxy$CglibMethodInvocation.proceed(CglibAopProxy.java:763)
	at org.springframework.aop.framework.CglibAopProxy$DynamicAdvisedInterceptor.intercept(CglibAopProxy.java:708)
	at com.shark.aio.base.controller.InitFFmpeg$$EnhancerBySpringCGLIB$$444f92a6.monitorFfmpegProcess(<generated>)
	at sun.reflect.GeneratedMethodAccessor81.invoke(Unknown Source)
	at sun.reflect.DelegatingMethodAccessorImpl.invoke(DelegatingMethodAccessorImpl.java:43)
	at java.lang.reflect.Method.invoke(Method.java:498)
	at org.springframework.scheduling.support.ScheduledMethodRunnable.run(ScheduledMethodRunnable.java:84)
	at org.springframework.scheduling.support.DelegatingErrorHandlingRunnable.run(DelegatingErrorHandlingRunnable.java:54)
	at org.springframework.scheduling.concurrent.ReschedulingRunnable.run(ReschedulingRunnable.java:95)
	at java.util.concurrent.Executors$RunnableAdapter.call(Executors.java:511)
	at java.util.concurrent.FutureTask.run(FutureTask.java:266)
	at java.util.concurrent.ScheduledThreadPoolExecutor$ScheduledFutureTask.access$201(ScheduledThreadPoolExecutor.java:180)
	at java.util.concurrent.ScheduledThreadPoolExecutor$ScheduledFutureTask.run(ScheduledThreadPoolExecutor.java:293)
	at java.util.concurrent.ThreadPoolExecutor.runWorker(ThreadPoolExecutor.java:1149)
	at java.util.concurrent.ThreadPoolExecutor$Worker.run(ThreadPoolExecutor.java:624)
	at java.lang.Thread.run(Thread.java:750)
Caused by: org.bytedeco.javacv.FrameGrabber$Exception: avformat_open_input() error -1482175992: Could not open input "rtsp://admin:lbx123456@192.168.0.3:554". (Has setFormat() been called?)
	at org.bytedeco.javacv.FFmpegFrameGrabber.startUnsafe(FFmpegFrameGrabber.java:876)
	at org.bytedeco.javacv.FFmpegFrameGrabber.start(FFmpegFrameGrabber.java:801)
	at org.bytedeco.javacv.FFmpegFrameGrabber.start(FFmpegFrameGrabber.java:796)
	at com.shark.aio.data.video.service.ImageRecorderService.run(ImageRecorderService.java:107)
	at java.util.concurrent.Executors$RunnableAdapter.call(Executors.java:511)
	at java.util.concurrent.FutureTask.run(FutureTask.java:266)
	... 3 common frames omitted
2024-08-28 16:45:40.016 [,] [scheduling-1] ERROR o.s.s.s.TaskUtils$LoggingErrorHandler - [handleError,95] - Unexpected error occurred in scheduled task
java.util.concurrent.ExecutionException: org.bytedeco.javacv.FrameGrabber$Exception: avformat_open_input() error -1482175992: Could not open input "rtsp://admin:lbx123456@192.168.0.3:554". (Has setFormat() been called?)
	at java.util.concurrent.FutureTask.report(FutureTask.java:122)
	at java.util.concurrent.FutureTask.get(FutureTask.java:192)
	at com.shark.aio.base.controller.InitFFmpeg.monitorFfmpegProcess(InitFFmpeg.java:106)
	at com.shark.aio.base.controller.InitFFmpeg$$FastClassBySpringCGLIB$$6f28da27.invoke(<generated>)
	at org.springframework.cglib.proxy.MethodProxy.invoke(MethodProxy.java:218)
	at org.springframework.aop.framework.CglibAopProxy$CglibMethodInvocation.invokeJoinpoint(CglibAopProxy.java:793)
	at org.springframework.aop.framework.ReflectiveMethodInvocation.proceed(ReflectiveMethodInvocation.java:163)
	at org.springframework.aop.framework.CglibAopProxy$CglibMethodInvocation.proceed(CglibAopProxy.java:763)
	at org.springframework.aop.framework.adapter.MethodBeforeAdviceInterceptor.invoke(MethodBeforeAdviceInterceptor.java:58)
	at org.springframework.aop.framework.ReflectiveMethodInvocation.proceed(ReflectiveMethodInvocation.java:186)
	at org.springframework.aop.framework.CglibAopProxy$CglibMethodInvocation.proceed(CglibAopProxy.java:763)
	at org.springframework.aop.interceptor.ExposeInvocationInterceptor.invoke(ExposeInvocationInterceptor.java:97)
	at org.springframework.aop.framework.ReflectiveMethodInvocation.proceed(ReflectiveMethodInvocation.java:186)
	at org.springframework.aop.framework.CglibAopProxy$CglibMethodInvocation.proceed(CglibAopProxy.java:763)
	at org.springframework.aop.framework.CglibAopProxy$DynamicAdvisedInterceptor.intercept(CglibAopProxy.java:708)
	at com.shark.aio.base.controller.InitFFmpeg$$EnhancerBySpringCGLIB$$444f92a6.monitorFfmpegProcess(<generated>)
	at sun.reflect.GeneratedMethodAccessor81.invoke(Unknown Source)
	at sun.reflect.DelegatingMethodAccessorImpl.invoke(DelegatingMethodAccessorImpl.java:43)
	at java.lang.reflect.Method.invoke(Method.java:498)
	at org.springframework.scheduling.support.ScheduledMethodRunnable.run(ScheduledMethodRunnable.java:84)
	at org.springframework.scheduling.support.DelegatingErrorHandlingRunnable.run(DelegatingErrorHandlingRunnable.java:54)
	at org.springframework.scheduling.concurrent.ReschedulingRunnable.run(ReschedulingRunnable.java:95)
	at java.util.concurrent.Executors$RunnableAdapter.call(Executors.java:511)
	at java.util.concurrent.FutureTask.run(FutureTask.java:266)
	at java.util.concurrent.ScheduledThreadPoolExecutor$ScheduledFutureTask.access$201(ScheduledThreadPoolExecutor.java:180)
	at java.util.concurrent.ScheduledThreadPoolExecutor$ScheduledFutureTask.run(ScheduledThreadPoolExecutor.java:293)
	at java.util.concurrent.ThreadPoolExecutor.runWorker(ThreadPoolExecutor.java:1149)
	at java.util.concurrent.ThreadPoolExecutor$Worker.run(ThreadPoolExecutor.java:624)
	at java.lang.Thread.run(Thread.java:750)
Caused by: org.bytedeco.javacv.FrameGrabber$Exception: avformat_open_input() error -1482175992: Could not open input "rtsp://admin:lbx123456@192.168.0.3:554". (Has setFormat() been called?)
	at org.bytedeco.javacv.FFmpegFrameGrabber.startUnsafe(FFmpegFrameGrabber.java:876)
	at org.bytedeco.javacv.FFmpegFrameGrabber.start(FFmpegFrameGrabber.java:801)
	at org.bytedeco.javacv.FFmpegFrameGrabber.start(FFmpegFrameGrabber.java:796)
	at com.shark.aio.data.video.service.ImageRecorderService.run(ImageRecorderService.java:107)
	at java.util.concurrent.Executors$RunnableAdapter.call(Executors.java:511)
	at java.util.concurrent.FutureTask.run(FutureTask.java:266)
	... 3 common frames omitted
2024-08-28 16:45:50.002 [,] [scheduling-1] ERROR o.s.s.s.TaskUtils$LoggingErrorHandler - [handleError,95] - Unexpected error occurred in scheduled task
java.util.concurrent.ExecutionException: org.bytedeco.javacv.FrameGrabber$Exception: avformat_open_input() error -1482175992: Could not open input "rtsp://admin:lbx123456@192.168.0.3:554". (Has setFormat() been called?)
	at java.util.concurrent.FutureTask.report(FutureTask.java:122)
	at java.util.concurrent.FutureTask.get(FutureTask.java:192)
	at com.shark.aio.base.controller.InitFFmpeg.monitorFfmpegProcess(InitFFmpeg.java:106)
	at com.shark.aio.base.controller.InitFFmpeg$$FastClassBySpringCGLIB$$6f28da27.invoke(<generated>)
	at org.springframework.cglib.proxy.MethodProxy.invoke(MethodProxy.java:218)
	at org.springframework.aop.framework.CglibAopProxy$CglibMethodInvocation.invokeJoinpoint(CglibAopProxy.java:793)
	at org.springframework.aop.framework.ReflectiveMethodInvocation.proceed(ReflectiveMethodInvocation.java:163)
	at org.springframework.aop.framework.CglibAopProxy$CglibMethodInvocation.proceed(CglibAopProxy.java:763)
	at org.springframework.aop.framework.adapter.MethodBeforeAdviceInterceptor.invoke(MethodBeforeAdviceInterceptor.java:58)
	at org.springframework.aop.framework.ReflectiveMethodInvocation.proceed(ReflectiveMethodInvocation.java:186)
	at org.springframework.aop.framework.CglibAopProxy$CglibMethodInvocation.proceed(CglibAopProxy.java:763)
	at org.springframework.aop.interceptor.ExposeInvocationInterceptor.invoke(ExposeInvocationInterceptor.java:97)
	at org.springframework.aop.framework.ReflectiveMethodInvocation.proceed(ReflectiveMethodInvocation.java:186)
	at org.springframework.aop.framework.CglibAopProxy$CglibMethodInvocation.proceed(CglibAopProxy.java:763)
	at org.springframework.aop.framework.CglibAopProxy$DynamicAdvisedInterceptor.intercept(CglibAopProxy.java:708)
	at com.shark.aio.base.controller.InitFFmpeg$$EnhancerBySpringCGLIB$$444f92a6.monitorFfmpegProcess(<generated>)
	at sun.reflect.GeneratedMethodAccessor81.invoke(Unknown Source)
	at sun.reflect.DelegatingMethodAccessorImpl.invoke(DelegatingMethodAccessorImpl.java:43)
	at java.lang.reflect.Method.invoke(Method.java:498)
	at org.springframework.scheduling.support.ScheduledMethodRunnable.run(ScheduledMethodRunnable.java:84)
	at org.springframework.scheduling.support.DelegatingErrorHandlingRunnable.run(DelegatingErrorHandlingRunnable.java:54)
	at org.springframework.scheduling.concurrent.ReschedulingRunnable.run(ReschedulingRunnable.java:95)
	at java.util.concurrent.Executors$RunnableAdapter.call(Executors.java:511)
	at java.util.concurrent.FutureTask.run(FutureTask.java:266)
	at java.util.concurrent.ScheduledThreadPoolExecutor$ScheduledFutureTask.access$201(ScheduledThreadPoolExecutor.java:180)
	at java.util.concurrent.ScheduledThreadPoolExecutor$ScheduledFutureTask.run(ScheduledThreadPoolExecutor.java:293)
	at java.util.concurrent.ThreadPoolExecutor.runWorker(ThreadPoolExecutor.java:1149)
	at java.util.concurrent.ThreadPoolExecutor$Worker.run(ThreadPoolExecutor.java:624)
	at java.lang.Thread.run(Thread.java:750)
Caused by: org.bytedeco.javacv.FrameGrabber$Exception: avformat_open_input() error -1482175992: Could not open input "rtsp://admin:lbx123456@192.168.0.3:554". (Has setFormat() been called?)
	at org.bytedeco.javacv.FFmpegFrameGrabber.startUnsafe(FFmpegFrameGrabber.java:876)
	at org.bytedeco.javacv.FFmpegFrameGrabber.start(FFmpegFrameGrabber.java:801)
	at org.bytedeco.javacv.FFmpegFrameGrabber.start(FFmpegFrameGrabber.java:796)
	at com.shark.aio.data.video.service.ImageRecorderService.run(ImageRecorderService.java:107)
	at java.util.concurrent.Executors$RunnableAdapter.call(Executors.java:511)
	at java.util.concurrent.FutureTask.run(FutureTask.java:266)
	... 3 common frames omitted
2024-08-28 16:46:00.010 [,] [scheduling-1] ERROR o.s.s.s.TaskUtils$LoggingErrorHandler - [handleError,95] - Unexpected error occurred in scheduled task
java.util.concurrent.ExecutionException: org.bytedeco.javacv.FrameGrabber$Exception: avformat_open_input() error -1482175992: Could not open input "rtsp://admin:lbx123456@192.168.0.3:554". (Has setFormat() been called?)
	at java.util.concurrent.FutureTask.report(FutureTask.java:122)
	at java.util.concurrent.FutureTask.get(FutureTask.java:192)
	at com.shark.aio.base.controller.InitFFmpeg.monitorFfmpegProcess(InitFFmpeg.java:106)
	at com.shark.aio.base.controller.InitFFmpeg$$FastClassBySpringCGLIB$$6f28da27.invoke(<generated>)
	at org.springframework.cglib.proxy.MethodProxy.invoke(MethodProxy.java:218)
	at org.springframework.aop.framework.CglibAopProxy$CglibMethodInvocation.invokeJoinpoint(CglibAopProxy.java:793)
	at org.springframework.aop.framework.ReflectiveMethodInvocation.proceed(ReflectiveMethodInvocation.java:163)
	at org.springframework.aop.framework.CglibAopProxy$CglibMethodInvocation.proceed(CglibAopProxy.java:763)
	at org.springframework.aop.framework.adapter.MethodBeforeAdviceInterceptor.invoke(MethodBeforeAdviceInterceptor.java:58)
	at org.springframework.aop.framework.ReflectiveMethodInvocation.proceed(ReflectiveMethodInvocation.java:186)
	at org.springframework.aop.framework.CglibAopProxy$CglibMethodInvocation.proceed(CglibAopProxy.java:763)
	at org.springframework.aop.interceptor.ExposeInvocationInterceptor.invoke(ExposeInvocationInterceptor.java:97)
	at org.springframework.aop.framework.ReflectiveMethodInvocation.proceed(ReflectiveMethodInvocation.java:186)
	at org.springframework.aop.framework.CglibAopProxy$CglibMethodInvocation.proceed(CglibAopProxy.java:763)
	at org.springframework.aop.framework.CglibAopProxy$DynamicAdvisedInterceptor.intercept(CglibAopProxy.java:708)
	at com.shark.aio.base.controller.InitFFmpeg$$EnhancerBySpringCGLIB$$444f92a6.monitorFfmpegProcess(<generated>)
	at sun.reflect.GeneratedMethodAccessor81.invoke(Unknown Source)
	at sun.reflect.DelegatingMethodAccessorImpl.invoke(DelegatingMethodAccessorImpl.java:43)
	at java.lang.reflect.Method.invoke(Method.java:498)
	at org.springframework.scheduling.support.ScheduledMethodRunnable.run(ScheduledMethodRunnable.java:84)
	at org.springframework.scheduling.support.DelegatingErrorHandlingRunnable.run(DelegatingErrorHandlingRunnable.java:54)
	at org.springframework.scheduling.concurrent.ReschedulingRunnable.run(ReschedulingRunnable.java:95)
	at java.util.concurrent.Executors$RunnableAdapter.call(Executors.java:511)
	at java.util.concurrent.FutureTask.run(FutureTask.java:266)
	at java.util.concurrent.ScheduledThreadPoolExecutor$ScheduledFutureTask.access$201(ScheduledThreadPoolExecutor.java:180)
	at java.util.concurrent.ScheduledThreadPoolExecutor$ScheduledFutureTask.run(ScheduledThreadPoolExecutor.java:293)
	at java.util.concurrent.ThreadPoolExecutor.runWorker(ThreadPoolExecutor.java:1149)
	at java.util.concurrent.ThreadPoolExecutor$Worker.run(ThreadPoolExecutor.java:624)
	at java.lang.Thread.run(Thread.java:750)
Caused by: org.bytedeco.javacv.FrameGrabber$Exception: avformat_open_input() error -1482175992: Could not open input "rtsp://admin:lbx123456@192.168.0.3:554". (Has setFormat() been called?)
	at org.bytedeco.javacv.FFmpegFrameGrabber.startUnsafe(FFmpegFrameGrabber.java:876)
	at org.bytedeco.javacv.FFmpegFrameGrabber.start(FFmpegFrameGrabber.java:801)
	at org.bytedeco.javacv.FFmpegFrameGrabber.start(FFmpegFrameGrabber.java:796)
	at com.shark.aio.data.video.service.ImageRecorderService.run(ImageRecorderService.java:107)
	at java.util.concurrent.Executors$RunnableAdapter.call(Executors.java:511)
	at java.util.concurrent.FutureTask.run(FutureTask.java:266)
	... 3 common frames omitted
2024-08-28 16:46:10.011 [,] [scheduling-1] ERROR o.s.s.s.TaskUtils$LoggingErrorHandler - [handleError,95] - Unexpected error occurred in scheduled task
java.util.concurrent.ExecutionException: org.bytedeco.javacv.FrameGrabber$Exception: avformat_open_input() error -1482175992: Could not open input "rtsp://admin:lbx123456@192.168.0.3:554". (Has setFormat() been called?)
	at java.util.concurrent.FutureTask.report(FutureTask.java:122)
	at java.util.concurrent.FutureTask.get(FutureTask.java:192)
	at com.shark.aio.base.controller.InitFFmpeg.monitorFfmpegProcess(InitFFmpeg.java:106)
	at com.shark.aio.base.controller.InitFFmpeg$$FastClassBySpringCGLIB$$6f28da27.invoke(<generated>)
	at org.springframework.cglib.proxy.MethodProxy.invoke(MethodProxy.java:218)
	at org.springframework.aop.framework.CglibAopProxy$CglibMethodInvocation.invokeJoinpoint(CglibAopProxy.java:793)
	at org.springframework.aop.framework.ReflectiveMethodInvocation.proceed(ReflectiveMethodInvocation.java:163)
	at org.springframework.aop.framework.CglibAopProxy$CglibMethodInvocation.proceed(CglibAopProxy.java:763)
	at org.springframework.aop.framework.adapter.MethodBeforeAdviceInterceptor.invoke(MethodBeforeAdviceInterceptor.java:58)
	at org.springframework.aop.framework.ReflectiveMethodInvocation.proceed(ReflectiveMethodInvocation.java:186)
	at org.springframework.aop.framework.CglibAopProxy$CglibMethodInvocation.proceed(CglibAopProxy.java:763)
	at org.springframework.aop.interceptor.ExposeInvocationInterceptor.invoke(ExposeInvocationInterceptor.java:97)
	at org.springframework.aop.framework.ReflectiveMethodInvocation.proceed(ReflectiveMethodInvocation.java:186)
	at org.springframework.aop.framework.CglibAopProxy$CglibMethodInvocation.proceed(CglibAopProxy.java:763)
	at org.springframework.aop.framework.CglibAopProxy$DynamicAdvisedInterceptor.intercept(CglibAopProxy.java:708)
	at com.shark.aio.base.controller.InitFFmpeg$$EnhancerBySpringCGLIB$$444f92a6.monitorFfmpegProcess(<generated>)
	at sun.reflect.GeneratedMethodAccessor81.invoke(Unknown Source)
	at sun.reflect.DelegatingMethodAccessorImpl.invoke(DelegatingMethodAccessorImpl.java:43)
	at java.lang.reflect.Method.invoke(Method.java:498)
	at org.springframework.scheduling.support.ScheduledMethodRunnable.run(ScheduledMethodRunnable.java:84)
	at org.springframework.scheduling.support.DelegatingErrorHandlingRunnable.run(DelegatingErrorHandlingRunnable.java:54)
	at org.springframework.scheduling.concurrent.ReschedulingRunnable.run(ReschedulingRunnable.java:95)
	at java.util.concurrent.Executors$RunnableAdapter.call(Executors.java:511)
	at java.util.concurrent.FutureTask.run(FutureTask.java:266)
	at java.util.concurrent.ScheduledThreadPoolExecutor$ScheduledFutureTask.access$201(ScheduledThreadPoolExecutor.java:180)
	at java.util.concurrent.ScheduledThreadPoolExecutor$ScheduledFutureTask.run(ScheduledThreadPoolExecutor.java:293)
	at java.util.concurrent.ThreadPoolExecutor.runWorker(ThreadPoolExecutor.java:1149)
	at java.util.concurrent.ThreadPoolExecutor$Worker.run(ThreadPoolExecutor.java:624)
	at java.lang.Thread.run(Thread.java:750)
Caused by: org.bytedeco.javacv.FrameGrabber$Exception: avformat_open_input() error -1482175992: Could not open input "rtsp://admin:lbx123456@192.168.0.3:554". (Has setFormat() been called?)
	at org.bytedeco.javacv.FFmpegFrameGrabber.startUnsafe(FFmpegFrameGrabber.java:876)
	at org.bytedeco.javacv.FFmpegFrameGrabber.start(FFmpegFrameGrabber.java:801)
	at org.bytedeco.javacv.FFmpegFrameGrabber.start(FFmpegFrameGrabber.java:796)
	at com.shark.aio.data.video.service.ImageRecorderService.run(ImageRecorderService.java:107)
	at java.util.concurrent.Executors$RunnableAdapter.call(Executors.java:511)
	at java.util.concurrent.FutureTask.run(FutureTask.java:266)
	... 3 common frames omitted
2024-08-28 16:46:20.005 [,] [scheduling-1] ERROR o.s.s.s.TaskUtils$LoggingErrorHandler - [handleError,95] - Unexpected error occurred in scheduled task
java.util.concurrent.ExecutionException: org.bytedeco.javacv.FrameGrabber$Exception: avformat_open_input() error -1482175992: Could not open input "rtsp://admin:lbx123456@192.168.0.3:554". (Has setFormat() been called?)
	at java.util.concurrent.FutureTask.report(FutureTask.java:122)
	at java.util.concurrent.FutureTask.get(FutureTask.java:192)
	at com.shark.aio.base.controller.InitFFmpeg.monitorFfmpegProcess(InitFFmpeg.java:106)
	at com.shark.aio.base.controller.InitFFmpeg$$FastClassBySpringCGLIB$$6f28da27.invoke(<generated>)
	at org.springframework.cglib.proxy.MethodProxy.invoke(MethodProxy.java:218)
	at org.springframework.aop.framework.CglibAopProxy$CglibMethodInvocation.invokeJoinpoint(CglibAopProxy.java:793)
	at org.springframework.aop.framework.ReflectiveMethodInvocation.proceed(ReflectiveMethodInvocation.java:163)
	at org.springframework.aop.framework.CglibAopProxy$CglibMethodInvocation.proceed(CglibAopProxy.java:763)
	at org.springframework.aop.framework.adapter.MethodBeforeAdviceInterceptor.invoke(MethodBeforeAdviceInterceptor.java:58)
	at org.springframework.aop.framework.ReflectiveMethodInvocation.proceed(ReflectiveMethodInvocation.java:186)
	at org.springframework.aop.framework.CglibAopProxy$CglibMethodInvocation.proceed(CglibAopProxy.java:763)
	at org.springframework.aop.interceptor.ExposeInvocationInterceptor.invoke(ExposeInvocationInterceptor.java:97)
	at org.springframework.aop.framework.ReflectiveMethodInvocation.proceed(ReflectiveMethodInvocation.java:186)
	at org.springframework.aop.framework.CglibAopProxy$CglibMethodInvocation.proceed(CglibAopProxy.java:763)
	at org.springframework.aop.framework.CglibAopProxy$DynamicAdvisedInterceptor.intercept(CglibAopProxy.java:708)
	at com.shark.aio.base.controller.InitFFmpeg$$EnhancerBySpringCGLIB$$444f92a6.monitorFfmpegProcess(<generated>)
	at sun.reflect.GeneratedMethodAccessor81.invoke(Unknown Source)
	at sun.reflect.DelegatingMethodAccessorImpl.invoke(DelegatingMethodAccessorImpl.java:43)
	at java.lang.reflect.Method.invoke(Method.java:498)
	at org.springframework.scheduling.support.ScheduledMethodRunnable.run(ScheduledMethodRunnable.java:84)
	at org.springframework.scheduling.support.DelegatingErrorHandlingRunnable.run(DelegatingErrorHandlingRunnable.java:54)
	at org.springframework.scheduling.concurrent.ReschedulingRunnable.run(ReschedulingRunnable.java:95)
	at java.util.concurrent.Executors$RunnableAdapter.call(Executors.java:511)
	at java.util.concurrent.FutureTask.run(FutureTask.java:266)
	at java.util.concurrent.ScheduledThreadPoolExecutor$ScheduledFutureTask.access$201(ScheduledThreadPoolExecutor.java:180)
	at java.util.concurrent.ScheduledThreadPoolExecutor$ScheduledFutureTask.run(ScheduledThreadPoolExecutor.java:293)
	at java.util.concurrent.ThreadPoolExecutor.runWorker(ThreadPoolExecutor.java:1149)
	at java.util.concurrent.ThreadPoolExecutor$Worker.run(ThreadPoolExecutor.java:624)
	at java.lang.Thread.run(Thread.java:750)
Caused by: org.bytedeco.javacv.FrameGrabber$Exception: avformat_open_input() error -1482175992: Could not open input "rtsp://admin:lbx123456@192.168.0.3:554". (Has setFormat() been called?)
	at org.bytedeco.javacv.FFmpegFrameGrabber.startUnsafe(FFmpegFrameGrabber.java:876)
	at org.bytedeco.javacv.FFmpegFrameGrabber.start(FFmpegFrameGrabber.java:801)
	at org.bytedeco.javacv.FFmpegFrameGrabber.start(FFmpegFrameGrabber.java:796)
	at com.shark.aio.data.video.service.ImageRecorderService.run(ImageRecorderService.java:107)
	at java.util.concurrent.Executors$RunnableAdapter.call(Executors.java:511)
	at java.util.concurrent.FutureTask.run(FutureTask.java:266)
	... 3 common frames omitted
2024-08-28 16:46:30.011 [,] [scheduling-1] ERROR o.s.s.s.TaskUtils$LoggingErrorHandler - [handleError,95] - Unexpected error occurred in scheduled task
java.util.concurrent.ExecutionException: org.bytedeco.javacv.FrameGrabber$Exception: avformat_open_input() error -1482175992: Could not open input "rtsp://admin:lbx123456@192.168.0.3:554". (Has setFormat() been called?)
	at java.util.concurrent.FutureTask.report(FutureTask.java:122)
	at java.util.concurrent.FutureTask.get(FutureTask.java:192)
	at com.shark.aio.base.controller.InitFFmpeg.monitorFfmpegProcess(InitFFmpeg.java:106)
	at com.shark.aio.base.controller.InitFFmpeg$$FastClassBySpringCGLIB$$6f28da27.invoke(<generated>)
	at org.springframework.cglib.proxy.MethodProxy.invoke(MethodProxy.java:218)
	at org.springframework.aop.framework.CglibAopProxy$CglibMethodInvocation.invokeJoinpoint(CglibAopProxy.java:793)
	at org.springframework.aop.framework.ReflectiveMethodInvocation.proceed(ReflectiveMethodInvocation.java:163)
	at org.springframework.aop.framework.CglibAopProxy$CglibMethodInvocation.proceed(CglibAopProxy.java:763)
	at org.springframework.aop.framework.adapter.MethodBeforeAdviceInterceptor.invoke(MethodBeforeAdviceInterceptor.java:58)
	at org.springframework.aop.framework.ReflectiveMethodInvocation.proceed(ReflectiveMethodInvocation.java:186)
	at org.springframework.aop.framework.CglibAopProxy$CglibMethodInvocation.proceed(CglibAopProxy.java:763)
	at org.springframework.aop.interceptor.ExposeInvocationInterceptor.invoke(ExposeInvocationInterceptor.java:97)
	at org.springframework.aop.framework.ReflectiveMethodInvocation.proceed(ReflectiveMethodInvocation.java:186)
	at org.springframework.aop.framework.CglibAopProxy$CglibMethodInvocation.proceed(CglibAopProxy.java:763)
	at org.springframework.aop.framework.CglibAopProxy$DynamicAdvisedInterceptor.intercept(CglibAopProxy.java:708)
	at com.shark.aio.base.controller.InitFFmpeg$$EnhancerBySpringCGLIB$$444f92a6.monitorFfmpegProcess(<generated>)
	at sun.reflect.GeneratedMethodAccessor81.invoke(Unknown Source)
	at sun.reflect.DelegatingMethodAccessorImpl.invoke(DelegatingMethodAccessorImpl.java:43)
	at java.lang.reflect.Method.invoke(Method.java:498)
	at org.springframework.scheduling.support.ScheduledMethodRunnable.run(ScheduledMethodRunnable.java:84)
	at org.springframework.scheduling.support.DelegatingErrorHandlingRunnable.run(DelegatingErrorHandlingRunnable.java:54)
	at org.springframework.scheduling.concurrent.ReschedulingRunnable.run(ReschedulingRunnable.java:95)
	at java.util.concurrent.Executors$RunnableAdapter.call(Executors.java:511)
	at java.util.concurrent.FutureTask.run(FutureTask.java:266)
	at java.util.concurrent.ScheduledThreadPoolExecutor$ScheduledFutureTask.access$201(ScheduledThreadPoolExecutor.java:180)
	at java.util.concurrent.ScheduledThreadPoolExecutor$ScheduledFutureTask.run(ScheduledThreadPoolExecutor.java:293)
	at java.util.concurrent.ThreadPoolExecutor.runWorker(ThreadPoolExecutor.java:1149)
	at java.util.concurrent.ThreadPoolExecutor$Worker.run(ThreadPoolExecutor.java:624)
	at java.lang.Thread.run(Thread.java:750)
Caused by: org.bytedeco.javacv.FrameGrabber$Exception: avformat_open_input() error -1482175992: Could not open input "rtsp://admin:lbx123456@192.168.0.3:554". (Has setFormat() been called?)
	at org.bytedeco.javacv.FFmpegFrameGrabber.startUnsafe(FFmpegFrameGrabber.java:876)
	at org.bytedeco.javacv.FFmpegFrameGrabber.start(FFmpegFrameGrabber.java:801)
	at org.bytedeco.javacv.FFmpegFrameGrabber.start(FFmpegFrameGrabber.java:796)
	at com.shark.aio.data.video.service.ImageRecorderService.run(ImageRecorderService.java:107)
	at java.util.concurrent.Executors$RunnableAdapter.call(Executors.java:511)
	at java.util.concurrent.FutureTask.run(FutureTask.java:266)
	... 3 common frames omitted
2024-08-28 16:46:40.002 [,] [scheduling-1] ERROR o.s.s.s.TaskUtils$LoggingErrorHandler - [handleError,95] - Unexpected error occurred in scheduled task
java.util.concurrent.ExecutionException: org.bytedeco.javacv.FrameGrabber$Exception: avformat_open_input() error -1482175992: Could not open input "rtsp://admin:lbx123456@192.168.0.3:554". (Has setFormat() been called?)
	at java.util.concurrent.FutureTask.report(FutureTask.java:122)
	at java.util.concurrent.FutureTask.get(FutureTask.java:192)
	at com.shark.aio.base.controller.InitFFmpeg.monitorFfmpegProcess(InitFFmpeg.java:106)
	at com.shark.aio.base.controller.InitFFmpeg$$FastClassBySpringCGLIB$$6f28da27.invoke(<generated>)
	at org.springframework.cglib.proxy.MethodProxy.invoke(MethodProxy.java:218)
	at org.springframework.aop.framework.CglibAopProxy$CglibMethodInvocation.invokeJoinpoint(CglibAopProxy.java:793)
	at org.springframework.aop.framework.ReflectiveMethodInvocation.proceed(ReflectiveMethodInvocation.java:163)
	at org.springframework.aop.framework.CglibAopProxy$CglibMethodInvocation.proceed(CglibAopProxy.java:763)
	at org.springframework.aop.framework.adapter.MethodBeforeAdviceInterceptor.invoke(MethodBeforeAdviceInterceptor.java:58)
	at org.springframework.aop.framework.ReflectiveMethodInvocation.proceed(ReflectiveMethodInvocation.java:186)
	at org.springframework.aop.framework.CglibAopProxy$CglibMethodInvocation.proceed(CglibAopProxy.java:763)
	at org.springframework.aop.interceptor.ExposeInvocationInterceptor.invoke(ExposeInvocationInterceptor.java:97)
	at org.springframework.aop.framework.ReflectiveMethodInvocation.proceed(ReflectiveMethodInvocation.java:186)
	at org.springframework.aop.framework.CglibAopProxy$CglibMethodInvocation.proceed(CglibAopProxy.java:763)
	at org.springframework.aop.framework.CglibAopProxy$DynamicAdvisedInterceptor.intercept(CglibAopProxy.java:708)
	at com.shark.aio.base.controller.InitFFmpeg$$EnhancerBySpringCGLIB$$444f92a6.monitorFfmpegProcess(<generated>)
	at sun.reflect.GeneratedMethodAccessor81.invoke(Unknown Source)
	at sun.reflect.DelegatingMethodAccessorImpl.invoke(DelegatingMethodAccessorImpl.java:43)
	at java.lang.reflect.Method.invoke(Method.java:498)
	at org.springframework.scheduling.support.ScheduledMethodRunnable.run(ScheduledMethodRunnable.java:84)
	at org.springframework.scheduling.support.DelegatingErrorHandlingRunnable.run(DelegatingErrorHandlingRunnable.java:54)
	at org.springframework.scheduling.concurrent.ReschedulingRunnable.run(ReschedulingRunnable.java:95)
	at java.util.concurrent.Executors$RunnableAdapter.call(Executors.java:511)
	at java.util.concurrent.FutureTask.run(FutureTask.java:266)
	at java.util.concurrent.ScheduledThreadPoolExecutor$ScheduledFutureTask.access$201(ScheduledThreadPoolExecutor.java:180)
	at java.util.concurrent.ScheduledThreadPoolExecutor$ScheduledFutureTask.run(ScheduledThreadPoolExecutor.java:293)
	at java.util.concurrent.ThreadPoolExecutor.runWorker(ThreadPoolExecutor.java:1149)
	at java.util.concurrent.ThreadPoolExecutor$Worker.run(ThreadPoolExecutor.java:624)
	at java.lang.Thread.run(Thread.java:750)
Caused by: org.bytedeco.javacv.FrameGrabber$Exception: avformat_open_input() error -1482175992: Could not open input "rtsp://admin:lbx123456@192.168.0.3:554". (Has setFormat() been called?)
	at org.bytedeco.javacv.FFmpegFrameGrabber.startUnsafe(FFmpegFrameGrabber.java:876)
	at org.bytedeco.javacv.FFmpegFrameGrabber.start(FFmpegFrameGrabber.java:801)
	at org.bytedeco.javacv.FFmpegFrameGrabber.start(FFmpegFrameGrabber.java:796)
	at com.shark.aio.data.video.service.ImageRecorderService.run(ImageRecorderService.java:107)
	at java.util.concurrent.Executors$RunnableAdapter.call(Executors.java:511)
	at java.util.concurrent.FutureTask.run(FutureTask.java:266)
	... 3 common frames omitted
2024-08-28 16:46:50.006 [,] [scheduling-1] ERROR o.s.s.s.TaskUtils$LoggingErrorHandler - [handleError,95] - Unexpected error occurred in scheduled task
java.util.concurrent.ExecutionException: org.bytedeco.javacv.FrameGrabber$Exception: avformat_open_input() error -1482175992: Could not open input "rtsp://admin:lbx123456@192.168.0.3:554". (Has setFormat() been called?)
	at java.util.concurrent.FutureTask.report(FutureTask.java:122)
	at java.util.concurrent.FutureTask.get(FutureTask.java:192)
	at com.shark.aio.base.controller.InitFFmpeg.monitorFfmpegProcess(InitFFmpeg.java:106)
	at com.shark.aio.base.controller.InitFFmpeg$$FastClassBySpringCGLIB$$6f28da27.invoke(<generated>)
	at org.springframework.cglib.proxy.MethodProxy.invoke(MethodProxy.java:218)
	at org.springframework.aop.framework.CglibAopProxy$CglibMethodInvocation.invokeJoinpoint(CglibAopProxy.java:793)
	at org.springframework.aop.framework.ReflectiveMethodInvocation.proceed(ReflectiveMethodInvocation.java:163)
	at org.springframework.aop.framework.CglibAopProxy$CglibMethodInvocation.proceed(CglibAopProxy.java:763)
	at org.springframework.aop.framework.adapter.MethodBeforeAdviceInterceptor.invoke(MethodBeforeAdviceInterceptor.java:58)
	at org.springframework.aop.framework.ReflectiveMethodInvocation.proceed(ReflectiveMethodInvocation.java:186)
	at org.springframework.aop.framework.CglibAopProxy$CglibMethodInvocation.proceed(CglibAopProxy.java:763)
	at org.springframework.aop.interceptor.ExposeInvocationInterceptor.invoke(ExposeInvocationInterceptor.java:97)
	at org.springframework.aop.framework.ReflectiveMethodInvocation.proceed(ReflectiveMethodInvocation.java:186)
	at org.springframework.aop.framework.CglibAopProxy$CglibMethodInvocation.proceed(CglibAopProxy.java:763)
	at org.springframework.aop.framework.CglibAopProxy$DynamicAdvisedInterceptor.intercept(CglibAopProxy.java:708)
	at com.shark.aio.base.controller.InitFFmpeg$$EnhancerBySpringCGLIB$$444f92a6.monitorFfmpegProcess(<generated>)
	at sun.reflect.GeneratedMethodAccessor81.invoke(Unknown Source)
	at sun.reflect.DelegatingMethodAccessorImpl.invoke(DelegatingMethodAccessorImpl.java:43)
	at java.lang.reflect.Method.invoke(Method.java:498)
	at org.springframework.scheduling.support.ScheduledMethodRunnable.run(ScheduledMethodRunnable.java:84)
	at org.springframework.scheduling.support.DelegatingErrorHandlingRunnable.run(DelegatingErrorHandlingRunnable.java:54)
	at org.springframework.scheduling.concurrent.ReschedulingRunnable.run(ReschedulingRunnable.java:95)
	at java.util.concurrent.Executors$RunnableAdapter.call(Executors.java:511)
	at java.util.concurrent.FutureTask.run(FutureTask.java:266)
	at java.util.concurrent.ScheduledThreadPoolExecutor$ScheduledFutureTask.access$201(ScheduledThreadPoolExecutor.java:180)
	at java.util.concurrent.ScheduledThreadPoolExecutor$ScheduledFutureTask.run(ScheduledThreadPoolExecutor.java:293)
	at java.util.concurrent.ThreadPoolExecutor.runWorker(ThreadPoolExecutor.java:1149)
	at java.util.concurrent.ThreadPoolExecutor$Worker.run(ThreadPoolExecutor.java:624)
	at java.lang.Thread.run(Thread.java:750)
Caused by: org.bytedeco.javacv.FrameGrabber$Exception: avformat_open_input() error -1482175992: Could not open input "rtsp://admin:lbx123456@192.168.0.3:554". (Has setFormat() been called?)
	at org.bytedeco.javacv.FFmpegFrameGrabber.startUnsafe(FFmpegFrameGrabber.java:876)
	at org.bytedeco.javacv.FFmpegFrameGrabber.start(FFmpegFrameGrabber.java:801)
	at org.bytedeco.javacv.FFmpegFrameGrabber.start(FFmpegFrameGrabber.java:796)
	at com.shark.aio.data.video.service.ImageRecorderService.run(ImageRecorderService.java:107)
	at java.util.concurrent.Executors$RunnableAdapter.call(Executors.java:511)
	at java.util.concurrent.FutureTask.run(FutureTask.java:266)
	... 3 common frames omitted
2024-08-28 16:47:00.016 [,] [scheduling-1] ERROR o.s.s.s.TaskUtils$LoggingErrorHandler - [handleError,95] - Unexpected error occurred in scheduled task
java.util.concurrent.ExecutionException: org.bytedeco.javacv.FrameGrabber$Exception: avformat_open_input() error -1482175992: Could not open input "rtsp://admin:lbx123456@192.168.0.3:554". (Has setFormat() been called?)
	at java.util.concurrent.FutureTask.report(FutureTask.java:122)
	at java.util.concurrent.FutureTask.get(FutureTask.java:192)
	at com.shark.aio.base.controller.InitFFmpeg.monitorFfmpegProcess(InitFFmpeg.java:106)
	at com.shark.aio.base.controller.InitFFmpeg$$FastClassBySpringCGLIB$$6f28da27.invoke(<generated>)
	at org.springframework.cglib.proxy.MethodProxy.invoke(MethodProxy.java:218)
	at org.springframework.aop.framework.CglibAopProxy$CglibMethodInvocation.invokeJoinpoint(CglibAopProxy.java:793)
	at org.springframework.aop.framework.ReflectiveMethodInvocation.proceed(ReflectiveMethodInvocation.java:163)
	at org.springframework.aop.framework.CglibAopProxy$CglibMethodInvocation.proceed(CglibAopProxy.java:763)
	at org.springframework.aop.framework.adapter.MethodBeforeAdviceInterceptor.invoke(MethodBeforeAdviceInterceptor.java:58)
	at org.springframework.aop.framework.ReflectiveMethodInvocation.proceed(ReflectiveMethodInvocation.java:186)
	at org.springframework.aop.framework.CglibAopProxy$CglibMethodInvocation.proceed(CglibAopProxy.java:763)
	at org.springframework.aop.interceptor.ExposeInvocationInterceptor.invoke(ExposeInvocationInterceptor.java:97)
	at org.springframework.aop.framework.ReflectiveMethodInvocation.proceed(ReflectiveMethodInvocation.java:186)
	at org.springframework.aop.framework.CglibAopProxy$CglibMethodInvocation.proceed(CglibAopProxy.java:763)
	at org.springframework.aop.framework.CglibAopProxy$DynamicAdvisedInterceptor.intercept(CglibAopProxy.java:708)
	at com.shark.aio.base.controller.InitFFmpeg$$EnhancerBySpringCGLIB$$444f92a6.monitorFfmpegProcess(<generated>)
	at sun.reflect.GeneratedMethodAccessor81.invoke(Unknown Source)
	at sun.reflect.DelegatingMethodAccessorImpl.invoke(DelegatingMethodAccessorImpl.java:43)
	at java.lang.reflect.Method.invoke(Method.java:498)
	at org.springframework.scheduling.support.ScheduledMethodRunnable.run(ScheduledMethodRunnable.java:84)
	at org.springframework.scheduling.support.DelegatingErrorHandlingRunnable.run(DelegatingErrorHandlingRunnable.java:54)
	at org.springframework.scheduling.concurrent.ReschedulingRunnable.run(ReschedulingRunnable.java:95)
	at java.util.concurrent.Executors$RunnableAdapter.call(Executors.java:511)
	at java.util.concurrent.FutureTask.run(FutureTask.java:266)
	at java.util.concurrent.ScheduledThreadPoolExecutor$ScheduledFutureTask.access$201(ScheduledThreadPoolExecutor.java:180)
	at java.util.concurrent.ScheduledThreadPoolExecutor$ScheduledFutureTask.run(ScheduledThreadPoolExecutor.java:293)
	at java.util.concurrent.ThreadPoolExecutor.runWorker(ThreadPoolExecutor.java:1149)
	at java.util.concurrent.ThreadPoolExecutor$Worker.run(ThreadPoolExecutor.java:624)
	at java.lang.Thread.run(Thread.java:750)
Caused by: org.bytedeco.javacv.FrameGrabber$Exception: avformat_open_input() error -1482175992: Could not open input "rtsp://admin:lbx123456@192.168.0.3:554". (Has setFormat() been called?)
	at org.bytedeco.javacv.FFmpegFrameGrabber.startUnsafe(FFmpegFrameGrabber.java:876)
	at org.bytedeco.javacv.FFmpegFrameGrabber.start(FFmpegFrameGrabber.java:801)
	at org.bytedeco.javacv.FFmpegFrameGrabber.start(FFmpegFrameGrabber.java:796)
	at com.shark.aio.data.video.service.ImageRecorderService.run(ImageRecorderService.java:107)
	at java.util.concurrent.Executors$RunnableAdapter.call(Executors.java:511)
	at java.util.concurrent.FutureTask.run(FutureTask.java:266)
	... 3 common frames omitted
2024-08-28 16:47:10.015 [,] [scheduling-1] ERROR o.s.s.s.TaskUtils$LoggingErrorHandler - [handleError,95] - Unexpected error occurred in scheduled task
java.util.concurrent.ExecutionException: org.bytedeco.javacv.FrameGrabber$Exception: avformat_open_input() error -1482175992: Could not open input "rtsp://admin:lbx123456@192.168.0.3:554". (Has setFormat() been called?)
	at java.util.concurrent.FutureTask.report(FutureTask.java:122)
	at java.util.concurrent.FutureTask.get(FutureTask.java:192)
	at com.shark.aio.base.controller.InitFFmpeg.monitorFfmpegProcess(InitFFmpeg.java:106)
	at com.shark.aio.base.controller.InitFFmpeg$$FastClassBySpringCGLIB$$6f28da27.invoke(<generated>)
	at org.springframework.cglib.proxy.MethodProxy.invoke(MethodProxy.java:218)
	at org.springframework.aop.framework.CglibAopProxy$CglibMethodInvocation.invokeJoinpoint(CglibAopProxy.java:793)
	at org.springframework.aop.framework.ReflectiveMethodInvocation.proceed(ReflectiveMethodInvocation.java:163)
	at org.springframework.aop.framework.CglibAopProxy$CglibMethodInvocation.proceed(CglibAopProxy.java:763)
	at org.springframework.aop.framework.adapter.MethodBeforeAdviceInterceptor.invoke(MethodBeforeAdviceInterceptor.java:58)
	at org.springframework.aop.framework.ReflectiveMethodInvocation.proceed(ReflectiveMethodInvocation.java:186)
	at org.springframework.aop.framework.CglibAopProxy$CglibMethodInvocation.proceed(CglibAopProxy.java:763)
	at org.springframework.aop.interceptor.ExposeInvocationInterceptor.invoke(ExposeInvocationInterceptor.java:97)
	at org.springframework.aop.framework.ReflectiveMethodInvocation.proceed(ReflectiveMethodInvocation.java:186)
	at org.springframework.aop.framework.CglibAopProxy$CglibMethodInvocation.proceed(CglibAopProxy.java:763)
	at org.springframework.aop.framework.CglibAopProxy$DynamicAdvisedInterceptor.intercept(CglibAopProxy.java:708)
	at com.shark.aio.base.controller.InitFFmpeg$$EnhancerBySpringCGLIB$$444f92a6.monitorFfmpegProcess(<generated>)
	at sun.reflect.GeneratedMethodAccessor81.invoke(Unknown Source)
	at sun.reflect.DelegatingMethodAccessorImpl.invoke(DelegatingMethodAccessorImpl.java:43)
	at java.lang.reflect.Method.invoke(Method.java:498)
	at org.springframework.scheduling.support.ScheduledMethodRunnable.run(ScheduledMethodRunnable.java:84)
	at org.springframework.scheduling.support.DelegatingErrorHandlingRunnable.run(DelegatingErrorHandlingRunnable.java:54)
	at org.springframework.scheduling.concurrent.ReschedulingRunnable.run(ReschedulingRunnable.java:95)
	at java.util.concurrent.Executors$RunnableAdapter.call(Executors.java:511)
	at java.util.concurrent.FutureTask.run(FutureTask.java:266)
	at java.util.concurrent.ScheduledThreadPoolExecutor$ScheduledFutureTask.access$201(ScheduledThreadPoolExecutor.java:180)
	at java.util.concurrent.ScheduledThreadPoolExecutor$ScheduledFutureTask.run(ScheduledThreadPoolExecutor.java:293)
	at java.util.concurrent.ThreadPoolExecutor.runWorker(ThreadPoolExecutor.java:1149)
	at java.util.concurrent.ThreadPoolExecutor$Worker.run(ThreadPoolExecutor.java:624)
	at java.lang.Thread.run(Thread.java:750)
Caused by: org.bytedeco.javacv.FrameGrabber$Exception: avformat_open_input() error -1482175992: Could not open input "rtsp://admin:lbx123456@192.168.0.3:554". (Has setFormat() been called?)
	at org.bytedeco.javacv.FFmpegFrameGrabber.startUnsafe(FFmpegFrameGrabber.java:876)
	at org.bytedeco.javacv.FFmpegFrameGrabber.start(FFmpegFrameGrabber.java:801)
	at org.bytedeco.javacv.FFmpegFrameGrabber.start(FFmpegFrameGrabber.java:796)
	at com.shark.aio.data.video.service.ImageRecorderService.run(ImageRecorderService.java:107)
	at java.util.concurrent.Executors$RunnableAdapter.call(Executors.java:511)
	at java.util.concurrent.FutureTask.run(FutureTask.java:266)
	... 3 common frames omitted
2024-08-28 16:47:20.007 [,] [scheduling-1] ERROR o.s.s.s.TaskUtils$LoggingErrorHandler - [handleError,95] - Unexpected error occurred in scheduled task
java.util.concurrent.ExecutionException: org.bytedeco.javacv.FrameGrabber$Exception: avformat_open_input() error -1482175992: Could not open input "rtsp://admin:lbx123456@192.168.0.3:554". (Has setFormat() been called?)
	at java.util.concurrent.FutureTask.report(FutureTask.java:122)
	at java.util.concurrent.FutureTask.get(FutureTask.java:192)
	at com.shark.aio.base.controller.InitFFmpeg.monitorFfmpegProcess(InitFFmpeg.java:106)
	at com.shark.aio.base.controller.InitFFmpeg$$FastClassBySpringCGLIB$$6f28da27.invoke(<generated>)
	at org.springframework.cglib.proxy.MethodProxy.invoke(MethodProxy.java:218)
	at org.springframework.aop.framework.CglibAopProxy$CglibMethodInvocation.invokeJoinpoint(CglibAopProxy.java:793)
	at org.springframework.aop.framework.ReflectiveMethodInvocation.proceed(ReflectiveMethodInvocation.java:163)
	at org.springframework.aop.framework.CglibAopProxy$CglibMethodInvocation.proceed(CglibAopProxy.java:763)
	at org.springframework.aop.framework.adapter.MethodBeforeAdviceInterceptor.invoke(MethodBeforeAdviceInterceptor.java:58)
	at org.springframework.aop.framework.ReflectiveMethodInvocation.proceed(ReflectiveMethodInvocation.java:186)
	at org.springframework.aop.framework.CglibAopProxy$CglibMethodInvocation.proceed(CglibAopProxy.java:763)
	at org.springframework.aop.interceptor.ExposeInvocationInterceptor.invoke(ExposeInvocationInterceptor.java:97)
	at org.springframework.aop.framework.ReflectiveMethodInvocation.proceed(ReflectiveMethodInvocation.java:186)
	at org.springframework.aop.framework.CglibAopProxy$CglibMethodInvocation.proceed(CglibAopProxy.java:763)
	at org.springframework.aop.framework.CglibAopProxy$DynamicAdvisedInterceptor.intercept(CglibAopProxy.java:708)
	at com.shark.aio.base.controller.InitFFmpeg$$EnhancerBySpringCGLIB$$444f92a6.monitorFfmpegProcess(<generated>)
	at sun.reflect.GeneratedMethodAccessor81.invoke(Unknown Source)
	at sun.reflect.DelegatingMethodAccessorImpl.invoke(DelegatingMethodAccessorImpl.java:43)
	at java.lang.reflect.Method.invoke(Method.java:498)
	at org.springframework.scheduling.support.ScheduledMethodRunnable.run(ScheduledMethodRunnable.java:84)
	at org.springframework.scheduling.support.DelegatingErrorHandlingRunnable.run(DelegatingErrorHandlingRunnable.java:54)
	at org.springframework.scheduling.concurrent.ReschedulingRunnable.run(ReschedulingRunnable.java:95)
	at java.util.concurrent.Executors$RunnableAdapter.call(Executors.java:511)
	at java.util.concurrent.FutureTask.run(FutureTask.java:266)
	at java.util.concurrent.ScheduledThreadPoolExecutor$ScheduledFutureTask.access$201(ScheduledThreadPoolExecutor.java:180)
	at java.util.concurrent.ScheduledThreadPoolExecutor$ScheduledFutureTask.run(ScheduledThreadPoolExecutor.java:293)
	at java.util.concurrent.ThreadPoolExecutor.runWorker(ThreadPoolExecutor.java:1149)
	at java.util.concurrent.ThreadPoolExecutor$Worker.run(ThreadPoolExecutor.java:624)
	at java.lang.Thread.run(Thread.java:750)
Caused by: org.bytedeco.javacv.FrameGrabber$Exception: avformat_open_input() error -1482175992: Could not open input "rtsp://admin:lbx123456@192.168.0.3:554". (Has setFormat() been called?)
	at org.bytedeco.javacv.FFmpegFrameGrabber.startUnsafe(FFmpegFrameGrabber.java:876)
	at org.bytedeco.javacv.FFmpegFrameGrabber.start(FFmpegFrameGrabber.java:801)
	at org.bytedeco.javacv.FFmpegFrameGrabber.start(FFmpegFrameGrabber.java:796)
	at com.shark.aio.data.video.service.ImageRecorderService.run(ImageRecorderService.java:107)
	at java.util.concurrent.Executors$RunnableAdapter.call(Executors.java:511)
	at java.util.concurrent.FutureTask.run(FutureTask.java:266)
	... 3 common frames omitted
2024-08-28 16:47:30.009 [,] [scheduling-1] ERROR o.s.s.s.TaskUtils$LoggingErrorHandler - [handleError,95] - Unexpected error occurred in scheduled task
java.util.concurrent.ExecutionException: org.bytedeco.javacv.FrameGrabber$Exception: avformat_open_input() error -1482175992: Could not open input "rtsp://admin:lbx123456@192.168.0.3:554". (Has setFormat() been called?)
	at java.util.concurrent.FutureTask.report(FutureTask.java:122)
	at java.util.concurrent.FutureTask.get(FutureTask.java:192)
	at com.shark.aio.base.controller.InitFFmpeg.monitorFfmpegProcess(InitFFmpeg.java:106)
	at com.shark.aio.base.controller.InitFFmpeg$$FastClassBySpringCGLIB$$6f28da27.invoke(<generated>)
	at org.springframework.cglib.proxy.MethodProxy.invoke(MethodProxy.java:218)
	at org.springframework.aop.framework.CglibAopProxy$CglibMethodInvocation.invokeJoinpoint(CglibAopProxy.java:793)
	at org.springframework.aop.framework.ReflectiveMethodInvocation.proceed(ReflectiveMethodInvocation.java:163)
	at org.springframework.aop.framework.CglibAopProxy$CglibMethodInvocation.proceed(CglibAopProxy.java:763)
	at org.springframework.aop.framework.adapter.MethodBeforeAdviceInterceptor.invoke(MethodBeforeAdviceInterceptor.java:58)
	at org.springframework.aop.framework.ReflectiveMethodInvocation.proceed(ReflectiveMethodInvocation.java:186)
	at org.springframework.aop.framework.CglibAopProxy$CglibMethodInvocation.proceed(CglibAopProxy.java:763)
	at org.springframework.aop.interceptor.ExposeInvocationInterceptor.invoke(ExposeInvocationInterceptor.java:97)
	at org.springframework.aop.framework.ReflectiveMethodInvocation.proceed(ReflectiveMethodInvocation.java:186)
	at org.springframework.aop.framework.CglibAopProxy$CglibMethodInvocation.proceed(CglibAopProxy.java:763)
	at org.springframework.aop.framework.CglibAopProxy$DynamicAdvisedInterceptor.intercept(CglibAopProxy.java:708)
	at com.shark.aio.base.controller.InitFFmpeg$$EnhancerBySpringCGLIB$$444f92a6.monitorFfmpegProcess(<generated>)
	at sun.reflect.GeneratedMethodAccessor81.invoke(Unknown Source)
	at sun.reflect.DelegatingMethodAccessorImpl.invoke(DelegatingMethodAccessorImpl.java:43)
	at java.lang.reflect.Method.invoke(Method.java:498)
	at org.springframework.scheduling.support.ScheduledMethodRunnable.run(ScheduledMethodRunnable.java:84)
	at org.springframework.scheduling.support.DelegatingErrorHandlingRunnable.run(DelegatingErrorHandlingRunnable.java:54)
	at org.springframework.scheduling.concurrent.ReschedulingRunnable.run(ReschedulingRunnable.java:95)
	at java.util.concurrent.Executors$RunnableAdapter.call(Executors.java:511)
	at java.util.concurrent.FutureTask.run(FutureTask.java:266)
	at java.util.concurrent.ScheduledThreadPoolExecutor$ScheduledFutureTask.access$201(ScheduledThreadPoolExecutor.java:180)
	at java.util.concurrent.ScheduledThreadPoolExecutor$ScheduledFutureTask.run(ScheduledThreadPoolExecutor.java:293)
	at java.util.concurrent.ThreadPoolExecutor.runWorker(ThreadPoolExecutor.java:1149)
	at java.util.concurrent.ThreadPoolExecutor$Worker.run(ThreadPoolExecutor.java:624)
	at java.lang.Thread.run(Thread.java:750)
Caused by: org.bytedeco.javacv.FrameGrabber$Exception: avformat_open_input() error -1482175992: Could not open input "rtsp://admin:lbx123456@192.168.0.3:554". (Has setFormat() been called?)
	at org.bytedeco.javacv.FFmpegFrameGrabber.startUnsafe(FFmpegFrameGrabber.java:876)
	at org.bytedeco.javacv.FFmpegFrameGrabber.start(FFmpegFrameGrabber.java:801)
	at org.bytedeco.javacv.FFmpegFrameGrabber.start(FFmpegFrameGrabber.java:796)
	at com.shark.aio.data.video.service.ImageRecorderService.run(ImageRecorderService.java:107)
	at java.util.concurrent.Executors$RunnableAdapter.call(Executors.java:511)
	at java.util.concurrent.FutureTask.run(FutureTask.java:266)
	... 3 common frames omitted
2024-08-28 16:47:40.008 [,] [scheduling-1] ERROR o.s.s.s.TaskUtils$LoggingErrorHandler - [handleError,95] - Unexpected error occurred in scheduled task
java.util.concurrent.ExecutionException: org.bytedeco.javacv.FrameGrabber$Exception: avformat_open_input() error -1482175992: Could not open input "rtsp://admin:lbx123456@192.168.0.3:554". (Has setFormat() been called?)
	at java.util.concurrent.FutureTask.report(FutureTask.java:122)
	at java.util.concurrent.FutureTask.get(FutureTask.java:192)
	at com.shark.aio.base.controller.InitFFmpeg.monitorFfmpegProcess(InitFFmpeg.java:106)
	at com.shark.aio.base.controller.InitFFmpeg$$FastClassBySpringCGLIB$$6f28da27.invoke(<generated>)
	at org.springframework.cglib.proxy.MethodProxy.invoke(MethodProxy.java:218)
	at org.springframework.aop.framework.CglibAopProxy$CglibMethodInvocation.invokeJoinpoint(CglibAopProxy.java:793)
	at org.springframework.aop.framework.ReflectiveMethodInvocation.proceed(ReflectiveMethodInvocation.java:163)
	at org.springframework.aop.framework.CglibAopProxy$CglibMethodInvocation.proceed(CglibAopProxy.java:763)
	at org.springframework.aop.framework.adapter.MethodBeforeAdviceInterceptor.invoke(MethodBeforeAdviceInterceptor.java:58)
	at org.springframework.aop.framework.ReflectiveMethodInvocation.proceed(ReflectiveMethodInvocation.java:186)
	at org.springframework.aop.framework.CglibAopProxy$CglibMethodInvocation.proceed(CglibAopProxy.java:763)
	at org.springframework.aop.interceptor.ExposeInvocationInterceptor.invoke(ExposeInvocationInterceptor.java:97)
	at org.springframework.aop.framework.ReflectiveMethodInvocation.proceed(ReflectiveMethodInvocation.java:186)
	at org.springframework.aop.framework.CglibAopProxy$CglibMethodInvocation.proceed(CglibAopProxy.java:763)
	at org.springframework.aop.framework.CglibAopProxy$DynamicAdvisedInterceptor.intercept(CglibAopProxy.java:708)
	at com.shark.aio.base.controller.InitFFmpeg$$EnhancerBySpringCGLIB$$444f92a6.monitorFfmpegProcess(<generated>)
	at sun.reflect.GeneratedMethodAccessor81.invoke(Unknown Source)
	at sun.reflect.DelegatingMethodAccessorImpl.invoke(DelegatingMethodAccessorImpl.java:43)
	at java.lang.reflect.Method.invoke(Method.java:498)
	at org.springframework.scheduling.support.ScheduledMethodRunnable.run(ScheduledMethodRunnable.java:84)
	at org.springframework.scheduling.support.DelegatingErrorHandlingRunnable.run(DelegatingErrorHandlingRunnable.java:54)
	at org.springframework.scheduling.concurrent.ReschedulingRunnable.run(ReschedulingRunnable.java:95)
	at java.util.concurrent.Executors$RunnableAdapter.call(Executors.java:511)
	at java.util.concurrent.FutureTask.run(FutureTask.java:266)
	at java.util.concurrent.ScheduledThreadPoolExecutor$ScheduledFutureTask.access$201(ScheduledThreadPoolExecutor.java:180)
	at java.util.concurrent.ScheduledThreadPoolExecutor$ScheduledFutureTask.run(ScheduledThreadPoolExecutor.java:293)
	at java.util.concurrent.ThreadPoolExecutor.runWorker(ThreadPoolExecutor.java:1149)
	at java.util.concurrent.ThreadPoolExecutor$Worker.run(ThreadPoolExecutor.java:624)
	at java.lang.Thread.run(Thread.java:750)
Caused by: org.bytedeco.javacv.FrameGrabber$Exception: avformat_open_input() error -1482175992: Could not open input "rtsp://admin:lbx123456@192.168.0.3:554". (Has setFormat() been called?)
	at org.bytedeco.javacv.FFmpegFrameGrabber.startUnsafe(FFmpegFrameGrabber.java:876)
	at org.bytedeco.javacv.FFmpegFrameGrabber.start(FFmpegFrameGrabber.java:801)
	at org.bytedeco.javacv.FFmpegFrameGrabber.start(FFmpegFrameGrabber.java:796)
	at com.shark.aio.data.video.service.ImageRecorderService.run(ImageRecorderService.java:107)
	at java.util.concurrent.Executors$RunnableAdapter.call(Executors.java:511)
	at java.util.concurrent.FutureTask.run(FutureTask.java:266)
	... 3 common frames omitted
2024-08-28 16:48:20.017 [,] [scheduling-1] ERROR o.s.s.s.TaskUtils$LoggingErrorHandler - [handleError,95] - Unexpected error occurred in scheduled task
java.util.concurrent.ExecutionException: org.bytedeco.javacv.FrameGrabber$Exception: avformat_open_input() error -1094995529: Could not open input "rtsp://admin:lbx123456@192.168.0.3:554". (Has setFormat() been called?)
	at java.util.concurrent.FutureTask.report(FutureTask.java:122)
	at java.util.concurrent.FutureTask.get(FutureTask.java:192)
	at com.shark.aio.base.controller.InitFFmpeg.monitorFfmpegProcess(InitFFmpeg.java:106)
	at com.shark.aio.base.controller.InitFFmpeg$$FastClassBySpringCGLIB$$6f28da27.invoke(<generated>)
	at org.springframework.cglib.proxy.MethodProxy.invoke(MethodProxy.java:218)
	at org.springframework.aop.framework.CglibAopProxy$CglibMethodInvocation.invokeJoinpoint(CglibAopProxy.java:793)
	at org.springframework.aop.framework.ReflectiveMethodInvocation.proceed(ReflectiveMethodInvocation.java:163)
	at org.springframework.aop.framework.CglibAopProxy$CglibMethodInvocation.proceed(CglibAopProxy.java:763)
	at org.springframework.aop.framework.adapter.MethodBeforeAdviceInterceptor.invoke(MethodBeforeAdviceInterceptor.java:58)
	at org.springframework.aop.framework.ReflectiveMethodInvocation.proceed(ReflectiveMethodInvocation.java:186)
	at org.springframework.aop.framework.CglibAopProxy$CglibMethodInvocation.proceed(CglibAopProxy.java:763)
	at org.springframework.aop.interceptor.ExposeInvocationInterceptor.invoke(ExposeInvocationInterceptor.java:97)
	at org.springframework.aop.framework.ReflectiveMethodInvocation.proceed(ReflectiveMethodInvocation.java:186)
	at org.springframework.aop.framework.CglibAopProxy$CglibMethodInvocation.proceed(CglibAopProxy.java:763)
	at org.springframework.aop.framework.CglibAopProxy$DynamicAdvisedInterceptor.intercept(CglibAopProxy.java:708)
	at com.shark.aio.base.controller.InitFFmpeg$$EnhancerBySpringCGLIB$$97e3e443.monitorFfmpegProcess(<generated>)
	at sun.reflect.NativeMethodAccessorImpl.invoke0(Native Method)
	at sun.reflect.NativeMethodAccessorImpl.invoke(NativeMethodAccessorImpl.java:62)
	at sun.reflect.DelegatingMethodAccessorImpl.invoke(DelegatingMethodAccessorImpl.java:43)
	at java.lang.reflect.Method.invoke(Method.java:498)
	at org.springframework.scheduling.support.ScheduledMethodRunnable.run(ScheduledMethodRunnable.java:84)
	at org.springframework.scheduling.support.DelegatingErrorHandlingRunnable.run(DelegatingErrorHandlingRunnable.java:54)
	at org.springframework.scheduling.concurrent.ReschedulingRunnable.run(ReschedulingRunnable.java:95)
	at java.util.concurrent.Executors$RunnableAdapter.call(Executors.java:511)
	at java.util.concurrent.FutureTask.run(FutureTask.java:266)
	at java.util.concurrent.ScheduledThreadPoolExecutor$ScheduledFutureTask.access$201(ScheduledThreadPoolExecutor.java:180)
	at java.util.concurrent.ScheduledThreadPoolExecutor$ScheduledFutureTask.run(ScheduledThreadPoolExecutor.java:293)
	at java.util.concurrent.ThreadPoolExecutor.runWorker(ThreadPoolExecutor.java:1149)
	at java.util.concurrent.ThreadPoolExecutor$Worker.run(ThreadPoolExecutor.java:624)
	at java.lang.Thread.run(Thread.java:750)
Caused by: org.bytedeco.javacv.FrameGrabber$Exception: avformat_open_input() error -1094995529: Could not open input "rtsp://admin:lbx123456@192.168.0.3:554". (Has setFormat() been called?)
	at org.bytedeco.javacv.FFmpegFrameGrabber.startUnsafe(FFmpegFrameGrabber.java:876)
	at org.bytedeco.javacv.FFmpegFrameGrabber.start(FFmpegFrameGrabber.java:801)
	at org.bytedeco.javacv.FFmpegFrameGrabber.start(FFmpegFrameGrabber.java:796)
	at com.shark.aio.data.video.service.ImageRecorderService.run(ImageRecorderService.java:107)
	at java.util.concurrent.Executors$RunnableAdapter.call(Executors.java:511)
	at java.util.concurrent.FutureTask.run(FutureTask.java:266)
	... 3 common frames omitted
2024-08-28 16:48:30.016 [,] [scheduling-1] ERROR o.s.s.s.TaskUtils$LoggingErrorHandler - [handleError,95] - Unexpected error occurred in scheduled task
java.util.concurrent.ExecutionException: org.bytedeco.javacv.FrameGrabber$Exception: avformat_open_input() error -1094995529: Could not open input "rtsp://admin:lbx123456@192.168.0.3:554". (Has setFormat() been called?)
	at java.util.concurrent.FutureTask.report(FutureTask.java:122)
	at java.util.concurrent.FutureTask.get(FutureTask.java:192)
	at com.shark.aio.base.controller.InitFFmpeg.monitorFfmpegProcess(InitFFmpeg.java:106)
	at com.shark.aio.base.controller.InitFFmpeg$$FastClassBySpringCGLIB$$6f28da27.invoke(<generated>)
	at org.springframework.cglib.proxy.MethodProxy.invoke(MethodProxy.java:218)
	at org.springframework.aop.framework.CglibAopProxy$CglibMethodInvocation.invokeJoinpoint(CglibAopProxy.java:793)
	at org.springframework.aop.framework.ReflectiveMethodInvocation.proceed(ReflectiveMethodInvocation.java:163)
	at org.springframework.aop.framework.CglibAopProxy$CglibMethodInvocation.proceed(CglibAopProxy.java:763)
	at org.springframework.aop.framework.adapter.MethodBeforeAdviceInterceptor.invoke(MethodBeforeAdviceInterceptor.java:58)
	at org.springframework.aop.framework.ReflectiveMethodInvocation.proceed(ReflectiveMethodInvocation.java:186)
	at org.springframework.aop.framework.CglibAopProxy$CglibMethodInvocation.proceed(CglibAopProxy.java:763)
	at org.springframework.aop.interceptor.ExposeInvocationInterceptor.invoke(ExposeInvocationInterceptor.java:97)
	at org.springframework.aop.framework.ReflectiveMethodInvocation.proceed(ReflectiveMethodInvocation.java:186)
	at org.springframework.aop.framework.CglibAopProxy$CglibMethodInvocation.proceed(CglibAopProxy.java:763)
	at org.springframework.aop.framework.CglibAopProxy$DynamicAdvisedInterceptor.intercept(CglibAopProxy.java:708)
	at com.shark.aio.base.controller.InitFFmpeg$$EnhancerBySpringCGLIB$$97e3e443.monitorFfmpegProcess(<generated>)
	at sun.reflect.NativeMethodAccessorImpl.invoke0(Native Method)
	at sun.reflect.NativeMethodAccessorImpl.invoke(NativeMethodAccessorImpl.java:62)
	at sun.reflect.DelegatingMethodAccessorImpl.invoke(DelegatingMethodAccessorImpl.java:43)
	at java.lang.reflect.Method.invoke(Method.java:498)
	at org.springframework.scheduling.support.ScheduledMethodRunnable.run(ScheduledMethodRunnable.java:84)
	at org.springframework.scheduling.support.DelegatingErrorHandlingRunnable.run(DelegatingErrorHandlingRunnable.java:54)
	at org.springframework.scheduling.concurrent.ReschedulingRunnable.run(ReschedulingRunnable.java:95)
	at java.util.concurrent.Executors$RunnableAdapter.call(Executors.java:511)
	at java.util.concurrent.FutureTask.run(FutureTask.java:266)
	at java.util.concurrent.ScheduledThreadPoolExecutor$ScheduledFutureTask.access$201(ScheduledThreadPoolExecutor.java:180)
	at java.util.concurrent.ScheduledThreadPoolExecutor$ScheduledFutureTask.run(ScheduledThreadPoolExecutor.java:293)
	at java.util.concurrent.ThreadPoolExecutor.runWorker(ThreadPoolExecutor.java:1149)
	at java.util.concurrent.ThreadPoolExecutor$Worker.run(ThreadPoolExecutor.java:624)
	at java.lang.Thread.run(Thread.java:750)
Caused by: org.bytedeco.javacv.FrameGrabber$Exception: avformat_open_input() error -1094995529: Could not open input "rtsp://admin:lbx123456@192.168.0.3:554". (Has setFormat() been called?)
	at org.bytedeco.javacv.FFmpegFrameGrabber.startUnsafe(FFmpegFrameGrabber.java:876)
	at org.bytedeco.javacv.FFmpegFrameGrabber.start(FFmpegFrameGrabber.java:801)
	at org.bytedeco.javacv.FFmpegFrameGrabber.start(FFmpegFrameGrabber.java:796)
	at com.shark.aio.data.video.service.ImageRecorderService.run(ImageRecorderService.java:107)
	at java.util.concurrent.Executors$RunnableAdapter.call(Executors.java:511)
	at java.util.concurrent.FutureTask.run(FutureTask.java:266)
	... 3 common frames omitted
2024-08-28 16:48:40.012 [,] [scheduling-1] ERROR o.s.s.s.TaskUtils$LoggingErrorHandler - [handleError,95] - Unexpected error occurred in scheduled task
java.util.concurrent.ExecutionException: org.bytedeco.javacv.FrameGrabber$Exception: avformat_open_input() error -1094995529: Could not open input "rtsp://admin:lbx123456@192.168.0.3:554". (Has setFormat() been called?)
	at java.util.concurrent.FutureTask.report(FutureTask.java:122)
	at java.util.concurrent.FutureTask.get(FutureTask.java:192)
	at com.shark.aio.base.controller.InitFFmpeg.monitorFfmpegProcess(InitFFmpeg.java:106)
	at com.shark.aio.base.controller.InitFFmpeg$$FastClassBySpringCGLIB$$6f28da27.invoke(<generated>)
	at org.springframework.cglib.proxy.MethodProxy.invoke(MethodProxy.java:218)
	at org.springframework.aop.framework.CglibAopProxy$CglibMethodInvocation.invokeJoinpoint(CglibAopProxy.java:793)
	at org.springframework.aop.framework.ReflectiveMethodInvocation.proceed(ReflectiveMethodInvocation.java:163)
	at org.springframework.aop.framework.CglibAopProxy$CglibMethodInvocation.proceed(CglibAopProxy.java:763)
	at org.springframework.aop.framework.adapter.MethodBeforeAdviceInterceptor.invoke(MethodBeforeAdviceInterceptor.java:58)
	at org.springframework.aop.framework.ReflectiveMethodInvocation.proceed(ReflectiveMethodInvocation.java:186)
	at org.springframework.aop.framework.CglibAopProxy$CglibMethodInvocation.proceed(CglibAopProxy.java:763)
	at org.springframework.aop.interceptor.ExposeInvocationInterceptor.invoke(ExposeInvocationInterceptor.java:97)
	at org.springframework.aop.framework.ReflectiveMethodInvocation.proceed(ReflectiveMethodInvocation.java:186)
	at org.springframework.aop.framework.CglibAopProxy$CglibMethodInvocation.proceed(CglibAopProxy.java:763)
	at org.springframework.aop.framework.CglibAopProxy$DynamicAdvisedInterceptor.intercept(CglibAopProxy.java:708)
	at com.shark.aio.base.controller.InitFFmpeg$$EnhancerBySpringCGLIB$$97e3e443.monitorFfmpegProcess(<generated>)
	at sun.reflect.NativeMethodAccessorImpl.invoke0(Native Method)
	at sun.reflect.NativeMethodAccessorImpl.invoke(NativeMethodAccessorImpl.java:62)
	at sun.reflect.DelegatingMethodAccessorImpl.invoke(DelegatingMethodAccessorImpl.java:43)
	at java.lang.reflect.Method.invoke(Method.java:498)
	at org.springframework.scheduling.support.ScheduledMethodRunnable.run(ScheduledMethodRunnable.java:84)
	at org.springframework.scheduling.support.DelegatingErrorHandlingRunnable.run(DelegatingErrorHandlingRunnable.java:54)
	at org.springframework.scheduling.concurrent.ReschedulingRunnable.run(ReschedulingRunnable.java:95)
	at java.util.concurrent.Executors$RunnableAdapter.call(Executors.java:511)
	at java.util.concurrent.FutureTask.run(FutureTask.java:266)
	at java.util.concurrent.ScheduledThreadPoolExecutor$ScheduledFutureTask.access$201(ScheduledThreadPoolExecutor.java:180)
	at java.util.concurrent.ScheduledThreadPoolExecutor$ScheduledFutureTask.run(ScheduledThreadPoolExecutor.java:293)
	at java.util.concurrent.ThreadPoolExecutor.runWorker(ThreadPoolExecutor.java:1149)
	at java.util.concurrent.ThreadPoolExecutor$Worker.run(ThreadPoolExecutor.java:624)
	at java.lang.Thread.run(Thread.java:750)
Caused by: org.bytedeco.javacv.FrameGrabber$Exception: avformat_open_input() error -1094995529: Could not open input "rtsp://admin:lbx123456@192.168.0.3:554". (Has setFormat() been called?)
	at org.bytedeco.javacv.FFmpegFrameGrabber.startUnsafe(FFmpegFrameGrabber.java:876)
	at org.bytedeco.javacv.FFmpegFrameGrabber.start(FFmpegFrameGrabber.java:801)
	at org.bytedeco.javacv.FFmpegFrameGrabber.start(FFmpegFrameGrabber.java:796)
	at com.shark.aio.data.video.service.ImageRecorderService.run(ImageRecorderService.java:107)
	at java.util.concurrent.Executors$RunnableAdapter.call(Executors.java:511)
	at java.util.concurrent.FutureTask.run(FutureTask.java:266)
	... 3 common frames omitted
2024-08-28 16:48:40.543 [,] [http-nio-8089-exec-1] ERROR o.a.c.c.C.[.[.[.[dispatcherServlet] - [log,175] - Servlet.service() for servlet [dispatcherServlet] in context with path [] threw exception [Request processing failed; nested exception is org.springframework.web.client.ResourceAccessException: I/O error on GET request for "http://localhost:5555/video_feed": java.io.IOException: 你的主机中的软件中止了一个已建立的连接。; nested exception is org.apache.catalina.connector.ClientAbortException: java.io.IOException: 你的主机中的软件中止了一个已建立的连接。] with root cause
java.io.IOException: 你的主机中的软件中止了一个已建立的连接。
	at sun.nio.ch.SocketDispatcher.write0(Native Method)
	at sun.nio.ch.SocketDispatcher.write(SocketDispatcher.java:51)
	at sun.nio.ch.IOUtil.writeFromNativeBuffer(IOUtil.java:93)
	at sun.nio.ch.IOUtil.write(IOUtil.java:65)
	at sun.nio.ch.SocketChannelImpl.write(SocketChannelImpl.java:469)
	at org.apache.tomcat.util.net.NioChannel.write(NioChannel.java:135)
	at org.apache.tomcat.util.net.NioEndpoint$NioSocketWrapper.doWrite(NioEndpoint.java:1424)
	at org.apache.tomcat.util.net.SocketWrapperBase.doWrite(SocketWrapperBase.java:768)
	at org.apache.tomcat.util.net.SocketWrapperBase.writeBlocking(SocketWrapperBase.java:593)
	at org.apache.tomcat.util.net.SocketWrapperBase.write(SocketWrapperBase.java:537)
	at org.apache.coyote.http11.Http11OutputBuffer$SocketOutputBuffer.doWrite(Http11OutputBuffer.java:547)
	at org.apache.coyote.http11.filters.ChunkedOutputFilter.doWrite(ChunkedOutputFilter.java:112)
	at org.apache.coyote.http11.Http11OutputBuffer.doWrite(Http11OutputBuffer.java:194)
	at org.apache.coyote.Response.doWrite(Response.java:615)
	at org.apache.catalina.connector.OutputBuffer.realWriteBytes(OutputBuffer.java:340)
	at org.apache.catalina.connector.OutputBuffer.flushByteBuffer(OutputBuffer.java:784)
	at org.apache.catalina.connector.OutputBuffer.doFlush(OutputBuffer.java:299)
	at org.apache.catalina.connector.OutputBuffer.flush(OutputBuffer.java:273)
	at org.apache.catalina.connector.CoyoteOutputStream.flush(CoyoteOutputStream.java:118)
	at com.shark.aio.videodetect.controller.EmbedController.lambda$getFlaskPage$1(EmbedController.java:54)
	at org.springframework.web.client.RestTemplate.doExecute(RestTemplate.java:778)
	at org.springframework.web.client.RestTemplate.execute(RestTemplate.java:711)
	at com.shark.aio.videodetect.controller.EmbedController.getFlaskPage(EmbedController.java:60)
	at sun.reflect.NativeMethodAccessorImpl.invoke0(Native Method)
	at sun.reflect.NativeMethodAccessorImpl.invoke(NativeMethodAccessorImpl.java:62)
	at sun.reflect.DelegatingMethodAccessorImpl.invoke(DelegatingMethodAccessorImpl.java:43)
	at java.lang.reflect.Method.invoke(Method.java:498)
	at org.springframework.web.method.support.InvocableHandlerMethod.doInvoke(InvocableHandlerMethod.java:205)
	at org.springframework.web.method.support.InvocableHandlerMethod.invokeForRequest(InvocableHandlerMethod.java:150)
	at org.springframework.web.servlet.mvc.method.annotation.ServletInvocableHandlerMethod.invokeAndHandle(ServletInvocableHandlerMethod.java:117)
	at org.springframework.web.servlet.mvc.method.annotation.RequestMappingHandlerAdapter.invokeHandlerMethod(RequestMappingHandlerAdapter.java:895)
	at org.springframework.web.servlet.mvc.method.annotation.RequestMappingHandlerAdapter.handleInternal(RequestMappingHandlerAdapter.java:808)
	at org.springframework.web.servlet.mvc.method.AbstractHandlerMethodAdapter.handle(AbstractHandlerMethodAdapter.java:87)
	at org.springframework.web.servlet.DispatcherServlet.doDispatch(DispatcherServlet.java:1071)
	at org.springframework.web.servlet.DispatcherServlet.doService(DispatcherServlet.java:964)
	at org.springframework.web.servlet.FrameworkServlet.processRequest(FrameworkServlet.java:1006)
	at org.springframework.web.servlet.FrameworkServlet.doGet(FrameworkServlet.java:898)
	at javax.servlet.http.HttpServlet.service(HttpServlet.java:670)
	at org.springframework.web.servlet.FrameworkServlet.service(FrameworkServlet.java:883)
	at javax.servlet.http.HttpServlet.service(HttpServlet.java:779)
	at org.apache.catalina.core.ApplicationFilterChain.internalDoFilter(ApplicationFilterChain.java:227)
	at org.apache.catalina.core.ApplicationFilterChain.doFilter(ApplicationFilterChain.java:162)
	at org.apache.tomcat.websocket.server.WsFilter.doFilter(WsFilter.java:53)
	at org.apache.catalina.core.ApplicationFilterChain.internalDoFilter(ApplicationFilterChain.java:189)
	at org.apache.catalina.core.ApplicationFilterChain.doFilter(ApplicationFilterChain.java:162)
	at org.springframework.web.filter.CharacterEncodingFilter.doFilterInternal(CharacterEncodingFilter.java:201)
	at org.springframework.web.filter.OncePerRequestFilter.doFilter(OncePerRequestFilter.java:117)
	at org.apache.catalina.core.ApplicationFilterChain.internalDoFilter(ApplicationFilterChain.java:189)
	at org.apache.catalina.core.ApplicationFilterChain.doFilter(ApplicationFilterChain.java:162)
	at org.apache.catalina.core.StandardWrapperValve.invoke(StandardWrapperValve.java:197)
	at org.apache.catalina.core.StandardContextValve.invoke(StandardContextValve.java:97)
	at org.apache.catalina.authenticator.AuthenticatorBase.invoke(AuthenticatorBase.java:541)
	at org.apache.catalina.core.StandardHostValve.invoke(StandardHostValve.java:135)
	at org.apache.catalina.valves.ErrorReportValve.invoke(ErrorReportValve.java:92)
	at org.apache.catalina.core.StandardEngineValve.invoke(StandardEngineValve.java:78)
	at org.apache.catalina.connector.CoyoteAdapter.service(CoyoteAdapter.java:360)
	at org.apache.coyote.http11.Http11Processor.service(Http11Processor.java:399)
	at org.apache.coyote.AbstractProcessorLight.process(AbstractProcessorLight.java:65)
	at org.apache.coyote.AbstractProtocol$ConnectionHandler.process(AbstractProtocol.java:893)
	at org.apache.tomcat.util.net.NioEndpoint$SocketProcessor.doRun(NioEndpoint.java:1789)
	at org.apache.tomcat.util.net.SocketProcessorBase.run(SocketProcessorBase.java:49)
	at org.apache.tomcat.util.threads.ThreadPoolExecutor.runWorker(ThreadPoolExecutor.java:1191)
	at org.apache.tomcat.util.threads.ThreadPoolExecutor$Worker.run(ThreadPoolExecutor.java:659)
	at org.apache.tomcat.util.threads.TaskThread$WrappingRunnable.run(TaskThread.java:61)
	at java.lang.Thread.run(Thread.java:750)
2024-08-28 16:48:50.011 [,] [scheduling-1] ERROR o.s.s.s.TaskUtils$LoggingErrorHandler - [handleError,95] - Unexpected error occurred in scheduled task
java.util.concurrent.ExecutionException: org.bytedeco.javacv.FrameGrabber$Exception: avformat_open_input() error -1094995529: Could not open input "rtsp://admin:lbx123456@192.168.0.3:554". (Has setFormat() been called?)
	at java.util.concurrent.FutureTask.report(FutureTask.java:122)
	at java.util.concurrent.FutureTask.get(FutureTask.java:192)
	at com.shark.aio.base.controller.InitFFmpeg.monitorFfmpegProcess(InitFFmpeg.java:106)
	at com.shark.aio.base.controller.InitFFmpeg$$FastClassBySpringCGLIB$$6f28da27.invoke(<generated>)
	at org.springframework.cglib.proxy.MethodProxy.invoke(MethodProxy.java:218)
	at org.springframework.aop.framework.CglibAopProxy$CglibMethodInvocation.invokeJoinpoint(CglibAopProxy.java:793)
	at org.springframework.aop.framework.ReflectiveMethodInvocation.proceed(ReflectiveMethodInvocation.java:163)
	at org.springframework.aop.framework.CglibAopProxy$CglibMethodInvocation.proceed(CglibAopProxy.java:763)
	at org.springframework.aop.framework.adapter.MethodBeforeAdviceInterceptor.invoke(MethodBeforeAdviceInterceptor.java:58)
	at org.springframework.aop.framework.ReflectiveMethodInvocation.proceed(ReflectiveMethodInvocation.java:186)
	at org.springframework.aop.framework.CglibAopProxy$CglibMethodInvocation.proceed(CglibAopProxy.java:763)
	at org.springframework.aop.interceptor.ExposeInvocationInterceptor.invoke(ExposeInvocationInterceptor.java:97)
	at org.springframework.aop.framework.ReflectiveMethodInvocation.proceed(ReflectiveMethodInvocation.java:186)
	at org.springframework.aop.framework.CglibAopProxy$CglibMethodInvocation.proceed(CglibAopProxy.java:763)
	at org.springframework.aop.framework.CglibAopProxy$DynamicAdvisedInterceptor.intercept(CglibAopProxy.java:708)
	at com.shark.aio.base.controller.InitFFmpeg$$EnhancerBySpringCGLIB$$97e3e443.monitorFfmpegProcess(<generated>)
	at sun.reflect.NativeMethodAccessorImpl.invoke0(Native Method)
	at sun.reflect.NativeMethodAccessorImpl.invoke(NativeMethodAccessorImpl.java:62)
	at sun.reflect.DelegatingMethodAccessorImpl.invoke(DelegatingMethodAccessorImpl.java:43)
	at java.lang.reflect.Method.invoke(Method.java:498)
	at org.springframework.scheduling.support.ScheduledMethodRunnable.run(ScheduledMethodRunnable.java:84)
	at org.springframework.scheduling.support.DelegatingErrorHandlingRunnable.run(DelegatingErrorHandlingRunnable.java:54)
	at org.springframework.scheduling.concurrent.ReschedulingRunnable.run(ReschedulingRunnable.java:95)
	at java.util.concurrent.Executors$RunnableAdapter.call(Executors.java:511)
	at java.util.concurrent.FutureTask.run(FutureTask.java:266)
	at java.util.concurrent.ScheduledThreadPoolExecutor$ScheduledFutureTask.access$201(ScheduledThreadPoolExecutor.java:180)
	at java.util.concurrent.ScheduledThreadPoolExecutor$ScheduledFutureTask.run(ScheduledThreadPoolExecutor.java:293)
	at java.util.concurrent.ThreadPoolExecutor.runWorker(ThreadPoolExecutor.java:1149)
	at java.util.concurrent.ThreadPoolExecutor$Worker.run(ThreadPoolExecutor.java:624)
	at java.lang.Thread.run(Thread.java:750)
Caused by: org.bytedeco.javacv.FrameGrabber$Exception: avformat_open_input() error -1094995529: Could not open input "rtsp://admin:lbx123456@192.168.0.3:554". (Has setFormat() been called?)
	at org.bytedeco.javacv.FFmpegFrameGrabber.startUnsafe(FFmpegFrameGrabber.java:876)
	at org.bytedeco.javacv.FFmpegFrameGrabber.start(FFmpegFrameGrabber.java:801)
	at org.bytedeco.javacv.FFmpegFrameGrabber.start(FFmpegFrameGrabber.java:796)
	at com.shark.aio.data.video.service.ImageRecorderService.run(ImageRecorderService.java:107)
	at java.util.concurrent.Executors$RunnableAdapter.call(Executors.java:511)
	at java.util.concurrent.FutureTask.run(FutureTask.java:266)
	... 3 common frames omitted
2024-08-28 16:49:00.003 [,] [scheduling-1] ERROR o.s.s.s.TaskUtils$LoggingErrorHandler - [handleError,95] - Unexpected error occurred in scheduled task
java.util.concurrent.ExecutionException: org.bytedeco.javacv.FrameGrabber$Exception: avformat_open_input() error -1094995529: Could not open input "rtsp://admin:lbx123456@192.168.0.3:554". (Has setFormat() been called?)
	at java.util.concurrent.FutureTask.report(FutureTask.java:122)
	at java.util.concurrent.FutureTask.get(FutureTask.java:192)
	at com.shark.aio.base.controller.InitFFmpeg.monitorFfmpegProcess(InitFFmpeg.java:106)
	at com.shark.aio.base.controller.InitFFmpeg$$FastClassBySpringCGLIB$$6f28da27.invoke(<generated>)
	at org.springframework.cglib.proxy.MethodProxy.invoke(MethodProxy.java:218)
	at org.springframework.aop.framework.CglibAopProxy$CglibMethodInvocation.invokeJoinpoint(CglibAopProxy.java:793)
	at org.springframework.aop.framework.ReflectiveMethodInvocation.proceed(ReflectiveMethodInvocation.java:163)
	at org.springframework.aop.framework.CglibAopProxy$CglibMethodInvocation.proceed(CglibAopProxy.java:763)
	at org.springframework.aop.framework.adapter.MethodBeforeAdviceInterceptor.invoke(MethodBeforeAdviceInterceptor.java:58)
	at org.springframework.aop.framework.ReflectiveMethodInvocation.proceed(ReflectiveMethodInvocation.java:186)
	at org.springframework.aop.framework.CglibAopProxy$CglibMethodInvocation.proceed(CglibAopProxy.java:763)
	at org.springframework.aop.interceptor.ExposeInvocationInterceptor.invoke(ExposeInvocationInterceptor.java:97)
	at org.springframework.aop.framework.ReflectiveMethodInvocation.proceed(ReflectiveMethodInvocation.java:186)
	at org.springframework.aop.framework.CglibAopProxy$CglibMethodInvocation.proceed(CglibAopProxy.java:763)
	at org.springframework.aop.framework.CglibAopProxy$DynamicAdvisedInterceptor.intercept(CglibAopProxy.java:708)
	at com.shark.aio.base.controller.InitFFmpeg$$EnhancerBySpringCGLIB$$97e3e443.monitorFfmpegProcess(<generated>)
	at sun.reflect.NativeMethodAccessorImpl.invoke0(Native Method)
	at sun.reflect.NativeMethodAccessorImpl.invoke(NativeMethodAccessorImpl.java:62)
	at sun.reflect.DelegatingMethodAccessorImpl.invoke(DelegatingMethodAccessorImpl.java:43)
	at java.lang.reflect.Method.invoke(Method.java:498)
	at org.springframework.scheduling.support.ScheduledMethodRunnable.run(ScheduledMethodRunnable.java:84)
	at org.springframework.scheduling.support.DelegatingErrorHandlingRunnable.run(DelegatingErrorHandlingRunnable.java:54)
	at org.springframework.scheduling.concurrent.ReschedulingRunnable.run(ReschedulingRunnable.java:95)
	at java.util.concurrent.Executors$RunnableAdapter.call(Executors.java:511)
	at java.util.concurrent.FutureTask.run(FutureTask.java:266)
	at java.util.concurrent.ScheduledThreadPoolExecutor$ScheduledFutureTask.access$201(ScheduledThreadPoolExecutor.java:180)
	at java.util.concurrent.ScheduledThreadPoolExecutor$ScheduledFutureTask.run(ScheduledThreadPoolExecutor.java:293)
	at java.util.concurrent.ThreadPoolExecutor.runWorker(ThreadPoolExecutor.java:1149)
	at java.util.concurrent.ThreadPoolExecutor$Worker.run(ThreadPoolExecutor.java:624)
	at java.lang.Thread.run(Thread.java:750)
Caused by: org.bytedeco.javacv.FrameGrabber$Exception: avformat_open_input() error -1094995529: Could not open input "rtsp://admin:lbx123456@192.168.0.3:554". (Has setFormat() been called?)
	at org.bytedeco.javacv.FFmpegFrameGrabber.startUnsafe(FFmpegFrameGrabber.java:876)
	at org.bytedeco.javacv.FFmpegFrameGrabber.start(FFmpegFrameGrabber.java:801)
	at org.bytedeco.javacv.FFmpegFrameGrabber.start(FFmpegFrameGrabber.java:796)
	at com.shark.aio.data.video.service.ImageRecorderService.run(ImageRecorderService.java:107)
	at java.util.concurrent.Executors$RunnableAdapter.call(Executors.java:511)
	at java.util.concurrent.FutureTask.run(FutureTask.java:266)
	... 3 common frames omitted
2024-08-28 16:49:10.014 [,] [scheduling-1] ERROR o.s.s.s.TaskUtils$LoggingErrorHandler - [handleError,95] - Unexpected error occurred in scheduled task
java.util.concurrent.ExecutionException: org.bytedeco.javacv.FrameGrabber$Exception: avformat_open_input() error -1094995529: Could not open input "rtsp://admin:lbx123456@192.168.0.3:554". (Has setFormat() been called?)
	at java.util.concurrent.FutureTask.report(FutureTask.java:122)
	at java.util.concurrent.FutureTask.get(FutureTask.java:192)
	at com.shark.aio.base.controller.InitFFmpeg.monitorFfmpegProcess(InitFFmpeg.java:106)
	at com.shark.aio.base.controller.InitFFmpeg$$FastClassBySpringCGLIB$$6f28da27.invoke(<generated>)
	at org.springframework.cglib.proxy.MethodProxy.invoke(MethodProxy.java:218)
	at org.springframework.aop.framework.CglibAopProxy$CglibMethodInvocation.invokeJoinpoint(CglibAopProxy.java:793)
	at org.springframework.aop.framework.ReflectiveMethodInvocation.proceed(ReflectiveMethodInvocation.java:163)
	at org.springframework.aop.framework.CglibAopProxy$CglibMethodInvocation.proceed(CglibAopProxy.java:763)
	at org.springframework.aop.framework.adapter.MethodBeforeAdviceInterceptor.invoke(MethodBeforeAdviceInterceptor.java:58)
	at org.springframework.aop.framework.ReflectiveMethodInvocation.proceed(ReflectiveMethodInvocation.java:186)
	at org.springframework.aop.framework.CglibAopProxy$CglibMethodInvocation.proceed(CglibAopProxy.java:763)
	at org.springframework.aop.interceptor.ExposeInvocationInterceptor.invoke(ExposeInvocationInterceptor.java:97)
	at org.springframework.aop.framework.ReflectiveMethodInvocation.proceed(ReflectiveMethodInvocation.java:186)
	at org.springframework.aop.framework.CglibAopProxy$CglibMethodInvocation.proceed(CglibAopProxy.java:763)
	at org.springframework.aop.framework.CglibAopProxy$DynamicAdvisedInterceptor.intercept(CglibAopProxy.java:708)
	at com.shark.aio.base.controller.InitFFmpeg$$EnhancerBySpringCGLIB$$97e3e443.monitorFfmpegProcess(<generated>)
	at sun.reflect.NativeMethodAccessorImpl.invoke0(Native Method)
	at sun.reflect.NativeMethodAccessorImpl.invoke(NativeMethodAccessorImpl.java:62)
	at sun.reflect.DelegatingMethodAccessorImpl.invoke(DelegatingMethodAccessorImpl.java:43)
	at java.lang.reflect.Method.invoke(Method.java:498)
	at org.springframework.scheduling.support.ScheduledMethodRunnable.run(ScheduledMethodRunnable.java:84)
	at org.springframework.scheduling.support.DelegatingErrorHandlingRunnable.run(DelegatingErrorHandlingRunnable.java:54)
	at org.springframework.scheduling.concurrent.ReschedulingRunnable.run(ReschedulingRunnable.java:95)
	at java.util.concurrent.Executors$RunnableAdapter.call(Executors.java:511)
	at java.util.concurrent.FutureTask.run(FutureTask.java:266)
	at java.util.concurrent.ScheduledThreadPoolExecutor$ScheduledFutureTask.access$201(ScheduledThreadPoolExecutor.java:180)
	at java.util.concurrent.ScheduledThreadPoolExecutor$ScheduledFutureTask.run(ScheduledThreadPoolExecutor.java:293)
	at java.util.concurrent.ThreadPoolExecutor.runWorker(ThreadPoolExecutor.java:1149)
	at java.util.concurrent.ThreadPoolExecutor$Worker.run(ThreadPoolExecutor.java:624)
	at java.lang.Thread.run(Thread.java:750)
Caused by: org.bytedeco.javacv.FrameGrabber$Exception: avformat_open_input() error -1094995529: Could not open input "rtsp://admin:lbx123456@192.168.0.3:554". (Has setFormat() been called?)
	at org.bytedeco.javacv.FFmpegFrameGrabber.startUnsafe(FFmpegFrameGrabber.java:876)
	at org.bytedeco.javacv.FFmpegFrameGrabber.start(FFmpegFrameGrabber.java:801)
	at org.bytedeco.javacv.FFmpegFrameGrabber.start(FFmpegFrameGrabber.java:796)
	at com.shark.aio.data.video.service.ImageRecorderService.run(ImageRecorderService.java:107)
	at java.util.concurrent.Executors$RunnableAdapter.call(Executors.java:511)
	at java.util.concurrent.FutureTask.run(FutureTask.java:266)
	... 3 common frames omitted
2024-08-28 16:49:20.006 [,] [scheduling-1] ERROR o.s.s.s.TaskUtils$LoggingErrorHandler - [handleError,95] - Unexpected error occurred in scheduled task
java.util.concurrent.ExecutionException: org.bytedeco.javacv.FrameGrabber$Exception: avformat_open_input() error -1094995529: Could not open input "rtsp://admin:lbx123456@192.168.0.3:554". (Has setFormat() been called?)
	at java.util.concurrent.FutureTask.report(FutureTask.java:122)
	at java.util.concurrent.FutureTask.get(FutureTask.java:192)
	at com.shark.aio.base.controller.InitFFmpeg.monitorFfmpegProcess(InitFFmpeg.java:106)
	at com.shark.aio.base.controller.InitFFmpeg$$FastClassBySpringCGLIB$$6f28da27.invoke(<generated>)
	at org.springframework.cglib.proxy.MethodProxy.invoke(MethodProxy.java:218)
	at org.springframework.aop.framework.CglibAopProxy$CglibMethodInvocation.invokeJoinpoint(CglibAopProxy.java:793)
	at org.springframework.aop.framework.ReflectiveMethodInvocation.proceed(ReflectiveMethodInvocation.java:163)
	at org.springframework.aop.framework.CglibAopProxy$CglibMethodInvocation.proceed(CglibAopProxy.java:763)
	at org.springframework.aop.framework.adapter.MethodBeforeAdviceInterceptor.invoke(MethodBeforeAdviceInterceptor.java:58)
	at org.springframework.aop.framework.ReflectiveMethodInvocation.proceed(ReflectiveMethodInvocation.java:186)
	at org.springframework.aop.framework.CglibAopProxy$CglibMethodInvocation.proceed(CglibAopProxy.java:763)
	at org.springframework.aop.interceptor.ExposeInvocationInterceptor.invoke(ExposeInvocationInterceptor.java:97)
	at org.springframework.aop.framework.ReflectiveMethodInvocation.proceed(ReflectiveMethodInvocation.java:186)
	at org.springframework.aop.framework.CglibAopProxy$CglibMethodInvocation.proceed(CglibAopProxy.java:763)
	at org.springframework.aop.framework.CglibAopProxy$DynamicAdvisedInterceptor.intercept(CglibAopProxy.java:708)
	at com.shark.aio.base.controller.InitFFmpeg$$EnhancerBySpringCGLIB$$97e3e443.monitorFfmpegProcess(<generated>)
	at sun.reflect.NativeMethodAccessorImpl.invoke0(Native Method)
	at sun.reflect.NativeMethodAccessorImpl.invoke(NativeMethodAccessorImpl.java:62)
	at sun.reflect.DelegatingMethodAccessorImpl.invoke(DelegatingMethodAccessorImpl.java:43)
	at java.lang.reflect.Method.invoke(Method.java:498)
	at org.springframework.scheduling.support.ScheduledMethodRunnable.run(ScheduledMethodRunnable.java:84)
	at org.springframework.scheduling.support.DelegatingErrorHandlingRunnable.run(DelegatingErrorHandlingRunnable.java:54)
	at org.springframework.scheduling.concurrent.ReschedulingRunnable.run(ReschedulingRunnable.java:95)
	at java.util.concurrent.Executors$RunnableAdapter.call(Executors.java:511)
	at java.util.concurrent.FutureTask.run(FutureTask.java:266)
	at java.util.concurrent.ScheduledThreadPoolExecutor$ScheduledFutureTask.access$201(ScheduledThreadPoolExecutor.java:180)
	at java.util.concurrent.ScheduledThreadPoolExecutor$ScheduledFutureTask.run(ScheduledThreadPoolExecutor.java:293)
	at java.util.concurrent.ThreadPoolExecutor.runWorker(ThreadPoolExecutor.java:1149)
	at java.util.concurrent.ThreadPoolExecutor$Worker.run(ThreadPoolExecutor.java:624)
	at java.lang.Thread.run(Thread.java:750)
Caused by: org.bytedeco.javacv.FrameGrabber$Exception: avformat_open_input() error -1094995529: Could not open input "rtsp://admin:lbx123456@192.168.0.3:554". (Has setFormat() been called?)
	at org.bytedeco.javacv.FFmpegFrameGrabber.startUnsafe(FFmpegFrameGrabber.java:876)
	at org.bytedeco.javacv.FFmpegFrameGrabber.start(FFmpegFrameGrabber.java:801)
	at org.bytedeco.javacv.FFmpegFrameGrabber.start(FFmpegFrameGrabber.java:796)
	at com.shark.aio.data.video.service.ImageRecorderService.run(ImageRecorderService.java:107)
	at java.util.concurrent.Executors$RunnableAdapter.call(Executors.java:511)
	at java.util.concurrent.FutureTask.run(FutureTask.java:266)
	... 3 common frames omitted
2024-08-28 16:49:30.016 [,] [scheduling-1] ERROR o.s.s.s.TaskUtils$LoggingErrorHandler - [handleError,95] - Unexpected error occurred in scheduled task
java.util.concurrent.ExecutionException: org.bytedeco.javacv.FrameGrabber$Exception: avformat_open_input() error -1094995529: Could not open input "rtsp://admin:lbx123456@192.168.0.3:554". (Has setFormat() been called?)
	at java.util.concurrent.FutureTask.report(FutureTask.java:122)
	at java.util.concurrent.FutureTask.get(FutureTask.java:192)
	at com.shark.aio.base.controller.InitFFmpeg.monitorFfmpegProcess(InitFFmpeg.java:106)
	at com.shark.aio.base.controller.InitFFmpeg$$FastClassBySpringCGLIB$$6f28da27.invoke(<generated>)
	at org.springframework.cglib.proxy.MethodProxy.invoke(MethodProxy.java:218)
	at org.springframework.aop.framework.CglibAopProxy$CglibMethodInvocation.invokeJoinpoint(CglibAopProxy.java:793)
	at org.springframework.aop.framework.ReflectiveMethodInvocation.proceed(ReflectiveMethodInvocation.java:163)
	at org.springframework.aop.framework.CglibAopProxy$CglibMethodInvocation.proceed(CglibAopProxy.java:763)
	at org.springframework.aop.framework.adapter.MethodBeforeAdviceInterceptor.invoke(MethodBeforeAdviceInterceptor.java:58)
	at org.springframework.aop.framework.ReflectiveMethodInvocation.proceed(ReflectiveMethodInvocation.java:186)
	at org.springframework.aop.framework.CglibAopProxy$CglibMethodInvocation.proceed(CglibAopProxy.java:763)
	at org.springframework.aop.interceptor.ExposeInvocationInterceptor.invoke(ExposeInvocationInterceptor.java:97)
	at org.springframework.aop.framework.ReflectiveMethodInvocation.proceed(ReflectiveMethodInvocation.java:186)
	at org.springframework.aop.framework.CglibAopProxy$CglibMethodInvocation.proceed(CglibAopProxy.java:763)
	at org.springframework.aop.framework.CglibAopProxy$DynamicAdvisedInterceptor.intercept(CglibAopProxy.java:708)
	at com.shark.aio.base.controller.InitFFmpeg$$EnhancerBySpringCGLIB$$97e3e443.monitorFfmpegProcess(<generated>)
	at sun.reflect.NativeMethodAccessorImpl.invoke0(Native Method)
	at sun.reflect.NativeMethodAccessorImpl.invoke(NativeMethodAccessorImpl.java:62)
	at sun.reflect.DelegatingMethodAccessorImpl.invoke(DelegatingMethodAccessorImpl.java:43)
	at java.lang.reflect.Method.invoke(Method.java:498)
	at org.springframework.scheduling.support.ScheduledMethodRunnable.run(ScheduledMethodRunnable.java:84)
	at org.springframework.scheduling.support.DelegatingErrorHandlingRunnable.run(DelegatingErrorHandlingRunnable.java:54)
	at org.springframework.scheduling.concurrent.ReschedulingRunnable.run(ReschedulingRunnable.java:95)
	at java.util.concurrent.Executors$RunnableAdapter.call(Executors.java:511)
	at java.util.concurrent.FutureTask.run(FutureTask.java:266)
	at java.util.concurrent.ScheduledThreadPoolExecutor$ScheduledFutureTask.access$201(ScheduledThreadPoolExecutor.java:180)
	at java.util.concurrent.ScheduledThreadPoolExecutor$ScheduledFutureTask.run(ScheduledThreadPoolExecutor.java:293)
	at java.util.concurrent.ThreadPoolExecutor.runWorker(ThreadPoolExecutor.java:1149)
	at java.util.concurrent.ThreadPoolExecutor$Worker.run(ThreadPoolExecutor.java:624)
	at java.lang.Thread.run(Thread.java:750)
Caused by: org.bytedeco.javacv.FrameGrabber$Exception: avformat_open_input() error -1094995529: Could not open input "rtsp://admin:lbx123456@192.168.0.3:554". (Has setFormat() been called?)
	at org.bytedeco.javacv.FFmpegFrameGrabber.startUnsafe(FFmpegFrameGrabber.java:876)
	at org.bytedeco.javacv.FFmpegFrameGrabber.start(FFmpegFrameGrabber.java:801)
	at org.bytedeco.javacv.FFmpegFrameGrabber.start(FFmpegFrameGrabber.java:796)
	at com.shark.aio.data.video.service.ImageRecorderService.run(ImageRecorderService.java:107)
	at java.util.concurrent.Executors$RunnableAdapter.call(Executors.java:511)
	at java.util.concurrent.FutureTask.run(FutureTask.java:266)
	... 3 common frames omitted
2024-08-28 16:49:40.003 [,] [scheduling-1] ERROR o.s.s.s.TaskUtils$LoggingErrorHandler - [handleError,95] - Unexpected error occurred in scheduled task
java.util.concurrent.ExecutionException: org.bytedeco.javacv.FrameGrabber$Exception: avformat_open_input() error -1094995529: Could not open input "rtsp://admin:lbx123456@192.168.0.3:554". (Has setFormat() been called?)
	at java.util.concurrent.FutureTask.report(FutureTask.java:122)
	at java.util.concurrent.FutureTask.get(FutureTask.java:192)
	at com.shark.aio.base.controller.InitFFmpeg.monitorFfmpegProcess(InitFFmpeg.java:106)
	at com.shark.aio.base.controller.InitFFmpeg$$FastClassBySpringCGLIB$$6f28da27.invoke(<generated>)
	at org.springframework.cglib.proxy.MethodProxy.invoke(MethodProxy.java:218)
	at org.springframework.aop.framework.CglibAopProxy$CglibMethodInvocation.invokeJoinpoint(CglibAopProxy.java:793)
	at org.springframework.aop.framework.ReflectiveMethodInvocation.proceed(ReflectiveMethodInvocation.java:163)
	at org.springframework.aop.framework.CglibAopProxy$CglibMethodInvocation.proceed(CglibAopProxy.java:763)
	at org.springframework.aop.framework.adapter.MethodBeforeAdviceInterceptor.invoke(MethodBeforeAdviceInterceptor.java:58)
	at org.springframework.aop.framework.ReflectiveMethodInvocation.proceed(ReflectiveMethodInvocation.java:186)
	at org.springframework.aop.framework.CglibAopProxy$CglibMethodInvocation.proceed(CglibAopProxy.java:763)
	at org.springframework.aop.interceptor.ExposeInvocationInterceptor.invoke(ExposeInvocationInterceptor.java:97)
	at org.springframework.aop.framework.ReflectiveMethodInvocation.proceed(ReflectiveMethodInvocation.java:186)
	at org.springframework.aop.framework.CglibAopProxy$CglibMethodInvocation.proceed(CglibAopProxy.java:763)
	at org.springframework.aop.framework.CglibAopProxy$DynamicAdvisedInterceptor.intercept(CglibAopProxy.java:708)
	at com.shark.aio.base.controller.InitFFmpeg$$EnhancerBySpringCGLIB$$97e3e443.monitorFfmpegProcess(<generated>)
	at sun.reflect.NativeMethodAccessorImpl.invoke0(Native Method)
	at sun.reflect.NativeMethodAccessorImpl.invoke(NativeMethodAccessorImpl.java:62)
	at sun.reflect.DelegatingMethodAccessorImpl.invoke(DelegatingMethodAccessorImpl.java:43)
	at java.lang.reflect.Method.invoke(Method.java:498)
	at org.springframework.scheduling.support.ScheduledMethodRunnable.run(ScheduledMethodRunnable.java:84)
	at org.springframework.scheduling.support.DelegatingErrorHandlingRunnable.run(DelegatingErrorHandlingRunnable.java:54)
	at org.springframework.scheduling.concurrent.ReschedulingRunnable.run(ReschedulingRunnable.java:95)
	at java.util.concurrent.Executors$RunnableAdapter.call(Executors.java:511)
	at java.util.concurrent.FutureTask.run(FutureTask.java:266)
	at java.util.concurrent.ScheduledThreadPoolExecutor$ScheduledFutureTask.access$201(ScheduledThreadPoolExecutor.java:180)
	at java.util.concurrent.ScheduledThreadPoolExecutor$ScheduledFutureTask.run(ScheduledThreadPoolExecutor.java:293)
	at java.util.concurrent.ThreadPoolExecutor.runWorker(ThreadPoolExecutor.java:1149)
	at java.util.concurrent.ThreadPoolExecutor$Worker.run(ThreadPoolExecutor.java:624)
	at java.lang.Thread.run(Thread.java:750)
Caused by: org.bytedeco.javacv.FrameGrabber$Exception: avformat_open_input() error -1094995529: Could not open input "rtsp://admin:lbx123456@192.168.0.3:554". (Has setFormat() been called?)
	at org.bytedeco.javacv.FFmpegFrameGrabber.startUnsafe(FFmpegFrameGrabber.java:876)
	at org.bytedeco.javacv.FFmpegFrameGrabber.start(FFmpegFrameGrabber.java:801)
	at org.bytedeco.javacv.FFmpegFrameGrabber.start(FFmpegFrameGrabber.java:796)
	at com.shark.aio.data.video.service.ImageRecorderService.run(ImageRecorderService.java:107)
	at java.util.concurrent.Executors$RunnableAdapter.call(Executors.java:511)
	at java.util.concurrent.FutureTask.run(FutureTask.java:266)
	... 3 common frames omitted
2024-08-28 16:49:50.015 [,] [scheduling-1] ERROR o.s.s.s.TaskUtils$LoggingErrorHandler - [handleError,95] - Unexpected error occurred in scheduled task
java.util.concurrent.ExecutionException: org.bytedeco.javacv.FrameGrabber$Exception: avformat_open_input() error -1094995529: Could not open input "rtsp://admin:lbx123456@192.168.0.3:554". (Has setFormat() been called?)
	at java.util.concurrent.FutureTask.report(FutureTask.java:122)
	at java.util.concurrent.FutureTask.get(FutureTask.java:192)
	at com.shark.aio.base.controller.InitFFmpeg.monitorFfmpegProcess(InitFFmpeg.java:106)
	at com.shark.aio.base.controller.InitFFmpeg$$FastClassBySpringCGLIB$$6f28da27.invoke(<generated>)
	at org.springframework.cglib.proxy.MethodProxy.invoke(MethodProxy.java:218)
	at org.springframework.aop.framework.CglibAopProxy$CglibMethodInvocation.invokeJoinpoint(CglibAopProxy.java:793)
	at org.springframework.aop.framework.ReflectiveMethodInvocation.proceed(ReflectiveMethodInvocation.java:163)
	at org.springframework.aop.framework.CglibAopProxy$CglibMethodInvocation.proceed(CglibAopProxy.java:763)
	at org.springframework.aop.framework.adapter.MethodBeforeAdviceInterceptor.invoke(MethodBeforeAdviceInterceptor.java:58)
	at org.springframework.aop.framework.ReflectiveMethodInvocation.proceed(ReflectiveMethodInvocation.java:186)
	at org.springframework.aop.framework.CglibAopProxy$CglibMethodInvocation.proceed(CglibAopProxy.java:763)
	at org.springframework.aop.interceptor.ExposeInvocationInterceptor.invoke(ExposeInvocationInterceptor.java:97)
	at org.springframework.aop.framework.ReflectiveMethodInvocation.proceed(ReflectiveMethodInvocation.java:186)
	at org.springframework.aop.framework.CglibAopProxy$CglibMethodInvocation.proceed(CglibAopProxy.java:763)
	at org.springframework.aop.framework.CglibAopProxy$DynamicAdvisedInterceptor.intercept(CglibAopProxy.java:708)
	at com.shark.aio.base.controller.InitFFmpeg$$EnhancerBySpringCGLIB$$97e3e443.monitorFfmpegProcess(<generated>)
	at sun.reflect.NativeMethodAccessorImpl.invoke0(Native Method)
	at sun.reflect.NativeMethodAccessorImpl.invoke(NativeMethodAccessorImpl.java:62)
	at sun.reflect.DelegatingMethodAccessorImpl.invoke(DelegatingMethodAccessorImpl.java:43)
	at java.lang.reflect.Method.invoke(Method.java:498)
	at org.springframework.scheduling.support.ScheduledMethodRunnable.run(ScheduledMethodRunnable.java:84)
	at org.springframework.scheduling.support.DelegatingErrorHandlingRunnable.run(DelegatingErrorHandlingRunnable.java:54)
	at org.springframework.scheduling.concurrent.ReschedulingRunnable.run(ReschedulingRunnable.java:95)
	at java.util.concurrent.Executors$RunnableAdapter.call(Executors.java:511)
	at java.util.concurrent.FutureTask.run(FutureTask.java:266)
	at java.util.concurrent.ScheduledThreadPoolExecutor$ScheduledFutureTask.access$201(ScheduledThreadPoolExecutor.java:180)
	at java.util.concurrent.ScheduledThreadPoolExecutor$ScheduledFutureTask.run(ScheduledThreadPoolExecutor.java:293)
	at java.util.concurrent.ThreadPoolExecutor.runWorker(ThreadPoolExecutor.java:1149)
	at java.util.concurrent.ThreadPoolExecutor$Worker.run(ThreadPoolExecutor.java:624)
	at java.lang.Thread.run(Thread.java:750)
Caused by: org.bytedeco.javacv.FrameGrabber$Exception: avformat_open_input() error -1094995529: Could not open input "rtsp://admin:lbx123456@192.168.0.3:554". (Has setFormat() been called?)
	at org.bytedeco.javacv.FFmpegFrameGrabber.startUnsafe(FFmpegFrameGrabber.java:876)
	at org.bytedeco.javacv.FFmpegFrameGrabber.start(FFmpegFrameGrabber.java:801)
	at org.bytedeco.javacv.FFmpegFrameGrabber.start(FFmpegFrameGrabber.java:796)
	at com.shark.aio.data.video.service.ImageRecorderService.run(ImageRecorderService.java:107)
	at java.util.concurrent.Executors$RunnableAdapter.call(Executors.java:511)
	at java.util.concurrent.FutureTask.run(FutureTask.java:266)
	... 3 common frames omitted
2024-08-28 16:50:00.011 [,] [scheduling-1] ERROR o.s.s.s.TaskUtils$LoggingErrorHandler - [handleError,95] - Unexpected error occurred in scheduled task
java.util.concurrent.ExecutionException: org.bytedeco.javacv.FrameGrabber$Exception: avformat_open_input() error -1094995529: Could not open input "rtsp://admin:lbx123456@192.168.0.3:554". (Has setFormat() been called?)
	at java.util.concurrent.FutureTask.report(FutureTask.java:122)
	at java.util.concurrent.FutureTask.get(FutureTask.java:192)
	at com.shark.aio.base.controller.InitFFmpeg.monitorFfmpegProcess(InitFFmpeg.java:106)
	at com.shark.aio.base.controller.InitFFmpeg$$FastClassBySpringCGLIB$$6f28da27.invoke(<generated>)
	at org.springframework.cglib.proxy.MethodProxy.invoke(MethodProxy.java:218)
	at org.springframework.aop.framework.CglibAopProxy$CglibMethodInvocation.invokeJoinpoint(CglibAopProxy.java:793)
	at org.springframework.aop.framework.ReflectiveMethodInvocation.proceed(ReflectiveMethodInvocation.java:163)
	at org.springframework.aop.framework.CglibAopProxy$CglibMethodInvocation.proceed(CglibAopProxy.java:763)
	at org.springframework.aop.framework.adapter.MethodBeforeAdviceInterceptor.invoke(MethodBeforeAdviceInterceptor.java:58)
	at org.springframework.aop.framework.ReflectiveMethodInvocation.proceed(ReflectiveMethodInvocation.java:186)
	at org.springframework.aop.framework.CglibAopProxy$CglibMethodInvocation.proceed(CglibAopProxy.java:763)
	at org.springframework.aop.interceptor.ExposeInvocationInterceptor.invoke(ExposeInvocationInterceptor.java:97)
	at org.springframework.aop.framework.ReflectiveMethodInvocation.proceed(ReflectiveMethodInvocation.java:186)
	at org.springframework.aop.framework.CglibAopProxy$CglibMethodInvocation.proceed(CglibAopProxy.java:763)
	at org.springframework.aop.framework.CglibAopProxy$DynamicAdvisedInterceptor.intercept(CglibAopProxy.java:708)
	at com.shark.aio.base.controller.InitFFmpeg$$EnhancerBySpringCGLIB$$97e3e443.monitorFfmpegProcess(<generated>)
	at sun.reflect.NativeMethodAccessorImpl.invoke0(Native Method)
	at sun.reflect.NativeMethodAccessorImpl.invoke(NativeMethodAccessorImpl.java:62)
	at sun.reflect.DelegatingMethodAccessorImpl.invoke(DelegatingMethodAccessorImpl.java:43)
	at java.lang.reflect.Method.invoke(Method.java:498)
	at org.springframework.scheduling.support.ScheduledMethodRunnable.run(ScheduledMethodRunnable.java:84)
	at org.springframework.scheduling.support.DelegatingErrorHandlingRunnable.run(DelegatingErrorHandlingRunnable.java:54)
	at org.springframework.scheduling.concurrent.ReschedulingRunnable.run(ReschedulingRunnable.java:95)
	at java.util.concurrent.Executors$RunnableAdapter.call(Executors.java:511)
	at java.util.concurrent.FutureTask.run(FutureTask.java:266)
	at java.util.concurrent.ScheduledThreadPoolExecutor$ScheduledFutureTask.access$201(ScheduledThreadPoolExecutor.java:180)
	at java.util.concurrent.ScheduledThreadPoolExecutor$ScheduledFutureTask.run(ScheduledThreadPoolExecutor.java:293)
	at java.util.concurrent.ThreadPoolExecutor.runWorker(ThreadPoolExecutor.java:1149)
	at java.util.concurrent.ThreadPoolExecutor$Worker.run(ThreadPoolExecutor.java:624)
	at java.lang.Thread.run(Thread.java:750)
Caused by: org.bytedeco.javacv.FrameGrabber$Exception: avformat_open_input() error -1094995529: Could not open input "rtsp://admin:lbx123456@192.168.0.3:554". (Has setFormat() been called?)
	at org.bytedeco.javacv.FFmpegFrameGrabber.startUnsafe(FFmpegFrameGrabber.java:876)
	at org.bytedeco.javacv.FFmpegFrameGrabber.start(FFmpegFrameGrabber.java:801)
	at org.bytedeco.javacv.FFmpegFrameGrabber.start(FFmpegFrameGrabber.java:796)
	at com.shark.aio.data.video.service.ImageRecorderService.run(ImageRecorderService.java:107)
	at java.util.concurrent.Executors$RunnableAdapter.call(Executors.java:511)
	at java.util.concurrent.FutureTask.run(FutureTask.java:266)
	... 3 common frames omitted
2024-08-28 16:50:10.007 [,] [scheduling-1] ERROR o.s.s.s.TaskUtils$LoggingErrorHandler - [handleError,95] - Unexpected error occurred in scheduled task
java.util.concurrent.ExecutionException: org.bytedeco.javacv.FrameGrabber$Exception: avformat_open_input() error -1094995529: Could not open input "rtsp://admin:lbx123456@192.168.0.3:554". (Has setFormat() been called?)
	at java.util.concurrent.FutureTask.report(FutureTask.java:122)
	at java.util.concurrent.FutureTask.get(FutureTask.java:192)
	at com.shark.aio.base.controller.InitFFmpeg.monitorFfmpegProcess(InitFFmpeg.java:106)
	at com.shark.aio.base.controller.InitFFmpeg$$FastClassBySpringCGLIB$$6f28da27.invoke(<generated>)
	at org.springframework.cglib.proxy.MethodProxy.invoke(MethodProxy.java:218)
	at org.springframework.aop.framework.CglibAopProxy$CglibMethodInvocation.invokeJoinpoint(CglibAopProxy.java:793)
	at org.springframework.aop.framework.ReflectiveMethodInvocation.proceed(ReflectiveMethodInvocation.java:163)
	at org.springframework.aop.framework.CglibAopProxy$CglibMethodInvocation.proceed(CglibAopProxy.java:763)
	at org.springframework.aop.framework.adapter.MethodBeforeAdviceInterceptor.invoke(MethodBeforeAdviceInterceptor.java:58)
	at org.springframework.aop.framework.ReflectiveMethodInvocation.proceed(ReflectiveMethodInvocation.java:186)
	at org.springframework.aop.framework.CglibAopProxy$CglibMethodInvocation.proceed(CglibAopProxy.java:763)
	at org.springframework.aop.interceptor.ExposeInvocationInterceptor.invoke(ExposeInvocationInterceptor.java:97)
	at org.springframework.aop.framework.ReflectiveMethodInvocation.proceed(ReflectiveMethodInvocation.java:186)
	at org.springframework.aop.framework.CglibAopProxy$CglibMethodInvocation.proceed(CglibAopProxy.java:763)
	at org.springframework.aop.framework.CglibAopProxy$DynamicAdvisedInterceptor.intercept(CglibAopProxy.java:708)
	at com.shark.aio.base.controller.InitFFmpeg$$EnhancerBySpringCGLIB$$97e3e443.monitorFfmpegProcess(<generated>)
	at sun.reflect.NativeMethodAccessorImpl.invoke0(Native Method)
	at sun.reflect.NativeMethodAccessorImpl.invoke(NativeMethodAccessorImpl.java:62)
	at sun.reflect.DelegatingMethodAccessorImpl.invoke(DelegatingMethodAccessorImpl.java:43)
	at java.lang.reflect.Method.invoke(Method.java:498)
	at org.springframework.scheduling.support.ScheduledMethodRunnable.run(ScheduledMethodRunnable.java:84)
	at org.springframework.scheduling.support.DelegatingErrorHandlingRunnable.run(DelegatingErrorHandlingRunnable.java:54)
	at org.springframework.scheduling.concurrent.ReschedulingRunnable.run(ReschedulingRunnable.java:95)
	at java.util.concurrent.Executors$RunnableAdapter.call(Executors.java:511)
	at java.util.concurrent.FutureTask.run(FutureTask.java:266)
	at java.util.concurrent.ScheduledThreadPoolExecutor$ScheduledFutureTask.access$201(ScheduledThreadPoolExecutor.java:180)
	at java.util.concurrent.ScheduledThreadPoolExecutor$ScheduledFutureTask.run(ScheduledThreadPoolExecutor.java:293)
	at java.util.concurrent.ThreadPoolExecutor.runWorker(ThreadPoolExecutor.java:1149)
	at java.util.concurrent.ThreadPoolExecutor$Worker.run(ThreadPoolExecutor.java:624)
	at java.lang.Thread.run(Thread.java:750)
Caused by: org.bytedeco.javacv.FrameGrabber$Exception: avformat_open_input() error -1094995529: Could not open input "rtsp://admin:lbx123456@192.168.0.3:554". (Has setFormat() been called?)
	at org.bytedeco.javacv.FFmpegFrameGrabber.startUnsafe(FFmpegFrameGrabber.java:876)
	at org.bytedeco.javacv.FFmpegFrameGrabber.start(FFmpegFrameGrabber.java:801)
	at org.bytedeco.javacv.FFmpegFrameGrabber.start(FFmpegFrameGrabber.java:796)
	at com.shark.aio.data.video.service.ImageRecorderService.run(ImageRecorderService.java:107)
	at java.util.concurrent.Executors$RunnableAdapter.call(Executors.java:511)
	at java.util.concurrent.FutureTask.run(FutureTask.java:266)
	... 3 common frames omitted
2024-08-28 16:50:20.016 [,] [scheduling-1] ERROR o.s.s.s.TaskUtils$LoggingErrorHandler - [handleError,95] - Unexpected error occurred in scheduled task
java.util.concurrent.ExecutionException: org.bytedeco.javacv.FrameGrabber$Exception: avformat_open_input() error -1094995529: Could not open input "rtsp://admin:lbx123456@192.168.0.3:554". (Has setFormat() been called?)
	at java.util.concurrent.FutureTask.report(FutureTask.java:122)
	at java.util.concurrent.FutureTask.get(FutureTask.java:192)
	at com.shark.aio.base.controller.InitFFmpeg.monitorFfmpegProcess(InitFFmpeg.java:106)
	at com.shark.aio.base.controller.InitFFmpeg$$FastClassBySpringCGLIB$$6f28da27.invoke(<generated>)
	at org.springframework.cglib.proxy.MethodProxy.invoke(MethodProxy.java:218)
	at org.springframework.aop.framework.CglibAopProxy$CglibMethodInvocation.invokeJoinpoint(CglibAopProxy.java:793)
	at org.springframework.aop.framework.ReflectiveMethodInvocation.proceed(ReflectiveMethodInvocation.java:163)
	at org.springframework.aop.framework.CglibAopProxy$CglibMethodInvocation.proceed(CglibAopProxy.java:763)
	at org.springframework.aop.framework.adapter.MethodBeforeAdviceInterceptor.invoke(MethodBeforeAdviceInterceptor.java:58)
	at org.springframework.aop.framework.ReflectiveMethodInvocation.proceed(ReflectiveMethodInvocation.java:186)
	at org.springframework.aop.framework.CglibAopProxy$CglibMethodInvocation.proceed(CglibAopProxy.java:763)
	at org.springframework.aop.interceptor.ExposeInvocationInterceptor.invoke(ExposeInvocationInterceptor.java:97)
	at org.springframework.aop.framework.ReflectiveMethodInvocation.proceed(ReflectiveMethodInvocation.java:186)
	at org.springframework.aop.framework.CglibAopProxy$CglibMethodInvocation.proceed(CglibAopProxy.java:763)
	at org.springframework.aop.framework.CglibAopProxy$DynamicAdvisedInterceptor.intercept(CglibAopProxy.java:708)
	at com.shark.aio.base.controller.InitFFmpeg$$EnhancerBySpringCGLIB$$97e3e443.monitorFfmpegProcess(<generated>)
	at sun.reflect.NativeMethodAccessorImpl.invoke0(Native Method)
	at sun.reflect.NativeMethodAccessorImpl.invoke(NativeMethodAccessorImpl.java:62)
	at sun.reflect.DelegatingMethodAccessorImpl.invoke(DelegatingMethodAccessorImpl.java:43)
	at java.lang.reflect.Method.invoke(Method.java:498)
	at org.springframework.scheduling.support.ScheduledMethodRunnable.run(ScheduledMethodRunnable.java:84)
	at org.springframework.scheduling.support.DelegatingErrorHandlingRunnable.run(DelegatingErrorHandlingRunnable.java:54)
	at org.springframework.scheduling.concurrent.ReschedulingRunnable.run(ReschedulingRunnable.java:95)
	at java.util.concurrent.Executors$RunnableAdapter.call(Executors.java:511)
	at java.util.concurrent.FutureTask.run(FutureTask.java:266)
	at java.util.concurrent.ScheduledThreadPoolExecutor$ScheduledFutureTask.access$201(ScheduledThreadPoolExecutor.java:180)
	at java.util.concurrent.ScheduledThreadPoolExecutor$ScheduledFutureTask.run(ScheduledThreadPoolExecutor.java:293)
	at java.util.concurrent.ThreadPoolExecutor.runWorker(ThreadPoolExecutor.java:1149)
	at java.util.concurrent.ThreadPoolExecutor$Worker.run(ThreadPoolExecutor.java:624)
	at java.lang.Thread.run(Thread.java:750)
Caused by: org.bytedeco.javacv.FrameGrabber$Exception: avformat_open_input() error -1094995529: Could not open input "rtsp://admin:lbx123456@192.168.0.3:554". (Has setFormat() been called?)
	at org.bytedeco.javacv.FFmpegFrameGrabber.startUnsafe(FFmpegFrameGrabber.java:876)
	at org.bytedeco.javacv.FFmpegFrameGrabber.start(FFmpegFrameGrabber.java:801)
	at org.bytedeco.javacv.FFmpegFrameGrabber.start(FFmpegFrameGrabber.java:796)
	at com.shark.aio.data.video.service.ImageRecorderService.run(ImageRecorderService.java:107)
	at java.util.concurrent.Executors$RunnableAdapter.call(Executors.java:511)
	at java.util.concurrent.FutureTask.run(FutureTask.java:266)
	... 3 common frames omitted
2024-08-28 16:50:30.010 [,] [scheduling-1] ERROR o.s.s.s.TaskUtils$LoggingErrorHandler - [handleError,95] - Unexpected error occurred in scheduled task
java.util.concurrent.ExecutionException: org.bytedeco.javacv.FrameGrabber$Exception: avformat_open_input() error -1094995529: Could not open input "rtsp://admin:lbx123456@192.168.0.3:554". (Has setFormat() been called?)
	at java.util.concurrent.FutureTask.report(FutureTask.java:122)
	at java.util.concurrent.FutureTask.get(FutureTask.java:192)
	at com.shark.aio.base.controller.InitFFmpeg.monitorFfmpegProcess(InitFFmpeg.java:106)
	at com.shark.aio.base.controller.InitFFmpeg$$FastClassBySpringCGLIB$$6f28da27.invoke(<generated>)
	at org.springframework.cglib.proxy.MethodProxy.invoke(MethodProxy.java:218)
	at org.springframework.aop.framework.CglibAopProxy$CglibMethodInvocation.invokeJoinpoint(CglibAopProxy.java:793)
	at org.springframework.aop.framework.ReflectiveMethodInvocation.proceed(ReflectiveMethodInvocation.java:163)
	at org.springframework.aop.framework.CglibAopProxy$CglibMethodInvocation.proceed(CglibAopProxy.java:763)
	at org.springframework.aop.framework.adapter.MethodBeforeAdviceInterceptor.invoke(MethodBeforeAdviceInterceptor.java:58)
	at org.springframework.aop.framework.ReflectiveMethodInvocation.proceed(ReflectiveMethodInvocation.java:186)
	at org.springframework.aop.framework.CglibAopProxy$CglibMethodInvocation.proceed(CglibAopProxy.java:763)
	at org.springframework.aop.interceptor.ExposeInvocationInterceptor.invoke(ExposeInvocationInterceptor.java:97)
	at org.springframework.aop.framework.ReflectiveMethodInvocation.proceed(ReflectiveMethodInvocation.java:186)
	at org.springframework.aop.framework.CglibAopProxy$CglibMethodInvocation.proceed(CglibAopProxy.java:763)
	at org.springframework.aop.framework.CglibAopProxy$DynamicAdvisedInterceptor.intercept(CglibAopProxy.java:708)
	at com.shark.aio.base.controller.InitFFmpeg$$EnhancerBySpringCGLIB$$97e3e443.monitorFfmpegProcess(<generated>)
	at sun.reflect.NativeMethodAccessorImpl.invoke0(Native Method)
	at sun.reflect.NativeMethodAccessorImpl.invoke(NativeMethodAccessorImpl.java:62)
	at sun.reflect.DelegatingMethodAccessorImpl.invoke(DelegatingMethodAccessorImpl.java:43)
	at java.lang.reflect.Method.invoke(Method.java:498)
	at org.springframework.scheduling.support.ScheduledMethodRunnable.run(ScheduledMethodRunnable.java:84)
	at org.springframework.scheduling.support.DelegatingErrorHandlingRunnable.run(DelegatingErrorHandlingRunnable.java:54)
	at org.springframework.scheduling.concurrent.ReschedulingRunnable.run(ReschedulingRunnable.java:95)
	at java.util.concurrent.Executors$RunnableAdapter.call(Executors.java:511)
	at java.util.concurrent.FutureTask.run(FutureTask.java:266)
	at java.util.concurrent.ScheduledThreadPoolExecutor$ScheduledFutureTask.access$201(ScheduledThreadPoolExecutor.java:180)
	at java.util.concurrent.ScheduledThreadPoolExecutor$ScheduledFutureTask.run(ScheduledThreadPoolExecutor.java:293)
	at java.util.concurrent.ThreadPoolExecutor.runWorker(ThreadPoolExecutor.java:1149)
	at java.util.concurrent.ThreadPoolExecutor$Worker.run(ThreadPoolExecutor.java:624)
	at java.lang.Thread.run(Thread.java:750)
Caused by: org.bytedeco.javacv.FrameGrabber$Exception: avformat_open_input() error -1094995529: Could not open input "rtsp://admin:lbx123456@192.168.0.3:554". (Has setFormat() been called?)
	at org.bytedeco.javacv.FFmpegFrameGrabber.startUnsafe(FFmpegFrameGrabber.java:876)
	at org.bytedeco.javacv.FFmpegFrameGrabber.start(FFmpegFrameGrabber.java:801)
	at org.bytedeco.javacv.FFmpegFrameGrabber.start(FFmpegFrameGrabber.java:796)
	at com.shark.aio.data.video.service.ImageRecorderService.run(ImageRecorderService.java:107)
	at java.util.concurrent.Executors$RunnableAdapter.call(Executors.java:511)
	at java.util.concurrent.FutureTask.run(FutureTask.java:266)
	... 3 common frames omitted
2024-08-28 16:50:40.016 [,] [scheduling-1] ERROR o.s.s.s.TaskUtils$LoggingErrorHandler - [handleError,95] - Unexpected error occurred in scheduled task
java.util.concurrent.ExecutionException: org.bytedeco.javacv.FrameGrabber$Exception: avformat_open_input() error -1094995529: Could not open input "rtsp://admin:lbx123456@192.168.0.3:554". (Has setFormat() been called?)
	at java.util.concurrent.FutureTask.report(FutureTask.java:122)
	at java.util.concurrent.FutureTask.get(FutureTask.java:192)
	at com.shark.aio.base.controller.InitFFmpeg.monitorFfmpegProcess(InitFFmpeg.java:106)
	at com.shark.aio.base.controller.InitFFmpeg$$FastClassBySpringCGLIB$$6f28da27.invoke(<generated>)
	at org.springframework.cglib.proxy.MethodProxy.invoke(MethodProxy.java:218)
	at org.springframework.aop.framework.CglibAopProxy$CglibMethodInvocation.invokeJoinpoint(CglibAopProxy.java:793)
	at org.springframework.aop.framework.ReflectiveMethodInvocation.proceed(ReflectiveMethodInvocation.java:163)
	at org.springframework.aop.framework.CglibAopProxy$CglibMethodInvocation.proceed(CglibAopProxy.java:763)
	at org.springframework.aop.framework.adapter.MethodBeforeAdviceInterceptor.invoke(MethodBeforeAdviceInterceptor.java:58)
	at org.springframework.aop.framework.ReflectiveMethodInvocation.proceed(ReflectiveMethodInvocation.java:186)
	at org.springframework.aop.framework.CglibAopProxy$CglibMethodInvocation.proceed(CglibAopProxy.java:763)
	at org.springframework.aop.interceptor.ExposeInvocationInterceptor.invoke(ExposeInvocationInterceptor.java:97)
	at org.springframework.aop.framework.ReflectiveMethodInvocation.proceed(ReflectiveMethodInvocation.java:186)
	at org.springframework.aop.framework.CglibAopProxy$CglibMethodInvocation.proceed(CglibAopProxy.java:763)
	at org.springframework.aop.framework.CglibAopProxy$DynamicAdvisedInterceptor.intercept(CglibAopProxy.java:708)
	at com.shark.aio.base.controller.InitFFmpeg$$EnhancerBySpringCGLIB$$97e3e443.monitorFfmpegProcess(<generated>)
	at sun.reflect.NativeMethodAccessorImpl.invoke0(Native Method)
	at sun.reflect.NativeMethodAccessorImpl.invoke(NativeMethodAccessorImpl.java:62)
	at sun.reflect.DelegatingMethodAccessorImpl.invoke(DelegatingMethodAccessorImpl.java:43)
	at java.lang.reflect.Method.invoke(Method.java:498)
	at org.springframework.scheduling.support.ScheduledMethodRunnable.run(ScheduledMethodRunnable.java:84)
	at org.springframework.scheduling.support.DelegatingErrorHandlingRunnable.run(DelegatingErrorHandlingRunnable.java:54)
	at org.springframework.scheduling.concurrent.ReschedulingRunnable.run(ReschedulingRunnable.java:95)
	at java.util.concurrent.Executors$RunnableAdapter.call(Executors.java:511)
	at java.util.concurrent.FutureTask.run(FutureTask.java:266)
	at java.util.concurrent.ScheduledThreadPoolExecutor$ScheduledFutureTask.access$201(ScheduledThreadPoolExecutor.java:180)
	at java.util.concurrent.ScheduledThreadPoolExecutor$ScheduledFutureTask.run(ScheduledThreadPoolExecutor.java:293)
	at java.util.concurrent.ThreadPoolExecutor.runWorker(ThreadPoolExecutor.java:1149)
	at java.util.concurrent.ThreadPoolExecutor$Worker.run(ThreadPoolExecutor.java:624)
	at java.lang.Thread.run(Thread.java:750)
Caused by: org.bytedeco.javacv.FrameGrabber$Exception: avformat_open_input() error -1094995529: Could not open input "rtsp://admin:lbx123456@192.168.0.3:554". (Has setFormat() been called?)
	at org.bytedeco.javacv.FFmpegFrameGrabber.startUnsafe(FFmpegFrameGrabber.java:876)
	at org.bytedeco.javacv.FFmpegFrameGrabber.start(FFmpegFrameGrabber.java:801)
	at org.bytedeco.javacv.FFmpegFrameGrabber.start(FFmpegFrameGrabber.java:796)
	at com.shark.aio.data.video.service.ImageRecorderService.run(ImageRecorderService.java:107)
	at java.util.concurrent.Executors$RunnableAdapter.call(Executors.java:511)
	at java.util.concurrent.FutureTask.run(FutureTask.java:266)
	... 3 common frames omitted
2024-08-28 16:50:50.006 [,] [scheduling-1] ERROR o.s.s.s.TaskUtils$LoggingErrorHandler - [handleError,95] - Unexpected error occurred in scheduled task
java.util.concurrent.ExecutionException: org.bytedeco.javacv.FrameGrabber$Exception: avformat_open_input() error -1094995529: Could not open input "rtsp://admin:lbx123456@192.168.0.3:554". (Has setFormat() been called?)
	at java.util.concurrent.FutureTask.report(FutureTask.java:122)
	at java.util.concurrent.FutureTask.get(FutureTask.java:192)
	at com.shark.aio.base.controller.InitFFmpeg.monitorFfmpegProcess(InitFFmpeg.java:106)
	at com.shark.aio.base.controller.InitFFmpeg$$FastClassBySpringCGLIB$$6f28da27.invoke(<generated>)
	at org.springframework.cglib.proxy.MethodProxy.invoke(MethodProxy.java:218)
	at org.springframework.aop.framework.CglibAopProxy$CglibMethodInvocation.invokeJoinpoint(CglibAopProxy.java:793)
	at org.springframework.aop.framework.ReflectiveMethodInvocation.proceed(ReflectiveMethodInvocation.java:163)
	at org.springframework.aop.framework.CglibAopProxy$CglibMethodInvocation.proceed(CglibAopProxy.java:763)
	at org.springframework.aop.framework.adapter.MethodBeforeAdviceInterceptor.invoke(MethodBeforeAdviceInterceptor.java:58)
	at org.springframework.aop.framework.ReflectiveMethodInvocation.proceed(ReflectiveMethodInvocation.java:186)
	at org.springframework.aop.framework.CglibAopProxy$CglibMethodInvocation.proceed(CglibAopProxy.java:763)
	at org.springframework.aop.interceptor.ExposeInvocationInterceptor.invoke(ExposeInvocationInterceptor.java:97)
	at org.springframework.aop.framework.ReflectiveMethodInvocation.proceed(ReflectiveMethodInvocation.java:186)
	at org.springframework.aop.framework.CglibAopProxy$CglibMethodInvocation.proceed(CglibAopProxy.java:763)
	at org.springframework.aop.framework.CglibAopProxy$DynamicAdvisedInterceptor.intercept(CglibAopProxy.java:708)
	at com.shark.aio.base.controller.InitFFmpeg$$EnhancerBySpringCGLIB$$97e3e443.monitorFfmpegProcess(<generated>)
	at sun.reflect.GeneratedMethodAccessor81.invoke(Unknown Source)
	at sun.reflect.DelegatingMethodAccessorImpl.invoke(DelegatingMethodAccessorImpl.java:43)
	at java.lang.reflect.Method.invoke(Method.java:498)
	at org.springframework.scheduling.support.ScheduledMethodRunnable.run(ScheduledMethodRunnable.java:84)
	at org.springframework.scheduling.support.DelegatingErrorHandlingRunnable.run(DelegatingErrorHandlingRunnable.java:54)
	at org.springframework.scheduling.concurrent.ReschedulingRunnable.run(ReschedulingRunnable.java:95)
	at java.util.concurrent.Executors$RunnableAdapter.call(Executors.java:511)
	at java.util.concurrent.FutureTask.run(FutureTask.java:266)
	at java.util.concurrent.ScheduledThreadPoolExecutor$ScheduledFutureTask.access$201(ScheduledThreadPoolExecutor.java:180)
	at java.util.concurrent.ScheduledThreadPoolExecutor$ScheduledFutureTask.run(ScheduledThreadPoolExecutor.java:293)
	at java.util.concurrent.ThreadPoolExecutor.runWorker(ThreadPoolExecutor.java:1149)
	at java.util.concurrent.ThreadPoolExecutor$Worker.run(ThreadPoolExecutor.java:624)
	at java.lang.Thread.run(Thread.java:750)
Caused by: org.bytedeco.javacv.FrameGrabber$Exception: avformat_open_input() error -1094995529: Could not open input "rtsp://admin:lbx123456@192.168.0.3:554". (Has setFormat() been called?)
	at org.bytedeco.javacv.FFmpegFrameGrabber.startUnsafe(FFmpegFrameGrabber.java:876)
	at org.bytedeco.javacv.FFmpegFrameGrabber.start(FFmpegFrameGrabber.java:801)
	at org.bytedeco.javacv.FFmpegFrameGrabber.start(FFmpegFrameGrabber.java:796)
	at com.shark.aio.data.video.service.ImageRecorderService.run(ImageRecorderService.java:107)
	at java.util.concurrent.Executors$RunnableAdapter.call(Executors.java:511)
	at java.util.concurrent.FutureTask.run(FutureTask.java:266)
	... 3 common frames omitted
2024-08-28 16:51:00.002 [,] [scheduling-1] ERROR o.s.s.s.TaskUtils$LoggingErrorHandler - [handleError,95] - Unexpected error occurred in scheduled task
java.util.concurrent.ExecutionException: org.bytedeco.javacv.FrameGrabber$Exception: avformat_open_input() error -1094995529: Could not open input "rtsp://admin:lbx123456@192.168.0.3:554". (Has setFormat() been called?)
	at java.util.concurrent.FutureTask.report(FutureTask.java:122)
	at java.util.concurrent.FutureTask.get(FutureTask.java:192)
	at com.shark.aio.base.controller.InitFFmpeg.monitorFfmpegProcess(InitFFmpeg.java:106)
	at com.shark.aio.base.controller.InitFFmpeg$$FastClassBySpringCGLIB$$6f28da27.invoke(<generated>)
	at org.springframework.cglib.proxy.MethodProxy.invoke(MethodProxy.java:218)
	at org.springframework.aop.framework.CglibAopProxy$CglibMethodInvocation.invokeJoinpoint(CglibAopProxy.java:793)
	at org.springframework.aop.framework.ReflectiveMethodInvocation.proceed(ReflectiveMethodInvocation.java:163)
	at org.springframework.aop.framework.CglibAopProxy$CglibMethodInvocation.proceed(CglibAopProxy.java:763)
	at org.springframework.aop.framework.adapter.MethodBeforeAdviceInterceptor.invoke(MethodBeforeAdviceInterceptor.java:58)
	at org.springframework.aop.framework.ReflectiveMethodInvocation.proceed(ReflectiveMethodInvocation.java:186)
	at org.springframework.aop.framework.CglibAopProxy$CglibMethodInvocation.proceed(CglibAopProxy.java:763)
	at org.springframework.aop.interceptor.ExposeInvocationInterceptor.invoke(ExposeInvocationInterceptor.java:97)
	at org.springframework.aop.framework.ReflectiveMethodInvocation.proceed(ReflectiveMethodInvocation.java:186)
	at org.springframework.aop.framework.CglibAopProxy$CglibMethodInvocation.proceed(CglibAopProxy.java:763)
	at org.springframework.aop.framework.CglibAopProxy$DynamicAdvisedInterceptor.intercept(CglibAopProxy.java:708)
	at com.shark.aio.base.controller.InitFFmpeg$$EnhancerBySpringCGLIB$$97e3e443.monitorFfmpegProcess(<generated>)
	at sun.reflect.GeneratedMethodAccessor81.invoke(Unknown Source)
	at sun.reflect.DelegatingMethodAccessorImpl.invoke(DelegatingMethodAccessorImpl.java:43)
	at java.lang.reflect.Method.invoke(Method.java:498)
	at org.springframework.scheduling.support.ScheduledMethodRunnable.run(ScheduledMethodRunnable.java:84)
	at org.springframework.scheduling.support.DelegatingErrorHandlingRunnable.run(DelegatingErrorHandlingRunnable.java:54)
	at org.springframework.scheduling.concurrent.ReschedulingRunnable.run(ReschedulingRunnable.java:95)
	at java.util.concurrent.Executors$RunnableAdapter.call(Executors.java:511)
	at java.util.concurrent.FutureTask.run(FutureTask.java:266)
	at java.util.concurrent.ScheduledThreadPoolExecutor$ScheduledFutureTask.access$201(ScheduledThreadPoolExecutor.java:180)
	at java.util.concurrent.ScheduledThreadPoolExecutor$ScheduledFutureTask.run(ScheduledThreadPoolExecutor.java:293)
	at java.util.concurrent.ThreadPoolExecutor.runWorker(ThreadPoolExecutor.java:1149)
	at java.util.concurrent.ThreadPoolExecutor$Worker.run(ThreadPoolExecutor.java:624)
	at java.lang.Thread.run(Thread.java:750)
Caused by: org.bytedeco.javacv.FrameGrabber$Exception: avformat_open_input() error -1094995529: Could not open input "rtsp://admin:lbx123456@192.168.0.3:554". (Has setFormat() been called?)
	at org.bytedeco.javacv.FFmpegFrameGrabber.startUnsafe(FFmpegFrameGrabber.java:876)
	at org.bytedeco.javacv.FFmpegFrameGrabber.start(FFmpegFrameGrabber.java:801)
	at org.bytedeco.javacv.FFmpegFrameGrabber.start(FFmpegFrameGrabber.java:796)
	at com.shark.aio.data.video.service.ImageRecorderService.run(ImageRecorderService.java:107)
	at java.util.concurrent.Executors$RunnableAdapter.call(Executors.java:511)
	at java.util.concurrent.FutureTask.run(FutureTask.java:266)
	... 3 common frames omitted
2024-08-28 16:51:10.013 [,] [scheduling-1] ERROR o.s.s.s.TaskUtils$LoggingErrorHandler - [handleError,95] - Unexpected error occurred in scheduled task
java.util.concurrent.ExecutionException: org.bytedeco.javacv.FrameGrabber$Exception: avformat_open_input() error -1094995529: Could not open input "rtsp://admin:lbx123456@192.168.0.3:554". (Has setFormat() been called?)
	at java.util.concurrent.FutureTask.report(FutureTask.java:122)
	at java.util.concurrent.FutureTask.get(FutureTask.java:192)
	at com.shark.aio.base.controller.InitFFmpeg.monitorFfmpegProcess(InitFFmpeg.java:106)
	at com.shark.aio.base.controller.InitFFmpeg$$FastClassBySpringCGLIB$$6f28da27.invoke(<generated>)
	at org.springframework.cglib.proxy.MethodProxy.invoke(MethodProxy.java:218)
	at org.springframework.aop.framework.CglibAopProxy$CglibMethodInvocation.invokeJoinpoint(CglibAopProxy.java:793)
	at org.springframework.aop.framework.ReflectiveMethodInvocation.proceed(ReflectiveMethodInvocation.java:163)
	at org.springframework.aop.framework.CglibAopProxy$CglibMethodInvocation.proceed(CglibAopProxy.java:763)
	at org.springframework.aop.framework.adapter.MethodBeforeAdviceInterceptor.invoke(MethodBeforeAdviceInterceptor.java:58)
	at org.springframework.aop.framework.ReflectiveMethodInvocation.proceed(ReflectiveMethodInvocation.java:186)
	at org.springframework.aop.framework.CglibAopProxy$CglibMethodInvocation.proceed(CglibAopProxy.java:763)
	at org.springframework.aop.interceptor.ExposeInvocationInterceptor.invoke(ExposeInvocationInterceptor.java:97)
	at org.springframework.aop.framework.ReflectiveMethodInvocation.proceed(ReflectiveMethodInvocation.java:186)
	at org.springframework.aop.framework.CglibAopProxy$CglibMethodInvocation.proceed(CglibAopProxy.java:763)
	at org.springframework.aop.framework.CglibAopProxy$DynamicAdvisedInterceptor.intercept(CglibAopProxy.java:708)
	at com.shark.aio.base.controller.InitFFmpeg$$EnhancerBySpringCGLIB$$97e3e443.monitorFfmpegProcess(<generated>)
	at sun.reflect.GeneratedMethodAccessor81.invoke(Unknown Source)
	at sun.reflect.DelegatingMethodAccessorImpl.invoke(DelegatingMethodAccessorImpl.java:43)
	at java.lang.reflect.Method.invoke(Method.java:498)
	at org.springframework.scheduling.support.ScheduledMethodRunnable.run(ScheduledMethodRunnable.java:84)
	at org.springframework.scheduling.support.DelegatingErrorHandlingRunnable.run(DelegatingErrorHandlingRunnable.java:54)
	at org.springframework.scheduling.concurrent.ReschedulingRunnable.run(ReschedulingRunnable.java:95)
	at java.util.concurrent.Executors$RunnableAdapter.call(Executors.java:511)
	at java.util.concurrent.FutureTask.run(FutureTask.java:266)
	at java.util.concurrent.ScheduledThreadPoolExecutor$ScheduledFutureTask.access$201(ScheduledThreadPoolExecutor.java:180)
	at java.util.concurrent.ScheduledThreadPoolExecutor$ScheduledFutureTask.run(ScheduledThreadPoolExecutor.java:293)
	at java.util.concurrent.ThreadPoolExecutor.runWorker(ThreadPoolExecutor.java:1149)
	at java.util.concurrent.ThreadPoolExecutor$Worker.run(ThreadPoolExecutor.java:624)
	at java.lang.Thread.run(Thread.java:750)
Caused by: org.bytedeco.javacv.FrameGrabber$Exception: avformat_open_input() error -1094995529: Could not open input "rtsp://admin:lbx123456@192.168.0.3:554". (Has setFormat() been called?)
	at org.bytedeco.javacv.FFmpegFrameGrabber.startUnsafe(FFmpegFrameGrabber.java:876)
	at org.bytedeco.javacv.FFmpegFrameGrabber.start(FFmpegFrameGrabber.java:801)
	at org.bytedeco.javacv.FFmpegFrameGrabber.start(FFmpegFrameGrabber.java:796)
	at com.shark.aio.data.video.service.ImageRecorderService.run(ImageRecorderService.java:107)
	at java.util.concurrent.Executors$RunnableAdapter.call(Executors.java:511)
	at java.util.concurrent.FutureTask.run(FutureTask.java:266)
	... 3 common frames omitted
2024-08-28 16:51:20.008 [,] [scheduling-1] ERROR o.s.s.s.TaskUtils$LoggingErrorHandler - [handleError,95] - Unexpected error occurred in scheduled task
java.util.concurrent.ExecutionException: org.bytedeco.javacv.FrameGrabber$Exception: avformat_open_input() error -1094995529: Could not open input "rtsp://admin:lbx123456@192.168.0.3:554". (Has setFormat() been called?)
	at java.util.concurrent.FutureTask.report(FutureTask.java:122)
	at java.util.concurrent.FutureTask.get(FutureTask.java:192)
	at com.shark.aio.base.controller.InitFFmpeg.monitorFfmpegProcess(InitFFmpeg.java:106)
	at com.shark.aio.base.controller.InitFFmpeg$$FastClassBySpringCGLIB$$6f28da27.invoke(<generated>)
	at org.springframework.cglib.proxy.MethodProxy.invoke(MethodProxy.java:218)
	at org.springframework.aop.framework.CglibAopProxy$CglibMethodInvocation.invokeJoinpoint(CglibAopProxy.java:793)
	at org.springframework.aop.framework.ReflectiveMethodInvocation.proceed(ReflectiveMethodInvocation.java:163)
	at org.springframework.aop.framework.CglibAopProxy$CglibMethodInvocation.proceed(CglibAopProxy.java:763)
	at org.springframework.aop.framework.adapter.MethodBeforeAdviceInterceptor.invoke(MethodBeforeAdviceInterceptor.java:58)
	at org.springframework.aop.framework.ReflectiveMethodInvocation.proceed(ReflectiveMethodInvocation.java:186)
	at org.springframework.aop.framework.CglibAopProxy$CglibMethodInvocation.proceed(CglibAopProxy.java:763)
	at org.springframework.aop.interceptor.ExposeInvocationInterceptor.invoke(ExposeInvocationInterceptor.java:97)
	at org.springframework.aop.framework.ReflectiveMethodInvocation.proceed(ReflectiveMethodInvocation.java:186)
	at org.springframework.aop.framework.CglibAopProxy$CglibMethodInvocation.proceed(CglibAopProxy.java:763)
	at org.springframework.aop.framework.CglibAopProxy$DynamicAdvisedInterceptor.intercept(CglibAopProxy.java:708)
	at com.shark.aio.base.controller.InitFFmpeg$$EnhancerBySpringCGLIB$$97e3e443.monitorFfmpegProcess(<generated>)
	at sun.reflect.GeneratedMethodAccessor81.invoke(Unknown Source)
	at sun.reflect.DelegatingMethodAccessorImpl.invoke(DelegatingMethodAccessorImpl.java:43)
	at java.lang.reflect.Method.invoke(Method.java:498)
	at org.springframework.scheduling.support.ScheduledMethodRunnable.run(ScheduledMethodRunnable.java:84)
	at org.springframework.scheduling.support.DelegatingErrorHandlingRunnable.run(DelegatingErrorHandlingRunnable.java:54)
	at org.springframework.scheduling.concurrent.ReschedulingRunnable.run(ReschedulingRunnable.java:95)
	at java.util.concurrent.Executors$RunnableAdapter.call(Executors.java:511)
	at java.util.concurrent.FutureTask.run(FutureTask.java:266)
	at java.util.concurrent.ScheduledThreadPoolExecutor$ScheduledFutureTask.access$201(ScheduledThreadPoolExecutor.java:180)
	at java.util.concurrent.ScheduledThreadPoolExecutor$ScheduledFutureTask.run(ScheduledThreadPoolExecutor.java:293)
	at java.util.concurrent.ThreadPoolExecutor.runWorker(ThreadPoolExecutor.java:1149)
	at java.util.concurrent.ThreadPoolExecutor$Worker.run(ThreadPoolExecutor.java:624)
	at java.lang.Thread.run(Thread.java:750)
Caused by: org.bytedeco.javacv.FrameGrabber$Exception: avformat_open_input() error -1094995529: Could not open input "rtsp://admin:lbx123456@192.168.0.3:554". (Has setFormat() been called?)
	at org.bytedeco.javacv.FFmpegFrameGrabber.startUnsafe(FFmpegFrameGrabber.java:876)
	at org.bytedeco.javacv.FFmpegFrameGrabber.start(FFmpegFrameGrabber.java:801)
	at org.bytedeco.javacv.FFmpegFrameGrabber.start(FFmpegFrameGrabber.java:796)
	at com.shark.aio.data.video.service.ImageRecorderService.run(ImageRecorderService.java:107)
	at java.util.concurrent.Executors$RunnableAdapter.call(Executors.java:511)
	at java.util.concurrent.FutureTask.run(FutureTask.java:266)
	... 3 common frames omitted
2024-08-28 16:51:30.003 [,] [scheduling-1] ERROR o.s.s.s.TaskUtils$LoggingErrorHandler - [handleError,95] - Unexpected error occurred in scheduled task
java.util.concurrent.ExecutionException: org.bytedeco.javacv.FrameGrabber$Exception: avformat_open_input() error -1094995529: Could not open input "rtsp://admin:lbx123456@192.168.0.3:554". (Has setFormat() been called?)
	at java.util.concurrent.FutureTask.report(FutureTask.java:122)
	at java.util.concurrent.FutureTask.get(FutureTask.java:192)
	at com.shark.aio.base.controller.InitFFmpeg.monitorFfmpegProcess(InitFFmpeg.java:106)
	at com.shark.aio.base.controller.InitFFmpeg$$FastClassBySpringCGLIB$$6f28da27.invoke(<generated>)
	at org.springframework.cglib.proxy.MethodProxy.invoke(MethodProxy.java:218)
	at org.springframework.aop.framework.CglibAopProxy$CglibMethodInvocation.invokeJoinpoint(CglibAopProxy.java:793)
	at org.springframework.aop.framework.ReflectiveMethodInvocation.proceed(ReflectiveMethodInvocation.java:163)
	at org.springframework.aop.framework.CglibAopProxy$CglibMethodInvocation.proceed(CglibAopProxy.java:763)
	at org.springframework.aop.framework.adapter.MethodBeforeAdviceInterceptor.invoke(MethodBeforeAdviceInterceptor.java:58)
	at org.springframework.aop.framework.ReflectiveMethodInvocation.proceed(ReflectiveMethodInvocation.java:186)
	at org.springframework.aop.framework.CglibAopProxy$CglibMethodInvocation.proceed(CglibAopProxy.java:763)
	at org.springframework.aop.interceptor.ExposeInvocationInterceptor.invoke(ExposeInvocationInterceptor.java:97)
	at org.springframework.aop.framework.ReflectiveMethodInvocation.proceed(ReflectiveMethodInvocation.java:186)
	at org.springframework.aop.framework.CglibAopProxy$CglibMethodInvocation.proceed(CglibAopProxy.java:763)
	at org.springframework.aop.framework.CglibAopProxy$DynamicAdvisedInterceptor.intercept(CglibAopProxy.java:708)
	at com.shark.aio.base.controller.InitFFmpeg$$EnhancerBySpringCGLIB$$97e3e443.monitorFfmpegProcess(<generated>)
	at sun.reflect.GeneratedMethodAccessor81.invoke(Unknown Source)
	at sun.reflect.DelegatingMethodAccessorImpl.invoke(DelegatingMethodAccessorImpl.java:43)
	at java.lang.reflect.Method.invoke(Method.java:498)
	at org.springframework.scheduling.support.ScheduledMethodRunnable.run(ScheduledMethodRunnable.java:84)
	at org.springframework.scheduling.support.DelegatingErrorHandlingRunnable.run(DelegatingErrorHandlingRunnable.java:54)
	at org.springframework.scheduling.concurrent.ReschedulingRunnable.run(ReschedulingRunnable.java:95)
	at java.util.concurrent.Executors$RunnableAdapter.call(Executors.java:511)
	at java.util.concurrent.FutureTask.run(FutureTask.java:266)
	at java.util.concurrent.ScheduledThreadPoolExecutor$ScheduledFutureTask.access$201(ScheduledThreadPoolExecutor.java:180)
	at java.util.concurrent.ScheduledThreadPoolExecutor$ScheduledFutureTask.run(ScheduledThreadPoolExecutor.java:293)
	at java.util.concurrent.ThreadPoolExecutor.runWorker(ThreadPoolExecutor.java:1149)
	at java.util.concurrent.ThreadPoolExecutor$Worker.run(ThreadPoolExecutor.java:624)
	at java.lang.Thread.run(Thread.java:750)
Caused by: org.bytedeco.javacv.FrameGrabber$Exception: avformat_open_input() error -1094995529: Could not open input "rtsp://admin:lbx123456@192.168.0.3:554". (Has setFormat() been called?)
	at org.bytedeco.javacv.FFmpegFrameGrabber.startUnsafe(FFmpegFrameGrabber.java:876)
	at org.bytedeco.javacv.FFmpegFrameGrabber.start(FFmpegFrameGrabber.java:801)
	at org.bytedeco.javacv.FFmpegFrameGrabber.start(FFmpegFrameGrabber.java:796)
	at com.shark.aio.data.video.service.ImageRecorderService.run(ImageRecorderService.java:107)
	at java.util.concurrent.Executors$RunnableAdapter.call(Executors.java:511)
	at java.util.concurrent.FutureTask.run(FutureTask.java:266)
	... 3 common frames omitted
2024-08-28 16:51:40.013 [,] [scheduling-1] ERROR o.s.s.s.TaskUtils$LoggingErrorHandler - [handleError,95] - Unexpected error occurred in scheduled task
java.util.concurrent.ExecutionException: org.bytedeco.javacv.FrameGrabber$Exception: avformat_open_input() error -1094995529: Could not open input "rtsp://admin:lbx123456@192.168.0.3:554". (Has setFormat() been called?)
	at java.util.concurrent.FutureTask.report(FutureTask.java:122)
	at java.util.concurrent.FutureTask.get(FutureTask.java:192)
	at com.shark.aio.base.controller.InitFFmpeg.monitorFfmpegProcess(InitFFmpeg.java:106)
	at com.shark.aio.base.controller.InitFFmpeg$$FastClassBySpringCGLIB$$6f28da27.invoke(<generated>)
	at org.springframework.cglib.proxy.MethodProxy.invoke(MethodProxy.java:218)
	at org.springframework.aop.framework.CglibAopProxy$CglibMethodInvocation.invokeJoinpoint(CglibAopProxy.java:793)
	at org.springframework.aop.framework.ReflectiveMethodInvocation.proceed(ReflectiveMethodInvocation.java:163)
	at org.springframework.aop.framework.CglibAopProxy$CglibMethodInvocation.proceed(CglibAopProxy.java:763)
	at org.springframework.aop.framework.adapter.MethodBeforeAdviceInterceptor.invoke(MethodBeforeAdviceInterceptor.java:58)
	at org.springframework.aop.framework.ReflectiveMethodInvocation.proceed(ReflectiveMethodInvocation.java:186)
	at org.springframework.aop.framework.CglibAopProxy$CglibMethodInvocation.proceed(CglibAopProxy.java:763)
	at org.springframework.aop.interceptor.ExposeInvocationInterceptor.invoke(ExposeInvocationInterceptor.java:97)
	at org.springframework.aop.framework.ReflectiveMethodInvocation.proceed(ReflectiveMethodInvocation.java:186)
	at org.springframework.aop.framework.CglibAopProxy$CglibMethodInvocation.proceed(CglibAopProxy.java:763)
	at org.springframework.aop.framework.CglibAopProxy$DynamicAdvisedInterceptor.intercept(CglibAopProxy.java:708)
	at com.shark.aio.base.controller.InitFFmpeg$$EnhancerBySpringCGLIB$$97e3e443.monitorFfmpegProcess(<generated>)
	at sun.reflect.GeneratedMethodAccessor81.invoke(Unknown Source)
	at sun.reflect.DelegatingMethodAccessorImpl.invoke(DelegatingMethodAccessorImpl.java:43)
	at java.lang.reflect.Method.invoke(Method.java:498)
	at org.springframework.scheduling.support.ScheduledMethodRunnable.run(ScheduledMethodRunnable.java:84)
	at org.springframework.scheduling.support.DelegatingErrorHandlingRunnable.run(DelegatingErrorHandlingRunnable.java:54)
	at org.springframework.scheduling.concurrent.ReschedulingRunnable.run(ReschedulingRunnable.java:95)
	at java.util.concurrent.Executors$RunnableAdapter.call(Executors.java:511)
	at java.util.concurrent.FutureTask.run(FutureTask.java:266)
	at java.util.concurrent.ScheduledThreadPoolExecutor$ScheduledFutureTask.access$201(ScheduledThreadPoolExecutor.java:180)
	at java.util.concurrent.ScheduledThreadPoolExecutor$ScheduledFutureTask.run(ScheduledThreadPoolExecutor.java:293)
	at java.util.concurrent.ThreadPoolExecutor.runWorker(ThreadPoolExecutor.java:1149)
	at java.util.concurrent.ThreadPoolExecutor$Worker.run(ThreadPoolExecutor.java:624)
	at java.lang.Thread.run(Thread.java:750)
Caused by: org.bytedeco.javacv.FrameGrabber$Exception: avformat_open_input() error -1094995529: Could not open input "rtsp://admin:lbx123456@192.168.0.3:554". (Has setFormat() been called?)
	at org.bytedeco.javacv.FFmpegFrameGrabber.startUnsafe(FFmpegFrameGrabber.java:876)
	at org.bytedeco.javacv.FFmpegFrameGrabber.start(FFmpegFrameGrabber.java:801)
	at org.bytedeco.javacv.FFmpegFrameGrabber.start(FFmpegFrameGrabber.java:796)
	at com.shark.aio.data.video.service.ImageRecorderService.run(ImageRecorderService.java:107)
	at java.util.concurrent.Executors$RunnableAdapter.call(Executors.java:511)
	at java.util.concurrent.FutureTask.run(FutureTask.java:266)
	... 3 common frames omitted
2024-08-28 16:51:50.012 [,] [scheduling-1] ERROR o.s.s.s.TaskUtils$LoggingErrorHandler - [handleError,95] - Unexpected error occurred in scheduled task
java.util.concurrent.ExecutionException: org.bytedeco.javacv.FrameGrabber$Exception: avformat_open_input() error -1094995529: Could not open input "rtsp://admin:lbx123456@192.168.0.3:554". (Has setFormat() been called?)
	at java.util.concurrent.FutureTask.report(FutureTask.java:122)
	at java.util.concurrent.FutureTask.get(FutureTask.java:192)
	at com.shark.aio.base.controller.InitFFmpeg.monitorFfmpegProcess(InitFFmpeg.java:106)
	at com.shark.aio.base.controller.InitFFmpeg$$FastClassBySpringCGLIB$$6f28da27.invoke(<generated>)
	at org.springframework.cglib.proxy.MethodProxy.invoke(MethodProxy.java:218)
	at org.springframework.aop.framework.CglibAopProxy$CglibMethodInvocation.invokeJoinpoint(CglibAopProxy.java:793)
	at org.springframework.aop.framework.ReflectiveMethodInvocation.proceed(ReflectiveMethodInvocation.java:163)
	at org.springframework.aop.framework.CglibAopProxy$CglibMethodInvocation.proceed(CglibAopProxy.java:763)
	at org.springframework.aop.framework.adapter.MethodBeforeAdviceInterceptor.invoke(MethodBeforeAdviceInterceptor.java:58)
	at org.springframework.aop.framework.ReflectiveMethodInvocation.proceed(ReflectiveMethodInvocation.java:186)
	at org.springframework.aop.framework.CglibAopProxy$CglibMethodInvocation.proceed(CglibAopProxy.java:763)
	at org.springframework.aop.interceptor.ExposeInvocationInterceptor.invoke(ExposeInvocationInterceptor.java:97)
	at org.springframework.aop.framework.ReflectiveMethodInvocation.proceed(ReflectiveMethodInvocation.java:186)
	at org.springframework.aop.framework.CglibAopProxy$CglibMethodInvocation.proceed(CglibAopProxy.java:763)
	at org.springframework.aop.framework.CglibAopProxy$DynamicAdvisedInterceptor.intercept(CglibAopProxy.java:708)
	at com.shark.aio.base.controller.InitFFmpeg$$EnhancerBySpringCGLIB$$97e3e443.monitorFfmpegProcess(<generated>)
	at sun.reflect.GeneratedMethodAccessor81.invoke(Unknown Source)
	at sun.reflect.DelegatingMethodAccessorImpl.invoke(DelegatingMethodAccessorImpl.java:43)
	at java.lang.reflect.Method.invoke(Method.java:498)
	at org.springframework.scheduling.support.ScheduledMethodRunnable.run(ScheduledMethodRunnable.java:84)
	at org.springframework.scheduling.support.DelegatingErrorHandlingRunnable.run(DelegatingErrorHandlingRunnable.java:54)
	at org.springframework.scheduling.concurrent.ReschedulingRunnable.run(ReschedulingRunnable.java:95)
	at java.util.concurrent.Executors$RunnableAdapter.call(Executors.java:511)
	at java.util.concurrent.FutureTask.run(FutureTask.java:266)
	at java.util.concurrent.ScheduledThreadPoolExecutor$ScheduledFutureTask.access$201(ScheduledThreadPoolExecutor.java:180)
	at java.util.concurrent.ScheduledThreadPoolExecutor$ScheduledFutureTask.run(ScheduledThreadPoolExecutor.java:293)
	at java.util.concurrent.ThreadPoolExecutor.runWorker(ThreadPoolExecutor.java:1149)
	at java.util.concurrent.ThreadPoolExecutor$Worker.run(ThreadPoolExecutor.java:624)
	at java.lang.Thread.run(Thread.java:750)
Caused by: org.bytedeco.javacv.FrameGrabber$Exception: avformat_open_input() error -1094995529: Could not open input "rtsp://admin:lbx123456@192.168.0.3:554". (Has setFormat() been called?)
	at org.bytedeco.javacv.FFmpegFrameGrabber.startUnsafe(FFmpegFrameGrabber.java:876)
	at org.bytedeco.javacv.FFmpegFrameGrabber.start(FFmpegFrameGrabber.java:801)
	at org.bytedeco.javacv.FFmpegFrameGrabber.start(FFmpegFrameGrabber.java:796)
	at com.shark.aio.data.video.service.ImageRecorderService.run(ImageRecorderService.java:107)
	at java.util.concurrent.Executors$RunnableAdapter.call(Executors.java:511)
	at java.util.concurrent.FutureTask.run(FutureTask.java:266)
	... 3 common frames omitted
2024-08-28 16:52:00.006 [,] [scheduling-1] ERROR o.s.s.s.TaskUtils$LoggingErrorHandler - [handleError,95] - Unexpected error occurred in scheduled task
java.util.concurrent.ExecutionException: org.bytedeco.javacv.FrameGrabber$Exception: avformat_open_input() error -1094995529: Could not open input "rtsp://admin:lbx123456@192.168.0.3:554". (Has setFormat() been called?)
	at java.util.concurrent.FutureTask.report(FutureTask.java:122)
	at java.util.concurrent.FutureTask.get(FutureTask.java:192)
	at com.shark.aio.base.controller.InitFFmpeg.monitorFfmpegProcess(InitFFmpeg.java:106)
	at com.shark.aio.base.controller.InitFFmpeg$$FastClassBySpringCGLIB$$6f28da27.invoke(<generated>)
	at org.springframework.cglib.proxy.MethodProxy.invoke(MethodProxy.java:218)
	at org.springframework.aop.framework.CglibAopProxy$CglibMethodInvocation.invokeJoinpoint(CglibAopProxy.java:793)
	at org.springframework.aop.framework.ReflectiveMethodInvocation.proceed(ReflectiveMethodInvocation.java:163)
	at org.springframework.aop.framework.CglibAopProxy$CglibMethodInvocation.proceed(CglibAopProxy.java:763)
	at org.springframework.aop.framework.adapter.MethodBeforeAdviceInterceptor.invoke(MethodBeforeAdviceInterceptor.java:58)
	at org.springframework.aop.framework.ReflectiveMethodInvocation.proceed(ReflectiveMethodInvocation.java:186)
	at org.springframework.aop.framework.CglibAopProxy$CglibMethodInvocation.proceed(CglibAopProxy.java:763)
	at org.springframework.aop.interceptor.ExposeInvocationInterceptor.invoke(ExposeInvocationInterceptor.java:97)
	at org.springframework.aop.framework.ReflectiveMethodInvocation.proceed(ReflectiveMethodInvocation.java:186)
	at org.springframework.aop.framework.CglibAopProxy$CglibMethodInvocation.proceed(CglibAopProxy.java:763)
	at org.springframework.aop.framework.CglibAopProxy$DynamicAdvisedInterceptor.intercept(CglibAopProxy.java:708)
	at com.shark.aio.base.controller.InitFFmpeg$$EnhancerBySpringCGLIB$$97e3e443.monitorFfmpegProcess(<generated>)
	at sun.reflect.GeneratedMethodAccessor81.invoke(Unknown Source)
	at sun.reflect.DelegatingMethodAccessorImpl.invoke(DelegatingMethodAccessorImpl.java:43)
	at java.lang.reflect.Method.invoke(Method.java:498)
	at org.springframework.scheduling.support.ScheduledMethodRunnable.run(ScheduledMethodRunnable.java:84)
	at org.springframework.scheduling.support.DelegatingErrorHandlingRunnable.run(DelegatingErrorHandlingRunnable.java:54)
	at org.springframework.scheduling.concurrent.ReschedulingRunnable.run(ReschedulingRunnable.java:95)
	at java.util.concurrent.Executors$RunnableAdapter.call(Executors.java:511)
	at java.util.concurrent.FutureTask.run(FutureTask.java:266)
	at java.util.concurrent.ScheduledThreadPoolExecutor$ScheduledFutureTask.access$201(ScheduledThreadPoolExecutor.java:180)
	at java.util.concurrent.ScheduledThreadPoolExecutor$ScheduledFutureTask.run(ScheduledThreadPoolExecutor.java:293)
	at java.util.concurrent.ThreadPoolExecutor.runWorker(ThreadPoolExecutor.java:1149)
	at java.util.concurrent.ThreadPoolExecutor$Worker.run(ThreadPoolExecutor.java:624)
	at java.lang.Thread.run(Thread.java:750)
Caused by: org.bytedeco.javacv.FrameGrabber$Exception: avformat_open_input() error -1094995529: Could not open input "rtsp://admin:lbx123456@192.168.0.3:554". (Has setFormat() been called?)
	at org.bytedeco.javacv.FFmpegFrameGrabber.startUnsafe(FFmpegFrameGrabber.java:876)
	at org.bytedeco.javacv.FFmpegFrameGrabber.start(FFmpegFrameGrabber.java:801)
	at org.bytedeco.javacv.FFmpegFrameGrabber.start(FFmpegFrameGrabber.java:796)
	at com.shark.aio.data.video.service.ImageRecorderService.run(ImageRecorderService.java:107)
	at java.util.concurrent.Executors$RunnableAdapter.call(Executors.java:511)
	at java.util.concurrent.FutureTask.run(FutureTask.java:266)
	... 3 common frames omitted
2024-08-28 16:52:10.012 [,] [scheduling-1] ERROR o.s.s.s.TaskUtils$LoggingErrorHandler - [handleError,95] - Unexpected error occurred in scheduled task
java.util.concurrent.ExecutionException: org.bytedeco.javacv.FrameGrabber$Exception: avformat_open_input() error -1094995529: Could not open input "rtsp://admin:lbx123456@192.168.0.3:554". (Has setFormat() been called?)
	at java.util.concurrent.FutureTask.report(FutureTask.java:122)
	at java.util.concurrent.FutureTask.get(FutureTask.java:192)
	at com.shark.aio.base.controller.InitFFmpeg.monitorFfmpegProcess(InitFFmpeg.java:106)
	at com.shark.aio.base.controller.InitFFmpeg$$FastClassBySpringCGLIB$$6f28da27.invoke(<generated>)
	at org.springframework.cglib.proxy.MethodProxy.invoke(MethodProxy.java:218)
	at org.springframework.aop.framework.CglibAopProxy$CglibMethodInvocation.invokeJoinpoint(CglibAopProxy.java:793)
	at org.springframework.aop.framework.ReflectiveMethodInvocation.proceed(ReflectiveMethodInvocation.java:163)
	at org.springframework.aop.framework.CglibAopProxy$CglibMethodInvocation.proceed(CglibAopProxy.java:763)
	at org.springframework.aop.framework.adapter.MethodBeforeAdviceInterceptor.invoke(MethodBeforeAdviceInterceptor.java:58)
	at org.springframework.aop.framework.ReflectiveMethodInvocation.proceed(ReflectiveMethodInvocation.java:186)
	at org.springframework.aop.framework.CglibAopProxy$CglibMethodInvocation.proceed(CglibAopProxy.java:763)
	at org.springframework.aop.interceptor.ExposeInvocationInterceptor.invoke(ExposeInvocationInterceptor.java:97)
	at org.springframework.aop.framework.ReflectiveMethodInvocation.proceed(ReflectiveMethodInvocation.java:186)
	at org.springframework.aop.framework.CglibAopProxy$CglibMethodInvocation.proceed(CglibAopProxy.java:763)
	at org.springframework.aop.framework.CglibAopProxy$DynamicAdvisedInterceptor.intercept(CglibAopProxy.java:708)
	at com.shark.aio.base.controller.InitFFmpeg$$EnhancerBySpringCGLIB$$97e3e443.monitorFfmpegProcess(<generated>)
	at sun.reflect.GeneratedMethodAccessor81.invoke(Unknown Source)
	at sun.reflect.DelegatingMethodAccessorImpl.invoke(DelegatingMethodAccessorImpl.java:43)
	at java.lang.reflect.Method.invoke(Method.java:498)
	at org.springframework.scheduling.support.ScheduledMethodRunnable.run(ScheduledMethodRunnable.java:84)
	at org.springframework.scheduling.support.DelegatingErrorHandlingRunnable.run(DelegatingErrorHandlingRunnable.java:54)
	at org.springframework.scheduling.concurrent.ReschedulingRunnable.run(ReschedulingRunnable.java:95)
	at java.util.concurrent.Executors$RunnableAdapter.call(Executors.java:511)
	at java.util.concurrent.FutureTask.run(FutureTask.java:266)
	at java.util.concurrent.ScheduledThreadPoolExecutor$ScheduledFutureTask.access$201(ScheduledThreadPoolExecutor.java:180)
	at java.util.concurrent.ScheduledThreadPoolExecutor$ScheduledFutureTask.run(ScheduledThreadPoolExecutor.java:293)
	at java.util.concurrent.ThreadPoolExecutor.runWorker(ThreadPoolExecutor.java:1149)
	at java.util.concurrent.ThreadPoolExecutor$Worker.run(ThreadPoolExecutor.java:624)
	at java.lang.Thread.run(Thread.java:750)
Caused by: org.bytedeco.javacv.FrameGrabber$Exception: avformat_open_input() error -1094995529: Could not open input "rtsp://admin:lbx123456@192.168.0.3:554". (Has setFormat() been called?)
	at org.bytedeco.javacv.FFmpegFrameGrabber.startUnsafe(FFmpegFrameGrabber.java:876)
	at org.bytedeco.javacv.FFmpegFrameGrabber.start(FFmpegFrameGrabber.java:801)
	at org.bytedeco.javacv.FFmpegFrameGrabber.start(FFmpegFrameGrabber.java:796)
	at com.shark.aio.data.video.service.ImageRecorderService.run(ImageRecorderService.java:107)
	at java.util.concurrent.Executors$RunnableAdapter.call(Executors.java:511)
	at java.util.concurrent.FutureTask.run(FutureTask.java:266)
	... 3 common frames omitted
2024-08-28 16:52:20.004 [,] [scheduling-1] ERROR o.s.s.s.TaskUtils$LoggingErrorHandler - [handleError,95] - Unexpected error occurred in scheduled task
java.util.concurrent.ExecutionException: org.bytedeco.javacv.FrameGrabber$Exception: avformat_open_input() error -1094995529: Could not open input "rtsp://admin:lbx123456@192.168.0.3:554". (Has setFormat() been called?)
	at java.util.concurrent.FutureTask.report(FutureTask.java:122)
	at java.util.concurrent.FutureTask.get(FutureTask.java:192)
	at com.shark.aio.base.controller.InitFFmpeg.monitorFfmpegProcess(InitFFmpeg.java:106)
	at com.shark.aio.base.controller.InitFFmpeg$$FastClassBySpringCGLIB$$6f28da27.invoke(<generated>)
	at org.springframework.cglib.proxy.MethodProxy.invoke(MethodProxy.java:218)
	at org.springframework.aop.framework.CglibAopProxy$CglibMethodInvocation.invokeJoinpoint(CglibAopProxy.java:793)
	at org.springframework.aop.framework.ReflectiveMethodInvocation.proceed(ReflectiveMethodInvocation.java:163)
	at org.springframework.aop.framework.CglibAopProxy$CglibMethodInvocation.proceed(CglibAopProxy.java:763)
	at org.springframework.aop.framework.adapter.MethodBeforeAdviceInterceptor.invoke(MethodBeforeAdviceInterceptor.java:58)
	at org.springframework.aop.framework.ReflectiveMethodInvocation.proceed(ReflectiveMethodInvocation.java:186)
	at org.springframework.aop.framework.CglibAopProxy$CglibMethodInvocation.proceed(CglibAopProxy.java:763)
	at org.springframework.aop.interceptor.ExposeInvocationInterceptor.invoke(ExposeInvocationInterceptor.java:97)
	at org.springframework.aop.framework.ReflectiveMethodInvocation.proceed(ReflectiveMethodInvocation.java:186)
	at org.springframework.aop.framework.CglibAopProxy$CglibMethodInvocation.proceed(CglibAopProxy.java:763)
	at org.springframework.aop.framework.CglibAopProxy$DynamicAdvisedInterceptor.intercept(CglibAopProxy.java:708)
	at com.shark.aio.base.controller.InitFFmpeg$$EnhancerBySpringCGLIB$$97e3e443.monitorFfmpegProcess(<generated>)
	at sun.reflect.GeneratedMethodAccessor81.invoke(Unknown Source)
	at sun.reflect.DelegatingMethodAccessorImpl.invoke(DelegatingMethodAccessorImpl.java:43)
	at java.lang.reflect.Method.invoke(Method.java:498)
	at org.springframework.scheduling.support.ScheduledMethodRunnable.run(ScheduledMethodRunnable.java:84)
	at org.springframework.scheduling.support.DelegatingErrorHandlingRunnable.run(DelegatingErrorHandlingRunnable.java:54)
	at org.springframework.scheduling.concurrent.ReschedulingRunnable.run(ReschedulingRunnable.java:95)
	at java.util.concurrent.Executors$RunnableAdapter.call(Executors.java:511)
	at java.util.concurrent.FutureTask.run(FutureTask.java:266)
	at java.util.concurrent.ScheduledThreadPoolExecutor$ScheduledFutureTask.access$201(ScheduledThreadPoolExecutor.java:180)
	at java.util.concurrent.ScheduledThreadPoolExecutor$ScheduledFutureTask.run(ScheduledThreadPoolExecutor.java:293)
	at java.util.concurrent.ThreadPoolExecutor.runWorker(ThreadPoolExecutor.java:1149)
	at java.util.concurrent.ThreadPoolExecutor$Worker.run(ThreadPoolExecutor.java:624)
	at java.lang.Thread.run(Thread.java:750)
Caused by: org.bytedeco.javacv.FrameGrabber$Exception: avformat_open_input() error -1094995529: Could not open input "rtsp://admin:lbx123456@192.168.0.3:554". (Has setFormat() been called?)
	at org.bytedeco.javacv.FFmpegFrameGrabber.startUnsafe(FFmpegFrameGrabber.java:876)
	at org.bytedeco.javacv.FFmpegFrameGrabber.start(FFmpegFrameGrabber.java:801)
	at org.bytedeco.javacv.FFmpegFrameGrabber.start(FFmpegFrameGrabber.java:796)
	at com.shark.aio.data.video.service.ImageRecorderService.run(ImageRecorderService.java:107)
	at java.util.concurrent.Executors$RunnableAdapter.call(Executors.java:511)
	at java.util.concurrent.FutureTask.run(FutureTask.java:266)
	... 3 common frames omitted
2024-08-28 16:52:30.014 [,] [scheduling-1] ERROR o.s.s.s.TaskUtils$LoggingErrorHandler - [handleError,95] - Unexpected error occurred in scheduled task
java.util.concurrent.ExecutionException: org.bytedeco.javacv.FrameGrabber$Exception: avformat_open_input() error -1094995529: Could not open input "rtsp://admin:lbx123456@192.168.0.3:554". (Has setFormat() been called?)
	at java.util.concurrent.FutureTask.report(FutureTask.java:122)
	at java.util.concurrent.FutureTask.get(FutureTask.java:192)
	at com.shark.aio.base.controller.InitFFmpeg.monitorFfmpegProcess(InitFFmpeg.java:106)
	at com.shark.aio.base.controller.InitFFmpeg$$FastClassBySpringCGLIB$$6f28da27.invoke(<generated>)
	at org.springframework.cglib.proxy.MethodProxy.invoke(MethodProxy.java:218)
	at org.springframework.aop.framework.CglibAopProxy$CglibMethodInvocation.invokeJoinpoint(CglibAopProxy.java:793)
	at org.springframework.aop.framework.ReflectiveMethodInvocation.proceed(ReflectiveMethodInvocation.java:163)
	at org.springframework.aop.framework.CglibAopProxy$CglibMethodInvocation.proceed(CglibAopProxy.java:763)
	at org.springframework.aop.framework.adapter.MethodBeforeAdviceInterceptor.invoke(MethodBeforeAdviceInterceptor.java:58)
	at org.springframework.aop.framework.ReflectiveMethodInvocation.proceed(ReflectiveMethodInvocation.java:186)
	at org.springframework.aop.framework.CglibAopProxy$CglibMethodInvocation.proceed(CglibAopProxy.java:763)
	at org.springframework.aop.interceptor.ExposeInvocationInterceptor.invoke(ExposeInvocationInterceptor.java:97)
	at org.springframework.aop.framework.ReflectiveMethodInvocation.proceed(ReflectiveMethodInvocation.java:186)
	at org.springframework.aop.framework.CglibAopProxy$CglibMethodInvocation.proceed(CglibAopProxy.java:763)
	at org.springframework.aop.framework.CglibAopProxy$DynamicAdvisedInterceptor.intercept(CglibAopProxy.java:708)
	at com.shark.aio.base.controller.InitFFmpeg$$EnhancerBySpringCGLIB$$97e3e443.monitorFfmpegProcess(<generated>)
	at sun.reflect.GeneratedMethodAccessor81.invoke(Unknown Source)
	at sun.reflect.DelegatingMethodAccessorImpl.invoke(DelegatingMethodAccessorImpl.java:43)
	at java.lang.reflect.Method.invoke(Method.java:498)
	at org.springframework.scheduling.support.ScheduledMethodRunnable.run(ScheduledMethodRunnable.java:84)
	at org.springframework.scheduling.support.DelegatingErrorHandlingRunnable.run(DelegatingErrorHandlingRunnable.java:54)
	at org.springframework.scheduling.concurrent.ReschedulingRunnable.run(ReschedulingRunnable.java:95)
	at java.util.concurrent.Executors$RunnableAdapter.call(Executors.java:511)
	at java.util.concurrent.FutureTask.run(FutureTask.java:266)
	at java.util.concurrent.ScheduledThreadPoolExecutor$ScheduledFutureTask.access$201(ScheduledThreadPoolExecutor.java:180)
	at java.util.concurrent.ScheduledThreadPoolExecutor$ScheduledFutureTask.run(ScheduledThreadPoolExecutor.java:293)
	at java.util.concurrent.ThreadPoolExecutor.runWorker(ThreadPoolExecutor.java:1149)
	at java.util.concurrent.ThreadPoolExecutor$Worker.run(ThreadPoolExecutor.java:624)
	at java.lang.Thread.run(Thread.java:750)
Caused by: org.bytedeco.javacv.FrameGrabber$Exception: avformat_open_input() error -1094995529: Could not open input "rtsp://admin:lbx123456@192.168.0.3:554". (Has setFormat() been called?)
	at org.bytedeco.javacv.FFmpegFrameGrabber.startUnsafe(FFmpegFrameGrabber.java:876)
	at org.bytedeco.javacv.FFmpegFrameGrabber.start(FFmpegFrameGrabber.java:801)
	at org.bytedeco.javacv.FFmpegFrameGrabber.start(FFmpegFrameGrabber.java:796)
	at com.shark.aio.data.video.service.ImageRecorderService.run(ImageRecorderService.java:107)
	at java.util.concurrent.Executors$RunnableAdapter.call(Executors.java:511)
	at java.util.concurrent.FutureTask.run(FutureTask.java:266)
	... 3 common frames omitted
2024-08-28 16:52:40.013 [,] [scheduling-1] ERROR o.s.s.s.TaskUtils$LoggingErrorHandler - [handleError,95] - Unexpected error occurred in scheduled task
java.util.concurrent.ExecutionException: org.bytedeco.javacv.FrameGrabber$Exception: avformat_open_input() error -1094995529: Could not open input "rtsp://admin:lbx123456@192.168.0.3:554". (Has setFormat() been called?)
	at java.util.concurrent.FutureTask.report(FutureTask.java:122)
	at java.util.concurrent.FutureTask.get(FutureTask.java:192)
	at com.shark.aio.base.controller.InitFFmpeg.monitorFfmpegProcess(InitFFmpeg.java:106)
	at com.shark.aio.base.controller.InitFFmpeg$$FastClassBySpringCGLIB$$6f28da27.invoke(<generated>)
	at org.springframework.cglib.proxy.MethodProxy.invoke(MethodProxy.java:218)
	at org.springframework.aop.framework.CglibAopProxy$CglibMethodInvocation.invokeJoinpoint(CglibAopProxy.java:793)
	at org.springframework.aop.framework.ReflectiveMethodInvocation.proceed(ReflectiveMethodInvocation.java:163)
	at org.springframework.aop.framework.CglibAopProxy$CglibMethodInvocation.proceed(CglibAopProxy.java:763)
	at org.springframework.aop.framework.adapter.MethodBeforeAdviceInterceptor.invoke(MethodBeforeAdviceInterceptor.java:58)
	at org.springframework.aop.framework.ReflectiveMethodInvocation.proceed(ReflectiveMethodInvocation.java:186)
	at org.springframework.aop.framework.CglibAopProxy$CglibMethodInvocation.proceed(CglibAopProxy.java:763)
	at org.springframework.aop.interceptor.ExposeInvocationInterceptor.invoke(ExposeInvocationInterceptor.java:97)
	at org.springframework.aop.framework.ReflectiveMethodInvocation.proceed(ReflectiveMethodInvocation.java:186)
	at org.springframework.aop.framework.CglibAopProxy$CglibMethodInvocation.proceed(CglibAopProxy.java:763)
	at org.springframework.aop.framework.CglibAopProxy$DynamicAdvisedInterceptor.intercept(CglibAopProxy.java:708)
	at com.shark.aio.base.controller.InitFFmpeg$$EnhancerBySpringCGLIB$$97e3e443.monitorFfmpegProcess(<generated>)
	at sun.reflect.GeneratedMethodAccessor81.invoke(Unknown Source)
	at sun.reflect.DelegatingMethodAccessorImpl.invoke(DelegatingMethodAccessorImpl.java:43)
	at java.lang.reflect.Method.invoke(Method.java:498)
	at org.springframework.scheduling.support.ScheduledMethodRunnable.run(ScheduledMethodRunnable.java:84)
	at org.springframework.scheduling.support.DelegatingErrorHandlingRunnable.run(DelegatingErrorHandlingRunnable.java:54)
	at org.springframework.scheduling.concurrent.ReschedulingRunnable.run(ReschedulingRunnable.java:95)
	at java.util.concurrent.Executors$RunnableAdapter.call(Executors.java:511)
	at java.util.concurrent.FutureTask.run(FutureTask.java:266)
	at java.util.concurrent.ScheduledThreadPoolExecutor$ScheduledFutureTask.access$201(ScheduledThreadPoolExecutor.java:180)
	at java.util.concurrent.ScheduledThreadPoolExecutor$ScheduledFutureTask.run(ScheduledThreadPoolExecutor.java:293)
	at java.util.concurrent.ThreadPoolExecutor.runWorker(ThreadPoolExecutor.java:1149)
	at java.util.concurrent.ThreadPoolExecutor$Worker.run(ThreadPoolExecutor.java:624)
	at java.lang.Thread.run(Thread.java:750)
Caused by: org.bytedeco.javacv.FrameGrabber$Exception: avformat_open_input() error -1094995529: Could not open input "rtsp://admin:lbx123456@192.168.0.3:554". (Has setFormat() been called?)
	at org.bytedeco.javacv.FFmpegFrameGrabber.startUnsafe(FFmpegFrameGrabber.java:876)
	at org.bytedeco.javacv.FFmpegFrameGrabber.start(FFmpegFrameGrabber.java:801)
	at org.bytedeco.javacv.FFmpegFrameGrabber.start(FFmpegFrameGrabber.java:796)
	at com.shark.aio.data.video.service.ImageRecorderService.run(ImageRecorderService.java:107)
	at java.util.concurrent.Executors$RunnableAdapter.call(Executors.java:511)
	at java.util.concurrent.FutureTask.run(FutureTask.java:266)
	... 3 common frames omitted
2024-08-28 16:52:50.012 [,] [scheduling-1] ERROR o.s.s.s.TaskUtils$LoggingErrorHandler - [handleError,95] - Unexpected error occurred in scheduled task
java.util.concurrent.ExecutionException: org.bytedeco.javacv.FrameGrabber$Exception: avformat_open_input() error -1094995529: Could not open input "rtsp://admin:lbx123456@192.168.0.3:554". (Has setFormat() been called?)
	at java.util.concurrent.FutureTask.report(FutureTask.java:122)
	at java.util.concurrent.FutureTask.get(FutureTask.java:192)
	at com.shark.aio.base.controller.InitFFmpeg.monitorFfmpegProcess(InitFFmpeg.java:106)
	at com.shark.aio.base.controller.InitFFmpeg$$FastClassBySpringCGLIB$$6f28da27.invoke(<generated>)
	at org.springframework.cglib.proxy.MethodProxy.invoke(MethodProxy.java:218)
	at org.springframework.aop.framework.CglibAopProxy$CglibMethodInvocation.invokeJoinpoint(CglibAopProxy.java:793)
	at org.springframework.aop.framework.ReflectiveMethodInvocation.proceed(ReflectiveMethodInvocation.java:163)
	at org.springframework.aop.framework.CglibAopProxy$CglibMethodInvocation.proceed(CglibAopProxy.java:763)
	at org.springframework.aop.framework.adapter.MethodBeforeAdviceInterceptor.invoke(MethodBeforeAdviceInterceptor.java:58)
	at org.springframework.aop.framework.ReflectiveMethodInvocation.proceed(ReflectiveMethodInvocation.java:186)
	at org.springframework.aop.framework.CglibAopProxy$CglibMethodInvocation.proceed(CglibAopProxy.java:763)
	at org.springframework.aop.interceptor.ExposeInvocationInterceptor.invoke(ExposeInvocationInterceptor.java:97)
	at org.springframework.aop.framework.ReflectiveMethodInvocation.proceed(ReflectiveMethodInvocation.java:186)
	at org.springframework.aop.framework.CglibAopProxy$CglibMethodInvocation.proceed(CglibAopProxy.java:763)
	at org.springframework.aop.framework.CglibAopProxy$DynamicAdvisedInterceptor.intercept(CglibAopProxy.java:708)
	at com.shark.aio.base.controller.InitFFmpeg$$EnhancerBySpringCGLIB$$97e3e443.monitorFfmpegProcess(<generated>)
	at sun.reflect.GeneratedMethodAccessor81.invoke(Unknown Source)
	at sun.reflect.DelegatingMethodAccessorImpl.invoke(DelegatingMethodAccessorImpl.java:43)
	at java.lang.reflect.Method.invoke(Method.java:498)
	at org.springframework.scheduling.support.ScheduledMethodRunnable.run(ScheduledMethodRunnable.java:84)
	at org.springframework.scheduling.support.DelegatingErrorHandlingRunnable.run(DelegatingErrorHandlingRunnable.java:54)
	at org.springframework.scheduling.concurrent.ReschedulingRunnable.run(ReschedulingRunnable.java:95)
	at java.util.concurrent.Executors$RunnableAdapter.call(Executors.java:511)
	at java.util.concurrent.FutureTask.run(FutureTask.java:266)
	at java.util.concurrent.ScheduledThreadPoolExecutor$ScheduledFutureTask.access$201(ScheduledThreadPoolExecutor.java:180)
	at java.util.concurrent.ScheduledThreadPoolExecutor$ScheduledFutureTask.run(ScheduledThreadPoolExecutor.java:293)
	at java.util.concurrent.ThreadPoolExecutor.runWorker(ThreadPoolExecutor.java:1149)
	at java.util.concurrent.ThreadPoolExecutor$Worker.run(ThreadPoolExecutor.java:624)
	at java.lang.Thread.run(Thread.java:750)
Caused by: org.bytedeco.javacv.FrameGrabber$Exception: avformat_open_input() error -1094995529: Could not open input "rtsp://admin:lbx123456@192.168.0.3:554". (Has setFormat() been called?)
	at org.bytedeco.javacv.FFmpegFrameGrabber.startUnsafe(FFmpegFrameGrabber.java:876)
	at org.bytedeco.javacv.FFmpegFrameGrabber.start(FFmpegFrameGrabber.java:801)
	at org.bytedeco.javacv.FFmpegFrameGrabber.start(FFmpegFrameGrabber.java:796)
	at com.shark.aio.data.video.service.ImageRecorderService.run(ImageRecorderService.java:107)
	at java.util.concurrent.Executors$RunnableAdapter.call(Executors.java:511)
	at java.util.concurrent.FutureTask.run(FutureTask.java:266)
	... 3 common frames omitted
2024-08-28 16:53:00.006 [,] [scheduling-1] ERROR o.s.s.s.TaskUtils$LoggingErrorHandler - [handleError,95] - Unexpected error occurred in scheduled task
java.util.concurrent.ExecutionException: org.bytedeco.javacv.FrameGrabber$Exception: avformat_open_input() error -1094995529: Could not open input "rtsp://admin:lbx123456@192.168.0.3:554". (Has setFormat() been called?)
	at java.util.concurrent.FutureTask.report(FutureTask.java:122)
	at java.util.concurrent.FutureTask.get(FutureTask.java:192)
	at com.shark.aio.base.controller.InitFFmpeg.monitorFfmpegProcess(InitFFmpeg.java:106)
	at com.shark.aio.base.controller.InitFFmpeg$$FastClassBySpringCGLIB$$6f28da27.invoke(<generated>)
	at org.springframework.cglib.proxy.MethodProxy.invoke(MethodProxy.java:218)
	at org.springframework.aop.framework.CglibAopProxy$CglibMethodInvocation.invokeJoinpoint(CglibAopProxy.java:793)
	at org.springframework.aop.framework.ReflectiveMethodInvocation.proceed(ReflectiveMethodInvocation.java:163)
	at org.springframework.aop.framework.CglibAopProxy$CglibMethodInvocation.proceed(CglibAopProxy.java:763)
	at org.springframework.aop.framework.adapter.MethodBeforeAdviceInterceptor.invoke(MethodBeforeAdviceInterceptor.java:58)
	at org.springframework.aop.framework.ReflectiveMethodInvocation.proceed(ReflectiveMethodInvocation.java:186)
	at org.springframework.aop.framework.CglibAopProxy$CglibMethodInvocation.proceed(CglibAopProxy.java:763)
	at org.springframework.aop.interceptor.ExposeInvocationInterceptor.invoke(ExposeInvocationInterceptor.java:97)
	at org.springframework.aop.framework.ReflectiveMethodInvocation.proceed(ReflectiveMethodInvocation.java:186)
	at org.springframework.aop.framework.CglibAopProxy$CglibMethodInvocation.proceed(CglibAopProxy.java:763)
	at org.springframework.aop.framework.CglibAopProxy$DynamicAdvisedInterceptor.intercept(CglibAopProxy.java:708)
	at com.shark.aio.base.controller.InitFFmpeg$$EnhancerBySpringCGLIB$$97e3e443.monitorFfmpegProcess(<generated>)
	at sun.reflect.GeneratedMethodAccessor81.invoke(Unknown Source)
	at sun.reflect.DelegatingMethodAccessorImpl.invoke(DelegatingMethodAccessorImpl.java:43)
	at java.lang.reflect.Method.invoke(Method.java:498)
	at org.springframework.scheduling.support.ScheduledMethodRunnable.run(ScheduledMethodRunnable.java:84)
	at org.springframework.scheduling.support.DelegatingErrorHandlingRunnable.run(DelegatingErrorHandlingRunnable.java:54)
	at org.springframework.scheduling.concurrent.ReschedulingRunnable.run(ReschedulingRunnable.java:95)
	at java.util.concurrent.Executors$RunnableAdapter.call(Executors.java:511)
	at java.util.concurrent.FutureTask.run(FutureTask.java:266)
	at java.util.concurrent.ScheduledThreadPoolExecutor$ScheduledFutureTask.access$201(ScheduledThreadPoolExecutor.java:180)
	at java.util.concurrent.ScheduledThreadPoolExecutor$ScheduledFutureTask.run(ScheduledThreadPoolExecutor.java:293)
	at java.util.concurrent.ThreadPoolExecutor.runWorker(ThreadPoolExecutor.java:1149)
	at java.util.concurrent.ThreadPoolExecutor$Worker.run(ThreadPoolExecutor.java:624)
	at java.lang.Thread.run(Thread.java:750)
Caused by: org.bytedeco.javacv.FrameGrabber$Exception: avformat_open_input() error -1094995529: Could not open input "rtsp://admin:lbx123456@192.168.0.3:554". (Has setFormat() been called?)
	at org.bytedeco.javacv.FFmpegFrameGrabber.startUnsafe(FFmpegFrameGrabber.java:876)
	at org.bytedeco.javacv.FFmpegFrameGrabber.start(FFmpegFrameGrabber.java:801)
	at org.bytedeco.javacv.FFmpegFrameGrabber.start(FFmpegFrameGrabber.java:796)
	at com.shark.aio.data.video.service.ImageRecorderService.run(ImageRecorderService.java:107)
	at java.util.concurrent.Executors$RunnableAdapter.call(Executors.java:511)
	at java.util.concurrent.FutureTask.run(FutureTask.java:266)
	... 3 common frames omitted
2024-08-28 16:53:10.004 [,] [scheduling-1] ERROR o.s.s.s.TaskUtils$LoggingErrorHandler - [handleError,95] - Unexpected error occurred in scheduled task
java.util.concurrent.ExecutionException: org.bytedeco.javacv.FrameGrabber$Exception: avformat_open_input() error -1094995529: Could not open input "rtsp://admin:lbx123456@192.168.0.3:554". (Has setFormat() been called?)
	at java.util.concurrent.FutureTask.report(FutureTask.java:122)
	at java.util.concurrent.FutureTask.get(FutureTask.java:192)
	at com.shark.aio.base.controller.InitFFmpeg.monitorFfmpegProcess(InitFFmpeg.java:106)
	at com.shark.aio.base.controller.InitFFmpeg$$FastClassBySpringCGLIB$$6f28da27.invoke(<generated>)
	at org.springframework.cglib.proxy.MethodProxy.invoke(MethodProxy.java:218)
	at org.springframework.aop.framework.CglibAopProxy$CglibMethodInvocation.invokeJoinpoint(CglibAopProxy.java:793)
	at org.springframework.aop.framework.ReflectiveMethodInvocation.proceed(ReflectiveMethodInvocation.java:163)
	at org.springframework.aop.framework.CglibAopProxy$CglibMethodInvocation.proceed(CglibAopProxy.java:763)
	at org.springframework.aop.framework.adapter.MethodBeforeAdviceInterceptor.invoke(MethodBeforeAdviceInterceptor.java:58)
	at org.springframework.aop.framework.ReflectiveMethodInvocation.proceed(ReflectiveMethodInvocation.java:186)
	at org.springframework.aop.framework.CglibAopProxy$CglibMethodInvocation.proceed(CglibAopProxy.java:763)
	at org.springframework.aop.interceptor.ExposeInvocationInterceptor.invoke(ExposeInvocationInterceptor.java:97)
	at org.springframework.aop.framework.ReflectiveMethodInvocation.proceed(ReflectiveMethodInvocation.java:186)
	at org.springframework.aop.framework.CglibAopProxy$CglibMethodInvocation.proceed(CglibAopProxy.java:763)
	at org.springframework.aop.framework.CglibAopProxy$DynamicAdvisedInterceptor.intercept(CglibAopProxy.java:708)
	at com.shark.aio.base.controller.InitFFmpeg$$EnhancerBySpringCGLIB$$97e3e443.monitorFfmpegProcess(<generated>)
	at sun.reflect.GeneratedMethodAccessor81.invoke(Unknown Source)
	at sun.reflect.DelegatingMethodAccessorImpl.invoke(DelegatingMethodAccessorImpl.java:43)
	at java.lang.reflect.Method.invoke(Method.java:498)
	at org.springframework.scheduling.support.ScheduledMethodRunnable.run(ScheduledMethodRunnable.java:84)
	at org.springframework.scheduling.support.DelegatingErrorHandlingRunnable.run(DelegatingErrorHandlingRunnable.java:54)
	at org.springframework.scheduling.concurrent.ReschedulingRunnable.run(ReschedulingRunnable.java:95)
	at java.util.concurrent.Executors$RunnableAdapter.call(Executors.java:511)
	at java.util.concurrent.FutureTask.run(FutureTask.java:266)
	at java.util.concurrent.ScheduledThreadPoolExecutor$ScheduledFutureTask.access$201(ScheduledThreadPoolExecutor.java:180)
	at java.util.concurrent.ScheduledThreadPoolExecutor$ScheduledFutureTask.run(ScheduledThreadPoolExecutor.java:293)
	at java.util.concurrent.ThreadPoolExecutor.runWorker(ThreadPoolExecutor.java:1149)
	at java.util.concurrent.ThreadPoolExecutor$Worker.run(ThreadPoolExecutor.java:624)
	at java.lang.Thread.run(Thread.java:750)
Caused by: org.bytedeco.javacv.FrameGrabber$Exception: avformat_open_input() error -1094995529: Could not open input "rtsp://admin:lbx123456@192.168.0.3:554". (Has setFormat() been called?)
	at org.bytedeco.javacv.FFmpegFrameGrabber.startUnsafe(FFmpegFrameGrabber.java:876)
	at org.bytedeco.javacv.FFmpegFrameGrabber.start(FFmpegFrameGrabber.java:801)
	at org.bytedeco.javacv.FFmpegFrameGrabber.start(FFmpegFrameGrabber.java:796)
	at com.shark.aio.data.video.service.ImageRecorderService.run(ImageRecorderService.java:107)
	at java.util.concurrent.Executors$RunnableAdapter.call(Executors.java:511)
	at java.util.concurrent.FutureTask.run(FutureTask.java:266)
	... 3 common frames omitted
2024-08-28 16:53:20.008 [,] [scheduling-1] ERROR o.s.s.s.TaskUtils$LoggingErrorHandler - [handleError,95] - Unexpected error occurred in scheduled task
java.util.concurrent.ExecutionException: org.bytedeco.javacv.FrameGrabber$Exception: avformat_open_input() error -1094995529: Could not open input "rtsp://admin:lbx123456@192.168.0.3:554". (Has setFormat() been called?)
	at java.util.concurrent.FutureTask.report(FutureTask.java:122)
	at java.util.concurrent.FutureTask.get(FutureTask.java:192)
	at com.shark.aio.base.controller.InitFFmpeg.monitorFfmpegProcess(InitFFmpeg.java:106)
	at com.shark.aio.base.controller.InitFFmpeg$$FastClassBySpringCGLIB$$6f28da27.invoke(<generated>)
	at org.springframework.cglib.proxy.MethodProxy.invoke(MethodProxy.java:218)
	at org.springframework.aop.framework.CglibAopProxy$CglibMethodInvocation.invokeJoinpoint(CglibAopProxy.java:793)
	at org.springframework.aop.framework.ReflectiveMethodInvocation.proceed(ReflectiveMethodInvocation.java:163)
	at org.springframework.aop.framework.CglibAopProxy$CglibMethodInvocation.proceed(CglibAopProxy.java:763)
	at org.springframework.aop.framework.adapter.MethodBeforeAdviceInterceptor.invoke(MethodBeforeAdviceInterceptor.java:58)
	at org.springframework.aop.framework.ReflectiveMethodInvocation.proceed(ReflectiveMethodInvocation.java:186)
	at org.springframework.aop.framework.CglibAopProxy$CglibMethodInvocation.proceed(CglibAopProxy.java:763)
	at org.springframework.aop.interceptor.ExposeInvocationInterceptor.invoke(ExposeInvocationInterceptor.java:97)
	at org.springframework.aop.framework.ReflectiveMethodInvocation.proceed(ReflectiveMethodInvocation.java:186)
	at org.springframework.aop.framework.CglibAopProxy$CglibMethodInvocation.proceed(CglibAopProxy.java:763)
	at org.springframework.aop.framework.CglibAopProxy$DynamicAdvisedInterceptor.intercept(CglibAopProxy.java:708)
	at com.shark.aio.base.controller.InitFFmpeg$$EnhancerBySpringCGLIB$$97e3e443.monitorFfmpegProcess(<generated>)
	at sun.reflect.GeneratedMethodAccessor81.invoke(Unknown Source)
	at sun.reflect.DelegatingMethodAccessorImpl.invoke(DelegatingMethodAccessorImpl.java:43)
	at java.lang.reflect.Method.invoke(Method.java:498)
	at org.springframework.scheduling.support.ScheduledMethodRunnable.run(ScheduledMethodRunnable.java:84)
	at org.springframework.scheduling.support.DelegatingErrorHandlingRunnable.run(DelegatingErrorHandlingRunnable.java:54)
	at org.springframework.scheduling.concurrent.ReschedulingRunnable.run(ReschedulingRunnable.java:95)
	at java.util.concurrent.Executors$RunnableAdapter.call(Executors.java:511)
	at java.util.concurrent.FutureTask.run(FutureTask.java:266)
	at java.util.concurrent.ScheduledThreadPoolExecutor$ScheduledFutureTask.access$201(ScheduledThreadPoolExecutor.java:180)
	at java.util.concurrent.ScheduledThreadPoolExecutor$ScheduledFutureTask.run(ScheduledThreadPoolExecutor.java:293)
	at java.util.concurrent.ThreadPoolExecutor.runWorker(ThreadPoolExecutor.java:1149)
	at java.util.concurrent.ThreadPoolExecutor$Worker.run(ThreadPoolExecutor.java:624)
	at java.lang.Thread.run(Thread.java:750)
Caused by: org.bytedeco.javacv.FrameGrabber$Exception: avformat_open_input() error -1094995529: Could not open input "rtsp://admin:lbx123456@192.168.0.3:554". (Has setFormat() been called?)
	at org.bytedeco.javacv.FFmpegFrameGrabber.startUnsafe(FFmpegFrameGrabber.java:876)
	at org.bytedeco.javacv.FFmpegFrameGrabber.start(FFmpegFrameGrabber.java:801)
	at org.bytedeco.javacv.FFmpegFrameGrabber.start(FFmpegFrameGrabber.java:796)
	at com.shark.aio.data.video.service.ImageRecorderService.run(ImageRecorderService.java:107)
	at java.util.concurrent.Executors$RunnableAdapter.call(Executors.java:511)
	at java.util.concurrent.FutureTask.run(FutureTask.java:266)
	... 3 common frames omitted
2024-08-28 16:53:30.010 [,] [scheduling-1] ERROR o.s.s.s.TaskUtils$LoggingErrorHandler - [handleError,95] - Unexpected error occurred in scheduled task
java.util.concurrent.ExecutionException: org.bytedeco.javacv.FrameGrabber$Exception: avformat_open_input() error -1094995529: Could not open input "rtsp://admin:lbx123456@192.168.0.3:554". (Has setFormat() been called?)
	at java.util.concurrent.FutureTask.report(FutureTask.java:122)
	at java.util.concurrent.FutureTask.get(FutureTask.java:192)
	at com.shark.aio.base.controller.InitFFmpeg.monitorFfmpegProcess(InitFFmpeg.java:106)
	at com.shark.aio.base.controller.InitFFmpeg$$FastClassBySpringCGLIB$$6f28da27.invoke(<generated>)
	at org.springframework.cglib.proxy.MethodProxy.invoke(MethodProxy.java:218)
	at org.springframework.aop.framework.CglibAopProxy$CglibMethodInvocation.invokeJoinpoint(CglibAopProxy.java:793)
	at org.springframework.aop.framework.ReflectiveMethodInvocation.proceed(ReflectiveMethodInvocation.java:163)
	at org.springframework.aop.framework.CglibAopProxy$CglibMethodInvocation.proceed(CglibAopProxy.java:763)
	at org.springframework.aop.framework.adapter.MethodBeforeAdviceInterceptor.invoke(MethodBeforeAdviceInterceptor.java:58)
	at org.springframework.aop.framework.ReflectiveMethodInvocation.proceed(ReflectiveMethodInvocation.java:186)
	at org.springframework.aop.framework.CglibAopProxy$CglibMethodInvocation.proceed(CglibAopProxy.java:763)
	at org.springframework.aop.interceptor.ExposeInvocationInterceptor.invoke(ExposeInvocationInterceptor.java:97)
	at org.springframework.aop.framework.ReflectiveMethodInvocation.proceed(ReflectiveMethodInvocation.java:186)
	at org.springframework.aop.framework.CglibAopProxy$CglibMethodInvocation.proceed(CglibAopProxy.java:763)
	at org.springframework.aop.framework.CglibAopProxy$DynamicAdvisedInterceptor.intercept(CglibAopProxy.java:708)
	at com.shark.aio.base.controller.InitFFmpeg$$EnhancerBySpringCGLIB$$97e3e443.monitorFfmpegProcess(<generated>)
	at sun.reflect.GeneratedMethodAccessor81.invoke(Unknown Source)
	at sun.reflect.DelegatingMethodAccessorImpl.invoke(DelegatingMethodAccessorImpl.java:43)
	at java.lang.reflect.Method.invoke(Method.java:498)
	at org.springframework.scheduling.support.ScheduledMethodRunnable.run(ScheduledMethodRunnable.java:84)
	at org.springframework.scheduling.support.DelegatingErrorHandlingRunnable.run(DelegatingErrorHandlingRunnable.java:54)
	at org.springframework.scheduling.concurrent.ReschedulingRunnable.run(ReschedulingRunnable.java:95)
	at java.util.concurrent.Executors$RunnableAdapter.call(Executors.java:511)
	at java.util.concurrent.FutureTask.run(FutureTask.java:266)
	at java.util.concurrent.ScheduledThreadPoolExecutor$ScheduledFutureTask.access$201(ScheduledThreadPoolExecutor.java:180)
	at java.util.concurrent.ScheduledThreadPoolExecutor$ScheduledFutureTask.run(ScheduledThreadPoolExecutor.java:293)
	at java.util.concurrent.ThreadPoolExecutor.runWorker(ThreadPoolExecutor.java:1149)
	at java.util.concurrent.ThreadPoolExecutor$Worker.run(ThreadPoolExecutor.java:624)
	at java.lang.Thread.run(Thread.java:750)
Caused by: org.bytedeco.javacv.FrameGrabber$Exception: avformat_open_input() error -1094995529: Could not open input "rtsp://admin:lbx123456@192.168.0.3:554". (Has setFormat() been called?)
	at org.bytedeco.javacv.FFmpegFrameGrabber.startUnsafe(FFmpegFrameGrabber.java:876)
	at org.bytedeco.javacv.FFmpegFrameGrabber.start(FFmpegFrameGrabber.java:801)
	at org.bytedeco.javacv.FFmpegFrameGrabber.start(FFmpegFrameGrabber.java:796)
	at com.shark.aio.data.video.service.ImageRecorderService.run(ImageRecorderService.java:107)
	at java.util.concurrent.Executors$RunnableAdapter.call(Executors.java:511)
	at java.util.concurrent.FutureTask.run(FutureTask.java:266)
	... 3 common frames omitted
2024-08-28 16:53:40.012 [,] [scheduling-1] ERROR o.s.s.s.TaskUtils$LoggingErrorHandler - [handleError,95] - Unexpected error occurred in scheduled task
java.util.concurrent.ExecutionException: org.bytedeco.javacv.FrameGrabber$Exception: avformat_open_input() error -1094995529: Could not open input "rtsp://admin:lbx123456@192.168.0.3:554". (Has setFormat() been called?)
	at java.util.concurrent.FutureTask.report(FutureTask.java:122)
	at java.util.concurrent.FutureTask.get(FutureTask.java:192)
	at com.shark.aio.base.controller.InitFFmpeg.monitorFfmpegProcess(InitFFmpeg.java:106)
	at com.shark.aio.base.controller.InitFFmpeg$$FastClassBySpringCGLIB$$6f28da27.invoke(<generated>)
	at org.springframework.cglib.proxy.MethodProxy.invoke(MethodProxy.java:218)
	at org.springframework.aop.framework.CglibAopProxy$CglibMethodInvocation.invokeJoinpoint(CglibAopProxy.java:793)
	at org.springframework.aop.framework.ReflectiveMethodInvocation.proceed(ReflectiveMethodInvocation.java:163)
	at org.springframework.aop.framework.CglibAopProxy$CglibMethodInvocation.proceed(CglibAopProxy.java:763)
	at org.springframework.aop.framework.adapter.MethodBeforeAdviceInterceptor.invoke(MethodBeforeAdviceInterceptor.java:58)
	at org.springframework.aop.framework.ReflectiveMethodInvocation.proceed(ReflectiveMethodInvocation.java:186)
	at org.springframework.aop.framework.CglibAopProxy$CglibMethodInvocation.proceed(CglibAopProxy.java:763)
	at org.springframework.aop.interceptor.ExposeInvocationInterceptor.invoke(ExposeInvocationInterceptor.java:97)
	at org.springframework.aop.framework.ReflectiveMethodInvocation.proceed(ReflectiveMethodInvocation.java:186)
	at org.springframework.aop.framework.CglibAopProxy$CglibMethodInvocation.proceed(CglibAopProxy.java:763)
	at org.springframework.aop.framework.CglibAopProxy$DynamicAdvisedInterceptor.intercept(CglibAopProxy.java:708)
	at com.shark.aio.base.controller.InitFFmpeg$$EnhancerBySpringCGLIB$$97e3e443.monitorFfmpegProcess(<generated>)
	at sun.reflect.GeneratedMethodAccessor81.invoke(Unknown Source)
	at sun.reflect.DelegatingMethodAccessorImpl.invoke(DelegatingMethodAccessorImpl.java:43)
	at java.lang.reflect.Method.invoke(Method.java:498)
	at org.springframework.scheduling.support.ScheduledMethodRunnable.run(ScheduledMethodRunnable.java:84)
	at org.springframework.scheduling.support.DelegatingErrorHandlingRunnable.run(DelegatingErrorHandlingRunnable.java:54)
	at org.springframework.scheduling.concurrent.ReschedulingRunnable.run(ReschedulingRunnable.java:95)
	at java.util.concurrent.Executors$RunnableAdapter.call(Executors.java:511)
	at java.util.concurrent.FutureTask.run(FutureTask.java:266)
	at java.util.concurrent.ScheduledThreadPoolExecutor$ScheduledFutureTask.access$201(ScheduledThreadPoolExecutor.java:180)
	at java.util.concurrent.ScheduledThreadPoolExecutor$ScheduledFutureTask.run(ScheduledThreadPoolExecutor.java:293)
	at java.util.concurrent.ThreadPoolExecutor.runWorker(ThreadPoolExecutor.java:1149)
	at java.util.concurrent.ThreadPoolExecutor$Worker.run(ThreadPoolExecutor.java:624)
	at java.lang.Thread.run(Thread.java:750)
Caused by: org.bytedeco.javacv.FrameGrabber$Exception: avformat_open_input() error -1094995529: Could not open input "rtsp://admin:lbx123456@192.168.0.3:554". (Has setFormat() been called?)
	at org.bytedeco.javacv.FFmpegFrameGrabber.startUnsafe(FFmpegFrameGrabber.java:876)
	at org.bytedeco.javacv.FFmpegFrameGrabber.start(FFmpegFrameGrabber.java:801)
	at org.bytedeco.javacv.FFmpegFrameGrabber.start(FFmpegFrameGrabber.java:796)
	at com.shark.aio.data.video.service.ImageRecorderService.run(ImageRecorderService.java:107)
	at java.util.concurrent.Executors$RunnableAdapter.call(Executors.java:511)
	at java.util.concurrent.FutureTask.run(FutureTask.java:266)
	... 3 common frames omitted
2024-08-28 17:08:10.010 [,] [scheduling-1] ERROR o.s.s.s.TaskUtils$LoggingErrorHandler - [handleError,95] - Unexpected error occurred in scheduled task
java.util.concurrent.ExecutionException: org.bytedeco.javacv.FrameGrabber$Exception: avformat_open_input() error -1482175992: Could not open input "rtsp://admin:lbx123456@192.168.0.3:554". (Has setFormat() been called?)
	at java.util.concurrent.FutureTask.report(FutureTask.java:122)
	at java.util.concurrent.FutureTask.get(FutureTask.java:192)
	at com.shark.aio.base.controller.InitFFmpeg.monitorFfmpegProcess(InitFFmpeg.java:106)
	at com.shark.aio.base.controller.InitFFmpeg$$FastClassBySpringCGLIB$$6f28da27.invoke(<generated>)
	at org.springframework.cglib.proxy.MethodProxy.invoke(MethodProxy.java:218)
	at org.springframework.aop.framework.CglibAopProxy$CglibMethodInvocation.invokeJoinpoint(CglibAopProxy.java:793)
	at org.springframework.aop.framework.ReflectiveMethodInvocation.proceed(ReflectiveMethodInvocation.java:163)
	at org.springframework.aop.framework.CglibAopProxy$CglibMethodInvocation.proceed(CglibAopProxy.java:763)
	at org.springframework.aop.framework.adapter.MethodBeforeAdviceInterceptor.invoke(MethodBeforeAdviceInterceptor.java:58)
	at org.springframework.aop.framework.ReflectiveMethodInvocation.proceed(ReflectiveMethodInvocation.java:186)
	at org.springframework.aop.framework.CglibAopProxy$CglibMethodInvocation.proceed(CglibAopProxy.java:763)
	at org.springframework.aop.interceptor.ExposeInvocationInterceptor.invoke(ExposeInvocationInterceptor.java:97)
	at org.springframework.aop.framework.ReflectiveMethodInvocation.proceed(ReflectiveMethodInvocation.java:186)
	at org.springframework.aop.framework.CglibAopProxy$CglibMethodInvocation.proceed(CglibAopProxy.java:763)
	at org.springframework.aop.framework.CglibAopProxy$DynamicAdvisedInterceptor.intercept(CglibAopProxy.java:708)
	at com.shark.aio.base.controller.InitFFmpeg$$EnhancerBySpringCGLIB$$33b8465c.monitorFfmpegProcess(<generated>)
	at sun.reflect.NativeMethodAccessorImpl.invoke0(Native Method)
	at sun.reflect.NativeMethodAccessorImpl.invoke(NativeMethodAccessorImpl.java:62)
	at sun.reflect.DelegatingMethodAccessorImpl.invoke(DelegatingMethodAccessorImpl.java:43)
	at java.lang.reflect.Method.invoke(Method.java:498)
	at org.springframework.scheduling.support.ScheduledMethodRunnable.run(ScheduledMethodRunnable.java:84)
	at org.springframework.scheduling.support.DelegatingErrorHandlingRunnable.run(DelegatingErrorHandlingRunnable.java:54)
	at org.springframework.scheduling.concurrent.ReschedulingRunnable.run(ReschedulingRunnable.java:95)
	at java.util.concurrent.Executors$RunnableAdapter.call(Executors.java:511)
	at java.util.concurrent.FutureTask.run(FutureTask.java:266)
	at java.util.concurrent.ScheduledThreadPoolExecutor$ScheduledFutureTask.access$201(ScheduledThreadPoolExecutor.java:180)
	at java.util.concurrent.ScheduledThreadPoolExecutor$ScheduledFutureTask.run(ScheduledThreadPoolExecutor.java:293)
	at java.util.concurrent.ThreadPoolExecutor.runWorker(ThreadPoolExecutor.java:1149)
	at java.util.concurrent.ThreadPoolExecutor$Worker.run(ThreadPoolExecutor.java:624)
	at java.lang.Thread.run(Thread.java:750)
Caused by: org.bytedeco.javacv.FrameGrabber$Exception: avformat_open_input() error -1482175992: Could not open input "rtsp://admin:lbx123456@192.168.0.3:554". (Has setFormat() been called?)
	at org.bytedeco.javacv.FFmpegFrameGrabber.startUnsafe(FFmpegFrameGrabber.java:876)
	at org.bytedeco.javacv.FFmpegFrameGrabber.start(FFmpegFrameGrabber.java:801)
	at org.bytedeco.javacv.FFmpegFrameGrabber.start(FFmpegFrameGrabber.java:796)
	at com.shark.aio.data.video.service.ImageRecorderService.run(ImageRecorderService.java:107)
	at java.util.concurrent.Executors$RunnableAdapter.call(Executors.java:511)
	at java.util.concurrent.FutureTask.run(FutureTask.java:266)
	... 3 common frames omitted
2024-08-28 17:08:20.012 [,] [scheduling-1] ERROR o.s.s.s.TaskUtils$LoggingErrorHandler - [handleError,95] - Unexpected error occurred in scheduled task
java.util.concurrent.ExecutionException: org.bytedeco.javacv.FrameGrabber$Exception: avformat_open_input() error -1482175992: Could not open input "rtsp://admin:lbx123456@192.168.0.3:554". (Has setFormat() been called?)
	at java.util.concurrent.FutureTask.report(FutureTask.java:122)
	at java.util.concurrent.FutureTask.get(FutureTask.java:192)
	at com.shark.aio.base.controller.InitFFmpeg.monitorFfmpegProcess(InitFFmpeg.java:106)
	at com.shark.aio.base.controller.InitFFmpeg$$FastClassBySpringCGLIB$$6f28da27.invoke(<generated>)
	at org.springframework.cglib.proxy.MethodProxy.invoke(MethodProxy.java:218)
	at org.springframework.aop.framework.CglibAopProxy$CglibMethodInvocation.invokeJoinpoint(CglibAopProxy.java:793)
	at org.springframework.aop.framework.ReflectiveMethodInvocation.proceed(ReflectiveMethodInvocation.java:163)
	at org.springframework.aop.framework.CglibAopProxy$CglibMethodInvocation.proceed(CglibAopProxy.java:763)
	at org.springframework.aop.framework.adapter.MethodBeforeAdviceInterceptor.invoke(MethodBeforeAdviceInterceptor.java:58)
	at org.springframework.aop.framework.ReflectiveMethodInvocation.proceed(ReflectiveMethodInvocation.java:186)
	at org.springframework.aop.framework.CglibAopProxy$CglibMethodInvocation.proceed(CglibAopProxy.java:763)
	at org.springframework.aop.interceptor.ExposeInvocationInterceptor.invoke(ExposeInvocationInterceptor.java:97)
	at org.springframework.aop.framework.ReflectiveMethodInvocation.proceed(ReflectiveMethodInvocation.java:186)
	at org.springframework.aop.framework.CglibAopProxy$CglibMethodInvocation.proceed(CglibAopProxy.java:763)
	at org.springframework.aop.framework.CglibAopProxy$DynamicAdvisedInterceptor.intercept(CglibAopProxy.java:708)
	at com.shark.aio.base.controller.InitFFmpeg$$EnhancerBySpringCGLIB$$33b8465c.monitorFfmpegProcess(<generated>)
	at sun.reflect.NativeMethodAccessorImpl.invoke0(Native Method)
	at sun.reflect.NativeMethodAccessorImpl.invoke(NativeMethodAccessorImpl.java:62)
	at sun.reflect.DelegatingMethodAccessorImpl.invoke(DelegatingMethodAccessorImpl.java:43)
	at java.lang.reflect.Method.invoke(Method.java:498)
	at org.springframework.scheduling.support.ScheduledMethodRunnable.run(ScheduledMethodRunnable.java:84)
	at org.springframework.scheduling.support.DelegatingErrorHandlingRunnable.run(DelegatingErrorHandlingRunnable.java:54)
	at org.springframework.scheduling.concurrent.ReschedulingRunnable.run(ReschedulingRunnable.java:95)
	at java.util.concurrent.Executors$RunnableAdapter.call(Executors.java:511)
	at java.util.concurrent.FutureTask.run(FutureTask.java:266)
	at java.util.concurrent.ScheduledThreadPoolExecutor$ScheduledFutureTask.access$201(ScheduledThreadPoolExecutor.java:180)
	at java.util.concurrent.ScheduledThreadPoolExecutor$ScheduledFutureTask.run(ScheduledThreadPoolExecutor.java:293)
	at java.util.concurrent.ThreadPoolExecutor.runWorker(ThreadPoolExecutor.java:1149)
	at java.util.concurrent.ThreadPoolExecutor$Worker.run(ThreadPoolExecutor.java:624)
	at java.lang.Thread.run(Thread.java:750)
Caused by: org.bytedeco.javacv.FrameGrabber$Exception: avformat_open_input() error -1482175992: Could not open input "rtsp://admin:lbx123456@192.168.0.3:554". (Has setFormat() been called?)
	at org.bytedeco.javacv.FFmpegFrameGrabber.startUnsafe(FFmpegFrameGrabber.java:876)
	at org.bytedeco.javacv.FFmpegFrameGrabber.start(FFmpegFrameGrabber.java:801)
	at org.bytedeco.javacv.FFmpegFrameGrabber.start(FFmpegFrameGrabber.java:796)
	at com.shark.aio.data.video.service.ImageRecorderService.run(ImageRecorderService.java:107)
	at java.util.concurrent.Executors$RunnableAdapter.call(Executors.java:511)
	at java.util.concurrent.FutureTask.run(FutureTask.java:266)
	... 3 common frames omitted
2024-08-28 17:08:30.011 [,] [scheduling-1] ERROR o.s.s.s.TaskUtils$LoggingErrorHandler - [handleError,95] - Unexpected error occurred in scheduled task
java.util.concurrent.ExecutionException: org.bytedeco.javacv.FrameGrabber$Exception: avformat_open_input() error -1482175992: Could not open input "rtsp://admin:lbx123456@192.168.0.3:554". (Has setFormat() been called?)
	at java.util.concurrent.FutureTask.report(FutureTask.java:122)
	at java.util.concurrent.FutureTask.get(FutureTask.java:192)
	at com.shark.aio.base.controller.InitFFmpeg.monitorFfmpegProcess(InitFFmpeg.java:106)
	at com.shark.aio.base.controller.InitFFmpeg$$FastClassBySpringCGLIB$$6f28da27.invoke(<generated>)
	at org.springframework.cglib.proxy.MethodProxy.invoke(MethodProxy.java:218)
	at org.springframework.aop.framework.CglibAopProxy$CglibMethodInvocation.invokeJoinpoint(CglibAopProxy.java:793)
	at org.springframework.aop.framework.ReflectiveMethodInvocation.proceed(ReflectiveMethodInvocation.java:163)
	at org.springframework.aop.framework.CglibAopProxy$CglibMethodInvocation.proceed(CglibAopProxy.java:763)
	at org.springframework.aop.framework.adapter.MethodBeforeAdviceInterceptor.invoke(MethodBeforeAdviceInterceptor.java:58)
	at org.springframework.aop.framework.ReflectiveMethodInvocation.proceed(ReflectiveMethodInvocation.java:186)
	at org.springframework.aop.framework.CglibAopProxy$CglibMethodInvocation.proceed(CglibAopProxy.java:763)
	at org.springframework.aop.interceptor.ExposeInvocationInterceptor.invoke(ExposeInvocationInterceptor.java:97)
	at org.springframework.aop.framework.ReflectiveMethodInvocation.proceed(ReflectiveMethodInvocation.java:186)
	at org.springframework.aop.framework.CglibAopProxy$CglibMethodInvocation.proceed(CglibAopProxy.java:763)
	at org.springframework.aop.framework.CglibAopProxy$DynamicAdvisedInterceptor.intercept(CglibAopProxy.java:708)
	at com.shark.aio.base.controller.InitFFmpeg$$EnhancerBySpringCGLIB$$33b8465c.monitorFfmpegProcess(<generated>)
	at sun.reflect.NativeMethodAccessorImpl.invoke0(Native Method)
	at sun.reflect.NativeMethodAccessorImpl.invoke(NativeMethodAccessorImpl.java:62)
	at sun.reflect.DelegatingMethodAccessorImpl.invoke(DelegatingMethodAccessorImpl.java:43)
	at java.lang.reflect.Method.invoke(Method.java:498)
	at org.springframework.scheduling.support.ScheduledMethodRunnable.run(ScheduledMethodRunnable.java:84)
	at org.springframework.scheduling.support.DelegatingErrorHandlingRunnable.run(DelegatingErrorHandlingRunnable.java:54)
	at org.springframework.scheduling.concurrent.ReschedulingRunnable.run(ReschedulingRunnable.java:95)
	at java.util.concurrent.Executors$RunnableAdapter.call(Executors.java:511)
	at java.util.concurrent.FutureTask.run(FutureTask.java:266)
	at java.util.concurrent.ScheduledThreadPoolExecutor$ScheduledFutureTask.access$201(ScheduledThreadPoolExecutor.java:180)
	at java.util.concurrent.ScheduledThreadPoolExecutor$ScheduledFutureTask.run(ScheduledThreadPoolExecutor.java:293)
	at java.util.concurrent.ThreadPoolExecutor.runWorker(ThreadPoolExecutor.java:1149)
	at java.util.concurrent.ThreadPoolExecutor$Worker.run(ThreadPoolExecutor.java:624)
	at java.lang.Thread.run(Thread.java:750)
Caused by: org.bytedeco.javacv.FrameGrabber$Exception: avformat_open_input() error -1482175992: Could not open input "rtsp://admin:lbx123456@192.168.0.3:554". (Has setFormat() been called?)
	at org.bytedeco.javacv.FFmpegFrameGrabber.startUnsafe(FFmpegFrameGrabber.java:876)
	at org.bytedeco.javacv.FFmpegFrameGrabber.start(FFmpegFrameGrabber.java:801)
	at org.bytedeco.javacv.FFmpegFrameGrabber.start(FFmpegFrameGrabber.java:796)
	at com.shark.aio.data.video.service.ImageRecorderService.run(ImageRecorderService.java:107)
	at java.util.concurrent.Executors$RunnableAdapter.call(Executors.java:511)
	at java.util.concurrent.FutureTask.run(FutureTask.java:266)
	... 3 common frames omitted
2024-08-28 17:08:40.012 [,] [scheduling-1] ERROR o.s.s.s.TaskUtils$LoggingErrorHandler - [handleError,95] - Unexpected error occurred in scheduled task
java.util.concurrent.ExecutionException: org.bytedeco.javacv.FrameGrabber$Exception: avformat_open_input() error -1482175992: Could not open input "rtsp://admin:lbx123456@192.168.0.3:554". (Has setFormat() been called?)
	at java.util.concurrent.FutureTask.report(FutureTask.java:122)
	at java.util.concurrent.FutureTask.get(FutureTask.java:192)
	at com.shark.aio.base.controller.InitFFmpeg.monitorFfmpegProcess(InitFFmpeg.java:106)
	at com.shark.aio.base.controller.InitFFmpeg$$FastClassBySpringCGLIB$$6f28da27.invoke(<generated>)
	at org.springframework.cglib.proxy.MethodProxy.invoke(MethodProxy.java:218)
	at org.springframework.aop.framework.CglibAopProxy$CglibMethodInvocation.invokeJoinpoint(CglibAopProxy.java:793)
	at org.springframework.aop.framework.ReflectiveMethodInvocation.proceed(ReflectiveMethodInvocation.java:163)
	at org.springframework.aop.framework.CglibAopProxy$CglibMethodInvocation.proceed(CglibAopProxy.java:763)
	at org.springframework.aop.framework.adapter.MethodBeforeAdviceInterceptor.invoke(MethodBeforeAdviceInterceptor.java:58)
	at org.springframework.aop.framework.ReflectiveMethodInvocation.proceed(ReflectiveMethodInvocation.java:186)
	at org.springframework.aop.framework.CglibAopProxy$CglibMethodInvocation.proceed(CglibAopProxy.java:763)
	at org.springframework.aop.interceptor.ExposeInvocationInterceptor.invoke(ExposeInvocationInterceptor.java:97)
	at org.springframework.aop.framework.ReflectiveMethodInvocation.proceed(ReflectiveMethodInvocation.java:186)
	at org.springframework.aop.framework.CglibAopProxy$CglibMethodInvocation.proceed(CglibAopProxy.java:763)
	at org.springframework.aop.framework.CglibAopProxy$DynamicAdvisedInterceptor.intercept(CglibAopProxy.java:708)
	at com.shark.aio.base.controller.InitFFmpeg$$EnhancerBySpringCGLIB$$33b8465c.monitorFfmpegProcess(<generated>)
	at sun.reflect.NativeMethodAccessorImpl.invoke0(Native Method)
	at sun.reflect.NativeMethodAccessorImpl.invoke(NativeMethodAccessorImpl.java:62)
	at sun.reflect.DelegatingMethodAccessorImpl.invoke(DelegatingMethodAccessorImpl.java:43)
	at java.lang.reflect.Method.invoke(Method.java:498)
	at org.springframework.scheduling.support.ScheduledMethodRunnable.run(ScheduledMethodRunnable.java:84)
	at org.springframework.scheduling.support.DelegatingErrorHandlingRunnable.run(DelegatingErrorHandlingRunnable.java:54)
	at org.springframework.scheduling.concurrent.ReschedulingRunnable.run(ReschedulingRunnable.java:95)
	at java.util.concurrent.Executors$RunnableAdapter.call(Executors.java:511)
	at java.util.concurrent.FutureTask.run(FutureTask.java:266)
	at java.util.concurrent.ScheduledThreadPoolExecutor$ScheduledFutureTask.access$201(ScheduledThreadPoolExecutor.java:180)
	at java.util.concurrent.ScheduledThreadPoolExecutor$ScheduledFutureTask.run(ScheduledThreadPoolExecutor.java:293)
	at java.util.concurrent.ThreadPoolExecutor.runWorker(ThreadPoolExecutor.java:1149)
	at java.util.concurrent.ThreadPoolExecutor$Worker.run(ThreadPoolExecutor.java:624)
	at java.lang.Thread.run(Thread.java:750)
Caused by: org.bytedeco.javacv.FrameGrabber$Exception: avformat_open_input() error -1482175992: Could not open input "rtsp://admin:lbx123456@192.168.0.3:554". (Has setFormat() been called?)
	at org.bytedeco.javacv.FFmpegFrameGrabber.startUnsafe(FFmpegFrameGrabber.java:876)
	at org.bytedeco.javacv.FFmpegFrameGrabber.start(FFmpegFrameGrabber.java:801)
	at org.bytedeco.javacv.FFmpegFrameGrabber.start(FFmpegFrameGrabber.java:796)
	at com.shark.aio.data.video.service.ImageRecorderService.run(ImageRecorderService.java:107)
	at java.util.concurrent.Executors$RunnableAdapter.call(Executors.java:511)
	at java.util.concurrent.FutureTask.run(FutureTask.java:266)
	... 3 common frames omitted
2024-08-28 17:08:50.004 [,] [scheduling-1] ERROR o.s.s.s.TaskUtils$LoggingErrorHandler - [handleError,95] - Unexpected error occurred in scheduled task
java.util.concurrent.ExecutionException: org.bytedeco.javacv.FrameGrabber$Exception: avformat_open_input() error -1482175992: Could not open input "rtsp://admin:lbx123456@192.168.0.3:554". (Has setFormat() been called?)
	at java.util.concurrent.FutureTask.report(FutureTask.java:122)
	at java.util.concurrent.FutureTask.get(FutureTask.java:192)
	at com.shark.aio.base.controller.InitFFmpeg.monitorFfmpegProcess(InitFFmpeg.java:106)
	at com.shark.aio.base.controller.InitFFmpeg$$FastClassBySpringCGLIB$$6f28da27.invoke(<generated>)
	at org.springframework.cglib.proxy.MethodProxy.invoke(MethodProxy.java:218)
	at org.springframework.aop.framework.CglibAopProxy$CglibMethodInvocation.invokeJoinpoint(CglibAopProxy.java:793)
	at org.springframework.aop.framework.ReflectiveMethodInvocation.proceed(ReflectiveMethodInvocation.java:163)
	at org.springframework.aop.framework.CglibAopProxy$CglibMethodInvocation.proceed(CglibAopProxy.java:763)
	at org.springframework.aop.framework.adapter.MethodBeforeAdviceInterceptor.invoke(MethodBeforeAdviceInterceptor.java:58)
	at org.springframework.aop.framework.ReflectiveMethodInvocation.proceed(ReflectiveMethodInvocation.java:186)
	at org.springframework.aop.framework.CglibAopProxy$CglibMethodInvocation.proceed(CglibAopProxy.java:763)
	at org.springframework.aop.interceptor.ExposeInvocationInterceptor.invoke(ExposeInvocationInterceptor.java:97)
	at org.springframework.aop.framework.ReflectiveMethodInvocation.proceed(ReflectiveMethodInvocation.java:186)
	at org.springframework.aop.framework.CglibAopProxy$CglibMethodInvocation.proceed(CglibAopProxy.java:763)
	at org.springframework.aop.framework.CglibAopProxy$DynamicAdvisedInterceptor.intercept(CglibAopProxy.java:708)
	at com.shark.aio.base.controller.InitFFmpeg$$EnhancerBySpringCGLIB$$33b8465c.monitorFfmpegProcess(<generated>)
	at sun.reflect.NativeMethodAccessorImpl.invoke0(Native Method)
	at sun.reflect.NativeMethodAccessorImpl.invoke(NativeMethodAccessorImpl.java:62)
	at sun.reflect.DelegatingMethodAccessorImpl.invoke(DelegatingMethodAccessorImpl.java:43)
	at java.lang.reflect.Method.invoke(Method.java:498)
	at org.springframework.scheduling.support.ScheduledMethodRunnable.run(ScheduledMethodRunnable.java:84)
	at org.springframework.scheduling.support.DelegatingErrorHandlingRunnable.run(DelegatingErrorHandlingRunnable.java:54)
	at org.springframework.scheduling.concurrent.ReschedulingRunnable.run(ReschedulingRunnable.java:95)
	at java.util.concurrent.Executors$RunnableAdapter.call(Executors.java:511)
	at java.util.concurrent.FutureTask.run(FutureTask.java:266)
	at java.util.concurrent.ScheduledThreadPoolExecutor$ScheduledFutureTask.access$201(ScheduledThreadPoolExecutor.java:180)
	at java.util.concurrent.ScheduledThreadPoolExecutor$ScheduledFutureTask.run(ScheduledThreadPoolExecutor.java:293)
	at java.util.concurrent.ThreadPoolExecutor.runWorker(ThreadPoolExecutor.java:1149)
	at java.util.concurrent.ThreadPoolExecutor$Worker.run(ThreadPoolExecutor.java:624)
	at java.lang.Thread.run(Thread.java:750)
Caused by: org.bytedeco.javacv.FrameGrabber$Exception: avformat_open_input() error -1482175992: Could not open input "rtsp://admin:lbx123456@192.168.0.3:554". (Has setFormat() been called?)
	at org.bytedeco.javacv.FFmpegFrameGrabber.startUnsafe(FFmpegFrameGrabber.java:876)
	at org.bytedeco.javacv.FFmpegFrameGrabber.start(FFmpegFrameGrabber.java:801)
	at org.bytedeco.javacv.FFmpegFrameGrabber.start(FFmpegFrameGrabber.java:796)
	at com.shark.aio.data.video.service.ImageRecorderService.run(ImageRecorderService.java:107)
	at java.util.concurrent.Executors$RunnableAdapter.call(Executors.java:511)
	at java.util.concurrent.FutureTask.run(FutureTask.java:266)
	... 3 common frames omitted
2024-08-28 17:09:00.014 [,] [scheduling-1] ERROR o.s.s.s.TaskUtils$LoggingErrorHandler - [handleError,95] - Unexpected error occurred in scheduled task
java.util.concurrent.ExecutionException: org.bytedeco.javacv.FrameGrabber$Exception: avformat_open_input() error -1482175992: Could not open input "rtsp://admin:lbx123456@192.168.0.3:554". (Has setFormat() been called?)
	at java.util.concurrent.FutureTask.report(FutureTask.java:122)
	at java.util.concurrent.FutureTask.get(FutureTask.java:192)
	at com.shark.aio.base.controller.InitFFmpeg.monitorFfmpegProcess(InitFFmpeg.java:106)
	at com.shark.aio.base.controller.InitFFmpeg$$FastClassBySpringCGLIB$$6f28da27.invoke(<generated>)
	at org.springframework.cglib.proxy.MethodProxy.invoke(MethodProxy.java:218)
	at org.springframework.aop.framework.CglibAopProxy$CglibMethodInvocation.invokeJoinpoint(CglibAopProxy.java:793)
	at org.springframework.aop.framework.ReflectiveMethodInvocation.proceed(ReflectiveMethodInvocation.java:163)
	at org.springframework.aop.framework.CglibAopProxy$CglibMethodInvocation.proceed(CglibAopProxy.java:763)
	at org.springframework.aop.framework.adapter.MethodBeforeAdviceInterceptor.invoke(MethodBeforeAdviceInterceptor.java:58)
	at org.springframework.aop.framework.ReflectiveMethodInvocation.proceed(ReflectiveMethodInvocation.java:186)
	at org.springframework.aop.framework.CglibAopProxy$CglibMethodInvocation.proceed(CglibAopProxy.java:763)
	at org.springframework.aop.interceptor.ExposeInvocationInterceptor.invoke(ExposeInvocationInterceptor.java:97)
	at org.springframework.aop.framework.ReflectiveMethodInvocation.proceed(ReflectiveMethodInvocation.java:186)
	at org.springframework.aop.framework.CglibAopProxy$CglibMethodInvocation.proceed(CglibAopProxy.java:763)
	at org.springframework.aop.framework.CglibAopProxy$DynamicAdvisedInterceptor.intercept(CglibAopProxy.java:708)
	at com.shark.aio.base.controller.InitFFmpeg$$EnhancerBySpringCGLIB$$33b8465c.monitorFfmpegProcess(<generated>)
	at sun.reflect.NativeMethodAccessorImpl.invoke0(Native Method)
	at sun.reflect.NativeMethodAccessorImpl.invoke(NativeMethodAccessorImpl.java:62)
	at sun.reflect.DelegatingMethodAccessorImpl.invoke(DelegatingMethodAccessorImpl.java:43)
	at java.lang.reflect.Method.invoke(Method.java:498)
	at org.springframework.scheduling.support.ScheduledMethodRunnable.run(ScheduledMethodRunnable.java:84)
	at org.springframework.scheduling.support.DelegatingErrorHandlingRunnable.run(DelegatingErrorHandlingRunnable.java:54)
	at org.springframework.scheduling.concurrent.ReschedulingRunnable.run(ReschedulingRunnable.java:95)
	at java.util.concurrent.Executors$RunnableAdapter.call(Executors.java:511)
	at java.util.concurrent.FutureTask.run(FutureTask.java:266)
	at java.util.concurrent.ScheduledThreadPoolExecutor$ScheduledFutureTask.access$201(ScheduledThreadPoolExecutor.java:180)
	at java.util.concurrent.ScheduledThreadPoolExecutor$ScheduledFutureTask.run(ScheduledThreadPoolExecutor.java:293)
	at java.util.concurrent.ThreadPoolExecutor.runWorker(ThreadPoolExecutor.java:1149)
	at java.util.concurrent.ThreadPoolExecutor$Worker.run(ThreadPoolExecutor.java:624)
	at java.lang.Thread.run(Thread.java:750)
Caused by: org.bytedeco.javacv.FrameGrabber$Exception: avformat_open_input() error -1482175992: Could not open input "rtsp://admin:lbx123456@192.168.0.3:554". (Has setFormat() been called?)
	at org.bytedeco.javacv.FFmpegFrameGrabber.startUnsafe(FFmpegFrameGrabber.java:876)
	at org.bytedeco.javacv.FFmpegFrameGrabber.start(FFmpegFrameGrabber.java:801)
	at org.bytedeco.javacv.FFmpegFrameGrabber.start(FFmpegFrameGrabber.java:796)
	at com.shark.aio.data.video.service.ImageRecorderService.run(ImageRecorderService.java:107)
	at java.util.concurrent.Executors$RunnableAdapter.call(Executors.java:511)
	at java.util.concurrent.FutureTask.run(FutureTask.java:266)
	... 3 common frames omitted
2024-08-28 17:09:10.006 [,] [scheduling-1] ERROR o.s.s.s.TaskUtils$LoggingErrorHandler - [handleError,95] - Unexpected error occurred in scheduled task
java.util.concurrent.ExecutionException: org.bytedeco.javacv.FrameGrabber$Exception: avformat_open_input() error -1482175992: Could not open input "rtsp://admin:lbx123456@192.168.0.3:554". (Has setFormat() been called?)
	at java.util.concurrent.FutureTask.report(FutureTask.java:122)
	at java.util.concurrent.FutureTask.get(FutureTask.java:192)
	at com.shark.aio.base.controller.InitFFmpeg.monitorFfmpegProcess(InitFFmpeg.java:106)
	at com.shark.aio.base.controller.InitFFmpeg$$FastClassBySpringCGLIB$$6f28da27.invoke(<generated>)
	at org.springframework.cglib.proxy.MethodProxy.invoke(MethodProxy.java:218)
	at org.springframework.aop.framework.CglibAopProxy$CglibMethodInvocation.invokeJoinpoint(CglibAopProxy.java:793)
	at org.springframework.aop.framework.ReflectiveMethodInvocation.proceed(ReflectiveMethodInvocation.java:163)
	at org.springframework.aop.framework.CglibAopProxy$CglibMethodInvocation.proceed(CglibAopProxy.java:763)
	at org.springframework.aop.framework.adapter.MethodBeforeAdviceInterceptor.invoke(MethodBeforeAdviceInterceptor.java:58)
	at org.springframework.aop.framework.ReflectiveMethodInvocation.proceed(ReflectiveMethodInvocation.java:186)
	at org.springframework.aop.framework.CglibAopProxy$CglibMethodInvocation.proceed(CglibAopProxy.java:763)
	at org.springframework.aop.interceptor.ExposeInvocationInterceptor.invoke(ExposeInvocationInterceptor.java:97)
	at org.springframework.aop.framework.ReflectiveMethodInvocation.proceed(ReflectiveMethodInvocation.java:186)
	at org.springframework.aop.framework.CglibAopProxy$CglibMethodInvocation.proceed(CglibAopProxy.java:763)
	at org.springframework.aop.framework.CglibAopProxy$DynamicAdvisedInterceptor.intercept(CglibAopProxy.java:708)
	at com.shark.aio.base.controller.InitFFmpeg$$EnhancerBySpringCGLIB$$33b8465c.monitorFfmpegProcess(<generated>)
	at sun.reflect.NativeMethodAccessorImpl.invoke0(Native Method)
	at sun.reflect.NativeMethodAccessorImpl.invoke(NativeMethodAccessorImpl.java:62)
	at sun.reflect.DelegatingMethodAccessorImpl.invoke(DelegatingMethodAccessorImpl.java:43)
	at java.lang.reflect.Method.invoke(Method.java:498)
	at org.springframework.scheduling.support.ScheduledMethodRunnable.run(ScheduledMethodRunnable.java:84)
	at org.springframework.scheduling.support.DelegatingErrorHandlingRunnable.run(DelegatingErrorHandlingRunnable.java:54)
	at org.springframework.scheduling.concurrent.ReschedulingRunnable.run(ReschedulingRunnable.java:95)
	at java.util.concurrent.Executors$RunnableAdapter.call(Executors.java:511)
	at java.util.concurrent.FutureTask.run(FutureTask.java:266)
	at java.util.concurrent.ScheduledThreadPoolExecutor$ScheduledFutureTask.access$201(ScheduledThreadPoolExecutor.java:180)
	at java.util.concurrent.ScheduledThreadPoolExecutor$ScheduledFutureTask.run(ScheduledThreadPoolExecutor.java:293)
	at java.util.concurrent.ThreadPoolExecutor.runWorker(ThreadPoolExecutor.java:1149)
	at java.util.concurrent.ThreadPoolExecutor$Worker.run(ThreadPoolExecutor.java:624)
	at java.lang.Thread.run(Thread.java:750)
Caused by: org.bytedeco.javacv.FrameGrabber$Exception: avformat_open_input() error -1482175992: Could not open input "rtsp://admin:lbx123456@192.168.0.3:554". (Has setFormat() been called?)
	at org.bytedeco.javacv.FFmpegFrameGrabber.startUnsafe(FFmpegFrameGrabber.java:876)
	at org.bytedeco.javacv.FFmpegFrameGrabber.start(FFmpegFrameGrabber.java:801)
	at org.bytedeco.javacv.FFmpegFrameGrabber.start(FFmpegFrameGrabber.java:796)
	at com.shark.aio.data.video.service.ImageRecorderService.run(ImageRecorderService.java:107)
	at java.util.concurrent.Executors$RunnableAdapter.call(Executors.java:511)
	at java.util.concurrent.FutureTask.run(FutureTask.java:266)
	... 3 common frames omitted
2024-08-28 17:09:20.014 [,] [scheduling-1] ERROR o.s.s.s.TaskUtils$LoggingErrorHandler - [handleError,95] - Unexpected error occurred in scheduled task
java.util.concurrent.ExecutionException: org.bytedeco.javacv.FrameGrabber$Exception: avformat_open_input() error -1482175992: Could not open input "rtsp://admin:lbx123456@192.168.0.3:554". (Has setFormat() been called?)
	at java.util.concurrent.FutureTask.report(FutureTask.java:122)
	at java.util.concurrent.FutureTask.get(FutureTask.java:192)
	at com.shark.aio.base.controller.InitFFmpeg.monitorFfmpegProcess(InitFFmpeg.java:106)
	at com.shark.aio.base.controller.InitFFmpeg$$FastClassBySpringCGLIB$$6f28da27.invoke(<generated>)
	at org.springframework.cglib.proxy.MethodProxy.invoke(MethodProxy.java:218)
	at org.springframework.aop.framework.CglibAopProxy$CglibMethodInvocation.invokeJoinpoint(CglibAopProxy.java:793)
	at org.springframework.aop.framework.ReflectiveMethodInvocation.proceed(ReflectiveMethodInvocation.java:163)
	at org.springframework.aop.framework.CglibAopProxy$CglibMethodInvocation.proceed(CglibAopProxy.java:763)
	at org.springframework.aop.framework.adapter.MethodBeforeAdviceInterceptor.invoke(MethodBeforeAdviceInterceptor.java:58)
	at org.springframework.aop.framework.ReflectiveMethodInvocation.proceed(ReflectiveMethodInvocation.java:186)
	at org.springframework.aop.framework.CglibAopProxy$CglibMethodInvocation.proceed(CglibAopProxy.java:763)
	at org.springframework.aop.interceptor.ExposeInvocationInterceptor.invoke(ExposeInvocationInterceptor.java:97)
	at org.springframework.aop.framework.ReflectiveMethodInvocation.proceed(ReflectiveMethodInvocation.java:186)
	at org.springframework.aop.framework.CglibAopProxy$CglibMethodInvocation.proceed(CglibAopProxy.java:763)
	at org.springframework.aop.framework.CglibAopProxy$DynamicAdvisedInterceptor.intercept(CglibAopProxy.java:708)
	at com.shark.aio.base.controller.InitFFmpeg$$EnhancerBySpringCGLIB$$33b8465c.monitorFfmpegProcess(<generated>)
	at sun.reflect.NativeMethodAccessorImpl.invoke0(Native Method)
	at sun.reflect.NativeMethodAccessorImpl.invoke(NativeMethodAccessorImpl.java:62)
	at sun.reflect.DelegatingMethodAccessorImpl.invoke(DelegatingMethodAccessorImpl.java:43)
	at java.lang.reflect.Method.invoke(Method.java:498)
	at org.springframework.scheduling.support.ScheduledMethodRunnable.run(ScheduledMethodRunnable.java:84)
	at org.springframework.scheduling.support.DelegatingErrorHandlingRunnable.run(DelegatingErrorHandlingRunnable.java:54)
	at org.springframework.scheduling.concurrent.ReschedulingRunnable.run(ReschedulingRunnable.java:95)
	at java.util.concurrent.Executors$RunnableAdapter.call(Executors.java:511)
	at java.util.concurrent.FutureTask.run(FutureTask.java:266)
	at java.util.concurrent.ScheduledThreadPoolExecutor$ScheduledFutureTask.access$201(ScheduledThreadPoolExecutor.java:180)
	at java.util.concurrent.ScheduledThreadPoolExecutor$ScheduledFutureTask.run(ScheduledThreadPoolExecutor.java:293)
	at java.util.concurrent.ThreadPoolExecutor.runWorker(ThreadPoolExecutor.java:1149)
	at java.util.concurrent.ThreadPoolExecutor$Worker.run(ThreadPoolExecutor.java:624)
	at java.lang.Thread.run(Thread.java:750)
Caused by: org.bytedeco.javacv.FrameGrabber$Exception: avformat_open_input() error -1482175992: Could not open input "rtsp://admin:lbx123456@192.168.0.3:554". (Has setFormat() been called?)
	at org.bytedeco.javacv.FFmpegFrameGrabber.startUnsafe(FFmpegFrameGrabber.java:876)
	at org.bytedeco.javacv.FFmpegFrameGrabber.start(FFmpegFrameGrabber.java:801)
	at org.bytedeco.javacv.FFmpegFrameGrabber.start(FFmpegFrameGrabber.java:796)
	at com.shark.aio.data.video.service.ImageRecorderService.run(ImageRecorderService.java:107)
	at java.util.concurrent.Executors$RunnableAdapter.call(Executors.java:511)
	at java.util.concurrent.FutureTask.run(FutureTask.java:266)
	... 3 common frames omitted
2024-08-28 17:09:30.012 [,] [scheduling-1] ERROR o.s.s.s.TaskUtils$LoggingErrorHandler - [handleError,95] - Unexpected error occurred in scheduled task
java.util.concurrent.ExecutionException: org.bytedeco.javacv.FrameGrabber$Exception: avformat_open_input() error -1482175992: Could not open input "rtsp://admin:lbx123456@192.168.0.3:554". (Has setFormat() been called?)
	at java.util.concurrent.FutureTask.report(FutureTask.java:122)
	at java.util.concurrent.FutureTask.get(FutureTask.java:192)
	at com.shark.aio.base.controller.InitFFmpeg.monitorFfmpegProcess(InitFFmpeg.java:106)
	at com.shark.aio.base.controller.InitFFmpeg$$FastClassBySpringCGLIB$$6f28da27.invoke(<generated>)
	at org.springframework.cglib.proxy.MethodProxy.invoke(MethodProxy.java:218)
	at org.springframework.aop.framework.CglibAopProxy$CglibMethodInvocation.invokeJoinpoint(CglibAopProxy.java:793)
	at org.springframework.aop.framework.ReflectiveMethodInvocation.proceed(ReflectiveMethodInvocation.java:163)
	at org.springframework.aop.framework.CglibAopProxy$CglibMethodInvocation.proceed(CglibAopProxy.java:763)
	at org.springframework.aop.framework.adapter.MethodBeforeAdviceInterceptor.invoke(MethodBeforeAdviceInterceptor.java:58)
	at org.springframework.aop.framework.ReflectiveMethodInvocation.proceed(ReflectiveMethodInvocation.java:186)
	at org.springframework.aop.framework.CglibAopProxy$CglibMethodInvocation.proceed(CglibAopProxy.java:763)
	at org.springframework.aop.interceptor.ExposeInvocationInterceptor.invoke(ExposeInvocationInterceptor.java:97)
	at org.springframework.aop.framework.ReflectiveMethodInvocation.proceed(ReflectiveMethodInvocation.java:186)
	at org.springframework.aop.framework.CglibAopProxy$CglibMethodInvocation.proceed(CglibAopProxy.java:763)
	at org.springframework.aop.framework.CglibAopProxy$DynamicAdvisedInterceptor.intercept(CglibAopProxy.java:708)
	at com.shark.aio.base.controller.InitFFmpeg$$EnhancerBySpringCGLIB$$33b8465c.monitorFfmpegProcess(<generated>)
	at sun.reflect.NativeMethodAccessorImpl.invoke0(Native Method)
	at sun.reflect.NativeMethodAccessorImpl.invoke(NativeMethodAccessorImpl.java:62)
	at sun.reflect.DelegatingMethodAccessorImpl.invoke(DelegatingMethodAccessorImpl.java:43)
	at java.lang.reflect.Method.invoke(Method.java:498)
	at org.springframework.scheduling.support.ScheduledMethodRunnable.run(ScheduledMethodRunnable.java:84)
	at org.springframework.scheduling.support.DelegatingErrorHandlingRunnable.run(DelegatingErrorHandlingRunnable.java:54)
	at org.springframework.scheduling.concurrent.ReschedulingRunnable.run(ReschedulingRunnable.java:95)
	at java.util.concurrent.Executors$RunnableAdapter.call(Executors.java:511)
	at java.util.concurrent.FutureTask.run(FutureTask.java:266)
	at java.util.concurrent.ScheduledThreadPoolExecutor$ScheduledFutureTask.access$201(ScheduledThreadPoolExecutor.java:180)
	at java.util.concurrent.ScheduledThreadPoolExecutor$ScheduledFutureTask.run(ScheduledThreadPoolExecutor.java:293)
	at java.util.concurrent.ThreadPoolExecutor.runWorker(ThreadPoolExecutor.java:1149)
	at java.util.concurrent.ThreadPoolExecutor$Worker.run(ThreadPoolExecutor.java:624)
	at java.lang.Thread.run(Thread.java:750)
Caused by: org.bytedeco.javacv.FrameGrabber$Exception: avformat_open_input() error -1482175992: Could not open input "rtsp://admin:lbx123456@192.168.0.3:554". (Has setFormat() been called?)
	at org.bytedeco.javacv.FFmpegFrameGrabber.startUnsafe(FFmpegFrameGrabber.java:876)
	at org.bytedeco.javacv.FFmpegFrameGrabber.start(FFmpegFrameGrabber.java:801)
	at org.bytedeco.javacv.FFmpegFrameGrabber.start(FFmpegFrameGrabber.java:796)
	at com.shark.aio.data.video.service.ImageRecorderService.run(ImageRecorderService.java:107)
	at java.util.concurrent.Executors$RunnableAdapter.call(Executors.java:511)
	at java.util.concurrent.FutureTask.run(FutureTask.java:266)
	... 3 common frames omitted
2024-08-28 17:09:40.006 [,] [scheduling-1] ERROR o.s.s.s.TaskUtils$LoggingErrorHandler - [handleError,95] - Unexpected error occurred in scheduled task
java.util.concurrent.ExecutionException: org.bytedeco.javacv.FrameGrabber$Exception: avformat_open_input() error -1482175992: Could not open input "rtsp://admin:lbx123456@192.168.0.3:554". (Has setFormat() been called?)
	at java.util.concurrent.FutureTask.report(FutureTask.java:122)
	at java.util.concurrent.FutureTask.get(FutureTask.java:192)
	at com.shark.aio.base.controller.InitFFmpeg.monitorFfmpegProcess(InitFFmpeg.java:106)
	at com.shark.aio.base.controller.InitFFmpeg$$FastClassBySpringCGLIB$$6f28da27.invoke(<generated>)
	at org.springframework.cglib.proxy.MethodProxy.invoke(MethodProxy.java:218)
	at org.springframework.aop.framework.CglibAopProxy$CglibMethodInvocation.invokeJoinpoint(CglibAopProxy.java:793)
	at org.springframework.aop.framework.ReflectiveMethodInvocation.proceed(ReflectiveMethodInvocation.java:163)
	at org.springframework.aop.framework.CglibAopProxy$CglibMethodInvocation.proceed(CglibAopProxy.java:763)
	at org.springframework.aop.framework.adapter.MethodBeforeAdviceInterceptor.invoke(MethodBeforeAdviceInterceptor.java:58)
	at org.springframework.aop.framework.ReflectiveMethodInvocation.proceed(ReflectiveMethodInvocation.java:186)
	at org.springframework.aop.framework.CglibAopProxy$CglibMethodInvocation.proceed(CglibAopProxy.java:763)
	at org.springframework.aop.interceptor.ExposeInvocationInterceptor.invoke(ExposeInvocationInterceptor.java:97)
	at org.springframework.aop.framework.ReflectiveMethodInvocation.proceed(ReflectiveMethodInvocation.java:186)
	at org.springframework.aop.framework.CglibAopProxy$CglibMethodInvocation.proceed(CglibAopProxy.java:763)
	at org.springframework.aop.framework.CglibAopProxy$DynamicAdvisedInterceptor.intercept(CglibAopProxy.java:708)
	at com.shark.aio.base.controller.InitFFmpeg$$EnhancerBySpringCGLIB$$33b8465c.monitorFfmpegProcess(<generated>)
	at sun.reflect.NativeMethodAccessorImpl.invoke0(Native Method)
	at sun.reflect.NativeMethodAccessorImpl.invoke(NativeMethodAccessorImpl.java:62)
	at sun.reflect.DelegatingMethodAccessorImpl.invoke(DelegatingMethodAccessorImpl.java:43)
	at java.lang.reflect.Method.invoke(Method.java:498)
	at org.springframework.scheduling.support.ScheduledMethodRunnable.run(ScheduledMethodRunnable.java:84)
	at org.springframework.scheduling.support.DelegatingErrorHandlingRunnable.run(DelegatingErrorHandlingRunnable.java:54)
	at org.springframework.scheduling.concurrent.ReschedulingRunnable.run(ReschedulingRunnable.java:95)
	at java.util.concurrent.Executors$RunnableAdapter.call(Executors.java:511)
	at java.util.concurrent.FutureTask.run(FutureTask.java:266)
	at java.util.concurrent.ScheduledThreadPoolExecutor$ScheduledFutureTask.access$201(ScheduledThreadPoolExecutor.java:180)
	at java.util.concurrent.ScheduledThreadPoolExecutor$ScheduledFutureTask.run(ScheduledThreadPoolExecutor.java:293)
	at java.util.concurrent.ThreadPoolExecutor.runWorker(ThreadPoolExecutor.java:1149)
	at java.util.concurrent.ThreadPoolExecutor$Worker.run(ThreadPoolExecutor.java:624)
	at java.lang.Thread.run(Thread.java:750)
Caused by: org.bytedeco.javacv.FrameGrabber$Exception: avformat_open_input() error -1482175992: Could not open input "rtsp://admin:lbx123456@192.168.0.3:554". (Has setFormat() been called?)
	at org.bytedeco.javacv.FFmpegFrameGrabber.startUnsafe(FFmpegFrameGrabber.java:876)
	at org.bytedeco.javacv.FFmpegFrameGrabber.start(FFmpegFrameGrabber.java:801)
	at org.bytedeco.javacv.FFmpegFrameGrabber.start(FFmpegFrameGrabber.java:796)
	at com.shark.aio.data.video.service.ImageRecorderService.run(ImageRecorderService.java:107)
	at java.util.concurrent.Executors$RunnableAdapter.call(Executors.java:511)
	at java.util.concurrent.FutureTask.run(FutureTask.java:266)
	... 3 common frames omitted
2024-08-28 17:09:50.008 [,] [scheduling-1] ERROR o.s.s.s.TaskUtils$LoggingErrorHandler - [handleError,95] - Unexpected error occurred in scheduled task
java.util.concurrent.ExecutionException: org.bytedeco.javacv.FrameGrabber$Exception: avformat_open_input() error -1482175992: Could not open input "rtsp://admin:lbx123456@192.168.0.3:554". (Has setFormat() been called?)
	at java.util.concurrent.FutureTask.report(FutureTask.java:122)
	at java.util.concurrent.FutureTask.get(FutureTask.java:192)
	at com.shark.aio.base.controller.InitFFmpeg.monitorFfmpegProcess(InitFFmpeg.java:106)
	at com.shark.aio.base.controller.InitFFmpeg$$FastClassBySpringCGLIB$$6f28da27.invoke(<generated>)
	at org.springframework.cglib.proxy.MethodProxy.invoke(MethodProxy.java:218)
	at org.springframework.aop.framework.CglibAopProxy$CglibMethodInvocation.invokeJoinpoint(CglibAopProxy.java:793)
	at org.springframework.aop.framework.ReflectiveMethodInvocation.proceed(ReflectiveMethodInvocation.java:163)
	at org.springframework.aop.framework.CglibAopProxy$CglibMethodInvocation.proceed(CglibAopProxy.java:763)
	at org.springframework.aop.framework.adapter.MethodBeforeAdviceInterceptor.invoke(MethodBeforeAdviceInterceptor.java:58)
	at org.springframework.aop.framework.ReflectiveMethodInvocation.proceed(ReflectiveMethodInvocation.java:186)
	at org.springframework.aop.framework.CglibAopProxy$CglibMethodInvocation.proceed(CglibAopProxy.java:763)
	at org.springframework.aop.interceptor.ExposeInvocationInterceptor.invoke(ExposeInvocationInterceptor.java:97)
	at org.springframework.aop.framework.ReflectiveMethodInvocation.proceed(ReflectiveMethodInvocation.java:186)
	at org.springframework.aop.framework.CglibAopProxy$CglibMethodInvocation.proceed(CglibAopProxy.java:763)
	at org.springframework.aop.framework.CglibAopProxy$DynamicAdvisedInterceptor.intercept(CglibAopProxy.java:708)
	at com.shark.aio.base.controller.InitFFmpeg$$EnhancerBySpringCGLIB$$33b8465c.monitorFfmpegProcess(<generated>)
	at sun.reflect.NativeMethodAccessorImpl.invoke0(Native Method)
	at sun.reflect.NativeMethodAccessorImpl.invoke(NativeMethodAccessorImpl.java:62)
	at sun.reflect.DelegatingMethodAccessorImpl.invoke(DelegatingMethodAccessorImpl.java:43)
	at java.lang.reflect.Method.invoke(Method.java:498)
	at org.springframework.scheduling.support.ScheduledMethodRunnable.run(ScheduledMethodRunnable.java:84)
	at org.springframework.scheduling.support.DelegatingErrorHandlingRunnable.run(DelegatingErrorHandlingRunnable.java:54)
	at org.springframework.scheduling.concurrent.ReschedulingRunnable.run(ReschedulingRunnable.java:95)
	at java.util.concurrent.Executors$RunnableAdapter.call(Executors.java:511)
	at java.util.concurrent.FutureTask.run(FutureTask.java:266)
	at java.util.concurrent.ScheduledThreadPoolExecutor$ScheduledFutureTask.access$201(ScheduledThreadPoolExecutor.java:180)
	at java.util.concurrent.ScheduledThreadPoolExecutor$ScheduledFutureTask.run(ScheduledThreadPoolExecutor.java:293)
	at java.util.concurrent.ThreadPoolExecutor.runWorker(ThreadPoolExecutor.java:1149)
	at java.util.concurrent.ThreadPoolExecutor$Worker.run(ThreadPoolExecutor.java:624)
	at java.lang.Thread.run(Thread.java:750)
Caused by: org.bytedeco.javacv.FrameGrabber$Exception: avformat_open_input() error -1482175992: Could not open input "rtsp://admin:lbx123456@192.168.0.3:554". (Has setFormat() been called?)
	at org.bytedeco.javacv.FFmpegFrameGrabber.startUnsafe(FFmpegFrameGrabber.java:876)
	at org.bytedeco.javacv.FFmpegFrameGrabber.start(FFmpegFrameGrabber.java:801)
	at org.bytedeco.javacv.FFmpegFrameGrabber.start(FFmpegFrameGrabber.java:796)
	at com.shark.aio.data.video.service.ImageRecorderService.run(ImageRecorderService.java:107)
	at java.util.concurrent.Executors$RunnableAdapter.call(Executors.java:511)
	at java.util.concurrent.FutureTask.run(FutureTask.java:266)
	... 3 common frames omitted
2024-08-28 17:10:00.006 [,] [scheduling-1] ERROR o.s.s.s.TaskUtils$LoggingErrorHandler - [handleError,95] - Unexpected error occurred in scheduled task
java.util.concurrent.ExecutionException: org.bytedeco.javacv.FrameGrabber$Exception: avformat_open_input() error -1482175992: Could not open input "rtsp://admin:lbx123456@192.168.0.3:554". (Has setFormat() been called?)
	at java.util.concurrent.FutureTask.report(FutureTask.java:122)
	at java.util.concurrent.FutureTask.get(FutureTask.java:192)
	at com.shark.aio.base.controller.InitFFmpeg.monitorFfmpegProcess(InitFFmpeg.java:106)
	at com.shark.aio.base.controller.InitFFmpeg$$FastClassBySpringCGLIB$$6f28da27.invoke(<generated>)
	at org.springframework.cglib.proxy.MethodProxy.invoke(MethodProxy.java:218)
	at org.springframework.aop.framework.CglibAopProxy$CglibMethodInvocation.invokeJoinpoint(CglibAopProxy.java:793)
	at org.springframework.aop.framework.ReflectiveMethodInvocation.proceed(ReflectiveMethodInvocation.java:163)
	at org.springframework.aop.framework.CglibAopProxy$CglibMethodInvocation.proceed(CglibAopProxy.java:763)
	at org.springframework.aop.framework.adapter.MethodBeforeAdviceInterceptor.invoke(MethodBeforeAdviceInterceptor.java:58)
	at org.springframework.aop.framework.ReflectiveMethodInvocation.proceed(ReflectiveMethodInvocation.java:186)
	at org.springframework.aop.framework.CglibAopProxy$CglibMethodInvocation.proceed(CglibAopProxy.java:763)
	at org.springframework.aop.interceptor.ExposeInvocationInterceptor.invoke(ExposeInvocationInterceptor.java:97)
	at org.springframework.aop.framework.ReflectiveMethodInvocation.proceed(ReflectiveMethodInvocation.java:186)
	at org.springframework.aop.framework.CglibAopProxy$CglibMethodInvocation.proceed(CglibAopProxy.java:763)
	at org.springframework.aop.framework.CglibAopProxy$DynamicAdvisedInterceptor.intercept(CglibAopProxy.java:708)
	at com.shark.aio.base.controller.InitFFmpeg$$EnhancerBySpringCGLIB$$33b8465c.monitorFfmpegProcess(<generated>)
	at sun.reflect.GeneratedMethodAccessor78.invoke(Unknown Source)
	at sun.reflect.DelegatingMethodAccessorImpl.invoke(DelegatingMethodAccessorImpl.java:43)
	at java.lang.reflect.Method.invoke(Method.java:498)
	at org.springframework.scheduling.support.ScheduledMethodRunnable.run(ScheduledMethodRunnable.java:84)
	at org.springframework.scheduling.support.DelegatingErrorHandlingRunnable.run(DelegatingErrorHandlingRunnable.java:54)
	at org.springframework.scheduling.concurrent.ReschedulingRunnable.run(ReschedulingRunnable.java:95)
	at java.util.concurrent.Executors$RunnableAdapter.call(Executors.java:511)
	at java.util.concurrent.FutureTask.run(FutureTask.java:266)
	at java.util.concurrent.ScheduledThreadPoolExecutor$ScheduledFutureTask.access$201(ScheduledThreadPoolExecutor.java:180)
	at java.util.concurrent.ScheduledThreadPoolExecutor$ScheduledFutureTask.run(ScheduledThreadPoolExecutor.java:293)
	at java.util.concurrent.ThreadPoolExecutor.runWorker(ThreadPoolExecutor.java:1149)
	at java.util.concurrent.ThreadPoolExecutor$Worker.run(ThreadPoolExecutor.java:624)
	at java.lang.Thread.run(Thread.java:750)
Caused by: org.bytedeco.javacv.FrameGrabber$Exception: avformat_open_input() error -1482175992: Could not open input "rtsp://admin:lbx123456@192.168.0.3:554". (Has setFormat() been called?)
	at org.bytedeco.javacv.FFmpegFrameGrabber.startUnsafe(FFmpegFrameGrabber.java:876)
	at org.bytedeco.javacv.FFmpegFrameGrabber.start(FFmpegFrameGrabber.java:801)
	at org.bytedeco.javacv.FFmpegFrameGrabber.start(FFmpegFrameGrabber.java:796)
	at com.shark.aio.data.video.service.ImageRecorderService.run(ImageRecorderService.java:107)
	at java.util.concurrent.Executors$RunnableAdapter.call(Executors.java:511)
	at java.util.concurrent.FutureTask.run(FutureTask.java:266)
	... 3 common frames omitted
2024-08-28 17:10:10.014 [,] [scheduling-1] ERROR o.s.s.s.TaskUtils$LoggingErrorHandler - [handleError,95] - Unexpected error occurred in scheduled task
java.util.concurrent.ExecutionException: org.bytedeco.javacv.FrameGrabber$Exception: avformat_open_input() error -1482175992: Could not open input "rtsp://admin:lbx123456@192.168.0.3:554". (Has setFormat() been called?)
	at java.util.concurrent.FutureTask.report(FutureTask.java:122)
	at java.util.concurrent.FutureTask.get(FutureTask.java:192)
	at com.shark.aio.base.controller.InitFFmpeg.monitorFfmpegProcess(InitFFmpeg.java:106)
	at com.shark.aio.base.controller.InitFFmpeg$$FastClassBySpringCGLIB$$6f28da27.invoke(<generated>)
	at org.springframework.cglib.proxy.MethodProxy.invoke(MethodProxy.java:218)
	at org.springframework.aop.framework.CglibAopProxy$CglibMethodInvocation.invokeJoinpoint(CglibAopProxy.java:793)
	at org.springframework.aop.framework.ReflectiveMethodInvocation.proceed(ReflectiveMethodInvocation.java:163)
	at org.springframework.aop.framework.CglibAopProxy$CglibMethodInvocation.proceed(CglibAopProxy.java:763)
	at org.springframework.aop.framework.adapter.MethodBeforeAdviceInterceptor.invoke(MethodBeforeAdviceInterceptor.java:58)
	at org.springframework.aop.framework.ReflectiveMethodInvocation.proceed(ReflectiveMethodInvocation.java:186)
	at org.springframework.aop.framework.CglibAopProxy$CglibMethodInvocation.proceed(CglibAopProxy.java:763)
	at org.springframework.aop.interceptor.ExposeInvocationInterceptor.invoke(ExposeInvocationInterceptor.java:97)
	at org.springframework.aop.framework.ReflectiveMethodInvocation.proceed(ReflectiveMethodInvocation.java:186)
	at org.springframework.aop.framework.CglibAopProxy$CglibMethodInvocation.proceed(CglibAopProxy.java:763)
	at org.springframework.aop.framework.CglibAopProxy$DynamicAdvisedInterceptor.intercept(CglibAopProxy.java:708)
	at com.shark.aio.base.controller.InitFFmpeg$$EnhancerBySpringCGLIB$$33b8465c.monitorFfmpegProcess(<generated>)
	at sun.reflect.GeneratedMethodAccessor78.invoke(Unknown Source)
	at sun.reflect.DelegatingMethodAccessorImpl.invoke(DelegatingMethodAccessorImpl.java:43)
	at java.lang.reflect.Method.invoke(Method.java:498)
	at org.springframework.scheduling.support.ScheduledMethodRunnable.run(ScheduledMethodRunnable.java:84)
	at org.springframework.scheduling.support.DelegatingErrorHandlingRunnable.run(DelegatingErrorHandlingRunnable.java:54)
	at org.springframework.scheduling.concurrent.ReschedulingRunnable.run(ReschedulingRunnable.java:95)
	at java.util.concurrent.Executors$RunnableAdapter.call(Executors.java:511)
	at java.util.concurrent.FutureTask.run(FutureTask.java:266)
	at java.util.concurrent.ScheduledThreadPoolExecutor$ScheduledFutureTask.access$201(ScheduledThreadPoolExecutor.java:180)
	at java.util.concurrent.ScheduledThreadPoolExecutor$ScheduledFutureTask.run(ScheduledThreadPoolExecutor.java:293)
	at java.util.concurrent.ThreadPoolExecutor.runWorker(ThreadPoolExecutor.java:1149)
	at java.util.concurrent.ThreadPoolExecutor$Worker.run(ThreadPoolExecutor.java:624)
	at java.lang.Thread.run(Thread.java:750)
Caused by: org.bytedeco.javacv.FrameGrabber$Exception: avformat_open_input() error -1482175992: Could not open input "rtsp://admin:lbx123456@192.168.0.3:554". (Has setFormat() been called?)
	at org.bytedeco.javacv.FFmpegFrameGrabber.startUnsafe(FFmpegFrameGrabber.java:876)
	at org.bytedeco.javacv.FFmpegFrameGrabber.start(FFmpegFrameGrabber.java:801)
	at org.bytedeco.javacv.FFmpegFrameGrabber.start(FFmpegFrameGrabber.java:796)
	at com.shark.aio.data.video.service.ImageRecorderService.run(ImageRecorderService.java:107)
	at java.util.concurrent.Executors$RunnableAdapter.call(Executors.java:511)
	at java.util.concurrent.FutureTask.run(FutureTask.java:266)
	... 3 common frames omitted
2024-08-28 17:10:20.003 [,] [scheduling-1] ERROR o.s.s.s.TaskUtils$LoggingErrorHandler - [handleError,95] - Unexpected error occurred in scheduled task
java.util.concurrent.ExecutionException: org.bytedeco.javacv.FrameGrabber$Exception: avformat_open_input() error -1482175992: Could not open input "rtsp://admin:lbx123456@192.168.0.3:554". (Has setFormat() been called?)
	at java.util.concurrent.FutureTask.report(FutureTask.java:122)
	at java.util.concurrent.FutureTask.get(FutureTask.java:192)
	at com.shark.aio.base.controller.InitFFmpeg.monitorFfmpegProcess(InitFFmpeg.java:106)
	at com.shark.aio.base.controller.InitFFmpeg$$FastClassBySpringCGLIB$$6f28da27.invoke(<generated>)
	at org.springframework.cglib.proxy.MethodProxy.invoke(MethodProxy.java:218)
	at org.springframework.aop.framework.CglibAopProxy$CglibMethodInvocation.invokeJoinpoint(CglibAopProxy.java:793)
	at org.springframework.aop.framework.ReflectiveMethodInvocation.proceed(ReflectiveMethodInvocation.java:163)
	at org.springframework.aop.framework.CglibAopProxy$CglibMethodInvocation.proceed(CglibAopProxy.java:763)
	at org.springframework.aop.framework.adapter.MethodBeforeAdviceInterceptor.invoke(MethodBeforeAdviceInterceptor.java:58)
	at org.springframework.aop.framework.ReflectiveMethodInvocation.proceed(ReflectiveMethodInvocation.java:186)
	at org.springframework.aop.framework.CglibAopProxy$CglibMethodInvocation.proceed(CglibAopProxy.java:763)
	at org.springframework.aop.interceptor.ExposeInvocationInterceptor.invoke(ExposeInvocationInterceptor.java:97)
	at org.springframework.aop.framework.ReflectiveMethodInvocation.proceed(ReflectiveMethodInvocation.java:186)
	at org.springframework.aop.framework.CglibAopProxy$CglibMethodInvocation.proceed(CglibAopProxy.java:763)
	at org.springframework.aop.framework.CglibAopProxy$DynamicAdvisedInterceptor.intercept(CglibAopProxy.java:708)
	at com.shark.aio.base.controller.InitFFmpeg$$EnhancerBySpringCGLIB$$33b8465c.monitorFfmpegProcess(<generated>)
	at sun.reflect.GeneratedMethodAccessor78.invoke(Unknown Source)
	at sun.reflect.DelegatingMethodAccessorImpl.invoke(DelegatingMethodAccessorImpl.java:43)
	at java.lang.reflect.Method.invoke(Method.java:498)
	at org.springframework.scheduling.support.ScheduledMethodRunnable.run(ScheduledMethodRunnable.java:84)
	at org.springframework.scheduling.support.DelegatingErrorHandlingRunnable.run(DelegatingErrorHandlingRunnable.java:54)
	at org.springframework.scheduling.concurrent.ReschedulingRunnable.run(ReschedulingRunnable.java:95)
	at java.util.concurrent.Executors$RunnableAdapter.call(Executors.java:511)
	at java.util.concurrent.FutureTask.run(FutureTask.java:266)
	at java.util.concurrent.ScheduledThreadPoolExecutor$ScheduledFutureTask.access$201(ScheduledThreadPoolExecutor.java:180)
	at java.util.concurrent.ScheduledThreadPoolExecutor$ScheduledFutureTask.run(ScheduledThreadPoolExecutor.java:293)
	at java.util.concurrent.ThreadPoolExecutor.runWorker(ThreadPoolExecutor.java:1149)
	at java.util.concurrent.ThreadPoolExecutor$Worker.run(ThreadPoolExecutor.java:624)
	at java.lang.Thread.run(Thread.java:750)
Caused by: org.bytedeco.javacv.FrameGrabber$Exception: avformat_open_input() error -1482175992: Could not open input "rtsp://admin:lbx123456@192.168.0.3:554". (Has setFormat() been called?)
	at org.bytedeco.javacv.FFmpegFrameGrabber.startUnsafe(FFmpegFrameGrabber.java:876)
	at org.bytedeco.javacv.FFmpegFrameGrabber.start(FFmpegFrameGrabber.java:801)
	at org.bytedeco.javacv.FFmpegFrameGrabber.start(FFmpegFrameGrabber.java:796)
	at com.shark.aio.data.video.service.ImageRecorderService.run(ImageRecorderService.java:107)
	at java.util.concurrent.Executors$RunnableAdapter.call(Executors.java:511)
	at java.util.concurrent.FutureTask.run(FutureTask.java:266)
	... 3 common frames omitted
2024-08-28 17:10:30.001 [,] [scheduling-1] ERROR o.s.s.s.TaskUtils$LoggingErrorHandler - [handleError,95] - Unexpected error occurred in scheduled task
java.util.concurrent.ExecutionException: org.bytedeco.javacv.FrameGrabber$Exception: avformat_open_input() error -1482175992: Could not open input "rtsp://admin:lbx123456@192.168.0.3:554". (Has setFormat() been called?)
	at java.util.concurrent.FutureTask.report(FutureTask.java:122)
	at java.util.concurrent.FutureTask.get(FutureTask.java:192)
	at com.shark.aio.base.controller.InitFFmpeg.monitorFfmpegProcess(InitFFmpeg.java:106)
	at com.shark.aio.base.controller.InitFFmpeg$$FastClassBySpringCGLIB$$6f28da27.invoke(<generated>)
	at org.springframework.cglib.proxy.MethodProxy.invoke(MethodProxy.java:218)
	at org.springframework.aop.framework.CglibAopProxy$CglibMethodInvocation.invokeJoinpoint(CglibAopProxy.java:793)
	at org.springframework.aop.framework.ReflectiveMethodInvocation.proceed(ReflectiveMethodInvocation.java:163)
	at org.springframework.aop.framework.CglibAopProxy$CglibMethodInvocation.proceed(CglibAopProxy.java:763)
	at org.springframework.aop.framework.adapter.MethodBeforeAdviceInterceptor.invoke(MethodBeforeAdviceInterceptor.java:58)
	at org.springframework.aop.framework.ReflectiveMethodInvocation.proceed(ReflectiveMethodInvocation.java:186)
	at org.springframework.aop.framework.CglibAopProxy$CglibMethodInvocation.proceed(CglibAopProxy.java:763)
	at org.springframework.aop.interceptor.ExposeInvocationInterceptor.invoke(ExposeInvocationInterceptor.java:97)
	at org.springframework.aop.framework.ReflectiveMethodInvocation.proceed(ReflectiveMethodInvocation.java:186)
	at org.springframework.aop.framework.CglibAopProxy$CglibMethodInvocation.proceed(CglibAopProxy.java:763)
	at org.springframework.aop.framework.CglibAopProxy$DynamicAdvisedInterceptor.intercept(CglibAopProxy.java:708)
	at com.shark.aio.base.controller.InitFFmpeg$$EnhancerBySpringCGLIB$$33b8465c.monitorFfmpegProcess(<generated>)
	at sun.reflect.GeneratedMethodAccessor78.invoke(Unknown Source)
	at sun.reflect.DelegatingMethodAccessorImpl.invoke(DelegatingMethodAccessorImpl.java:43)
	at java.lang.reflect.Method.invoke(Method.java:498)
	at org.springframework.scheduling.support.ScheduledMethodRunnable.run(ScheduledMethodRunnable.java:84)
	at org.springframework.scheduling.support.DelegatingErrorHandlingRunnable.run(DelegatingErrorHandlingRunnable.java:54)
	at org.springframework.scheduling.concurrent.ReschedulingRunnable.run(ReschedulingRunnable.java:95)
	at java.util.concurrent.Executors$RunnableAdapter.call(Executors.java:511)
	at java.util.concurrent.FutureTask.run(FutureTask.java:266)
	at java.util.concurrent.ScheduledThreadPoolExecutor$ScheduledFutureTask.access$201(ScheduledThreadPoolExecutor.java:180)
	at java.util.concurrent.ScheduledThreadPoolExecutor$ScheduledFutureTask.run(ScheduledThreadPoolExecutor.java:293)
	at java.util.concurrent.ThreadPoolExecutor.runWorker(ThreadPoolExecutor.java:1149)
	at java.util.concurrent.ThreadPoolExecutor$Worker.run(ThreadPoolExecutor.java:624)
	at java.lang.Thread.run(Thread.java:750)
Caused by: org.bytedeco.javacv.FrameGrabber$Exception: avformat_open_input() error -1482175992: Could not open input "rtsp://admin:lbx123456@192.168.0.3:554". (Has setFormat() been called?)
	at org.bytedeco.javacv.FFmpegFrameGrabber.startUnsafe(FFmpegFrameGrabber.java:876)
	at org.bytedeco.javacv.FFmpegFrameGrabber.start(FFmpegFrameGrabber.java:801)
	at org.bytedeco.javacv.FFmpegFrameGrabber.start(FFmpegFrameGrabber.java:796)
	at com.shark.aio.data.video.service.ImageRecorderService.run(ImageRecorderService.java:107)
	at java.util.concurrent.Executors$RunnableAdapter.call(Executors.java:511)
	at java.util.concurrent.FutureTask.run(FutureTask.java:266)
	... 3 common frames omitted
2024-08-28 17:10:40.011 [,] [scheduling-1] ERROR o.s.s.s.TaskUtils$LoggingErrorHandler - [handleError,95] - Unexpected error occurred in scheduled task
java.util.concurrent.ExecutionException: org.bytedeco.javacv.FrameGrabber$Exception: avformat_open_input() error -1482175992: Could not open input "rtsp://admin:lbx123456@192.168.0.3:554". (Has setFormat() been called?)
	at java.util.concurrent.FutureTask.report(FutureTask.java:122)
	at java.util.concurrent.FutureTask.get(FutureTask.java:192)
	at com.shark.aio.base.controller.InitFFmpeg.monitorFfmpegProcess(InitFFmpeg.java:106)
	at com.shark.aio.base.controller.InitFFmpeg$$FastClassBySpringCGLIB$$6f28da27.invoke(<generated>)
	at org.springframework.cglib.proxy.MethodProxy.invoke(MethodProxy.java:218)
	at org.springframework.aop.framework.CglibAopProxy$CglibMethodInvocation.invokeJoinpoint(CglibAopProxy.java:793)
	at org.springframework.aop.framework.ReflectiveMethodInvocation.proceed(ReflectiveMethodInvocation.java:163)
	at org.springframework.aop.framework.CglibAopProxy$CglibMethodInvocation.proceed(CglibAopProxy.java:763)
	at org.springframework.aop.framework.adapter.MethodBeforeAdviceInterceptor.invoke(MethodBeforeAdviceInterceptor.java:58)
	at org.springframework.aop.framework.ReflectiveMethodInvocation.proceed(ReflectiveMethodInvocation.java:186)
	at org.springframework.aop.framework.CglibAopProxy$CglibMethodInvocation.proceed(CglibAopProxy.java:763)
	at org.springframework.aop.interceptor.ExposeInvocationInterceptor.invoke(ExposeInvocationInterceptor.java:97)
	at org.springframework.aop.framework.ReflectiveMethodInvocation.proceed(ReflectiveMethodInvocation.java:186)
	at org.springframework.aop.framework.CglibAopProxy$CglibMethodInvocation.proceed(CglibAopProxy.java:763)
	at org.springframework.aop.framework.CglibAopProxy$DynamicAdvisedInterceptor.intercept(CglibAopProxy.java:708)
	at com.shark.aio.base.controller.InitFFmpeg$$EnhancerBySpringCGLIB$$33b8465c.monitorFfmpegProcess(<generated>)
	at sun.reflect.GeneratedMethodAccessor78.invoke(Unknown Source)
	at sun.reflect.DelegatingMethodAccessorImpl.invoke(DelegatingMethodAccessorImpl.java:43)
	at java.lang.reflect.Method.invoke(Method.java:498)
	at org.springframework.scheduling.support.ScheduledMethodRunnable.run(ScheduledMethodRunnable.java:84)
	at org.springframework.scheduling.support.DelegatingErrorHandlingRunnable.run(DelegatingErrorHandlingRunnable.java:54)
	at org.springframework.scheduling.concurrent.ReschedulingRunnable.run(ReschedulingRunnable.java:95)
	at java.util.concurrent.Executors$RunnableAdapter.call(Executors.java:511)
	at java.util.concurrent.FutureTask.run(FutureTask.java:266)
	at java.util.concurrent.ScheduledThreadPoolExecutor$ScheduledFutureTask.access$201(ScheduledThreadPoolExecutor.java:180)
	at java.util.concurrent.ScheduledThreadPoolExecutor$ScheduledFutureTask.run(ScheduledThreadPoolExecutor.java:293)
	at java.util.concurrent.ThreadPoolExecutor.runWorker(ThreadPoolExecutor.java:1149)
	at java.util.concurrent.ThreadPoolExecutor$Worker.run(ThreadPoolExecutor.java:624)
	at java.lang.Thread.run(Thread.java:750)
Caused by: org.bytedeco.javacv.FrameGrabber$Exception: avformat_open_input() error -1482175992: Could not open input "rtsp://admin:lbx123456@192.168.0.3:554". (Has setFormat() been called?)
	at org.bytedeco.javacv.FFmpegFrameGrabber.startUnsafe(FFmpegFrameGrabber.java:876)
	at org.bytedeco.javacv.FFmpegFrameGrabber.start(FFmpegFrameGrabber.java:801)
	at org.bytedeco.javacv.FFmpegFrameGrabber.start(FFmpegFrameGrabber.java:796)
	at com.shark.aio.data.video.service.ImageRecorderService.run(ImageRecorderService.java:107)
	at java.util.concurrent.Executors$RunnableAdapter.call(Executors.java:511)
	at java.util.concurrent.FutureTask.run(FutureTask.java:266)
	... 3 common frames omitted
2024-08-28 17:10:50.016 [,] [scheduling-1] ERROR o.s.s.s.TaskUtils$LoggingErrorHandler - [handleError,95] - Unexpected error occurred in scheduled task
java.util.concurrent.ExecutionException: org.bytedeco.javacv.FrameGrabber$Exception: avformat_open_input() error -1482175992: Could not open input "rtsp://admin:lbx123456@192.168.0.3:554". (Has setFormat() been called?)
	at java.util.concurrent.FutureTask.report(FutureTask.java:122)
	at java.util.concurrent.FutureTask.get(FutureTask.java:192)
	at com.shark.aio.base.controller.InitFFmpeg.monitorFfmpegProcess(InitFFmpeg.java:106)
	at com.shark.aio.base.controller.InitFFmpeg$$FastClassBySpringCGLIB$$6f28da27.invoke(<generated>)
	at org.springframework.cglib.proxy.MethodProxy.invoke(MethodProxy.java:218)
	at org.springframework.aop.framework.CglibAopProxy$CglibMethodInvocation.invokeJoinpoint(CglibAopProxy.java:793)
	at org.springframework.aop.framework.ReflectiveMethodInvocation.proceed(ReflectiveMethodInvocation.java:163)
	at org.springframework.aop.framework.CglibAopProxy$CglibMethodInvocation.proceed(CglibAopProxy.java:763)
	at org.springframework.aop.framework.adapter.MethodBeforeAdviceInterceptor.invoke(MethodBeforeAdviceInterceptor.java:58)
	at org.springframework.aop.framework.ReflectiveMethodInvocation.proceed(ReflectiveMethodInvocation.java:186)
	at org.springframework.aop.framework.CglibAopProxy$CglibMethodInvocation.proceed(CglibAopProxy.java:763)
	at org.springframework.aop.interceptor.ExposeInvocationInterceptor.invoke(ExposeInvocationInterceptor.java:97)
	at org.springframework.aop.framework.ReflectiveMethodInvocation.proceed(ReflectiveMethodInvocation.java:186)
	at org.springframework.aop.framework.CglibAopProxy$CglibMethodInvocation.proceed(CglibAopProxy.java:763)
	at org.springframework.aop.framework.CglibAopProxy$DynamicAdvisedInterceptor.intercept(CglibAopProxy.java:708)
	at com.shark.aio.base.controller.InitFFmpeg$$EnhancerBySpringCGLIB$$33b8465c.monitorFfmpegProcess(<generated>)
	at sun.reflect.GeneratedMethodAccessor78.invoke(Unknown Source)
	at sun.reflect.DelegatingMethodAccessorImpl.invoke(DelegatingMethodAccessorImpl.java:43)
	at java.lang.reflect.Method.invoke(Method.java:498)
	at org.springframework.scheduling.support.ScheduledMethodRunnable.run(ScheduledMethodRunnable.java:84)
	at org.springframework.scheduling.support.DelegatingErrorHandlingRunnable.run(DelegatingErrorHandlingRunnable.java:54)
	at org.springframework.scheduling.concurrent.ReschedulingRunnable.run(ReschedulingRunnable.java:95)
	at java.util.concurrent.Executors$RunnableAdapter.call(Executors.java:511)
	at java.util.concurrent.FutureTask.run(FutureTask.java:266)
	at java.util.concurrent.ScheduledThreadPoolExecutor$ScheduledFutureTask.access$201(ScheduledThreadPoolExecutor.java:180)
	at java.util.concurrent.ScheduledThreadPoolExecutor$ScheduledFutureTask.run(ScheduledThreadPoolExecutor.java:293)
	at java.util.concurrent.ThreadPoolExecutor.runWorker(ThreadPoolExecutor.java:1149)
	at java.util.concurrent.ThreadPoolExecutor$Worker.run(ThreadPoolExecutor.java:624)
	at java.lang.Thread.run(Thread.java:750)
Caused by: org.bytedeco.javacv.FrameGrabber$Exception: avformat_open_input() error -1482175992: Could not open input "rtsp://admin:lbx123456@192.168.0.3:554". (Has setFormat() been called?)
	at org.bytedeco.javacv.FFmpegFrameGrabber.startUnsafe(FFmpegFrameGrabber.java:876)
	at org.bytedeco.javacv.FFmpegFrameGrabber.start(FFmpegFrameGrabber.java:801)
	at org.bytedeco.javacv.FFmpegFrameGrabber.start(FFmpegFrameGrabber.java:796)
	at com.shark.aio.data.video.service.ImageRecorderService.run(ImageRecorderService.java:107)
	at java.util.concurrent.Executors$RunnableAdapter.call(Executors.java:511)
	at java.util.concurrent.FutureTask.run(FutureTask.java:266)
	... 3 common frames omitted
2024-08-28 17:11:00.003 [,] [scheduling-1] ERROR o.s.s.s.TaskUtils$LoggingErrorHandler - [handleError,95] - Unexpected error occurred in scheduled task
java.util.concurrent.ExecutionException: org.bytedeco.javacv.FrameGrabber$Exception: avformat_open_input() error -1482175992: Could not open input "rtsp://admin:lbx123456@192.168.0.3:554". (Has setFormat() been called?)
	at java.util.concurrent.FutureTask.report(FutureTask.java:122)
	at java.util.concurrent.FutureTask.get(FutureTask.java:192)
	at com.shark.aio.base.controller.InitFFmpeg.monitorFfmpegProcess(InitFFmpeg.java:106)
	at com.shark.aio.base.controller.InitFFmpeg$$FastClassBySpringCGLIB$$6f28da27.invoke(<generated>)
	at org.springframework.cglib.proxy.MethodProxy.invoke(MethodProxy.java:218)
	at org.springframework.aop.framework.CglibAopProxy$CglibMethodInvocation.invokeJoinpoint(CglibAopProxy.java:793)
	at org.springframework.aop.framework.ReflectiveMethodInvocation.proceed(ReflectiveMethodInvocation.java:163)
	at org.springframework.aop.framework.CglibAopProxy$CglibMethodInvocation.proceed(CglibAopProxy.java:763)
	at org.springframework.aop.framework.adapter.MethodBeforeAdviceInterceptor.invoke(MethodBeforeAdviceInterceptor.java:58)
	at org.springframework.aop.framework.ReflectiveMethodInvocation.proceed(ReflectiveMethodInvocation.java:186)
	at org.springframework.aop.framework.CglibAopProxy$CglibMethodInvocation.proceed(CglibAopProxy.java:763)
	at org.springframework.aop.interceptor.ExposeInvocationInterceptor.invoke(ExposeInvocationInterceptor.java:97)
	at org.springframework.aop.framework.ReflectiveMethodInvocation.proceed(ReflectiveMethodInvocation.java:186)
	at org.springframework.aop.framework.CglibAopProxy$CglibMethodInvocation.proceed(CglibAopProxy.java:763)
	at org.springframework.aop.framework.CglibAopProxy$DynamicAdvisedInterceptor.intercept(CglibAopProxy.java:708)
	at com.shark.aio.base.controller.InitFFmpeg$$EnhancerBySpringCGLIB$$33b8465c.monitorFfmpegProcess(<generated>)
	at sun.reflect.GeneratedMethodAccessor78.invoke(Unknown Source)
	at sun.reflect.DelegatingMethodAccessorImpl.invoke(DelegatingMethodAccessorImpl.java:43)
	at java.lang.reflect.Method.invoke(Method.java:498)
	at org.springframework.scheduling.support.ScheduledMethodRunnable.run(ScheduledMethodRunnable.java:84)
	at org.springframework.scheduling.support.DelegatingErrorHandlingRunnable.run(DelegatingErrorHandlingRunnable.java:54)
	at org.springframework.scheduling.concurrent.ReschedulingRunnable.run(ReschedulingRunnable.java:95)
	at java.util.concurrent.Executors$RunnableAdapter.call(Executors.java:511)
	at java.util.concurrent.FutureTask.run(FutureTask.java:266)
	at java.util.concurrent.ScheduledThreadPoolExecutor$ScheduledFutureTask.access$201(ScheduledThreadPoolExecutor.java:180)
	at java.util.concurrent.ScheduledThreadPoolExecutor$ScheduledFutureTask.run(ScheduledThreadPoolExecutor.java:293)
	at java.util.concurrent.ThreadPoolExecutor.runWorker(ThreadPoolExecutor.java:1149)
	at java.util.concurrent.ThreadPoolExecutor$Worker.run(ThreadPoolExecutor.java:624)
	at java.lang.Thread.run(Thread.java:750)
Caused by: org.bytedeco.javacv.FrameGrabber$Exception: avformat_open_input() error -1482175992: Could not open input "rtsp://admin:lbx123456@192.168.0.3:554". (Has setFormat() been called?)
	at org.bytedeco.javacv.FFmpegFrameGrabber.startUnsafe(FFmpegFrameGrabber.java:876)
	at org.bytedeco.javacv.FFmpegFrameGrabber.start(FFmpegFrameGrabber.java:801)
	at org.bytedeco.javacv.FFmpegFrameGrabber.start(FFmpegFrameGrabber.java:796)
	at com.shark.aio.data.video.service.ImageRecorderService.run(ImageRecorderService.java:107)
	at java.util.concurrent.Executors$RunnableAdapter.call(Executors.java:511)
	at java.util.concurrent.FutureTask.run(FutureTask.java:266)
	... 3 common frames omitted
2024-08-28 17:11:10.007 [,] [scheduling-1] ERROR o.s.s.s.TaskUtils$LoggingErrorHandler - [handleError,95] - Unexpected error occurred in scheduled task
java.util.concurrent.ExecutionException: org.bytedeco.javacv.FrameGrabber$Exception: avformat_open_input() error -1482175992: Could not open input "rtsp://admin:lbx123456@192.168.0.3:554". (Has setFormat() been called?)
	at java.util.concurrent.FutureTask.report(FutureTask.java:122)
	at java.util.concurrent.FutureTask.get(FutureTask.java:192)
	at com.shark.aio.base.controller.InitFFmpeg.monitorFfmpegProcess(InitFFmpeg.java:106)
	at com.shark.aio.base.controller.InitFFmpeg$$FastClassBySpringCGLIB$$6f28da27.invoke(<generated>)
	at org.springframework.cglib.proxy.MethodProxy.invoke(MethodProxy.java:218)
	at org.springframework.aop.framework.CglibAopProxy$CglibMethodInvocation.invokeJoinpoint(CglibAopProxy.java:793)
	at org.springframework.aop.framework.ReflectiveMethodInvocation.proceed(ReflectiveMethodInvocation.java:163)
	at org.springframework.aop.framework.CglibAopProxy$CglibMethodInvocation.proceed(CglibAopProxy.java:763)
	at org.springframework.aop.framework.adapter.MethodBeforeAdviceInterceptor.invoke(MethodBeforeAdviceInterceptor.java:58)
	at org.springframework.aop.framework.ReflectiveMethodInvocation.proceed(ReflectiveMethodInvocation.java:186)
	at org.springframework.aop.framework.CglibAopProxy$CglibMethodInvocation.proceed(CglibAopProxy.java:763)
	at org.springframework.aop.interceptor.ExposeInvocationInterceptor.invoke(ExposeInvocationInterceptor.java:97)
	at org.springframework.aop.framework.ReflectiveMethodInvocation.proceed(ReflectiveMethodInvocation.java:186)
	at org.springframework.aop.framework.CglibAopProxy$CglibMethodInvocation.proceed(CglibAopProxy.java:763)
	at org.springframework.aop.framework.CglibAopProxy$DynamicAdvisedInterceptor.intercept(CglibAopProxy.java:708)
	at com.shark.aio.base.controller.InitFFmpeg$$EnhancerBySpringCGLIB$$33b8465c.monitorFfmpegProcess(<generated>)
	at sun.reflect.GeneratedMethodAccessor78.invoke(Unknown Source)
	at sun.reflect.DelegatingMethodAccessorImpl.invoke(DelegatingMethodAccessorImpl.java:43)
	at java.lang.reflect.Method.invoke(Method.java:498)
	at org.springframework.scheduling.support.ScheduledMethodRunnable.run(ScheduledMethodRunnable.java:84)
	at org.springframework.scheduling.support.DelegatingErrorHandlingRunnable.run(DelegatingErrorHandlingRunnable.java:54)
	at org.springframework.scheduling.concurrent.ReschedulingRunnable.run(ReschedulingRunnable.java:95)
	at java.util.concurrent.Executors$RunnableAdapter.call(Executors.java:511)
	at java.util.concurrent.FutureTask.run(FutureTask.java:266)
	at java.util.concurrent.ScheduledThreadPoolExecutor$ScheduledFutureTask.access$201(ScheduledThreadPoolExecutor.java:180)
	at java.util.concurrent.ScheduledThreadPoolExecutor$ScheduledFutureTask.run(ScheduledThreadPoolExecutor.java:293)
	at java.util.concurrent.ThreadPoolExecutor.runWorker(ThreadPoolExecutor.java:1149)
	at java.util.concurrent.ThreadPoolExecutor$Worker.run(ThreadPoolExecutor.java:624)
	at java.lang.Thread.run(Thread.java:750)
Caused by: org.bytedeco.javacv.FrameGrabber$Exception: avformat_open_input() error -1482175992: Could not open input "rtsp://admin:lbx123456@192.168.0.3:554". (Has setFormat() been called?)
	at org.bytedeco.javacv.FFmpegFrameGrabber.startUnsafe(FFmpegFrameGrabber.java:876)
	at org.bytedeco.javacv.FFmpegFrameGrabber.start(FFmpegFrameGrabber.java:801)
	at org.bytedeco.javacv.FFmpegFrameGrabber.start(FFmpegFrameGrabber.java:796)
	at com.shark.aio.data.video.service.ImageRecorderService.run(ImageRecorderService.java:107)
	at java.util.concurrent.Executors$RunnableAdapter.call(Executors.java:511)
	at java.util.concurrent.FutureTask.run(FutureTask.java:266)
	... 3 common frames omitted
2024-08-28 17:11:20.009 [,] [scheduling-1] ERROR o.s.s.s.TaskUtils$LoggingErrorHandler - [handleError,95] - Unexpected error occurred in scheduled task
java.util.concurrent.ExecutionException: org.bytedeco.javacv.FrameGrabber$Exception: avformat_open_input() error -1482175992: Could not open input "rtsp://admin:lbx123456@192.168.0.3:554". (Has setFormat() been called?)
	at java.util.concurrent.FutureTask.report(FutureTask.java:122)
	at java.util.concurrent.FutureTask.get(FutureTask.java:192)
	at com.shark.aio.base.controller.InitFFmpeg.monitorFfmpegProcess(InitFFmpeg.java:106)
	at com.shark.aio.base.controller.InitFFmpeg$$FastClassBySpringCGLIB$$6f28da27.invoke(<generated>)
	at org.springframework.cglib.proxy.MethodProxy.invoke(MethodProxy.java:218)
	at org.springframework.aop.framework.CglibAopProxy$CglibMethodInvocation.invokeJoinpoint(CglibAopProxy.java:793)
	at org.springframework.aop.framework.ReflectiveMethodInvocation.proceed(ReflectiveMethodInvocation.java:163)
	at org.springframework.aop.framework.CglibAopProxy$CglibMethodInvocation.proceed(CglibAopProxy.java:763)
	at org.springframework.aop.framework.adapter.MethodBeforeAdviceInterceptor.invoke(MethodBeforeAdviceInterceptor.java:58)
	at org.springframework.aop.framework.ReflectiveMethodInvocation.proceed(ReflectiveMethodInvocation.java:186)
	at org.springframework.aop.framework.CglibAopProxy$CglibMethodInvocation.proceed(CglibAopProxy.java:763)
	at org.springframework.aop.interceptor.ExposeInvocationInterceptor.invoke(ExposeInvocationInterceptor.java:97)
	at org.springframework.aop.framework.ReflectiveMethodInvocation.proceed(ReflectiveMethodInvocation.java:186)
	at org.springframework.aop.framework.CglibAopProxy$CglibMethodInvocation.proceed(CglibAopProxy.java:763)
	at org.springframework.aop.framework.CglibAopProxy$DynamicAdvisedInterceptor.intercept(CglibAopProxy.java:708)
	at com.shark.aio.base.controller.InitFFmpeg$$EnhancerBySpringCGLIB$$33b8465c.monitorFfmpegProcess(<generated>)
	at sun.reflect.GeneratedMethodAccessor78.invoke(Unknown Source)
	at sun.reflect.DelegatingMethodAccessorImpl.invoke(DelegatingMethodAccessorImpl.java:43)
	at java.lang.reflect.Method.invoke(Method.java:498)
	at org.springframework.scheduling.support.ScheduledMethodRunnable.run(ScheduledMethodRunnable.java:84)
	at org.springframework.scheduling.support.DelegatingErrorHandlingRunnable.run(DelegatingErrorHandlingRunnable.java:54)
	at org.springframework.scheduling.concurrent.ReschedulingRunnable.run(ReschedulingRunnable.java:95)
	at java.util.concurrent.Executors$RunnableAdapter.call(Executors.java:511)
	at java.util.concurrent.FutureTask.run(FutureTask.java:266)
	at java.util.concurrent.ScheduledThreadPoolExecutor$ScheduledFutureTask.access$201(ScheduledThreadPoolExecutor.java:180)
	at java.util.concurrent.ScheduledThreadPoolExecutor$ScheduledFutureTask.run(ScheduledThreadPoolExecutor.java:293)
	at java.util.concurrent.ThreadPoolExecutor.runWorker(ThreadPoolExecutor.java:1149)
	at java.util.concurrent.ThreadPoolExecutor$Worker.run(ThreadPoolExecutor.java:624)
	at java.lang.Thread.run(Thread.java:750)
Caused by: org.bytedeco.javacv.FrameGrabber$Exception: avformat_open_input() error -1482175992: Could not open input "rtsp://admin:lbx123456@192.168.0.3:554". (Has setFormat() been called?)
	at org.bytedeco.javacv.FFmpegFrameGrabber.startUnsafe(FFmpegFrameGrabber.java:876)
	at org.bytedeco.javacv.FFmpegFrameGrabber.start(FFmpegFrameGrabber.java:801)
	at org.bytedeco.javacv.FFmpegFrameGrabber.start(FFmpegFrameGrabber.java:796)
	at com.shark.aio.data.video.service.ImageRecorderService.run(ImageRecorderService.java:107)
	at java.util.concurrent.Executors$RunnableAdapter.call(Executors.java:511)
	at java.util.concurrent.FutureTask.run(FutureTask.java:266)
	... 3 common frames omitted
2024-08-28 17:11:30.002 [,] [scheduling-1] ERROR o.s.s.s.TaskUtils$LoggingErrorHandler - [handleError,95] - Unexpected error occurred in scheduled task
java.util.concurrent.ExecutionException: org.bytedeco.javacv.FrameGrabber$Exception: avformat_open_input() error -1482175992: Could not open input "rtsp://admin:lbx123456@192.168.0.3:554". (Has setFormat() been called?)
	at java.util.concurrent.FutureTask.report(FutureTask.java:122)
	at java.util.concurrent.FutureTask.get(FutureTask.java:192)
	at com.shark.aio.base.controller.InitFFmpeg.monitorFfmpegProcess(InitFFmpeg.java:106)
	at com.shark.aio.base.controller.InitFFmpeg$$FastClassBySpringCGLIB$$6f28da27.invoke(<generated>)
	at org.springframework.cglib.proxy.MethodProxy.invoke(MethodProxy.java:218)
	at org.springframework.aop.framework.CglibAopProxy$CglibMethodInvocation.invokeJoinpoint(CglibAopProxy.java:793)
	at org.springframework.aop.framework.ReflectiveMethodInvocation.proceed(ReflectiveMethodInvocation.java:163)
	at org.springframework.aop.framework.CglibAopProxy$CglibMethodInvocation.proceed(CglibAopProxy.java:763)
	at org.springframework.aop.framework.adapter.MethodBeforeAdviceInterceptor.invoke(MethodBeforeAdviceInterceptor.java:58)
	at org.springframework.aop.framework.ReflectiveMethodInvocation.proceed(ReflectiveMethodInvocation.java:186)
	at org.springframework.aop.framework.CglibAopProxy$CglibMethodInvocation.proceed(CglibAopProxy.java:763)
	at org.springframework.aop.interceptor.ExposeInvocationInterceptor.invoke(ExposeInvocationInterceptor.java:97)
	at org.springframework.aop.framework.ReflectiveMethodInvocation.proceed(ReflectiveMethodInvocation.java:186)
	at org.springframework.aop.framework.CglibAopProxy$CglibMethodInvocation.proceed(CglibAopProxy.java:763)
	at org.springframework.aop.framework.CglibAopProxy$DynamicAdvisedInterceptor.intercept(CglibAopProxy.java:708)
	at com.shark.aio.base.controller.InitFFmpeg$$EnhancerBySpringCGLIB$$33b8465c.monitorFfmpegProcess(<generated>)
	at sun.reflect.GeneratedMethodAccessor78.invoke(Unknown Source)
	at sun.reflect.DelegatingMethodAccessorImpl.invoke(DelegatingMethodAccessorImpl.java:43)
	at java.lang.reflect.Method.invoke(Method.java:498)
	at org.springframework.scheduling.support.ScheduledMethodRunnable.run(ScheduledMethodRunnable.java:84)
	at org.springframework.scheduling.support.DelegatingErrorHandlingRunnable.run(DelegatingErrorHandlingRunnable.java:54)
	at org.springframework.scheduling.concurrent.ReschedulingRunnable.run(ReschedulingRunnable.java:95)
	at java.util.concurrent.Executors$RunnableAdapter.call(Executors.java:511)
	at java.util.concurrent.FutureTask.run(FutureTask.java:266)
	at java.util.concurrent.ScheduledThreadPoolExecutor$ScheduledFutureTask.access$201(ScheduledThreadPoolExecutor.java:180)
	at java.util.concurrent.ScheduledThreadPoolExecutor$ScheduledFutureTask.run(ScheduledThreadPoolExecutor.java:293)
	at java.util.concurrent.ThreadPoolExecutor.runWorker(ThreadPoolExecutor.java:1149)
	at java.util.concurrent.ThreadPoolExecutor$Worker.run(ThreadPoolExecutor.java:624)
	at java.lang.Thread.run(Thread.java:750)
Caused by: org.bytedeco.javacv.FrameGrabber$Exception: avformat_open_input() error -1482175992: Could not open input "rtsp://admin:lbx123456@192.168.0.3:554". (Has setFormat() been called?)
	at org.bytedeco.javacv.FFmpegFrameGrabber.startUnsafe(FFmpegFrameGrabber.java:876)
	at org.bytedeco.javacv.FFmpegFrameGrabber.start(FFmpegFrameGrabber.java:801)
	at org.bytedeco.javacv.FFmpegFrameGrabber.start(FFmpegFrameGrabber.java:796)
	at com.shark.aio.data.video.service.ImageRecorderService.run(ImageRecorderService.java:107)
	at java.util.concurrent.Executors$RunnableAdapter.call(Executors.java:511)
	at java.util.concurrent.FutureTask.run(FutureTask.java:266)
	... 3 common frames omitted
2024-08-28 17:11:40.008 [,] [scheduling-1] ERROR o.s.s.s.TaskUtils$LoggingErrorHandler - [handleError,95] - Unexpected error occurred in scheduled task
java.util.concurrent.ExecutionException: org.bytedeco.javacv.FrameGrabber$Exception: avformat_open_input() error -1482175992: Could not open input "rtsp://admin:lbx123456@192.168.0.3:554". (Has setFormat() been called?)
	at java.util.concurrent.FutureTask.report(FutureTask.java:122)
	at java.util.concurrent.FutureTask.get(FutureTask.java:192)
	at com.shark.aio.base.controller.InitFFmpeg.monitorFfmpegProcess(InitFFmpeg.java:106)
	at com.shark.aio.base.controller.InitFFmpeg$$FastClassBySpringCGLIB$$6f28da27.invoke(<generated>)
	at org.springframework.cglib.proxy.MethodProxy.invoke(MethodProxy.java:218)
	at org.springframework.aop.framework.CglibAopProxy$CglibMethodInvocation.invokeJoinpoint(CglibAopProxy.java:793)
	at org.springframework.aop.framework.ReflectiveMethodInvocation.proceed(ReflectiveMethodInvocation.java:163)
	at org.springframework.aop.framework.CglibAopProxy$CglibMethodInvocation.proceed(CglibAopProxy.java:763)
	at org.springframework.aop.framework.adapter.MethodBeforeAdviceInterceptor.invoke(MethodBeforeAdviceInterceptor.java:58)
	at org.springframework.aop.framework.ReflectiveMethodInvocation.proceed(ReflectiveMethodInvocation.java:186)
	at org.springframework.aop.framework.CglibAopProxy$CglibMethodInvocation.proceed(CglibAopProxy.java:763)
	at org.springframework.aop.interceptor.ExposeInvocationInterceptor.invoke(ExposeInvocationInterceptor.java:97)
	at org.springframework.aop.framework.ReflectiveMethodInvocation.proceed(ReflectiveMethodInvocation.java:186)
	at org.springframework.aop.framework.CglibAopProxy$CglibMethodInvocation.proceed(CglibAopProxy.java:763)
	at org.springframework.aop.framework.CglibAopProxy$DynamicAdvisedInterceptor.intercept(CglibAopProxy.java:708)
	at com.shark.aio.base.controller.InitFFmpeg$$EnhancerBySpringCGLIB$$33b8465c.monitorFfmpegProcess(<generated>)
	at sun.reflect.GeneratedMethodAccessor78.invoke(Unknown Source)
	at sun.reflect.DelegatingMethodAccessorImpl.invoke(DelegatingMethodAccessorImpl.java:43)
	at java.lang.reflect.Method.invoke(Method.java:498)
	at org.springframework.scheduling.support.ScheduledMethodRunnable.run(ScheduledMethodRunnable.java:84)
	at org.springframework.scheduling.support.DelegatingErrorHandlingRunnable.run(DelegatingErrorHandlingRunnable.java:54)
	at org.springframework.scheduling.concurrent.ReschedulingRunnable.run(ReschedulingRunnable.java:95)
	at java.util.concurrent.Executors$RunnableAdapter.call(Executors.java:511)
	at java.util.concurrent.FutureTask.run(FutureTask.java:266)
	at java.util.concurrent.ScheduledThreadPoolExecutor$ScheduledFutureTask.access$201(ScheduledThreadPoolExecutor.java:180)
	at java.util.concurrent.ScheduledThreadPoolExecutor$ScheduledFutureTask.run(ScheduledThreadPoolExecutor.java:293)
	at java.util.concurrent.ThreadPoolExecutor.runWorker(ThreadPoolExecutor.java:1149)
	at java.util.concurrent.ThreadPoolExecutor$Worker.run(ThreadPoolExecutor.java:624)
	at java.lang.Thread.run(Thread.java:750)
Caused by: org.bytedeco.javacv.FrameGrabber$Exception: avformat_open_input() error -1482175992: Could not open input "rtsp://admin:lbx123456@192.168.0.3:554". (Has setFormat() been called?)
	at org.bytedeco.javacv.FFmpegFrameGrabber.startUnsafe(FFmpegFrameGrabber.java:876)
	at org.bytedeco.javacv.FFmpegFrameGrabber.start(FFmpegFrameGrabber.java:801)
	at org.bytedeco.javacv.FFmpegFrameGrabber.start(FFmpegFrameGrabber.java:796)
	at com.shark.aio.data.video.service.ImageRecorderService.run(ImageRecorderService.java:107)
	at java.util.concurrent.Executors$RunnableAdapter.call(Executors.java:511)
	at java.util.concurrent.FutureTask.run(FutureTask.java:266)
	... 3 common frames omitted
2024-08-28 17:11:50.001 [,] [scheduling-1] ERROR o.s.s.s.TaskUtils$LoggingErrorHandler - [handleError,95] - Unexpected error occurred in scheduled task
java.util.concurrent.ExecutionException: org.bytedeco.javacv.FrameGrabber$Exception: avformat_open_input() error -1482175992: Could not open input "rtsp://admin:lbx123456@192.168.0.3:554". (Has setFormat() been called?)
	at java.util.concurrent.FutureTask.report(FutureTask.java:122)
	at java.util.concurrent.FutureTask.get(FutureTask.java:192)
	at com.shark.aio.base.controller.InitFFmpeg.monitorFfmpegProcess(InitFFmpeg.java:106)
	at com.shark.aio.base.controller.InitFFmpeg$$FastClassBySpringCGLIB$$6f28da27.invoke(<generated>)
	at org.springframework.cglib.proxy.MethodProxy.invoke(MethodProxy.java:218)
	at org.springframework.aop.framework.CglibAopProxy$CglibMethodInvocation.invokeJoinpoint(CglibAopProxy.java:793)
	at org.springframework.aop.framework.ReflectiveMethodInvocation.proceed(ReflectiveMethodInvocation.java:163)
	at org.springframework.aop.framework.CglibAopProxy$CglibMethodInvocation.proceed(CglibAopProxy.java:763)
	at org.springframework.aop.framework.adapter.MethodBeforeAdviceInterceptor.invoke(MethodBeforeAdviceInterceptor.java:58)
	at org.springframework.aop.framework.ReflectiveMethodInvocation.proceed(ReflectiveMethodInvocation.java:186)
	at org.springframework.aop.framework.CglibAopProxy$CglibMethodInvocation.proceed(CglibAopProxy.java:763)
	at org.springframework.aop.interceptor.ExposeInvocationInterceptor.invoke(ExposeInvocationInterceptor.java:97)
	at org.springframework.aop.framework.ReflectiveMethodInvocation.proceed(ReflectiveMethodInvocation.java:186)
	at org.springframework.aop.framework.CglibAopProxy$CglibMethodInvocation.proceed(CglibAopProxy.java:763)
	at org.springframework.aop.framework.CglibAopProxy$DynamicAdvisedInterceptor.intercept(CglibAopProxy.java:708)
	at com.shark.aio.base.controller.InitFFmpeg$$EnhancerBySpringCGLIB$$33b8465c.monitorFfmpegProcess(<generated>)
	at sun.reflect.GeneratedMethodAccessor78.invoke(Unknown Source)
	at sun.reflect.DelegatingMethodAccessorImpl.invoke(DelegatingMethodAccessorImpl.java:43)
	at java.lang.reflect.Method.invoke(Method.java:498)
	at org.springframework.scheduling.support.ScheduledMethodRunnable.run(ScheduledMethodRunnable.java:84)
	at org.springframework.scheduling.support.DelegatingErrorHandlingRunnable.run(DelegatingErrorHandlingRunnable.java:54)
	at org.springframework.scheduling.concurrent.ReschedulingRunnable.run(ReschedulingRunnable.java:95)
	at java.util.concurrent.Executors$RunnableAdapter.call(Executors.java:511)
	at java.util.concurrent.FutureTask.run(FutureTask.java:266)
	at java.util.concurrent.ScheduledThreadPoolExecutor$ScheduledFutureTask.access$201(ScheduledThreadPoolExecutor.java:180)
	at java.util.concurrent.ScheduledThreadPoolExecutor$ScheduledFutureTask.run(ScheduledThreadPoolExecutor.java:293)
	at java.util.concurrent.ThreadPoolExecutor.runWorker(ThreadPoolExecutor.java:1149)
	at java.util.concurrent.ThreadPoolExecutor$Worker.run(ThreadPoolExecutor.java:624)
	at java.lang.Thread.run(Thread.java:750)
Caused by: org.bytedeco.javacv.FrameGrabber$Exception: avformat_open_input() error -1482175992: Could not open input "rtsp://admin:lbx123456@192.168.0.3:554". (Has setFormat() been called?)
	at org.bytedeco.javacv.FFmpegFrameGrabber.startUnsafe(FFmpegFrameGrabber.java:876)
	at org.bytedeco.javacv.FFmpegFrameGrabber.start(FFmpegFrameGrabber.java:801)
	at org.bytedeco.javacv.FFmpegFrameGrabber.start(FFmpegFrameGrabber.java:796)
	at com.shark.aio.data.video.service.ImageRecorderService.run(ImageRecorderService.java:107)
	at java.util.concurrent.Executors$RunnableAdapter.call(Executors.java:511)
	at java.util.concurrent.FutureTask.run(FutureTask.java:266)
	... 3 common frames omitted
2024-08-28 17:12:00.012 [,] [scheduling-1] ERROR o.s.s.s.TaskUtils$LoggingErrorHandler - [handleError,95] - Unexpected error occurred in scheduled task
java.util.concurrent.ExecutionException: org.bytedeco.javacv.FrameGrabber$Exception: avformat_open_input() error -1482175992: Could not open input "rtsp://admin:lbx123456@192.168.0.3:554". (Has setFormat() been called?)
	at java.util.concurrent.FutureTask.report(FutureTask.java:122)
	at java.util.concurrent.FutureTask.get(FutureTask.java:192)
	at com.shark.aio.base.controller.InitFFmpeg.monitorFfmpegProcess(InitFFmpeg.java:106)
	at com.shark.aio.base.controller.InitFFmpeg$$FastClassBySpringCGLIB$$6f28da27.invoke(<generated>)
	at org.springframework.cglib.proxy.MethodProxy.invoke(MethodProxy.java:218)
	at org.springframework.aop.framework.CglibAopProxy$CglibMethodInvocation.invokeJoinpoint(CglibAopProxy.java:793)
	at org.springframework.aop.framework.ReflectiveMethodInvocation.proceed(ReflectiveMethodInvocation.java:163)
	at org.springframework.aop.framework.CglibAopProxy$CglibMethodInvocation.proceed(CglibAopProxy.java:763)
	at org.springframework.aop.framework.adapter.MethodBeforeAdviceInterceptor.invoke(MethodBeforeAdviceInterceptor.java:58)
	at org.springframework.aop.framework.ReflectiveMethodInvocation.proceed(ReflectiveMethodInvocation.java:186)
	at org.springframework.aop.framework.CglibAopProxy$CglibMethodInvocation.proceed(CglibAopProxy.java:763)
	at org.springframework.aop.interceptor.ExposeInvocationInterceptor.invoke(ExposeInvocationInterceptor.java:97)
	at org.springframework.aop.framework.ReflectiveMethodInvocation.proceed(ReflectiveMethodInvocation.java:186)
	at org.springframework.aop.framework.CglibAopProxy$CglibMethodInvocation.proceed(CglibAopProxy.java:763)
	at org.springframework.aop.framework.CglibAopProxy$DynamicAdvisedInterceptor.intercept(CglibAopProxy.java:708)
	at com.shark.aio.base.controller.InitFFmpeg$$EnhancerBySpringCGLIB$$33b8465c.monitorFfmpegProcess(<generated>)
	at sun.reflect.GeneratedMethodAccessor78.invoke(Unknown Source)
	at sun.reflect.DelegatingMethodAccessorImpl.invoke(DelegatingMethodAccessorImpl.java:43)
	at java.lang.reflect.Method.invoke(Method.java:498)
	at org.springframework.scheduling.support.ScheduledMethodRunnable.run(ScheduledMethodRunnable.java:84)
	at org.springframework.scheduling.support.DelegatingErrorHandlingRunnable.run(DelegatingErrorHandlingRunnable.java:54)
	at org.springframework.scheduling.concurrent.ReschedulingRunnable.run(ReschedulingRunnable.java:95)
	at java.util.concurrent.Executors$RunnableAdapter.call(Executors.java:511)
	at java.util.concurrent.FutureTask.run(FutureTask.java:266)
	at java.util.concurrent.ScheduledThreadPoolExecutor$ScheduledFutureTask.access$201(ScheduledThreadPoolExecutor.java:180)
	at java.util.concurrent.ScheduledThreadPoolExecutor$ScheduledFutureTask.run(ScheduledThreadPoolExecutor.java:293)
	at java.util.concurrent.ThreadPoolExecutor.runWorker(ThreadPoolExecutor.java:1149)
	at java.util.concurrent.ThreadPoolExecutor$Worker.run(ThreadPoolExecutor.java:624)
	at java.lang.Thread.run(Thread.java:750)
Caused by: org.bytedeco.javacv.FrameGrabber$Exception: avformat_open_input() error -1482175992: Could not open input "rtsp://admin:lbx123456@192.168.0.3:554". (Has setFormat() been called?)
	at org.bytedeco.javacv.FFmpegFrameGrabber.startUnsafe(FFmpegFrameGrabber.java:876)
	at org.bytedeco.javacv.FFmpegFrameGrabber.start(FFmpegFrameGrabber.java:801)
	at org.bytedeco.javacv.FFmpegFrameGrabber.start(FFmpegFrameGrabber.java:796)
	at com.shark.aio.data.video.service.ImageRecorderService.run(ImageRecorderService.java:107)
	at java.util.concurrent.Executors$RunnableAdapter.call(Executors.java:511)
	at java.util.concurrent.FutureTask.run(FutureTask.java:266)
	... 3 common frames omitted
2024-08-28 17:12:10.002 [,] [scheduling-1] ERROR o.s.s.s.TaskUtils$LoggingErrorHandler - [handleError,95] - Unexpected error occurred in scheduled task
java.util.concurrent.ExecutionException: org.bytedeco.javacv.FrameGrabber$Exception: avformat_open_input() error -1482175992: Could not open input "rtsp://admin:lbx123456@192.168.0.3:554". (Has setFormat() been called?)
	at java.util.concurrent.FutureTask.report(FutureTask.java:122)
	at java.util.concurrent.FutureTask.get(FutureTask.java:192)
	at com.shark.aio.base.controller.InitFFmpeg.monitorFfmpegProcess(InitFFmpeg.java:106)
	at com.shark.aio.base.controller.InitFFmpeg$$FastClassBySpringCGLIB$$6f28da27.invoke(<generated>)
	at org.springframework.cglib.proxy.MethodProxy.invoke(MethodProxy.java:218)
	at org.springframework.aop.framework.CglibAopProxy$CglibMethodInvocation.invokeJoinpoint(CglibAopProxy.java:793)
	at org.springframework.aop.framework.ReflectiveMethodInvocation.proceed(ReflectiveMethodInvocation.java:163)
	at org.springframework.aop.framework.CglibAopProxy$CglibMethodInvocation.proceed(CglibAopProxy.java:763)
	at org.springframework.aop.framework.adapter.MethodBeforeAdviceInterceptor.invoke(MethodBeforeAdviceInterceptor.java:58)
	at org.springframework.aop.framework.ReflectiveMethodInvocation.proceed(ReflectiveMethodInvocation.java:186)
	at org.springframework.aop.framework.CglibAopProxy$CglibMethodInvocation.proceed(CglibAopProxy.java:763)
	at org.springframework.aop.interceptor.ExposeInvocationInterceptor.invoke(ExposeInvocationInterceptor.java:97)
	at org.springframework.aop.framework.ReflectiveMethodInvocation.proceed(ReflectiveMethodInvocation.java:186)
	at org.springframework.aop.framework.CglibAopProxy$CglibMethodInvocation.proceed(CglibAopProxy.java:763)
	at org.springframework.aop.framework.CglibAopProxy$DynamicAdvisedInterceptor.intercept(CglibAopProxy.java:708)
	at com.shark.aio.base.controller.InitFFmpeg$$EnhancerBySpringCGLIB$$33b8465c.monitorFfmpegProcess(<generated>)
	at sun.reflect.GeneratedMethodAccessor78.invoke(Unknown Source)
	at sun.reflect.DelegatingMethodAccessorImpl.invoke(DelegatingMethodAccessorImpl.java:43)
	at java.lang.reflect.Method.invoke(Method.java:498)
	at org.springframework.scheduling.support.ScheduledMethodRunnable.run(ScheduledMethodRunnable.java:84)
	at org.springframework.scheduling.support.DelegatingErrorHandlingRunnable.run(DelegatingErrorHandlingRunnable.java:54)
	at org.springframework.scheduling.concurrent.ReschedulingRunnable.run(ReschedulingRunnable.java:95)
	at java.util.concurrent.Executors$RunnableAdapter.call(Executors.java:511)
	at java.util.concurrent.FutureTask.run(FutureTask.java:266)
	at java.util.concurrent.ScheduledThreadPoolExecutor$ScheduledFutureTask.access$201(ScheduledThreadPoolExecutor.java:180)
	at java.util.concurrent.ScheduledThreadPoolExecutor$ScheduledFutureTask.run(ScheduledThreadPoolExecutor.java:293)
	at java.util.concurrent.ThreadPoolExecutor.runWorker(ThreadPoolExecutor.java:1149)
	at java.util.concurrent.ThreadPoolExecutor$Worker.run(ThreadPoolExecutor.java:624)
	at java.lang.Thread.run(Thread.java:750)
Caused by: org.bytedeco.javacv.FrameGrabber$Exception: avformat_open_input() error -1482175992: Could not open input "rtsp://admin:lbx123456@192.168.0.3:554". (Has setFormat() been called?)
	at org.bytedeco.javacv.FFmpegFrameGrabber.startUnsafe(FFmpegFrameGrabber.java:876)
	at org.bytedeco.javacv.FFmpegFrameGrabber.start(FFmpegFrameGrabber.java:801)
	at org.bytedeco.javacv.FFmpegFrameGrabber.start(FFmpegFrameGrabber.java:796)
	at com.shark.aio.data.video.service.ImageRecorderService.run(ImageRecorderService.java:107)
	at java.util.concurrent.Executors$RunnableAdapter.call(Executors.java:511)
	at java.util.concurrent.FutureTask.run(FutureTask.java:266)
	... 3 common frames omitted
2024-08-28 17:12:20.052 [,] [scheduling-1] ERROR o.s.s.s.TaskUtils$LoggingErrorHandler - [handleError,95] - Unexpected error occurred in scheduled task
java.util.concurrent.ExecutionException: org.bytedeco.javacv.FrameGrabber$Exception: avformat_open_input() error -1482175992: Could not open input "rtsp://admin:lbx123456@192.168.0.3:554". (Has setFormat() been called?)
	at java.util.concurrent.FutureTask.report(FutureTask.java:122)
	at java.util.concurrent.FutureTask.get(FutureTask.java:192)
	at com.shark.aio.base.controller.InitFFmpeg.monitorFfmpegProcess(InitFFmpeg.java:106)
	at com.shark.aio.base.controller.InitFFmpeg$$FastClassBySpringCGLIB$$6f28da27.invoke(<generated>)
	at org.springframework.cglib.proxy.MethodProxy.invoke(MethodProxy.java:218)
	at org.springframework.aop.framework.CglibAopProxy$CglibMethodInvocation.invokeJoinpoint(CglibAopProxy.java:793)
	at org.springframework.aop.framework.ReflectiveMethodInvocation.proceed(ReflectiveMethodInvocation.java:163)
	at org.springframework.aop.framework.CglibAopProxy$CglibMethodInvocation.proceed(CglibAopProxy.java:763)
	at org.springframework.aop.framework.adapter.MethodBeforeAdviceInterceptor.invoke(MethodBeforeAdviceInterceptor.java:58)
	at org.springframework.aop.framework.ReflectiveMethodInvocation.proceed(ReflectiveMethodInvocation.java:186)
	at org.springframework.aop.framework.CglibAopProxy$CglibMethodInvocation.proceed(CglibAopProxy.java:763)
	at org.springframework.aop.interceptor.ExposeInvocationInterceptor.invoke(ExposeInvocationInterceptor.java:97)
	at org.springframework.aop.framework.ReflectiveMethodInvocation.proceed(ReflectiveMethodInvocation.java:186)
	at org.springframework.aop.framework.CglibAopProxy$CglibMethodInvocation.proceed(CglibAopProxy.java:763)
	at org.springframework.aop.framework.CglibAopProxy$DynamicAdvisedInterceptor.intercept(CglibAopProxy.java:708)
	at com.shark.aio.base.controller.InitFFmpeg$$EnhancerBySpringCGLIB$$33b8465c.monitorFfmpegProcess(<generated>)
	at sun.reflect.GeneratedMethodAccessor78.invoke(Unknown Source)
	at sun.reflect.DelegatingMethodAccessorImpl.invoke(DelegatingMethodAccessorImpl.java:43)
	at java.lang.reflect.Method.invoke(Method.java:498)
	at org.springframework.scheduling.support.ScheduledMethodRunnable.run(ScheduledMethodRunnable.java:84)
	at org.springframework.scheduling.support.DelegatingErrorHandlingRunnable.run(DelegatingErrorHandlingRunnable.java:54)
	at org.springframework.scheduling.concurrent.ReschedulingRunnable.run(ReschedulingRunnable.java:95)
	at java.util.concurrent.Executors$RunnableAdapter.call(Executors.java:511)
	at java.util.concurrent.FutureTask.run(FutureTask.java:266)
	at java.util.concurrent.ScheduledThreadPoolExecutor$ScheduledFutureTask.access$201(ScheduledThreadPoolExecutor.java:180)
	at java.util.concurrent.ScheduledThreadPoolExecutor$ScheduledFutureTask.run(ScheduledThreadPoolExecutor.java:293)
	at java.util.concurrent.ThreadPoolExecutor.runWorker(ThreadPoolExecutor.java:1149)
	at java.util.concurrent.ThreadPoolExecutor$Worker.run(ThreadPoolExecutor.java:624)
	at java.lang.Thread.run(Thread.java:750)
Caused by: org.bytedeco.javacv.FrameGrabber$Exception: avformat_open_input() error -1482175992: Could not open input "rtsp://admin:lbx123456@192.168.0.3:554". (Has setFormat() been called?)
	at org.bytedeco.javacv.FFmpegFrameGrabber.startUnsafe(FFmpegFrameGrabber.java:876)
	at org.bytedeco.javacv.FFmpegFrameGrabber.start(FFmpegFrameGrabber.java:801)
	at org.bytedeco.javacv.FFmpegFrameGrabber.start(FFmpegFrameGrabber.java:796)
	at com.shark.aio.data.video.service.ImageRecorderService.run(ImageRecorderService.java:107)
	at java.util.concurrent.Executors$RunnableAdapter.call(Executors.java:511)
	at java.util.concurrent.FutureTask.run(FutureTask.java:266)
	... 3 common frames omitted
2024-08-28 17:12:30.011 [,] [scheduling-1] ERROR o.s.s.s.TaskUtils$LoggingErrorHandler - [handleError,95] - Unexpected error occurred in scheduled task
java.util.concurrent.ExecutionException: org.bytedeco.javacv.FrameGrabber$Exception: avformat_open_input() error -1482175992: Could not open input "rtsp://admin:lbx123456@192.168.0.3:554". (Has setFormat() been called?)
	at java.util.concurrent.FutureTask.report(FutureTask.java:122)
	at java.util.concurrent.FutureTask.get(FutureTask.java:192)
	at com.shark.aio.base.controller.InitFFmpeg.monitorFfmpegProcess(InitFFmpeg.java:106)
	at com.shark.aio.base.controller.InitFFmpeg$$FastClassBySpringCGLIB$$6f28da27.invoke(<generated>)
	at org.springframework.cglib.proxy.MethodProxy.invoke(MethodProxy.java:218)
	at org.springframework.aop.framework.CglibAopProxy$CglibMethodInvocation.invokeJoinpoint(CglibAopProxy.java:793)
	at org.springframework.aop.framework.ReflectiveMethodInvocation.proceed(ReflectiveMethodInvocation.java:163)
	at org.springframework.aop.framework.CglibAopProxy$CglibMethodInvocation.proceed(CglibAopProxy.java:763)
	at org.springframework.aop.framework.adapter.MethodBeforeAdviceInterceptor.invoke(MethodBeforeAdviceInterceptor.java:58)
	at org.springframework.aop.framework.ReflectiveMethodInvocation.proceed(ReflectiveMethodInvocation.java:186)
	at org.springframework.aop.framework.CglibAopProxy$CglibMethodInvocation.proceed(CglibAopProxy.java:763)
	at org.springframework.aop.interceptor.ExposeInvocationInterceptor.invoke(ExposeInvocationInterceptor.java:97)
	at org.springframework.aop.framework.ReflectiveMethodInvocation.proceed(ReflectiveMethodInvocation.java:186)
	at org.springframework.aop.framework.CglibAopProxy$CglibMethodInvocation.proceed(CglibAopProxy.java:763)
	at org.springframework.aop.framework.CglibAopProxy$DynamicAdvisedInterceptor.intercept(CglibAopProxy.java:708)
	at com.shark.aio.base.controller.InitFFmpeg$$EnhancerBySpringCGLIB$$33b8465c.monitorFfmpegProcess(<generated>)
	at sun.reflect.GeneratedMethodAccessor78.invoke(Unknown Source)
	at sun.reflect.DelegatingMethodAccessorImpl.invoke(DelegatingMethodAccessorImpl.java:43)
	at java.lang.reflect.Method.invoke(Method.java:498)
	at org.springframework.scheduling.support.ScheduledMethodRunnable.run(ScheduledMethodRunnable.java:84)
	at org.springframework.scheduling.support.DelegatingErrorHandlingRunnable.run(DelegatingErrorHandlingRunnable.java:54)
	at org.springframework.scheduling.concurrent.ReschedulingRunnable.run(ReschedulingRunnable.java:95)
	at java.util.concurrent.Executors$RunnableAdapter.call(Executors.java:511)
	at java.util.concurrent.FutureTask.run(FutureTask.java:266)
	at java.util.concurrent.ScheduledThreadPoolExecutor$ScheduledFutureTask.access$201(ScheduledThreadPoolExecutor.java:180)
	at java.util.concurrent.ScheduledThreadPoolExecutor$ScheduledFutureTask.run(ScheduledThreadPoolExecutor.java:293)
	at java.util.concurrent.ThreadPoolExecutor.runWorker(ThreadPoolExecutor.java:1149)
	at java.util.concurrent.ThreadPoolExecutor$Worker.run(ThreadPoolExecutor.java:624)
	at java.lang.Thread.run(Thread.java:750)
Caused by: org.bytedeco.javacv.FrameGrabber$Exception: avformat_open_input() error -1482175992: Could not open input "rtsp://admin:lbx123456@192.168.0.3:554". (Has setFormat() been called?)
	at org.bytedeco.javacv.FFmpegFrameGrabber.startUnsafe(FFmpegFrameGrabber.java:876)
	at org.bytedeco.javacv.FFmpegFrameGrabber.start(FFmpegFrameGrabber.java:801)
	at org.bytedeco.javacv.FFmpegFrameGrabber.start(FFmpegFrameGrabber.java:796)
	at com.shark.aio.data.video.service.ImageRecorderService.run(ImageRecorderService.java:107)
	at java.util.concurrent.Executors$RunnableAdapter.call(Executors.java:511)
	at java.util.concurrent.FutureTask.run(FutureTask.java:266)
	... 3 common frames omitted
2024-08-28 17:12:40.010 [,] [scheduling-1] ERROR o.s.s.s.TaskUtils$LoggingErrorHandler - [handleError,95] - Unexpected error occurred in scheduled task
java.util.concurrent.ExecutionException: org.bytedeco.javacv.FrameGrabber$Exception: avformat_open_input() error -1482175992: Could not open input "rtsp://admin:lbx123456@192.168.0.3:554". (Has setFormat() been called?)
	at java.util.concurrent.FutureTask.report(FutureTask.java:122)
	at java.util.concurrent.FutureTask.get(FutureTask.java:192)
	at com.shark.aio.base.controller.InitFFmpeg.monitorFfmpegProcess(InitFFmpeg.java:106)
	at com.shark.aio.base.controller.InitFFmpeg$$FastClassBySpringCGLIB$$6f28da27.invoke(<generated>)
	at org.springframework.cglib.proxy.MethodProxy.invoke(MethodProxy.java:218)
	at org.springframework.aop.framework.CglibAopProxy$CglibMethodInvocation.invokeJoinpoint(CglibAopProxy.java:793)
	at org.springframework.aop.framework.ReflectiveMethodInvocation.proceed(ReflectiveMethodInvocation.java:163)
	at org.springframework.aop.framework.CglibAopProxy$CglibMethodInvocation.proceed(CglibAopProxy.java:763)
	at org.springframework.aop.framework.adapter.MethodBeforeAdviceInterceptor.invoke(MethodBeforeAdviceInterceptor.java:58)
	at org.springframework.aop.framework.ReflectiveMethodInvocation.proceed(ReflectiveMethodInvocation.java:186)
	at org.springframework.aop.framework.CglibAopProxy$CglibMethodInvocation.proceed(CglibAopProxy.java:763)
	at org.springframework.aop.interceptor.ExposeInvocationInterceptor.invoke(ExposeInvocationInterceptor.java:97)
	at org.springframework.aop.framework.ReflectiveMethodInvocation.proceed(ReflectiveMethodInvocation.java:186)
	at org.springframework.aop.framework.CglibAopProxy$CglibMethodInvocation.proceed(CglibAopProxy.java:763)
	at org.springframework.aop.framework.CglibAopProxy$DynamicAdvisedInterceptor.intercept(CglibAopProxy.java:708)
	at com.shark.aio.base.controller.InitFFmpeg$$EnhancerBySpringCGLIB$$33b8465c.monitorFfmpegProcess(<generated>)
	at sun.reflect.GeneratedMethodAccessor78.invoke(Unknown Source)
	at sun.reflect.DelegatingMethodAccessorImpl.invoke(DelegatingMethodAccessorImpl.java:43)
	at java.lang.reflect.Method.invoke(Method.java:498)
	at org.springframework.scheduling.support.ScheduledMethodRunnable.run(ScheduledMethodRunnable.java:84)
	at org.springframework.scheduling.support.DelegatingErrorHandlingRunnable.run(DelegatingErrorHandlingRunnable.java:54)
	at org.springframework.scheduling.concurrent.ReschedulingRunnable.run(ReschedulingRunnable.java:95)
	at java.util.concurrent.Executors$RunnableAdapter.call(Executors.java:511)
	at java.util.concurrent.FutureTask.run(FutureTask.java:266)
	at java.util.concurrent.ScheduledThreadPoolExecutor$ScheduledFutureTask.access$201(ScheduledThreadPoolExecutor.java:180)
	at java.util.concurrent.ScheduledThreadPoolExecutor$ScheduledFutureTask.run(ScheduledThreadPoolExecutor.java:293)
	at java.util.concurrent.ThreadPoolExecutor.runWorker(ThreadPoolExecutor.java:1149)
	at java.util.concurrent.ThreadPoolExecutor$Worker.run(ThreadPoolExecutor.java:624)
	at java.lang.Thread.run(Thread.java:750)
Caused by: org.bytedeco.javacv.FrameGrabber$Exception: avformat_open_input() error -1482175992: Could not open input "rtsp://admin:lbx123456@192.168.0.3:554". (Has setFormat() been called?)
	at org.bytedeco.javacv.FFmpegFrameGrabber.startUnsafe(FFmpegFrameGrabber.java:876)
	at org.bytedeco.javacv.FFmpegFrameGrabber.start(FFmpegFrameGrabber.java:801)
	at org.bytedeco.javacv.FFmpegFrameGrabber.start(FFmpegFrameGrabber.java:796)
	at com.shark.aio.data.video.service.ImageRecorderService.run(ImageRecorderService.java:107)
	at java.util.concurrent.Executors$RunnableAdapter.call(Executors.java:511)
	at java.util.concurrent.FutureTask.run(FutureTask.java:266)
	... 3 common frames omitted
2024-08-28 17:13:30.013 [,] [scheduling-1] ERROR o.s.s.s.TaskUtils$LoggingErrorHandler - [handleError,95] - Unexpected error occurred in scheduled task
java.util.concurrent.ExecutionException: org.bytedeco.javacv.FrameGrabber$Exception: avformat_open_input() error -1482175992: Could not open input "rtsp://admin:lbx123456@192.168.0.3:554". (Has setFormat() been called?)
	at java.util.concurrent.FutureTask.report(FutureTask.java:122)
	at java.util.concurrent.FutureTask.get(FutureTask.java:192)
	at com.shark.aio.base.controller.InitFFmpeg.monitorFfmpegProcess(InitFFmpeg.java:106)
	at com.shark.aio.base.controller.InitFFmpeg$$FastClassBySpringCGLIB$$6f28da27.invoke(<generated>)
	at org.springframework.cglib.proxy.MethodProxy.invoke(MethodProxy.java:218)
	at org.springframework.aop.framework.CglibAopProxy$CglibMethodInvocation.invokeJoinpoint(CglibAopProxy.java:793)
	at org.springframework.aop.framework.ReflectiveMethodInvocation.proceed(ReflectiveMethodInvocation.java:163)
	at org.springframework.aop.framework.CglibAopProxy$CglibMethodInvocation.proceed(CglibAopProxy.java:763)
	at org.springframework.aop.framework.adapter.MethodBeforeAdviceInterceptor.invoke(MethodBeforeAdviceInterceptor.java:58)
	at org.springframework.aop.framework.ReflectiveMethodInvocation.proceed(ReflectiveMethodInvocation.java:186)
	at org.springframework.aop.framework.CglibAopProxy$CglibMethodInvocation.proceed(CglibAopProxy.java:763)
	at org.springframework.aop.interceptor.ExposeInvocationInterceptor.invoke(ExposeInvocationInterceptor.java:97)
	at org.springframework.aop.framework.ReflectiveMethodInvocation.proceed(ReflectiveMethodInvocation.java:186)
	at org.springframework.aop.framework.CglibAopProxy$CglibMethodInvocation.proceed(CglibAopProxy.java:763)
	at org.springframework.aop.framework.CglibAopProxy$DynamicAdvisedInterceptor.intercept(CglibAopProxy.java:708)
	at com.shark.aio.base.controller.InitFFmpeg$$EnhancerBySpringCGLIB$$2645eed1.monitorFfmpegProcess(<generated>)
	at sun.reflect.NativeMethodAccessorImpl.invoke0(Native Method)
	at sun.reflect.NativeMethodAccessorImpl.invoke(NativeMethodAccessorImpl.java:62)
	at sun.reflect.DelegatingMethodAccessorImpl.invoke(DelegatingMethodAccessorImpl.java:43)
	at java.lang.reflect.Method.invoke(Method.java:498)
	at org.springframework.scheduling.support.ScheduledMethodRunnable.run(ScheduledMethodRunnable.java:84)
	at org.springframework.scheduling.support.DelegatingErrorHandlingRunnable.run(DelegatingErrorHandlingRunnable.java:54)
	at org.springframework.scheduling.concurrent.ReschedulingRunnable.run(ReschedulingRunnable.java:95)
	at java.util.concurrent.Executors$RunnableAdapter.call(Executors.java:511)
	at java.util.concurrent.FutureTask.run(FutureTask.java:266)
	at java.util.concurrent.ScheduledThreadPoolExecutor$ScheduledFutureTask.access$201(ScheduledThreadPoolExecutor.java:180)
	at java.util.concurrent.ScheduledThreadPoolExecutor$ScheduledFutureTask.run(ScheduledThreadPoolExecutor.java:293)
	at java.util.concurrent.ThreadPoolExecutor.runWorker(ThreadPoolExecutor.java:1149)
	at java.util.concurrent.ThreadPoolExecutor$Worker.run(ThreadPoolExecutor.java:624)
	at java.lang.Thread.run(Thread.java:750)
Caused by: org.bytedeco.javacv.FrameGrabber$Exception: avformat_open_input() error -1482175992: Could not open input "rtsp://admin:lbx123456@192.168.0.3:554". (Has setFormat() been called?)
	at org.bytedeco.javacv.FFmpegFrameGrabber.startUnsafe(FFmpegFrameGrabber.java:876)
	at org.bytedeco.javacv.FFmpegFrameGrabber.start(FFmpegFrameGrabber.java:801)
	at org.bytedeco.javacv.FFmpegFrameGrabber.start(FFmpegFrameGrabber.java:796)
	at com.shark.aio.data.video.service.ImageRecorderService.run(ImageRecorderService.java:107)
	at java.util.concurrent.Executors$RunnableAdapter.call(Executors.java:511)
	at java.util.concurrent.FutureTask.run(FutureTask.java:266)
	... 3 common frames omitted
2024-08-28 17:14:00.018 [,] [scheduling-1] ERROR o.s.s.s.TaskUtils$LoggingErrorHandler - [handleError,95] - Unexpected error occurred in scheduled task
java.util.concurrent.ExecutionException: org.bytedeco.javacv.FrameGrabber$Exception: avformat_open_input() error -1482175992: Could not open input "rtsp://admin:lbx123456@192.168.0.3:554". (Has setFormat() been called?)
	at java.util.concurrent.FutureTask.report(FutureTask.java:122)
	at java.util.concurrent.FutureTask.get(FutureTask.java:192)
	at com.shark.aio.base.controller.InitFFmpeg.monitorFfmpegProcess(InitFFmpeg.java:106)
	at com.shark.aio.base.controller.InitFFmpeg$$FastClassBySpringCGLIB$$6f28da27.invoke(<generated>)
	at org.springframework.cglib.proxy.MethodProxy.invoke(MethodProxy.java:218)
	at org.springframework.aop.framework.CglibAopProxy$CglibMethodInvocation.invokeJoinpoint(CglibAopProxy.java:793)
	at org.springframework.aop.framework.ReflectiveMethodInvocation.proceed(ReflectiveMethodInvocation.java:163)
	at org.springframework.aop.framework.CglibAopProxy$CglibMethodInvocation.proceed(CglibAopProxy.java:763)
	at org.springframework.aop.framework.adapter.MethodBeforeAdviceInterceptor.invoke(MethodBeforeAdviceInterceptor.java:58)
	at org.springframework.aop.framework.ReflectiveMethodInvocation.proceed(ReflectiveMethodInvocation.java:186)
	at org.springframework.aop.framework.CglibAopProxy$CglibMethodInvocation.proceed(CglibAopProxy.java:763)
	at org.springframework.aop.interceptor.ExposeInvocationInterceptor.invoke(ExposeInvocationInterceptor.java:97)
	at org.springframework.aop.framework.ReflectiveMethodInvocation.proceed(ReflectiveMethodInvocation.java:186)
	at org.springframework.aop.framework.CglibAopProxy$CglibMethodInvocation.proceed(CglibAopProxy.java:763)
	at org.springframework.aop.framework.CglibAopProxy$DynamicAdvisedInterceptor.intercept(CglibAopProxy.java:708)
	at com.shark.aio.base.controller.InitFFmpeg$$EnhancerBySpringCGLIB$$2d3fb41c.monitorFfmpegProcess(<generated>)
	at sun.reflect.NativeMethodAccessorImpl.invoke0(Native Method)
	at sun.reflect.NativeMethodAccessorImpl.invoke(NativeMethodAccessorImpl.java:62)
	at sun.reflect.DelegatingMethodAccessorImpl.invoke(DelegatingMethodAccessorImpl.java:43)
	at java.lang.reflect.Method.invoke(Method.java:498)
	at org.springframework.scheduling.support.ScheduledMethodRunnable.run(ScheduledMethodRunnable.java:84)
	at org.springframework.scheduling.support.DelegatingErrorHandlingRunnable.run(DelegatingErrorHandlingRunnable.java:54)
	at org.springframework.scheduling.concurrent.ReschedulingRunnable.run(ReschedulingRunnable.java:95)
	at java.util.concurrent.Executors$RunnableAdapter.call(Executors.java:511)
	at java.util.concurrent.FutureTask.run(FutureTask.java:266)
	at java.util.concurrent.ScheduledThreadPoolExecutor$ScheduledFutureTask.access$201(ScheduledThreadPoolExecutor.java:180)
	at java.util.concurrent.ScheduledThreadPoolExecutor$ScheduledFutureTask.run(ScheduledThreadPoolExecutor.java:293)
	at java.util.concurrent.ThreadPoolExecutor.runWorker(ThreadPoolExecutor.java:1149)
	at java.util.concurrent.ThreadPoolExecutor$Worker.run(ThreadPoolExecutor.java:624)
	at java.lang.Thread.run(Thread.java:750)
Caused by: org.bytedeco.javacv.FrameGrabber$Exception: avformat_open_input() error -1482175992: Could not open input "rtsp://admin:lbx123456@192.168.0.3:554". (Has setFormat() been called?)
	at org.bytedeco.javacv.FFmpegFrameGrabber.startUnsafe(FFmpegFrameGrabber.java:876)
	at org.bytedeco.javacv.FFmpegFrameGrabber.start(FFmpegFrameGrabber.java:801)
	at org.bytedeco.javacv.FFmpegFrameGrabber.start(FFmpegFrameGrabber.java:796)
	at com.shark.aio.data.video.service.ImageRecorderService.run(ImageRecorderService.java:107)
	at java.util.concurrent.Executors$RunnableAdapter.call(Executors.java:511)
	at java.util.concurrent.FutureTask.run(FutureTask.java:266)
	... 3 common frames omitted
2024-08-28 17:14:10.011 [,] [scheduling-1] ERROR o.s.s.s.TaskUtils$LoggingErrorHandler - [handleError,95] - Unexpected error occurred in scheduled task
java.util.concurrent.ExecutionException: org.bytedeco.javacv.FrameGrabber$Exception: avformat_open_input() error -1482175992: Could not open input "rtsp://admin:lbx123456@192.168.0.3:554". (Has setFormat() been called?)
	at java.util.concurrent.FutureTask.report(FutureTask.java:122)
	at java.util.concurrent.FutureTask.get(FutureTask.java:192)
	at com.shark.aio.base.controller.InitFFmpeg.monitorFfmpegProcess(InitFFmpeg.java:106)
	at com.shark.aio.base.controller.InitFFmpeg$$FastClassBySpringCGLIB$$6f28da27.invoke(<generated>)
	at org.springframework.cglib.proxy.MethodProxy.invoke(MethodProxy.java:218)
	at org.springframework.aop.framework.CglibAopProxy$CglibMethodInvocation.invokeJoinpoint(CglibAopProxy.java:793)
	at org.springframework.aop.framework.ReflectiveMethodInvocation.proceed(ReflectiveMethodInvocation.java:163)
	at org.springframework.aop.framework.CglibAopProxy$CglibMethodInvocation.proceed(CglibAopProxy.java:763)
	at org.springframework.aop.framework.adapter.MethodBeforeAdviceInterceptor.invoke(MethodBeforeAdviceInterceptor.java:58)
	at org.springframework.aop.framework.ReflectiveMethodInvocation.proceed(ReflectiveMethodInvocation.java:186)
	at org.springframework.aop.framework.CglibAopProxy$CglibMethodInvocation.proceed(CglibAopProxy.java:763)
	at org.springframework.aop.interceptor.ExposeInvocationInterceptor.invoke(ExposeInvocationInterceptor.java:97)
	at org.springframework.aop.framework.ReflectiveMethodInvocation.proceed(ReflectiveMethodInvocation.java:186)
	at org.springframework.aop.framework.CglibAopProxy$CglibMethodInvocation.proceed(CglibAopProxy.java:763)
	at org.springframework.aop.framework.CglibAopProxy$DynamicAdvisedInterceptor.intercept(CglibAopProxy.java:708)
	at com.shark.aio.base.controller.InitFFmpeg$$EnhancerBySpringCGLIB$$2d3fb41c.monitorFfmpegProcess(<generated>)
	at sun.reflect.NativeMethodAccessorImpl.invoke0(Native Method)
	at sun.reflect.NativeMethodAccessorImpl.invoke(NativeMethodAccessorImpl.java:62)
	at sun.reflect.DelegatingMethodAccessorImpl.invoke(DelegatingMethodAccessorImpl.java:43)
	at java.lang.reflect.Method.invoke(Method.java:498)
	at org.springframework.scheduling.support.ScheduledMethodRunnable.run(ScheduledMethodRunnable.java:84)
	at org.springframework.scheduling.support.DelegatingErrorHandlingRunnable.run(DelegatingErrorHandlingRunnable.java:54)
	at org.springframework.scheduling.concurrent.ReschedulingRunnable.run(ReschedulingRunnable.java:95)
	at java.util.concurrent.Executors$RunnableAdapter.call(Executors.java:511)
	at java.util.concurrent.FutureTask.run(FutureTask.java:266)
	at java.util.concurrent.ScheduledThreadPoolExecutor$ScheduledFutureTask.access$201(ScheduledThreadPoolExecutor.java:180)
	at java.util.concurrent.ScheduledThreadPoolExecutor$ScheduledFutureTask.run(ScheduledThreadPoolExecutor.java:293)
	at java.util.concurrent.ThreadPoolExecutor.runWorker(ThreadPoolExecutor.java:1149)
	at java.util.concurrent.ThreadPoolExecutor$Worker.run(ThreadPoolExecutor.java:624)
	at java.lang.Thread.run(Thread.java:750)
Caused by: org.bytedeco.javacv.FrameGrabber$Exception: avformat_open_input() error -1482175992: Could not open input "rtsp://admin:lbx123456@192.168.0.3:554". (Has setFormat() been called?)
	at org.bytedeco.javacv.FFmpegFrameGrabber.startUnsafe(FFmpegFrameGrabber.java:876)
	at org.bytedeco.javacv.FFmpegFrameGrabber.start(FFmpegFrameGrabber.java:801)
	at org.bytedeco.javacv.FFmpegFrameGrabber.start(FFmpegFrameGrabber.java:796)
	at com.shark.aio.data.video.service.ImageRecorderService.run(ImageRecorderService.java:107)
	at java.util.concurrent.Executors$RunnableAdapter.call(Executors.java:511)
	at java.util.concurrent.FutureTask.run(FutureTask.java:266)
	... 3 common frames omitted
2024-08-28 17:14:20.015 [,] [scheduling-1] ERROR o.s.s.s.TaskUtils$LoggingErrorHandler - [handleError,95] - Unexpected error occurred in scheduled task
java.util.concurrent.ExecutionException: org.bytedeco.javacv.FrameGrabber$Exception: avformat_open_input() error -1482175992: Could not open input "rtsp://admin:lbx123456@192.168.0.3:554". (Has setFormat() been called?)
	at java.util.concurrent.FutureTask.report(FutureTask.java:122)
	at java.util.concurrent.FutureTask.get(FutureTask.java:192)
	at com.shark.aio.base.controller.InitFFmpeg.monitorFfmpegProcess(InitFFmpeg.java:106)
	at com.shark.aio.base.controller.InitFFmpeg$$FastClassBySpringCGLIB$$6f28da27.invoke(<generated>)
	at org.springframework.cglib.proxy.MethodProxy.invoke(MethodProxy.java:218)
	at org.springframework.aop.framework.CglibAopProxy$CglibMethodInvocation.invokeJoinpoint(CglibAopProxy.java:793)
	at org.springframework.aop.framework.ReflectiveMethodInvocation.proceed(ReflectiveMethodInvocation.java:163)
	at org.springframework.aop.framework.CglibAopProxy$CglibMethodInvocation.proceed(CglibAopProxy.java:763)
	at org.springframework.aop.framework.adapter.MethodBeforeAdviceInterceptor.invoke(MethodBeforeAdviceInterceptor.java:58)
	at org.springframework.aop.framework.ReflectiveMethodInvocation.proceed(ReflectiveMethodInvocation.java:186)
	at org.springframework.aop.framework.CglibAopProxy$CglibMethodInvocation.proceed(CglibAopProxy.java:763)
	at org.springframework.aop.interceptor.ExposeInvocationInterceptor.invoke(ExposeInvocationInterceptor.java:97)
	at org.springframework.aop.framework.ReflectiveMethodInvocation.proceed(ReflectiveMethodInvocation.java:186)
	at org.springframework.aop.framework.CglibAopProxy$CglibMethodInvocation.proceed(CglibAopProxy.java:763)
	at org.springframework.aop.framework.CglibAopProxy$DynamicAdvisedInterceptor.intercept(CglibAopProxy.java:708)
	at com.shark.aio.base.controller.InitFFmpeg$$EnhancerBySpringCGLIB$$2d3fb41c.monitorFfmpegProcess(<generated>)
	at sun.reflect.NativeMethodAccessorImpl.invoke0(Native Method)
	at sun.reflect.NativeMethodAccessorImpl.invoke(NativeMethodAccessorImpl.java:62)
	at sun.reflect.DelegatingMethodAccessorImpl.invoke(DelegatingMethodAccessorImpl.java:43)
	at java.lang.reflect.Method.invoke(Method.java:498)
	at org.springframework.scheduling.support.ScheduledMethodRunnable.run(ScheduledMethodRunnable.java:84)
	at org.springframework.scheduling.support.DelegatingErrorHandlingRunnable.run(DelegatingErrorHandlingRunnable.java:54)
	at org.springframework.scheduling.concurrent.ReschedulingRunnable.run(ReschedulingRunnable.java:95)
	at java.util.concurrent.Executors$RunnableAdapter.call(Executors.java:511)
	at java.util.concurrent.FutureTask.run(FutureTask.java:266)
	at java.util.concurrent.ScheduledThreadPoolExecutor$ScheduledFutureTask.access$201(ScheduledThreadPoolExecutor.java:180)
	at java.util.concurrent.ScheduledThreadPoolExecutor$ScheduledFutureTask.run(ScheduledThreadPoolExecutor.java:293)
	at java.util.concurrent.ThreadPoolExecutor.runWorker(ThreadPoolExecutor.java:1149)
	at java.util.concurrent.ThreadPoolExecutor$Worker.run(ThreadPoolExecutor.java:624)
	at java.lang.Thread.run(Thread.java:750)
Caused by: org.bytedeco.javacv.FrameGrabber$Exception: avformat_open_input() error -1482175992: Could not open input "rtsp://admin:lbx123456@192.168.0.3:554". (Has setFormat() been called?)
	at org.bytedeco.javacv.FFmpegFrameGrabber.startUnsafe(FFmpegFrameGrabber.java:876)
	at org.bytedeco.javacv.FFmpegFrameGrabber.start(FFmpegFrameGrabber.java:801)
	at org.bytedeco.javacv.FFmpegFrameGrabber.start(FFmpegFrameGrabber.java:796)
	at com.shark.aio.data.video.service.ImageRecorderService.run(ImageRecorderService.java:107)
	at java.util.concurrent.Executors$RunnableAdapter.call(Executors.java:511)
	at java.util.concurrent.FutureTask.run(FutureTask.java:266)
	... 3 common frames omitted
2024-08-28 17:14:30.006 [,] [scheduling-1] ERROR o.s.s.s.TaskUtils$LoggingErrorHandler - [handleError,95] - Unexpected error occurred in scheduled task
java.util.concurrent.ExecutionException: org.bytedeco.javacv.FrameGrabber$Exception: avformat_open_input() error -1482175992: Could not open input "rtsp://admin:lbx123456@192.168.0.3:554". (Has setFormat() been called?)
	at java.util.concurrent.FutureTask.report(FutureTask.java:122)
	at java.util.concurrent.FutureTask.get(FutureTask.java:192)
	at com.shark.aio.base.controller.InitFFmpeg.monitorFfmpegProcess(InitFFmpeg.java:106)
	at com.shark.aio.base.controller.InitFFmpeg$$FastClassBySpringCGLIB$$6f28da27.invoke(<generated>)
	at org.springframework.cglib.proxy.MethodProxy.invoke(MethodProxy.java:218)
	at org.springframework.aop.framework.CglibAopProxy$CglibMethodInvocation.invokeJoinpoint(CglibAopProxy.java:793)
	at org.springframework.aop.framework.ReflectiveMethodInvocation.proceed(ReflectiveMethodInvocation.java:163)
	at org.springframework.aop.framework.CglibAopProxy$CglibMethodInvocation.proceed(CglibAopProxy.java:763)
	at org.springframework.aop.framework.adapter.MethodBeforeAdviceInterceptor.invoke(MethodBeforeAdviceInterceptor.java:58)
	at org.springframework.aop.framework.ReflectiveMethodInvocation.proceed(ReflectiveMethodInvocation.java:186)
	at org.springframework.aop.framework.CglibAopProxy$CglibMethodInvocation.proceed(CglibAopProxy.java:763)
	at org.springframework.aop.interceptor.ExposeInvocationInterceptor.invoke(ExposeInvocationInterceptor.java:97)
	at org.springframework.aop.framework.ReflectiveMethodInvocation.proceed(ReflectiveMethodInvocation.java:186)
	at org.springframework.aop.framework.CglibAopProxy$CglibMethodInvocation.proceed(CglibAopProxy.java:763)
	at org.springframework.aop.framework.CglibAopProxy$DynamicAdvisedInterceptor.intercept(CglibAopProxy.java:708)
	at com.shark.aio.base.controller.InitFFmpeg$$EnhancerBySpringCGLIB$$2d3fb41c.monitorFfmpegProcess(<generated>)
	at sun.reflect.NativeMethodAccessorImpl.invoke0(Native Method)
	at sun.reflect.NativeMethodAccessorImpl.invoke(NativeMethodAccessorImpl.java:62)
	at sun.reflect.DelegatingMethodAccessorImpl.invoke(DelegatingMethodAccessorImpl.java:43)
	at java.lang.reflect.Method.invoke(Method.java:498)
	at org.springframework.scheduling.support.ScheduledMethodRunnable.run(ScheduledMethodRunnable.java:84)
	at org.springframework.scheduling.support.DelegatingErrorHandlingRunnable.run(DelegatingErrorHandlingRunnable.java:54)
	at org.springframework.scheduling.concurrent.ReschedulingRunnable.run(ReschedulingRunnable.java:95)
	at java.util.concurrent.Executors$RunnableAdapter.call(Executors.java:511)
	at java.util.concurrent.FutureTask.run(FutureTask.java:266)
	at java.util.concurrent.ScheduledThreadPoolExecutor$ScheduledFutureTask.access$201(ScheduledThreadPoolExecutor.java:180)
	at java.util.concurrent.ScheduledThreadPoolExecutor$ScheduledFutureTask.run(ScheduledThreadPoolExecutor.java:293)
	at java.util.concurrent.ThreadPoolExecutor.runWorker(ThreadPoolExecutor.java:1149)
	at java.util.concurrent.ThreadPoolExecutor$Worker.run(ThreadPoolExecutor.java:624)
	at java.lang.Thread.run(Thread.java:750)
Caused by: org.bytedeco.javacv.FrameGrabber$Exception: avformat_open_input() error -1482175992: Could not open input "rtsp://admin:lbx123456@192.168.0.3:554". (Has setFormat() been called?)
	at org.bytedeco.javacv.FFmpegFrameGrabber.startUnsafe(FFmpegFrameGrabber.java:876)
	at org.bytedeco.javacv.FFmpegFrameGrabber.start(FFmpegFrameGrabber.java:801)
	at org.bytedeco.javacv.FFmpegFrameGrabber.start(FFmpegFrameGrabber.java:796)
	at com.shark.aio.data.video.service.ImageRecorderService.run(ImageRecorderService.java:107)
	at java.util.concurrent.Executors$RunnableAdapter.call(Executors.java:511)
	at java.util.concurrent.FutureTask.run(FutureTask.java:266)
	... 3 common frames omitted
2024-08-28 17:14:40.001 [,] [scheduling-1] ERROR o.s.s.s.TaskUtils$LoggingErrorHandler - [handleError,95] - Unexpected error occurred in scheduled task
java.util.concurrent.ExecutionException: org.bytedeco.javacv.FrameGrabber$Exception: avformat_open_input() error -1482175992: Could not open input "rtsp://admin:lbx123456@192.168.0.3:554". (Has setFormat() been called?)
	at java.util.concurrent.FutureTask.report(FutureTask.java:122)
	at java.util.concurrent.FutureTask.get(FutureTask.java:192)
	at com.shark.aio.base.controller.InitFFmpeg.monitorFfmpegProcess(InitFFmpeg.java:106)
	at com.shark.aio.base.controller.InitFFmpeg$$FastClassBySpringCGLIB$$6f28da27.invoke(<generated>)
	at org.springframework.cglib.proxy.MethodProxy.invoke(MethodProxy.java:218)
	at org.springframework.aop.framework.CglibAopProxy$CglibMethodInvocation.invokeJoinpoint(CglibAopProxy.java:793)
	at org.springframework.aop.framework.ReflectiveMethodInvocation.proceed(ReflectiveMethodInvocation.java:163)
	at org.springframework.aop.framework.CglibAopProxy$CglibMethodInvocation.proceed(CglibAopProxy.java:763)
	at org.springframework.aop.framework.adapter.MethodBeforeAdviceInterceptor.invoke(MethodBeforeAdviceInterceptor.java:58)
	at org.springframework.aop.framework.ReflectiveMethodInvocation.proceed(ReflectiveMethodInvocation.java:186)
	at org.springframework.aop.framework.CglibAopProxy$CglibMethodInvocation.proceed(CglibAopProxy.java:763)
	at org.springframework.aop.interceptor.ExposeInvocationInterceptor.invoke(ExposeInvocationInterceptor.java:97)
	at org.springframework.aop.framework.ReflectiveMethodInvocation.proceed(ReflectiveMethodInvocation.java:186)
	at org.springframework.aop.framework.CglibAopProxy$CglibMethodInvocation.proceed(CglibAopProxy.java:763)
	at org.springframework.aop.framework.CglibAopProxy$DynamicAdvisedInterceptor.intercept(CglibAopProxy.java:708)
	at com.shark.aio.base.controller.InitFFmpeg$$EnhancerBySpringCGLIB$$2d3fb41c.monitorFfmpegProcess(<generated>)
	at sun.reflect.NativeMethodAccessorImpl.invoke0(Native Method)
	at sun.reflect.NativeMethodAccessorImpl.invoke(NativeMethodAccessorImpl.java:62)
	at sun.reflect.DelegatingMethodAccessorImpl.invoke(DelegatingMethodAccessorImpl.java:43)
	at java.lang.reflect.Method.invoke(Method.java:498)
	at org.springframework.scheduling.support.ScheduledMethodRunnable.run(ScheduledMethodRunnable.java:84)
	at org.springframework.scheduling.support.DelegatingErrorHandlingRunnable.run(DelegatingErrorHandlingRunnable.java:54)
	at org.springframework.scheduling.concurrent.ReschedulingRunnable.run(ReschedulingRunnable.java:95)
	at java.util.concurrent.Executors$RunnableAdapter.call(Executors.java:511)
	at java.util.concurrent.FutureTask.run(FutureTask.java:266)
	at java.util.concurrent.ScheduledThreadPoolExecutor$ScheduledFutureTask.access$201(ScheduledThreadPoolExecutor.java:180)
	at java.util.concurrent.ScheduledThreadPoolExecutor$ScheduledFutureTask.run(ScheduledThreadPoolExecutor.java:293)
	at java.util.concurrent.ThreadPoolExecutor.runWorker(ThreadPoolExecutor.java:1149)
	at java.util.concurrent.ThreadPoolExecutor$Worker.run(ThreadPoolExecutor.java:624)
	at java.lang.Thread.run(Thread.java:750)
Caused by: org.bytedeco.javacv.FrameGrabber$Exception: avformat_open_input() error -1482175992: Could not open input "rtsp://admin:lbx123456@192.168.0.3:554". (Has setFormat() been called?)
	at org.bytedeco.javacv.FFmpegFrameGrabber.startUnsafe(FFmpegFrameGrabber.java:876)
	at org.bytedeco.javacv.FFmpegFrameGrabber.start(FFmpegFrameGrabber.java:801)
	at org.bytedeco.javacv.FFmpegFrameGrabber.start(FFmpegFrameGrabber.java:796)
	at com.shark.aio.data.video.service.ImageRecorderService.run(ImageRecorderService.java:107)
	at java.util.concurrent.Executors$RunnableAdapter.call(Executors.java:511)
	at java.util.concurrent.FutureTask.run(FutureTask.java:266)
	... 3 common frames omitted
2024-08-28 17:14:50.001 [,] [scheduling-1] ERROR o.s.s.s.TaskUtils$LoggingErrorHandler - [handleError,95] - Unexpected error occurred in scheduled task
java.util.concurrent.ExecutionException: org.bytedeco.javacv.FrameGrabber$Exception: avformat_open_input() error -1482175992: Could not open input "rtsp://admin:lbx123456@192.168.0.3:554". (Has setFormat() been called?)
	at java.util.concurrent.FutureTask.report(FutureTask.java:122)
	at java.util.concurrent.FutureTask.get(FutureTask.java:192)
	at com.shark.aio.base.controller.InitFFmpeg.monitorFfmpegProcess(InitFFmpeg.java:106)
	at com.shark.aio.base.controller.InitFFmpeg$$FastClassBySpringCGLIB$$6f28da27.invoke(<generated>)
	at org.springframework.cglib.proxy.MethodProxy.invoke(MethodProxy.java:218)
	at org.springframework.aop.framework.CglibAopProxy$CglibMethodInvocation.invokeJoinpoint(CglibAopProxy.java:793)
	at org.springframework.aop.framework.ReflectiveMethodInvocation.proceed(ReflectiveMethodInvocation.java:163)
	at org.springframework.aop.framework.CglibAopProxy$CglibMethodInvocation.proceed(CglibAopProxy.java:763)
	at org.springframework.aop.framework.adapter.MethodBeforeAdviceInterceptor.invoke(MethodBeforeAdviceInterceptor.java:58)
	at org.springframework.aop.framework.ReflectiveMethodInvocation.proceed(ReflectiveMethodInvocation.java:186)
	at org.springframework.aop.framework.CglibAopProxy$CglibMethodInvocation.proceed(CglibAopProxy.java:763)
	at org.springframework.aop.interceptor.ExposeInvocationInterceptor.invoke(ExposeInvocationInterceptor.java:97)
	at org.springframework.aop.framework.ReflectiveMethodInvocation.proceed(ReflectiveMethodInvocation.java:186)
	at org.springframework.aop.framework.CglibAopProxy$CglibMethodInvocation.proceed(CglibAopProxy.java:763)
	at org.springframework.aop.framework.CglibAopProxy$DynamicAdvisedInterceptor.intercept(CglibAopProxy.java:708)
	at com.shark.aio.base.controller.InitFFmpeg$$EnhancerBySpringCGLIB$$2d3fb41c.monitorFfmpegProcess(<generated>)
	at sun.reflect.NativeMethodAccessorImpl.invoke0(Native Method)
	at sun.reflect.NativeMethodAccessorImpl.invoke(NativeMethodAccessorImpl.java:62)
	at sun.reflect.DelegatingMethodAccessorImpl.invoke(DelegatingMethodAccessorImpl.java:43)
	at java.lang.reflect.Method.invoke(Method.java:498)
	at org.springframework.scheduling.support.ScheduledMethodRunnable.run(ScheduledMethodRunnable.java:84)
	at org.springframework.scheduling.support.DelegatingErrorHandlingRunnable.run(DelegatingErrorHandlingRunnable.java:54)
	at org.springframework.scheduling.concurrent.ReschedulingRunnable.run(ReschedulingRunnable.java:95)
	at java.util.concurrent.Executors$RunnableAdapter.call(Executors.java:511)
	at java.util.concurrent.FutureTask.run(FutureTask.java:266)
	at java.util.concurrent.ScheduledThreadPoolExecutor$ScheduledFutureTask.access$201(ScheduledThreadPoolExecutor.java:180)
	at java.util.concurrent.ScheduledThreadPoolExecutor$ScheduledFutureTask.run(ScheduledThreadPoolExecutor.java:293)
	at java.util.concurrent.ThreadPoolExecutor.runWorker(ThreadPoolExecutor.java:1149)
	at java.util.concurrent.ThreadPoolExecutor$Worker.run(ThreadPoolExecutor.java:624)
	at java.lang.Thread.run(Thread.java:750)
Caused by: org.bytedeco.javacv.FrameGrabber$Exception: avformat_open_input() error -1482175992: Could not open input "rtsp://admin:lbx123456@192.168.0.3:554". (Has setFormat() been called?)
	at org.bytedeco.javacv.FFmpegFrameGrabber.startUnsafe(FFmpegFrameGrabber.java:876)
	at org.bytedeco.javacv.FFmpegFrameGrabber.start(FFmpegFrameGrabber.java:801)
	at org.bytedeco.javacv.FFmpegFrameGrabber.start(FFmpegFrameGrabber.java:796)
	at com.shark.aio.data.video.service.ImageRecorderService.run(ImageRecorderService.java:107)
	at java.util.concurrent.Executors$RunnableAdapter.call(Executors.java:511)
	at java.util.concurrent.FutureTask.run(FutureTask.java:266)
	... 3 common frames omitted
2024-08-28 17:15:00.002 [,] [scheduling-1] ERROR o.s.s.s.TaskUtils$LoggingErrorHandler - [handleError,95] - Unexpected error occurred in scheduled task
java.util.concurrent.ExecutionException: org.bytedeco.javacv.FrameGrabber$Exception: avformat_open_input() error -1482175992: Could not open input "rtsp://admin:lbx123456@192.168.0.3:554". (Has setFormat() been called?)
	at java.util.concurrent.FutureTask.report(FutureTask.java:122)
	at java.util.concurrent.FutureTask.get(FutureTask.java:192)
	at com.shark.aio.base.controller.InitFFmpeg.monitorFfmpegProcess(InitFFmpeg.java:106)
	at com.shark.aio.base.controller.InitFFmpeg$$FastClassBySpringCGLIB$$6f28da27.invoke(<generated>)
	at org.springframework.cglib.proxy.MethodProxy.invoke(MethodProxy.java:218)
	at org.springframework.aop.framework.CglibAopProxy$CglibMethodInvocation.invokeJoinpoint(CglibAopProxy.java:793)
	at org.springframework.aop.framework.ReflectiveMethodInvocation.proceed(ReflectiveMethodInvocation.java:163)
	at org.springframework.aop.framework.CglibAopProxy$CglibMethodInvocation.proceed(CglibAopProxy.java:763)
	at org.springframework.aop.framework.adapter.MethodBeforeAdviceInterceptor.invoke(MethodBeforeAdviceInterceptor.java:58)
	at org.springframework.aop.framework.ReflectiveMethodInvocation.proceed(ReflectiveMethodInvocation.java:186)
	at org.springframework.aop.framework.CglibAopProxy$CglibMethodInvocation.proceed(CglibAopProxy.java:763)
	at org.springframework.aop.interceptor.ExposeInvocationInterceptor.invoke(ExposeInvocationInterceptor.java:97)
	at org.springframework.aop.framework.ReflectiveMethodInvocation.proceed(ReflectiveMethodInvocation.java:186)
	at org.springframework.aop.framework.CglibAopProxy$CglibMethodInvocation.proceed(CglibAopProxy.java:763)
	at org.springframework.aop.framework.CglibAopProxy$DynamicAdvisedInterceptor.intercept(CglibAopProxy.java:708)
	at com.shark.aio.base.controller.InitFFmpeg$$EnhancerBySpringCGLIB$$2d3fb41c.monitorFfmpegProcess(<generated>)
	at sun.reflect.NativeMethodAccessorImpl.invoke0(Native Method)
	at sun.reflect.NativeMethodAccessorImpl.invoke(NativeMethodAccessorImpl.java:62)
	at sun.reflect.DelegatingMethodAccessorImpl.invoke(DelegatingMethodAccessorImpl.java:43)
	at java.lang.reflect.Method.invoke(Method.java:498)
	at org.springframework.scheduling.support.ScheduledMethodRunnable.run(ScheduledMethodRunnable.java:84)
	at org.springframework.scheduling.support.DelegatingErrorHandlingRunnable.run(DelegatingErrorHandlingRunnable.java:54)
	at org.springframework.scheduling.concurrent.ReschedulingRunnable.run(ReschedulingRunnable.java:95)
	at java.util.concurrent.Executors$RunnableAdapter.call(Executors.java:511)
	at java.util.concurrent.FutureTask.run(FutureTask.java:266)
	at java.util.concurrent.ScheduledThreadPoolExecutor$ScheduledFutureTask.access$201(ScheduledThreadPoolExecutor.java:180)
	at java.util.concurrent.ScheduledThreadPoolExecutor$ScheduledFutureTask.run(ScheduledThreadPoolExecutor.java:293)
	at java.util.concurrent.ThreadPoolExecutor.runWorker(ThreadPoolExecutor.java:1149)
	at java.util.concurrent.ThreadPoolExecutor$Worker.run(ThreadPoolExecutor.java:624)
	at java.lang.Thread.run(Thread.java:750)
Caused by: org.bytedeco.javacv.FrameGrabber$Exception: avformat_open_input() error -1482175992: Could not open input "rtsp://admin:lbx123456@192.168.0.3:554". (Has setFormat() been called?)
	at org.bytedeco.javacv.FFmpegFrameGrabber.startUnsafe(FFmpegFrameGrabber.java:876)
	at org.bytedeco.javacv.FFmpegFrameGrabber.start(FFmpegFrameGrabber.java:801)
	at org.bytedeco.javacv.FFmpegFrameGrabber.start(FFmpegFrameGrabber.java:796)
	at com.shark.aio.data.video.service.ImageRecorderService.run(ImageRecorderService.java:107)
	at java.util.concurrent.Executors$RunnableAdapter.call(Executors.java:511)
	at java.util.concurrent.FutureTask.run(FutureTask.java:266)
	... 3 common frames omitted
2024-08-28 17:15:10.007 [,] [scheduling-1] ERROR o.s.s.s.TaskUtils$LoggingErrorHandler - [handleError,95] - Unexpected error occurred in scheduled task
java.util.concurrent.ExecutionException: org.bytedeco.javacv.FrameGrabber$Exception: avformat_open_input() error -1482175992: Could not open input "rtsp://admin:lbx123456@192.168.0.3:554". (Has setFormat() been called?)
	at java.util.concurrent.FutureTask.report(FutureTask.java:122)
	at java.util.concurrent.FutureTask.get(FutureTask.java:192)
	at com.shark.aio.base.controller.InitFFmpeg.monitorFfmpegProcess(InitFFmpeg.java:106)
	at com.shark.aio.base.controller.InitFFmpeg$$FastClassBySpringCGLIB$$6f28da27.invoke(<generated>)
	at org.springframework.cglib.proxy.MethodProxy.invoke(MethodProxy.java:218)
	at org.springframework.aop.framework.CglibAopProxy$CglibMethodInvocation.invokeJoinpoint(CglibAopProxy.java:793)
	at org.springframework.aop.framework.ReflectiveMethodInvocation.proceed(ReflectiveMethodInvocation.java:163)
	at org.springframework.aop.framework.CglibAopProxy$CglibMethodInvocation.proceed(CglibAopProxy.java:763)
	at org.springframework.aop.framework.adapter.MethodBeforeAdviceInterceptor.invoke(MethodBeforeAdviceInterceptor.java:58)
	at org.springframework.aop.framework.ReflectiveMethodInvocation.proceed(ReflectiveMethodInvocation.java:186)
	at org.springframework.aop.framework.CglibAopProxy$CglibMethodInvocation.proceed(CglibAopProxy.java:763)
	at org.springframework.aop.interceptor.ExposeInvocationInterceptor.invoke(ExposeInvocationInterceptor.java:97)
	at org.springframework.aop.framework.ReflectiveMethodInvocation.proceed(ReflectiveMethodInvocation.java:186)
	at org.springframework.aop.framework.CglibAopProxy$CglibMethodInvocation.proceed(CglibAopProxy.java:763)
	at org.springframework.aop.framework.CglibAopProxy$DynamicAdvisedInterceptor.intercept(CglibAopProxy.java:708)
	at com.shark.aio.base.controller.InitFFmpeg$$EnhancerBySpringCGLIB$$2d3fb41c.monitorFfmpegProcess(<generated>)
	at sun.reflect.NativeMethodAccessorImpl.invoke0(Native Method)
	at sun.reflect.NativeMethodAccessorImpl.invoke(NativeMethodAccessorImpl.java:62)
	at sun.reflect.DelegatingMethodAccessorImpl.invoke(DelegatingMethodAccessorImpl.java:43)
	at java.lang.reflect.Method.invoke(Method.java:498)
	at org.springframework.scheduling.support.ScheduledMethodRunnable.run(ScheduledMethodRunnable.java:84)
	at org.springframework.scheduling.support.DelegatingErrorHandlingRunnable.run(DelegatingErrorHandlingRunnable.java:54)
	at org.springframework.scheduling.concurrent.ReschedulingRunnable.run(ReschedulingRunnable.java:95)
	at java.util.concurrent.Executors$RunnableAdapter.call(Executors.java:511)
	at java.util.concurrent.FutureTask.run(FutureTask.java:266)
	at java.util.concurrent.ScheduledThreadPoolExecutor$ScheduledFutureTask.access$201(ScheduledThreadPoolExecutor.java:180)
	at java.util.concurrent.ScheduledThreadPoolExecutor$ScheduledFutureTask.run(ScheduledThreadPoolExecutor.java:293)
	at java.util.concurrent.ThreadPoolExecutor.runWorker(ThreadPoolExecutor.java:1149)
	at java.util.concurrent.ThreadPoolExecutor$Worker.run(ThreadPoolExecutor.java:624)
	at java.lang.Thread.run(Thread.java:750)
Caused by: org.bytedeco.javacv.FrameGrabber$Exception: avformat_open_input() error -1482175992: Could not open input "rtsp://admin:lbx123456@192.168.0.3:554". (Has setFormat() been called?)
	at org.bytedeco.javacv.FFmpegFrameGrabber.startUnsafe(FFmpegFrameGrabber.java:876)
	at org.bytedeco.javacv.FFmpegFrameGrabber.start(FFmpegFrameGrabber.java:801)
	at org.bytedeco.javacv.FFmpegFrameGrabber.start(FFmpegFrameGrabber.java:796)
	at com.shark.aio.data.video.service.ImageRecorderService.run(ImageRecorderService.java:107)
	at java.util.concurrent.Executors$RunnableAdapter.call(Executors.java:511)
	at java.util.concurrent.FutureTask.run(FutureTask.java:266)
	... 3 common frames omitted
2024-08-28 17:15:20.017 [,] [scheduling-1] ERROR o.s.s.s.TaskUtils$LoggingErrorHandler - [handleError,95] - Unexpected error occurred in scheduled task
java.util.concurrent.ExecutionException: org.bytedeco.javacv.FrameGrabber$Exception: avformat_open_input() error -1482175992: Could not open input "rtsp://admin:lbx123456@192.168.0.3:554". (Has setFormat() been called?)
	at java.util.concurrent.FutureTask.report(FutureTask.java:122)
	at java.util.concurrent.FutureTask.get(FutureTask.java:192)
	at com.shark.aio.base.controller.InitFFmpeg.monitorFfmpegProcess(InitFFmpeg.java:106)
	at com.shark.aio.base.controller.InitFFmpeg$$FastClassBySpringCGLIB$$6f28da27.invoke(<generated>)
	at org.springframework.cglib.proxy.MethodProxy.invoke(MethodProxy.java:218)
	at org.springframework.aop.framework.CglibAopProxy$CglibMethodInvocation.invokeJoinpoint(CglibAopProxy.java:793)
	at org.springframework.aop.framework.ReflectiveMethodInvocation.proceed(ReflectiveMethodInvocation.java:163)
	at org.springframework.aop.framework.CglibAopProxy$CglibMethodInvocation.proceed(CglibAopProxy.java:763)
	at org.springframework.aop.framework.adapter.MethodBeforeAdviceInterceptor.invoke(MethodBeforeAdviceInterceptor.java:58)
	at org.springframework.aop.framework.ReflectiveMethodInvocation.proceed(ReflectiveMethodInvocation.java:186)
	at org.springframework.aop.framework.CglibAopProxy$CglibMethodInvocation.proceed(CglibAopProxy.java:763)
	at org.springframework.aop.interceptor.ExposeInvocationInterceptor.invoke(ExposeInvocationInterceptor.java:97)
	at org.springframework.aop.framework.ReflectiveMethodInvocation.proceed(ReflectiveMethodInvocation.java:186)
	at org.springframework.aop.framework.CglibAopProxy$CglibMethodInvocation.proceed(CglibAopProxy.java:763)
	at org.springframework.aop.framework.CglibAopProxy$DynamicAdvisedInterceptor.intercept(CglibAopProxy.java:708)
	at com.shark.aio.base.controller.InitFFmpeg$$EnhancerBySpringCGLIB$$2d3fb41c.monitorFfmpegProcess(<generated>)
	at sun.reflect.NativeMethodAccessorImpl.invoke0(Native Method)
	at sun.reflect.NativeMethodAccessorImpl.invoke(NativeMethodAccessorImpl.java:62)
	at sun.reflect.DelegatingMethodAccessorImpl.invoke(DelegatingMethodAccessorImpl.java:43)
	at java.lang.reflect.Method.invoke(Method.java:498)
	at org.springframework.scheduling.support.ScheduledMethodRunnable.run(ScheduledMethodRunnable.java:84)
	at org.springframework.scheduling.support.DelegatingErrorHandlingRunnable.run(DelegatingErrorHandlingRunnable.java:54)
	at org.springframework.scheduling.concurrent.ReschedulingRunnable.run(ReschedulingRunnable.java:95)
	at java.util.concurrent.Executors$RunnableAdapter.call(Executors.java:511)
	at java.util.concurrent.FutureTask.run(FutureTask.java:266)
	at java.util.concurrent.ScheduledThreadPoolExecutor$ScheduledFutureTask.access$201(ScheduledThreadPoolExecutor.java:180)
	at java.util.concurrent.ScheduledThreadPoolExecutor$ScheduledFutureTask.run(ScheduledThreadPoolExecutor.java:293)
	at java.util.concurrent.ThreadPoolExecutor.runWorker(ThreadPoolExecutor.java:1149)
	at java.util.concurrent.ThreadPoolExecutor$Worker.run(ThreadPoolExecutor.java:624)
	at java.lang.Thread.run(Thread.java:750)
Caused by: org.bytedeco.javacv.FrameGrabber$Exception: avformat_open_input() error -1482175992: Could not open input "rtsp://admin:lbx123456@192.168.0.3:554". (Has setFormat() been called?)
	at org.bytedeco.javacv.FFmpegFrameGrabber.startUnsafe(FFmpegFrameGrabber.java:876)
	at org.bytedeco.javacv.FFmpegFrameGrabber.start(FFmpegFrameGrabber.java:801)
	at org.bytedeco.javacv.FFmpegFrameGrabber.start(FFmpegFrameGrabber.java:796)
	at com.shark.aio.data.video.service.ImageRecorderService.run(ImageRecorderService.java:107)
	at java.util.concurrent.Executors$RunnableAdapter.call(Executors.java:511)
	at java.util.concurrent.FutureTask.run(FutureTask.java:266)
	... 3 common frames omitted
2024-08-28 17:15:30.013 [,] [scheduling-1] ERROR o.s.s.s.TaskUtils$LoggingErrorHandler - [handleError,95] - Unexpected error occurred in scheduled task
java.util.concurrent.ExecutionException: org.bytedeco.javacv.FrameGrabber$Exception: avformat_open_input() error -1482175992: Could not open input "rtsp://admin:lbx123456@192.168.0.3:554". (Has setFormat() been called?)
	at java.util.concurrent.FutureTask.report(FutureTask.java:122)
	at java.util.concurrent.FutureTask.get(FutureTask.java:192)
	at com.shark.aio.base.controller.InitFFmpeg.monitorFfmpegProcess(InitFFmpeg.java:106)
	at com.shark.aio.base.controller.InitFFmpeg$$FastClassBySpringCGLIB$$6f28da27.invoke(<generated>)
	at org.springframework.cglib.proxy.MethodProxy.invoke(MethodProxy.java:218)
	at org.springframework.aop.framework.CglibAopProxy$CglibMethodInvocation.invokeJoinpoint(CglibAopProxy.java:793)
	at org.springframework.aop.framework.ReflectiveMethodInvocation.proceed(ReflectiveMethodInvocation.java:163)
	at org.springframework.aop.framework.CglibAopProxy$CglibMethodInvocation.proceed(CglibAopProxy.java:763)
	at org.springframework.aop.framework.adapter.MethodBeforeAdviceInterceptor.invoke(MethodBeforeAdviceInterceptor.java:58)
	at org.springframework.aop.framework.ReflectiveMethodInvocation.proceed(ReflectiveMethodInvocation.java:186)
	at org.springframework.aop.framework.CglibAopProxy$CglibMethodInvocation.proceed(CglibAopProxy.java:763)
	at org.springframework.aop.interceptor.ExposeInvocationInterceptor.invoke(ExposeInvocationInterceptor.java:97)
	at org.springframework.aop.framework.ReflectiveMethodInvocation.proceed(ReflectiveMethodInvocation.java:186)
	at org.springframework.aop.framework.CglibAopProxy$CglibMethodInvocation.proceed(CglibAopProxy.java:763)
	at org.springframework.aop.framework.CglibAopProxy$DynamicAdvisedInterceptor.intercept(CglibAopProxy.java:708)
	at com.shark.aio.base.controller.InitFFmpeg$$EnhancerBySpringCGLIB$$2d3fb41c.monitorFfmpegProcess(<generated>)
	at sun.reflect.NativeMethodAccessorImpl.invoke0(Native Method)
	at sun.reflect.NativeMethodAccessorImpl.invoke(NativeMethodAccessorImpl.java:62)
	at sun.reflect.DelegatingMethodAccessorImpl.invoke(DelegatingMethodAccessorImpl.java:43)
	at java.lang.reflect.Method.invoke(Method.java:498)
	at org.springframework.scheduling.support.ScheduledMethodRunnable.run(ScheduledMethodRunnable.java:84)
	at org.springframework.scheduling.support.DelegatingErrorHandlingRunnable.run(DelegatingErrorHandlingRunnable.java:54)
	at org.springframework.scheduling.concurrent.ReschedulingRunnable.run(ReschedulingRunnable.java:95)
	at java.util.concurrent.Executors$RunnableAdapter.call(Executors.java:511)
	at java.util.concurrent.FutureTask.run(FutureTask.java:266)
	at java.util.concurrent.ScheduledThreadPoolExecutor$ScheduledFutureTask.access$201(ScheduledThreadPoolExecutor.java:180)
	at java.util.concurrent.ScheduledThreadPoolExecutor$ScheduledFutureTask.run(ScheduledThreadPoolExecutor.java:293)
	at java.util.concurrent.ThreadPoolExecutor.runWorker(ThreadPoolExecutor.java:1149)
	at java.util.concurrent.ThreadPoolExecutor$Worker.run(ThreadPoolExecutor.java:624)
	at java.lang.Thread.run(Thread.java:750)
Caused by: org.bytedeco.javacv.FrameGrabber$Exception: avformat_open_input() error -1482175992: Could not open input "rtsp://admin:lbx123456@192.168.0.3:554". (Has setFormat() been called?)
	at org.bytedeco.javacv.FFmpegFrameGrabber.startUnsafe(FFmpegFrameGrabber.java:876)
	at org.bytedeco.javacv.FFmpegFrameGrabber.start(FFmpegFrameGrabber.java:801)
	at org.bytedeco.javacv.FFmpegFrameGrabber.start(FFmpegFrameGrabber.java:796)
	at com.shark.aio.data.video.service.ImageRecorderService.run(ImageRecorderService.java:107)
	at java.util.concurrent.Executors$RunnableAdapter.call(Executors.java:511)
	at java.util.concurrent.FutureTask.run(FutureTask.java:266)
	... 3 common frames omitted
2024-08-28 17:17:04.633 [,] [http-nio-8089-exec-10] ERROR o.a.c.c.C.[.[.[.[dispatcherServlet] - [log,175] - Servlet.service() for servlet [dispatcherServlet] in context with path [] threw exception [Request processing failed; nested exception is org.springframework.web.client.ResourceAccessException: I/O error on GET request for "http://localhost:5555/video_feed": java.io.IOException: 你的主机中的软件中止了一个已建立的连接。; nested exception is org.apache.catalina.connector.ClientAbortException: java.io.IOException: 你的主机中的软件中止了一个已建立的连接。] with root cause
java.io.IOException: 你的主机中的软件中止了一个已建立的连接。
	at sun.nio.ch.SocketDispatcher.write0(Native Method)
	at sun.nio.ch.SocketDispatcher.write(SocketDispatcher.java:51)
	at sun.nio.ch.IOUtil.writeFromNativeBuffer(IOUtil.java:93)
	at sun.nio.ch.IOUtil.write(IOUtil.java:65)
	at sun.nio.ch.SocketChannelImpl.write(SocketChannelImpl.java:469)
	at org.apache.tomcat.util.net.NioChannel.write(NioChannel.java:135)
	at org.apache.tomcat.util.net.NioEndpoint$NioSocketWrapper.doWrite(NioEndpoint.java:1424)
	at org.apache.tomcat.util.net.SocketWrapperBase.doWrite(SocketWrapperBase.java:768)
	at org.apache.tomcat.util.net.SocketWrapperBase.writeBlocking(SocketWrapperBase.java:593)
	at org.apache.tomcat.util.net.SocketWrapperBase.write(SocketWrapperBase.java:537)
	at org.apache.coyote.http11.Http11OutputBuffer$SocketOutputBuffer.doWrite(Http11OutputBuffer.java:547)
	at org.apache.coyote.http11.filters.ChunkedOutputFilter.doWrite(ChunkedOutputFilter.java:112)
	at org.apache.coyote.http11.Http11OutputBuffer.doWrite(Http11OutputBuffer.java:194)
	at org.apache.coyote.Response.doWrite(Response.java:615)
	at org.apache.catalina.connector.OutputBuffer.realWriteBytes(OutputBuffer.java:340)
	at org.apache.catalina.connector.OutputBuffer.flushByteBuffer(OutputBuffer.java:784)
	at org.apache.catalina.connector.OutputBuffer.doFlush(OutputBuffer.java:299)
	at org.apache.catalina.connector.OutputBuffer.flush(OutputBuffer.java:273)
	at org.apache.catalina.connector.CoyoteOutputStream.flush(CoyoteOutputStream.java:118)
	at com.shark.aio.videodetect.controller.EmbedController.lambda$getFlaskPage$1(EmbedController.java:54)
	at org.springframework.web.client.RestTemplate.doExecute(RestTemplate.java:778)
	at org.springframework.web.client.RestTemplate.execute(RestTemplate.java:711)
	at com.shark.aio.videodetect.controller.EmbedController.getFlaskPage(EmbedController.java:60)
	at sun.reflect.NativeMethodAccessorImpl.invoke0(Native Method)
	at sun.reflect.NativeMethodAccessorImpl.invoke(NativeMethodAccessorImpl.java:62)
	at sun.reflect.DelegatingMethodAccessorImpl.invoke(DelegatingMethodAccessorImpl.java:43)
	at java.lang.reflect.Method.invoke(Method.java:498)
	at org.springframework.web.method.support.InvocableHandlerMethod.doInvoke(InvocableHandlerMethod.java:205)
	at org.springframework.web.method.support.InvocableHandlerMethod.invokeForRequest(InvocableHandlerMethod.java:150)
	at org.springframework.web.servlet.mvc.method.annotation.ServletInvocableHandlerMethod.invokeAndHandle(ServletInvocableHandlerMethod.java:117)
	at org.springframework.web.servlet.mvc.method.annotation.RequestMappingHandlerAdapter.invokeHandlerMethod(RequestMappingHandlerAdapter.java:895)
	at org.springframework.web.servlet.mvc.method.annotation.RequestMappingHandlerAdapter.handleInternal(RequestMappingHandlerAdapter.java:808)
	at org.springframework.web.servlet.mvc.method.AbstractHandlerMethodAdapter.handle(AbstractHandlerMethodAdapter.java:87)
	at org.springframework.web.servlet.DispatcherServlet.doDispatch(DispatcherServlet.java:1071)
	at org.springframework.web.servlet.DispatcherServlet.doService(DispatcherServlet.java:964)
	at org.springframework.web.servlet.FrameworkServlet.processRequest(FrameworkServlet.java:1006)
	at org.springframework.web.servlet.FrameworkServlet.doGet(FrameworkServlet.java:898)
	at javax.servlet.http.HttpServlet.service(HttpServlet.java:670)
	at org.springframework.web.servlet.FrameworkServlet.service(FrameworkServlet.java:883)
	at javax.servlet.http.HttpServlet.service(HttpServlet.java:779)
	at org.apache.catalina.core.ApplicationFilterChain.internalDoFilter(ApplicationFilterChain.java:227)
	at org.apache.catalina.core.ApplicationFilterChain.doFilter(ApplicationFilterChain.java:162)
	at org.apache.tomcat.websocket.server.WsFilter.doFilter(WsFilter.java:53)
	at org.apache.catalina.core.ApplicationFilterChain.internalDoFilter(ApplicationFilterChain.java:189)
	at org.apache.catalina.core.ApplicationFilterChain.doFilter(ApplicationFilterChain.java:162)
	at org.springframework.web.filter.CharacterEncodingFilter.doFilterInternal(CharacterEncodingFilter.java:201)
	at org.springframework.web.filter.OncePerRequestFilter.doFilter(OncePerRequestFilter.java:117)
	at org.apache.catalina.core.ApplicationFilterChain.internalDoFilter(ApplicationFilterChain.java:189)
	at org.apache.catalina.core.ApplicationFilterChain.doFilter(ApplicationFilterChain.java:162)
	at org.apache.catalina.core.StandardWrapperValve.invoke(StandardWrapperValve.java:197)
	at org.apache.catalina.core.StandardContextValve.invoke(StandardContextValve.java:97)
	at org.apache.catalina.authenticator.AuthenticatorBase.invoke(AuthenticatorBase.java:541)
	at org.apache.catalina.core.StandardHostValve.invoke(StandardHostValve.java:135)
	at org.apache.catalina.valves.ErrorReportValve.invoke(ErrorReportValve.java:92)
	at org.apache.catalina.core.StandardEngineValve.invoke(StandardEngineValve.java:78)
	at org.apache.catalina.connector.CoyoteAdapter.service(CoyoteAdapter.java:360)
	at org.apache.coyote.http11.Http11Processor.service(Http11Processor.java:399)
	at org.apache.coyote.AbstractProcessorLight.process(AbstractProcessorLight.java:65)
	at org.apache.coyote.AbstractProtocol$ConnectionHandler.process(AbstractProtocol.java:893)
	at org.apache.tomcat.util.net.NioEndpoint$SocketProcessor.doRun(NioEndpoint.java:1789)
	at org.apache.tomcat.util.net.SocketProcessorBase.run(SocketProcessorBase.java:49)
	at org.apache.tomcat.util.threads.ThreadPoolExecutor.runWorker(ThreadPoolExecutor.java:1191)
	at org.apache.tomcat.util.threads.ThreadPoolExecutor$Worker.run(ThreadPoolExecutor.java:659)
	at org.apache.tomcat.util.threads.TaskThread$WrappingRunnable.run(TaskThread.java:61)
	at java.lang.Thread.run(Thread.java:750)
2024-08-28 17:26:50.199 [,] [scheduling-1] ERROR o.s.s.s.TaskUtils$LoggingErrorHandler - [handleError,95] - Unexpected error occurred in scheduled task
java.lang.InterruptedException: null
	at java.util.concurrent.FutureTask.awaitDone(FutureTask.java:404)
	at java.util.concurrent.FutureTask.get(FutureTask.java:191)
	at com.shark.aio.base.controller.InitFFmpeg.monitorFfmpegProcess(InitFFmpeg.java:106)
	at com.shark.aio.base.controller.InitFFmpeg$$FastClassBySpringCGLIB$$6f28da27.invoke(<generated>)
	at org.springframework.cglib.proxy.MethodProxy.invoke(MethodProxy.java:218)
	at org.springframework.aop.framework.CglibAopProxy$CglibMethodInvocation.invokeJoinpoint(CglibAopProxy.java:793)
	at org.springframework.aop.framework.ReflectiveMethodInvocation.proceed(ReflectiveMethodInvocation.java:163)
	at org.springframework.aop.framework.CglibAopProxy$CglibMethodInvocation.proceed(CglibAopProxy.java:763)
	at org.springframework.aop.framework.adapter.MethodBeforeAdviceInterceptor.invoke(MethodBeforeAdviceInterceptor.java:58)
	at org.springframework.aop.framework.ReflectiveMethodInvocation.proceed(ReflectiveMethodInvocation.java:186)
	at org.springframework.aop.framework.CglibAopProxy$CglibMethodInvocation.proceed(CglibAopProxy.java:763)
	at org.springframework.aop.interceptor.ExposeInvocationInterceptor.invoke(ExposeInvocationInterceptor.java:97)
	at org.springframework.aop.framework.ReflectiveMethodInvocation.proceed(ReflectiveMethodInvocation.java:186)
	at org.springframework.aop.framework.CglibAopProxy$CglibMethodInvocation.proceed(CglibAopProxy.java:763)
	at org.springframework.aop.framework.CglibAopProxy$DynamicAdvisedInterceptor.intercept(CglibAopProxy.java:708)
	at com.shark.aio.base.controller.InitFFmpeg$$EnhancerBySpringCGLIB$$28092d10.monitorFfmpegProcess(<generated>)
	at sun.reflect.NativeMethodAccessorImpl.invoke0(Native Method)
	at sun.reflect.NativeMethodAccessorImpl.invoke(NativeMethodAccessorImpl.java:62)
	at sun.reflect.DelegatingMethodAccessorImpl.invoke(DelegatingMethodAccessorImpl.java:43)
	at java.lang.reflect.Method.invoke(Method.java:498)
	at org.springframework.scheduling.support.ScheduledMethodRunnable.run(ScheduledMethodRunnable.java:84)
	at org.springframework.scheduling.support.DelegatingErrorHandlingRunnable.run(DelegatingErrorHandlingRunnable.java:54)
	at org.springframework.scheduling.concurrent.ReschedulingRunnable.run(ReschedulingRunnable.java:95)
	at java.util.concurrent.Executors$RunnableAdapter.call(Executors.java:511)
	at java.util.concurrent.FutureTask.run(FutureTask.java:266)
	at java.util.concurrent.ScheduledThreadPoolExecutor$ScheduledFutureTask.access$201(ScheduledThreadPoolExecutor.java:180)
	at java.util.concurrent.ScheduledThreadPoolExecutor$ScheduledFutureTask.run(ScheduledThreadPoolExecutor.java:293)
	at java.util.concurrent.ThreadPoolExecutor.runWorker(ThreadPoolExecutor.java:1149)
	at java.util.concurrent.ThreadPoolExecutor$Worker.run(ThreadPoolExecutor.java:624)
	at java.lang.Thread.run(Thread.java:750)
2024-08-28 17:29:24.286 [,] [scheduling-1] ERROR o.s.s.s.TaskUtils$LoggingErrorHandler - [handleError,95] - Unexpected error occurred in scheduled task
java.lang.InterruptedException: null
	at java.util.concurrent.FutureTask.awaitDone(FutureTask.java:404)
	at java.util.concurrent.FutureTask.get(FutureTask.java:191)
	at com.shark.aio.base.controller.InitFFmpeg.monitorFfmpegProcess(InitFFmpeg.java:106)
	at com.shark.aio.base.controller.InitFFmpeg$$FastClassBySpringCGLIB$$6f28da27.invoke(<generated>)
	at org.springframework.cglib.proxy.MethodProxy.invoke(MethodProxy.java:218)
	at org.springframework.aop.framework.CglibAopProxy$CglibMethodInvocation.invokeJoinpoint(CglibAopProxy.java:793)
	at org.springframework.aop.framework.ReflectiveMethodInvocation.proceed(ReflectiveMethodInvocation.java:163)
	at org.springframework.aop.framework.CglibAopProxy$CglibMethodInvocation.proceed(CglibAopProxy.java:763)
	at org.springframework.aop.framework.adapter.MethodBeforeAdviceInterceptor.invoke(MethodBeforeAdviceInterceptor.java:58)
	at org.springframework.aop.framework.ReflectiveMethodInvocation.proceed(ReflectiveMethodInvocation.java:186)
	at org.springframework.aop.framework.CglibAopProxy$CglibMethodInvocation.proceed(CglibAopProxy.java:763)
	at org.springframework.aop.interceptor.ExposeInvocationInterceptor.invoke(ExposeInvocationInterceptor.java:97)
	at org.springframework.aop.framework.ReflectiveMethodInvocation.proceed(ReflectiveMethodInvocation.java:186)
	at org.springframework.aop.framework.CglibAopProxy$CglibMethodInvocation.proceed(CglibAopProxy.java:763)
	at org.springframework.aop.framework.CglibAopProxy$DynamicAdvisedInterceptor.intercept(CglibAopProxy.java:708)
	at com.shark.aio.base.controller.InitFFmpeg$$EnhancerBySpringCGLIB$$28092d10.monitorFfmpegProcess(<generated>)
	at sun.reflect.NativeMethodAccessorImpl.invoke0(Native Method)
	at sun.reflect.NativeMethodAccessorImpl.invoke(NativeMethodAccessorImpl.java:62)
	at sun.reflect.DelegatingMethodAccessorImpl.invoke(DelegatingMethodAccessorImpl.java:43)
	at java.lang.reflect.Method.invoke(Method.java:498)
	at org.springframework.scheduling.support.ScheduledMethodRunnable.run(ScheduledMethodRunnable.java:84)
	at org.springframework.scheduling.support.DelegatingErrorHandlingRunnable.run(DelegatingErrorHandlingRunnable.java:54)
	at org.springframework.scheduling.concurrent.ReschedulingRunnable.run(ReschedulingRunnable.java:95)
	at java.util.concurrent.Executors$RunnableAdapter.call(Executors.java:511)
	at java.util.concurrent.FutureTask.run(FutureTask.java:266)
	at java.util.concurrent.ScheduledThreadPoolExecutor$ScheduledFutureTask.access$201(ScheduledThreadPoolExecutor.java:180)
	at java.util.concurrent.ScheduledThreadPoolExecutor$ScheduledFutureTask.run(ScheduledThreadPoolExecutor.java:293)
	at java.util.concurrent.ThreadPoolExecutor.runWorker(ThreadPoolExecutor.java:1149)
	at java.util.concurrent.ThreadPoolExecutor$Worker.run(ThreadPoolExecutor.java:624)
	at java.lang.Thread.run(Thread.java:750)
2024-08-28 17:31:24.867 [,] [scheduling-1] ERROR o.s.s.s.TaskUtils$LoggingErrorHandler - [handleError,95] - Unexpected error occurred in scheduled task
java.lang.InterruptedException: null
	at java.util.concurrent.FutureTask.awaitDone(FutureTask.java:404)
	at java.util.concurrent.FutureTask.get(FutureTask.java:191)
	at com.shark.aio.base.controller.InitFFmpeg.monitorFfmpegProcess(InitFFmpeg.java:106)
	at com.shark.aio.base.controller.InitFFmpeg$$FastClassBySpringCGLIB$$6f28da27.invoke(<generated>)
	at org.springframework.cglib.proxy.MethodProxy.invoke(MethodProxy.java:218)
	at org.springframework.aop.framework.CglibAopProxy$CglibMethodInvocation.invokeJoinpoint(CglibAopProxy.java:793)
	at org.springframework.aop.framework.ReflectiveMethodInvocation.proceed(ReflectiveMethodInvocation.java:163)
	at org.springframework.aop.framework.CglibAopProxy$CglibMethodInvocation.proceed(CglibAopProxy.java:763)
	at org.springframework.aop.framework.adapter.MethodBeforeAdviceInterceptor.invoke(MethodBeforeAdviceInterceptor.java:58)
	at org.springframework.aop.framework.ReflectiveMethodInvocation.proceed(ReflectiveMethodInvocation.java:186)
	at org.springframework.aop.framework.CglibAopProxy$CglibMethodInvocation.proceed(CglibAopProxy.java:763)
	at org.springframework.aop.interceptor.ExposeInvocationInterceptor.invoke(ExposeInvocationInterceptor.java:97)
	at org.springframework.aop.framework.ReflectiveMethodInvocation.proceed(ReflectiveMethodInvocation.java:186)
	at org.springframework.aop.framework.CglibAopProxy$CglibMethodInvocation.proceed(CglibAopProxy.java:763)
	at org.springframework.aop.framework.CglibAopProxy$DynamicAdvisedInterceptor.intercept(CglibAopProxy.java:708)
	at com.shark.aio.base.controller.InitFFmpeg$$EnhancerBySpringCGLIB$$28092d10.monitorFfmpegProcess(<generated>)
	at sun.reflect.NativeMethodAccessorImpl.invoke0(Native Method)
	at sun.reflect.NativeMethodAccessorImpl.invoke(NativeMethodAccessorImpl.java:62)
	at sun.reflect.DelegatingMethodAccessorImpl.invoke(DelegatingMethodAccessorImpl.java:43)
	at java.lang.reflect.Method.invoke(Method.java:498)
	at org.springframework.scheduling.support.ScheduledMethodRunnable.run(ScheduledMethodRunnable.java:84)
	at org.springframework.scheduling.support.DelegatingErrorHandlingRunnable.run(DelegatingErrorHandlingRunnable.java:54)
	at org.springframework.scheduling.concurrent.ReschedulingRunnable.run(ReschedulingRunnable.java:95)
	at java.util.concurrent.Executors$RunnableAdapter.call(Executors.java:511)
	at java.util.concurrent.FutureTask.run(FutureTask.java:266)
	at java.util.concurrent.ScheduledThreadPoolExecutor$ScheduledFutureTask.access$201(ScheduledThreadPoolExecutor.java:180)
	at java.util.concurrent.ScheduledThreadPoolExecutor$ScheduledFutureTask.run(ScheduledThreadPoolExecutor.java:293)
	at java.util.concurrent.ThreadPoolExecutor.runWorker(ThreadPoolExecutor.java:1149)
	at java.util.concurrent.ThreadPoolExecutor$Worker.run(ThreadPoolExecutor.java:624)
	at java.lang.Thread.run(Thread.java:750)
2024-08-28 17:32:38.749 [,] [scheduling-1] ERROR o.s.s.s.TaskUtils$LoggingErrorHandler - [handleError,95] - Unexpected error occurred in scheduled task
java.lang.InterruptedException: null
	at java.util.concurrent.FutureTask.awaitDone(FutureTask.java:404)
	at java.util.concurrent.FutureTask.get(FutureTask.java:191)
	at com.shark.aio.base.controller.InitFFmpeg.monitorFfmpegProcess(InitFFmpeg.java:106)
	at com.shark.aio.base.controller.InitFFmpeg$$FastClassBySpringCGLIB$$6f28da27.invoke(<generated>)
	at org.springframework.cglib.proxy.MethodProxy.invoke(MethodProxy.java:218)
	at org.springframework.aop.framework.CglibAopProxy$CglibMethodInvocation.invokeJoinpoint(CglibAopProxy.java:793)
	at org.springframework.aop.framework.ReflectiveMethodInvocation.proceed(ReflectiveMethodInvocation.java:163)
	at org.springframework.aop.framework.CglibAopProxy$CglibMethodInvocation.proceed(CglibAopProxy.java:763)
	at org.springframework.aop.framework.adapter.MethodBeforeAdviceInterceptor.invoke(MethodBeforeAdviceInterceptor.java:58)
	at org.springframework.aop.framework.ReflectiveMethodInvocation.proceed(ReflectiveMethodInvocation.java:186)
	at org.springframework.aop.framework.CglibAopProxy$CglibMethodInvocation.proceed(CglibAopProxy.java:763)
	at org.springframework.aop.interceptor.ExposeInvocationInterceptor.invoke(ExposeInvocationInterceptor.java:97)
	at org.springframework.aop.framework.ReflectiveMethodInvocation.proceed(ReflectiveMethodInvocation.java:186)
	at org.springframework.aop.framework.CglibAopProxy$CglibMethodInvocation.proceed(CglibAopProxy.java:763)
	at org.springframework.aop.framework.CglibAopProxy$DynamicAdvisedInterceptor.intercept(CglibAopProxy.java:708)
	at com.shark.aio.base.controller.InitFFmpeg$$EnhancerBySpringCGLIB$$28092d10.monitorFfmpegProcess(<generated>)
	at sun.reflect.NativeMethodAccessorImpl.invoke0(Native Method)
	at sun.reflect.NativeMethodAccessorImpl.invoke(NativeMethodAccessorImpl.java:62)
	at sun.reflect.DelegatingMethodAccessorImpl.invoke(DelegatingMethodAccessorImpl.java:43)
	at java.lang.reflect.Method.invoke(Method.java:498)
	at org.springframework.scheduling.support.ScheduledMethodRunnable.run(ScheduledMethodRunnable.java:84)
	at org.springframework.scheduling.support.DelegatingErrorHandlingRunnable.run(DelegatingErrorHandlingRunnable.java:54)
	at org.springframework.scheduling.concurrent.ReschedulingRunnable.run(ReschedulingRunnable.java:95)
	at java.util.concurrent.Executors$RunnableAdapter.call(Executors.java:511)
	at java.util.concurrent.FutureTask.run(FutureTask.java:266)
	at java.util.concurrent.ScheduledThreadPoolExecutor$ScheduledFutureTask.access$201(ScheduledThreadPoolExecutor.java:180)
	at java.util.concurrent.ScheduledThreadPoolExecutor$ScheduledFutureTask.run(ScheduledThreadPoolExecutor.java:293)
	at java.util.concurrent.ThreadPoolExecutor.runWorker(ThreadPoolExecutor.java:1149)
	at java.util.concurrent.ThreadPoolExecutor$Worker.run(ThreadPoolExecutor.java:624)
	at java.lang.Thread.run(Thread.java:750)
2024-08-28 17:33:28.027 [,] [scheduling-1] ERROR o.s.s.s.TaskUtils$LoggingErrorHandler - [handleError,95] - Unexpected error occurred in scheduled task
java.lang.InterruptedException: null
	at java.util.concurrent.FutureTask.awaitDone(FutureTask.java:404)
	at java.util.concurrent.FutureTask.get(FutureTask.java:191)
	at com.shark.aio.base.controller.InitFFmpeg.monitorFfmpegProcess(InitFFmpeg.java:106)
	at com.shark.aio.base.controller.InitFFmpeg$$FastClassBySpringCGLIB$$6f28da27.invoke(<generated>)
	at org.springframework.cglib.proxy.MethodProxy.invoke(MethodProxy.java:218)
	at org.springframework.aop.framework.CglibAopProxy$CglibMethodInvocation.invokeJoinpoint(CglibAopProxy.java:793)
	at org.springframework.aop.framework.ReflectiveMethodInvocation.proceed(ReflectiveMethodInvocation.java:163)
	at org.springframework.aop.framework.CglibAopProxy$CglibMethodInvocation.proceed(CglibAopProxy.java:763)
	at org.springframework.aop.framework.adapter.MethodBeforeAdviceInterceptor.invoke(MethodBeforeAdviceInterceptor.java:58)
	at org.springframework.aop.framework.ReflectiveMethodInvocation.proceed(ReflectiveMethodInvocation.java:186)
	at org.springframework.aop.framework.CglibAopProxy$CglibMethodInvocation.proceed(CglibAopProxy.java:763)
	at org.springframework.aop.interceptor.ExposeInvocationInterceptor.invoke(ExposeInvocationInterceptor.java:97)
	at org.springframework.aop.framework.ReflectiveMethodInvocation.proceed(ReflectiveMethodInvocation.java:186)
	at org.springframework.aop.framework.CglibAopProxy$CglibMethodInvocation.proceed(CglibAopProxy.java:763)
	at org.springframework.aop.framework.CglibAopProxy$DynamicAdvisedInterceptor.intercept(CglibAopProxy.java:708)
	at com.shark.aio.base.controller.InitFFmpeg$$EnhancerBySpringCGLIB$$28092d10.monitorFfmpegProcess(<generated>)
	at sun.reflect.NativeMethodAccessorImpl.invoke0(Native Method)
	at sun.reflect.NativeMethodAccessorImpl.invoke(NativeMethodAccessorImpl.java:62)
	at sun.reflect.DelegatingMethodAccessorImpl.invoke(DelegatingMethodAccessorImpl.java:43)
	at java.lang.reflect.Method.invoke(Method.java:498)
	at org.springframework.scheduling.support.ScheduledMethodRunnable.run(ScheduledMethodRunnable.java:84)
	at org.springframework.scheduling.support.DelegatingErrorHandlingRunnable.run(DelegatingErrorHandlingRunnable.java:54)
	at org.springframework.scheduling.concurrent.ReschedulingRunnable.run(ReschedulingRunnable.java:95)
	at java.util.concurrent.Executors$RunnableAdapter.call(Executors.java:511)
	at java.util.concurrent.FutureTask.run(FutureTask.java:266)
	at java.util.concurrent.ScheduledThreadPoolExecutor$ScheduledFutureTask.access$201(ScheduledThreadPoolExecutor.java:180)
	at java.util.concurrent.ScheduledThreadPoolExecutor$ScheduledFutureTask.run(ScheduledThreadPoolExecutor.java:293)
	at java.util.concurrent.ThreadPoolExecutor.runWorker(ThreadPoolExecutor.java:1149)
	at java.util.concurrent.ThreadPoolExecutor$Worker.run(ThreadPoolExecutor.java:624)
	at java.lang.Thread.run(Thread.java:750)
